,Unnamed: 0,bnf_code,brand_name,presentation,term,quantity,dose,group,with_calcium_channel_blocker,with_diuretic
0,0.0,020400010AAAAAA,Pindolol/Clopamide,Pindolol/Clopamide_Tab 10mg/5mg,Pindolol With Diuretic,,10 mg,beta blockers,False,False
1,1.0,020400010BBAAAA,Viskaldix,Viskaldix_Tab,Pindolol With Diuretic,,,beta blockers,False,False
2,2.0,020400020AAAAAA,Sotalol HCl/Hydchloroth,Sotalol HCl/Hydchloroth_Tab 160mg/25mg,Sotalol Hydrochloride With Diuretic,,160 mg,beta blockers,False,True
3,3.0,020400020AAABAB,Sotalol HCl/Hydchloroth,Sotalol HCl/Hydchloroth_Tab 80mg/12.5mg,Sotalol Hydrochloride With Diuretic,,80 mg,beta blockers,False,True
4,4.0,020400020BBAAAA,Sotazide,Sotazide_Tab,Sotalol Hydrochloride With Diuretic,,,beta blockers,False,False
5,5.0,020400020BCAAAB,Tolerzide,Tolerzide_Tab,Sotalol Hydrochloride With Diuretic,,,beta blockers,False,False
6,6.0,020400030AAAAAA,Timolol + Diuretic,Gppe Tab_Moducren,Timolol With Diuretic,,,beta blockers,False,False
7,7.0,020400030AAABAB,Timolol + Diuretic,Gppe Tab_Prestim,Timolol With Diuretic,,,beta blockers,False,False
8,8.0,020400030AAACAC,Timolol + Diuretic,Timolol/Bendroflumeth_Tab 20mg/5mg,Timolol With Diuretic,,20 mg,beta blockers,False,False
9,9.0,020400030AAADAD,Timolol + Diuretic,Timolol/Amilo/Hydchloroth_Tab10/2.5/25mg,Timolol With Diuretic,,25 mg,beta blockers,False,True
10,10.0,020400030AAAEAE,Timolol + Diuretic,Timolol/Bendroflumeth_Tab 10mg/2.5mg,Timolol With Diuretic,,10 mg,beta blockers,False,False
11,11.0,020400030BBAAAA,Moducren,Moducren_Tab,Timolol With Diuretic,,,beta blockers,False,False
12,12.0,020400030BCAAAB,Prestim,Prestim_Tab,Timolol With Diuretic,,,beta blockers,False,False
13,13.0,020400030BCABAC,Prestim,Prestim Fte_Tab,Timolol With Diuretic,,,beta blockers,False,False
14,14.0,020400040AAAAAA,Co-Tenidone,Co-Tenidone_Tab 50mg/12.5mg,Co-Tenidone (Atenolol/Chlortalidone),,50 mg,beta blockers,False,False
15,15.0,020400040AAABAB,Co-Tenidone,Co-Tenidone_Tab 100mg/25mg,Co-Tenidone (Atenolol/Chlortalidone),,100 mg,beta blockers,False,False
16,16.0,020400040AAACAC,Co-Tenidone,Co-Tenidone_Liq Spec 100mg/25mg/5ml,Co-Tenidone (Atenolol/Chlortalidone),,25 mg/5 ml,beta blockers,False,False
17,17.0,020400040BBAAAA,Tenoret,Tenoret_Tab 50mg/12.5mg,Co-Tenidone (Atenolol/Chlortalidone),,50 mg,beta blockers,False,False
18,18.0,020400040BCAAAB,Tenoretic,Tenoretic_Tab 100mg/25mg,Co-Tenidone (Atenolol/Chlortalidone),,100 mg,beta blockers,False,False
19,19.0,020400040BDAAAA,Atenix Co,Atenix Co 50_Tab 50mg/12.5mg,Co-Tenidone (Atenolol/Chlortalidone),,50 mg,beta blockers,False,False
20,20.0,020400040BDABAB,Atenix Co,Atenix Co 100_Tab 100mg/25mg,Co-Tenidone (Atenolol/Chlortalidone),,100 mg,beta blockers,False,False
21,21.0,020400040BEAAAA,Tenchlor,Tenchlor_Tab 50mg/12.5mg,Co-Tenidone (Atenolol/Chlortalidone),,50 mg,beta blockers,False,False
22,22.0,020400040BEABAB,Tenchlor,Tenchlor_Tab 100mg/25mg,Co-Tenidone (Atenolol/Chlortalidone),,100 mg,beta blockers,False,False
23,23.0,020400040BFAAAA,Totaretic,Totaretic 50_Tab 50mg/12.5mg,Co-Tenidone (Atenolol/Chlortalidone),,50 mg,beta blockers,False,False
24,24.0,020400040BFABAB,Totaretic,Totaretic 100_Tab 100mg/25mg,Co-Tenidone (Atenolol/Chlortalidone),,100 mg,beta blockers,False,False
25,25.0,020400050AAAAAA,Tertatolol,Tertatolol_Tab 5mg,Tertatolol,,5 mg,beta blockers,False,False
26,26.0,020400050BBAAAA,Artex,Artex_Tab 5mg,Tertatolol,,5 mg,beta blockers,False,False
27,27.0,020400060AAAAAA,Celiprolol HCl,Celiprolol HCl_Tab 200mg,Celiprolol Hydrochloride,,200 mg,beta blockers,False,False
28,28.0,020400060AAABAB,Celiprolol HCl,Celiprolol HCl_Tab 400mg,Celiprolol Hydrochloride,,400 mg,beta blockers,False,False
29,29.0,020400060AAACAC,Celiprolol HCl,Celiprolol HCl_Liq Spec 200mg/5ml,Celiprolol Hydrochloride,,200 mg/5 ml,beta blockers,False,False
30,30.0,020400060BBAAAA,Celectol,Celectol_Tab 200mg,Celiprolol Hydrochloride,,200 mg,beta blockers,False,False
31,31.0,020400060BBABAB,Celectol,Celectol_Tab 400mg,Celiprolol Hydrochloride,,400 mg,beta blockers,False,False
32,32.0,020400070AAAAAA,Esmolol HCl,Esmolol HCl_I/V Inf 10mg/ml 10ml Vl,Esmolol Hydrochloride,,10 mg/mL,beta blockers,False,False
33,33.0,020400070AAABAB,Esmolol HCl,Esmolol HCl_I/V Inf 250mg/ml 10ml Amp,Esmolol Hydrochloride,,250 mg/mL,beta blockers,False,False
34,34.0,020400070BBAAAA,Brevibloc,Brevibloc_I/V Inf 10mg/ml 10ml Vl,Esmolol Hydrochloride,,10 mg/mL,beta blockers,False,False
35,35.0,020400080AAAAAA,Carvedilol,Carvedilol_Cap 25mg,Carvedilol,,25 mg,beta blockers,False,False
36,36.0,020400080AAABAB,Carvedilol,Carvedilol_Tab 12.5mg,Carvedilol,,12.5 mg,beta blockers,False,False
37,37.0,020400080AAACAC,Carvedilol,Carvedilol_Tab 25mg,Carvedilol,,25 mg,beta blockers,False,False
38,38.0,020400080AAADAD,Carvedilol,Carvedilol_Liq Spec 3.125mg/5ml,Carvedilol,,125 mg/5 ml,beta blockers,False,False
39,39.0,020400080AAAEAE,Carvedilol,Carvedilol_Tab 3.125mg,Carvedilol,,3.125 mg,beta blockers,False,False
40,40.0,020400080AAAFAF,Carvedilol,Carvedilol_Tab 6.25mg,Carvedilol,,6.25 mg,beta blockers,False,False
41,41.0,020400080AAAGAG,Carvedilol,Carvedilol_Liq Spec 5mg/5ml,Carvedilol,,5 mg/5 ml,beta blockers,False,False
42,42.0,020400080AAAHAH,Carvedilol,Carvedilol_Liq Spec 4mg/5ml,Carvedilol,,4 mg/5 ml,beta blockers,False,False
43,43.0,020400080AAAIAI,Carvedilol,Carvedilol_Liq Spec 1.7mg/5ml,Carvedilol,,7 mg/5 ml,beta blockers,False,False
44,44.0,020400080AAAJAJ,Carvedilol,Carvedilol_Liq Spec 1mg/5ml,Carvedilol,,1 mg/5 ml,beta blockers,False,False
45,45.0,020400080AAAKAK,Carvedilol,Carvedilol_Liq Spec 13mg/5ml,Carvedilol,,13 mg/5 ml,beta blockers,False,False
46,46.0,020400080AAALAL,Carvedilol,Carvedilol_Liq Spec 75mg/5ml,Carvedilol,,75 mg/5 ml,beta blockers,False,False
47,47.0,020400080AAAMAM,Carvedilol,Carvedilol_Liq Spec 1.5mg/5ml,Carvedilol,,5 mg/5 ml,beta blockers,False,False
48,48.0,020400080AAANAN,Carvedilol,Carvedilol_Suppos 3.5mg,Carvedilol,,3.5 mg,beta blockers,False,False
49,49.0,020400080AAAPAP,Carvedilol,Carvedilol_Oral Susp 5mg/5ml,Carvedilol,,5 mg/5 ml,beta blockers,False,False
50,50.0,020400080BBAAAB,Eucardic,Eucardic 12.5_Tab 12.5mg,Carvedilol,,12.5 mg,beta blockers,False,False
51,51.0,020400080BBABAC,Eucardic,Eucardic 25_Tab 25mg,Carvedilol,,25 mg,beta blockers,False,False
52,52.0,020400080BBACAE,Eucardic,Eucardic 3.125_Tab 3.125mg,Carvedilol,,3.125 mg,beta blockers,False,False
53,53.0,020400080BBADAF,Eucardic,Eucardic 6.25_Tab 6.25mg,Carvedilol,,6.25 mg,beta blockers,False,False
54,54.0,020400090AAAAAA,Gppe Tab,Gppe Tab_Monozide 10,Bisoprolol Fumarate With Diuretic,,,beta blockers,False,False
55,55.0,020400090BBAAAA,Monozide 10,Monozide 10_Tab,Bisoprolol Fumarate With Diuretic,,,beta blockers,False,False
56,56.0,0204000A0AAAAAA,Atenolol/Bendroflumethiazide,Atenolol/Bendroflumeth_Cap 25mg/1.25mg,Atenolol with Thiazides,,25 mg,beta blockers,False,False
57,57.0,0204000A0BBAAAA,Tenben,Tenben_Cap,Atenolol with Thiazides,,,beta blockers,False,False
58,58.0,0204000AAAAAAAA,Penbutolol Sulf,Penbutolol Sulf_Tab 40mg,Penbutolol Sulfate,,40 mg,beta blockers,False,False
59,59.0,0204000AABBAAAA,Betapressin,Betapressin_Tab 40mg,Penbutolol Sulfate,,40 mg,beta blockers,False,False
60,60.0,0204000ABAAAAAA,Nebivolol,Nebivolol_Tab 5mg,Nebivolol,,5 mg,beta blockers,False,False
61,61.0,0204000ABAAABAB,Nebivolol,Nebivolol_Tab 2.5mg,Nebivolol,,2.5 mg,beta blockers,False,False
62,62.0,0204000ABAAACAC,Nebivolol,Nebivolol_Tab 10mg,Nebivolol,,10 mg,beta blockers,False,False
63,63.0,0204000ABBBAAAA,Nebilet,Nebilet_Tab 5mg,Nebivolol,,5 mg,beta blockers,False,False
64,64.0,0204000ABBCAAAA,Hypoloc,Hypoloc_Tab 5mg,Nebivolol,,5 mg,beta blockers,False,False
65,65.0,0204000ACAAAAAA,Bisoprolol Fumarate/Aspirin,Bisoprolol/Aspirin_Cap 5mg/75mg,Bisoprolol Fumarate/Aspirin,,5 mg,beta blockers,False,False
66,66.0,0204000ACAAABAB,Bisoprolol Fumarate/Aspirin,Bisoprolol/Aspirin_Cap 10mg/75mg,Bisoprolol Fumarate/Aspirin,,10 mg,beta blockers,False,False
67,67.0,0204000ACAAACAC,Bisoprolol Fumarate/Aspirin,Bisoprolol/Aspirin_Cap 10mg/100mg,Bisoprolol Fumarate/Aspirin,,10 mg,beta blockers,False,False
68,68.0,0204000ACAAADAD,Bisoprolol Fumarate/Aspirin,Bisoprolol/Aspirin_Cap 5mg/100mg,Bisoprolol Fumarate/Aspirin,,5 mg,beta blockers,False,False
69,69.0,0204000B0AAAAAA,Acebut HCl/Hydchloroth,Acebut HCl/Hydchloroth_Tab 200mg/12.5mg,Acebutolol Hydrochloride With Diuretic,,200 mg,beta blockers,False,True
70,70.0,0204000B0BBAAAA,Secadrex,Secadrex_Tab,Acebutolol Hydrochloride With Diuretic,,,beta blockers,False,False
71,71.0,0204000C0AAAAAA,Acebut HCl,Acebut HCl_Cap 100mg,Acebutolol Hydrochloride,,100 mg,beta blockers,False,False
72,72.0,0204000C0AAABAB,Acebut HCl,Acebut HCl_Cap 200mg,Acebutolol Hydrochloride,,200 mg,beta blockers,False,False
73,73.0,0204000C0AAACAC,Acebut HCl,Acebut HCl_Inj 5mg/ml 2ml Amp,Acebutolol Hydrochloride,,5 mg/mL,beta blockers,False,False
74,74.0,0204000C0AAADAD,Acebut HCl,Acebut HCl_Tab 400mg,Acebutolol Hydrochloride,,400 mg,beta blockers,False,False
75,75.0,0204000C0BBAAAA,Sectral,Sectral_Cap 100mg,Acebutolol Hydrochloride,,100 mg,beta blockers,False,False
76,76.0,0204000C0BBABAB,Sectral,Sectral 200_Cap 200mg,Acebutolol Hydrochloride,,200 mg,beta blockers,False,False
77,77.0,0204000C0BBACAC,Sectral,Sectral_Inj 5mg/ml 2ml Amp,Acebutolol Hydrochloride,,5 mg/mL,beta blockers,False,False
78,78.0,0204000C0BBADAD,Sectral,Sectral 400_Tab 400mg,Acebutolol Hydrochloride,,400 mg,beta blockers,False,False
79,79.0,0204000D0AAAAAA,Practolol,Practolol_Inj 2mg/ml 5ml Amp,Practolol,,2 mg/mL,beta blockers,False,False
80,80.0,0204000D0BBAAAA,Eraldin,Eraldin_Inj 10mg/5ml Amp,Practolol,,10 mg/5 ml,beta blockers,False,False
81,81.0,0204000E0AAAAAA,Atenolol,Atenolol_Oral Soln 25mg/5ml S/F,Atenolol,,25 mg/5 ml,beta blockers,False,False
82,82.0,0204000E0AAABAB,Atenolol,Atenolol_Tab 50mg,Atenolol,,50 mg,beta blockers,False,False
83,83.0,0204000E0AAACAC,Atenolol,Atenolol_Tab 100mg,Atenolol,,100 mg,beta blockers,False,False
84,84.0,0204000E0AAADAD,Atenolol,Atenolol_Inj 500mcg/ml 10ml Amp,Atenolol,,,beta blockers,False,False
85,85.0,0204000E0AAAEAE,Atenolol,Atenolol_Pdrs 15mg,Atenolol,,15 mg,beta blockers,False,False
86,86.0,0204000E0AAAFAF,Atenolol,Atenolol_Pdrs 20mg,Atenolol,,20 mg,beta blockers,False,False
87,87.0,0204000E0AAAGAG,Atenolol,Atenolol_Tab 25mg,Atenolol,,25 mg,beta blockers,False,False
88,88.0,0204000E0AAAHAH,Atenolol,Atenolol_Cap 100mg,Atenolol,,100 mg,beta blockers,False,False
89,89.0,0204000E0AAAIAI,Atenolol,Atenolol_Syr 125mg/5ml,Atenolol,,125 mg/5 ml,beta blockers,False,False
90,90.0,0204000E0AAAJAJ,Atenolol,Atenolol_Tab 50mg C/F,Atenolol,,50 mg,beta blockers,False,False
91,91.0,0204000E0AAAKAK,Atenolol,Atenolol_Oral Liq @spec,Atenolol,,,beta blockers,False,False
92,92.0,0204000E0AAALAL,Atenolol,Atenolol_Tab 25mg C/F,Atenolol,,25 mg,beta blockers,False,False
93,93.0,0204000E0AAAMAM,Atenolol,Atenolol_Liq Spec 3.125mg/5ml,Atenolol,,125 mg/5 ml,beta blockers,False,False
94,94.0,0204000E0AAANAN,Atenolol,Atenolol_Liq Spec 25mg/5ml,Atenolol,,25 mg/5 ml,beta blockers,False,False
95,95.0,0204000E0AAAPAP,Atenolol,Atenolol_Liq Spec 3mg/5ml,Atenolol,,3 mg/5 ml,beta blockers,False,False
96,96.0,0204000E0AAAQAQ,Atenolol,Atenolol_Liq Spec 12.5mg/5ml,Atenolol,,5 mg/5 ml,beta blockers,False,False
97,97.0,0204000E0AAARAR,Atenolol,Atenolol_Liq Spec 50mg/5ml,Atenolol,,50 mg/5 ml,beta blockers,False,False
98,98.0,0204000E0AAASAS,Atenolol,Atenolol_Liq Spec 10mg/5ml,Atenolol,,10 mg/5 ml,beta blockers,False,False
99,99.0,0204000E0BBAAAD,Tenormin,Tenormin_Inj 500mcg/ml 10ml Amp,Atenolol,,,beta blockers,False,False
100,100.0,0204000E0BBABAA,Tenormin,Tenormin_Syr 25mg/5ml S/F,Atenolol,,25 mg/5 ml,beta blockers,False,False
101,101.0,0204000E0BBACAC,Tenormin,Tenormin_Tab 100mg,Atenolol,,100 mg,beta blockers,False,False
102,102.0,0204000E0BBAEAG,Tenormin,Tenormin 25_Tab 25mg,Atenolol,,25 mg,beta blockers,False,False
103,103.0,0204000E0BBAFAB,Tenormin,Tenormin L.S._Tab 50mg,Atenolol,,50 mg,beta blockers,False,False
104,104.0,0204000E0BBAGA0,Tenormin,Tenormin_Tab 100mg (Wte),Atenolol,,100 mg,beta blockers,False,False
105,105.0,0204000E0BBAHA0,Tenormin,Tenormin L.S._Tab 50mg (Wte),Atenolol,,50 mg,beta blockers,False,False
106,106.0,0204000E0BCACAB,Atenix,Atenix-50_Tab 50mg,Atenolol,,50 mg,beta blockers,False,False
107,107.0,0204000E0BCADAC,Atenix,Atenix-100_Tab 100mg,Atenolol,,100 mg,beta blockers,False,False
108,108.0,0204000E0BCAEAG,Atenix,Atenix-25_Tab 25mg,Atenolol,,25 mg,beta blockers,False,False
109,109.0,0204000E0BEAAAB,Antipressan,Antipressan_Tab 50mg,Atenolol,,50 mg,beta blockers,False,False
110,110.0,0204000E0BEABAC,Antipressan,Antipressan_Tab 100mg,Atenolol,,100 mg,beta blockers,False,False
111,111.0,0204000E0BEACAG,Antipressan,Antipressan_Tab 25mg,Atenolol,,25 mg,beta blockers,False,False
112,112.0,0204000E0BFAAAB,Vasaten,Vasaten_Tab 50mg,Atenolol,,50 mg,beta blockers,False,False
113,113.0,0204000E0BFABAC,Vasaten,Vasaten_Tab 100mg,Atenolol,,100 mg,beta blockers,False,False
114,114.0,0204000E0BGAAAB,Totamol,Totamol_Tab 50mg,Atenolol,,50 mg,beta blockers,False,False
115,115.0,0204000E0BGABAC,Totamol,Totamol_Tab 100mg,Atenolol,,100 mg,beta blockers,False,False
116,116.0,0204000E0BGACAG,Totamol,Totamol_Tab 25mg,Atenolol,,25 mg,beta blockers,False,False
117,117.0,0204000E0BHAAAC,Kentol,Kentol_Tab 100mg,Atenolol,,100 mg,beta blockers,False,False
118,118.0,0204000E0BHABAB,Kentol,Kentol_Tab 50mg,Atenolol,,50 mg,beta blockers,False,False
119,119.0,0204000E0BHACAG,Kentol,Kentol_Tab 25mg,Atenolol,,25 mg,beta blockers,False,False
120,120.0,0204000E0BIAAAG,Atenamin,Atenamin_Tab 25mg,Atenolol,,25 mg,beta blockers,False,False
121,121.0,0204000E0BIABAB,Atenamin,Atenamin_Tab 50mg,Atenolol,,50 mg,beta blockers,False,False
122,122.0,0204000E0BIACAC,Atenamin,Atenamin_Tab 100mg,Atenolol,,100 mg,beta blockers,False,False
123,123.0,0204000F0AAAAAA,Gppe Cap,Gppe Cap_Kalten,Atenolol With Diuretic,,,beta blockers,False,False
124,124.0,0204000F0BBAAAA,Kalten,Kalten_Cap,Atenolol With Diuretic,,,beta blockers,False,False
125,125.0,0204000G0AAAAAA,Betaxolol HCl,Betaxolol HCl_Tab 20mg,Betaxolol Hydrochloride,,20 mg,beta blockers,False,False
126,126.0,0204000G0BBAAAA,Kerlone,Kerlone_Tab 20mg,Betaxolol Hydrochloride,,20 mg,beta blockers,False,False
127,127.0,0204000H0AAAAAA,Bisoprolol Fumar,Bisoprolol Fumar_Tab 5mg,Bisoprolol Fumarate,,5 mg,beta blockers,False,False
128,128.0,0204000H0AAABAB,Bisoprolol Fumar,Bisoprolol Fumar_Tab 10mg,Bisoprolol Fumarate,,10 mg,beta blockers,False,False
129,129.0,0204000H0AAACAC,Bisoprolol Fumar,Hydchloroth/Bisoprolol_Tab 12.5mg/5mg,Bisoprolol Fumarate,,12.5 mg,beta blockers,False,True
130,130.0,0204000H0AAADAD,Bisoprolol Fumar,Bisoprolol Fumar_Pdrs 1mg,Bisoprolol Fumarate,,1 mg,beta blockers,False,False
131,131.0,0204000H0AAAEAE,Bisoprolol Fumar,Bisoprolol Fumar_Liq Spec 1mg/5ml,Bisoprolol Fumarate,,1 mg/5 ml,beta blockers,False,False
132,132.0,0204000H0AAAFAF,Bisoprolol Fumar,Bisoprolol Fumar_Tab 10mg            @gn,Bisoprolol Fumarate,,10 mg,beta blockers,False,False
133,133.0,0204000H0AAAGAG,Bisoprolol Fumar,Bisoprolol Fumar_Tab 5mg             @gn,Bisoprolol Fumarate,,5 mg,beta blockers,False,False
134,134.0,0204000H0AAAHAH,Bisoprolol Fumar,Bisoprolol Fumar_Tab 1.25mg          @gn,Bisoprolol Fumarate,,1.25 mg,beta blockers,False,False
135,135.0,0204000H0AAAIAI,Bisoprolol Fumar,Bisoprolol Fumar_Pdrs 1.2mg,Bisoprolol Fumarate,,1.2 mg,beta blockers,False,False
136,136.0,0204000H0AAAJAJ,Bisoprolol Fumar,Bisoprolol Fumar_Tab 2.5mg,Bisoprolol Fumarate,,2.5 mg,beta blockers,False,False
137,137.0,0204000H0AAAKAK,Bisoprolol Fumar,Bisoprolol Fumar_Tab 3.75mg,Bisoprolol Fumarate,,3.75 mg,beta blockers,False,False
138,138.0,0204000H0AAALAL,Bisoprolol Fumar,Bisoprolol Fumar_Tab 7.5mg,Bisoprolol Fumarate,,7.5 mg,beta blockers,False,False
139,139.0,0204000H0AAAMAM,Bisoprolol Fumar,Bisoprolol Fumar_Tab 1.25mg,Bisoprolol Fumarate,,1.25 mg,beta blockers,False,False
140,140.0,0204000H0AAANAN,Bisoprolol Fumar,Bisoprolol Fumar_Pdrs 3mg,Bisoprolol Fumarate,,3 mg,beta blockers,False,False
141,141.0,0204000H0AAAPAP,Bisoprolol Fumar,Bisoprolol Fumar_Liq Spec 2.5mg/5ml,Bisoprolol Fumarate,,5 mg/5 ml,beta blockers,False,False
142,142.0,0204000H0AAAQAQ,Bisoprolol Fumar,Bisoprolol Fumar_Liq Spec 5mg/5ml,Bisoprolol Fumarate,,5 mg/5 ml,beta blockers,False,False
143,143.0,0204000H0AAARAR,Bisoprolol Fumar,Bisoprolol Fumar_Liq Spec 10mg/5ml,Bisoprolol Fumarate,,10 mg/5 ml,beta blockers,False,False
144,144.0,0204000H0AAASAS,Bisoprolol Fumar,Bisoprolol Fumar_Liq Spec 1.667mg/5ml,Bisoprolol Fumarate,,667 mg/5 ml,beta blockers,False,False
145,145.0,0204000H0AAATAT,Bisoprolol Fumar,Bisoprolol Fumar_Pdrs 5mg,Bisoprolol Fumarate,,5 mg,beta blockers,False,False
146,146.0,0204000H0AAAUAU,Bisoprolol Fumar,Bisoprolol Fumar_OralSoln1.25mg/5ml(Old),Bisoprolol Fumarate,,25 mg/5 ml,beta blockers,False,False
147,147.0,0204000H0AAAVAV,Bisoprolol Fumar,Bisoprolol Fumar_Tab 2.5mg           @gn,Bisoprolol Fumarate,,2.5 mg,beta blockers,False,False
148,148.0,0204000H0AAAWAW,Bisoprolol Fumar,Bisoprolol Fumar_Tab 3.75mg          @gn,Bisoprolol Fumarate,,3.75 mg,beta blockers,False,False
149,149.0,0204000H0AAAXAX,Bisoprolol Fumar,Bisoprolol Fumar_Tab 7.5mg           @gn,Bisoprolol Fumarate,,7.5 mg,beta blockers,False,False
150,150.0,0204000H0AAAYAY,Bisoprolol Fumar,Bisoprolol Fumar_Pdr Sach 10mg,Bisoprolol Fumarate,,10 mg,beta blockers,False,False
151,151.0,0204000H0AAAZAZ,Bisoprolol Fumar,Bisoprolol Fumar_Pdr Sach 1.5mg,Bisoprolol Fumarate,,1.5 mg,beta blockers,False,False
152,152.0,0204000H0AABABA,Bisoprolol Fumar,Bisoprolol Fumar_Liq Spec 1.5mg/5ml,Bisoprolol Fumarate,,5 mg/5 ml,beta blockers,False,False
153,153.0,0204000H0AABBBB,Bisoprolol Fumar,Bisoprolol Fumar_Liq Spec 7.5mg/5ml,Bisoprolol Fumarate,,5 mg/5 ml,beta blockers,False,False
154,154.0,0204000H0AABCBC,Bisoprolol Fumar,Bisoprolol Fumar_Pdr Sach 2.5mg,Bisoprolol Fumarate,,2.5 mg,beta blockers,False,False
155,155.0,0204000H0AABDBD,Bisoprolol Fumar,Bisoprolol Fumar_Liq Spec 625mcg/5ml,Bisoprolol Fumarate,,,beta blockers,False,False
156,156.0,0204000H0AABEBE,Bisoprolol Fumar,Bisoprolol Fumar_Oral Soln 2.5mg/5ml,Bisoprolol Fumarate,,5 mg/5 ml,beta blockers,False,False
157,157.0,0204000H0AABFBF,Bisoprolol Fumar,Bisoprolol Fumar_Oral Susp 2.5mg/5ml,Bisoprolol Fumarate,,5 mg/5 ml,beta blockers,False,False
158,158.0,0204000H0AABGBG,Bisoprolol Fumar,Bisoprolol Fumar_Oral Soln 5mg/5ml,Bisoprolol Fumarate,,5 mg/5 ml,beta blockers,False,False
159,159.0,0204000H0AABHBH,Bisoprolol Fumar,Bisoprolol Fumar_Oral Susp 5mg/5ml,Bisoprolol Fumarate,,5 mg/5 ml,beta blockers,False,False
160,160.0,0204000H0AABIBI,Bisoprolol Fumar,Bisoprolol Fumar_Oral Susp 1.25mg/5ml,Bisoprolol Fumarate,,25 mg/5 ml,beta blockers,False,False
161,161.0,0204000H0AABJBJ,Bisoprolol Fumar,Bisoprolol Fumar_Oral Soln 1.25mg/5ml,Bisoprolol Fumarate,,25 mg/5 ml,beta blockers,False,False
162,162.0,0204000H0BBAAAA,Monocor,Monocor_Tab 5mg,Bisoprolol Fumarate,,5 mg,beta blockers,False,False
163,163.0,0204000H0BBABAB,Monocor,Monocor_Tab 10mg,Bisoprolol Fumarate,,10 mg,beta blockers,False,False
164,164.0,0204000H0BCAAAA,Emcor,Emcor LS_Tab 5mg,Bisoprolol Fumarate,,5 mg,beta blockers,False,False
165,165.0,0204000H0BCABAB,Emcor,Emcor_Tab 10mg,Bisoprolol Fumarate,,10 mg,beta blockers,False,False
166,166.0,0204000H0BDAAAA,Isoten Mitis,Isoten Mitis_Tab 5mg,Bisoprolol Fumarate,,5 mg,beta blockers,False,False
167,167.0,0204000H0BEAAAB,Soprol,Soprol_Tab 10mg,Bisoprolol Fumarate,,10 mg,beta blockers,False,False
168,168.0,0204000H0BFAAAM,Cardicor,Cardicor_Tab 1.25mg,Bisoprolol Fumarate,,1.25 mg,beta blockers,False,False
169,169.0,0204000H0BFABAJ,Cardicor,Cardicor_Tab 2.5mg,Bisoprolol Fumarate,,2.5 mg,beta blockers,False,False
170,170.0,0204000H0BFACAK,Cardicor,Cardicor_Tab 3.75mg,Bisoprolol Fumarate,,3.75 mg,beta blockers,False,False
171,171.0,0204000H0BFADAA,Cardicor,Cardicor_Tab 5mg,Bisoprolol Fumarate,,5 mg,beta blockers,False,False
172,172.0,0204000H0BFAEAL,Cardicor,Cardicor_Tab 7.5mg,Bisoprolol Fumarate,,7.5 mg,beta blockers,False,False
173,173.0,0204000H0BFAFAB,Cardicor,Cardicor_Tab 10mg,Bisoprolol Fumarate,,10 mg,beta blockers,False,False
174,174.0,0204000H0BGAAAA,Bipranix,Bipranix_Tab 5mg,Bisoprolol Fumarate,,5 mg,beta blockers,False,False
175,175.0,0204000H0BGABAB,Bipranix,Bipranix_Tab 10mg,Bisoprolol Fumarate,,10 mg,beta blockers,False,False
176,176.0,0204000H0BHAAAB,Concor,Concor_Tab 10mg,Bisoprolol Fumarate,,10 mg,beta blockers,False,False
177,177.0,0204000H0BIAAAA,Soloc,Soloc_Tab 5mg,Bisoprolol Fumarate,,5 mg,beta blockers,False,False
178,178.0,0204000H0BIABAB,Soloc,Soloc_Tab 10mg,Bisoprolol Fumarate,,10 mg,beta blockers,False,False
179,179.0,0204000H0BJAAAA,Vivacor,Vivacor_Tab 5mg,Bisoprolol Fumarate,,5 mg,beta blockers,False,False
180,180.0,0204000H0BJABAB,Vivacor,Vivacor_Tab 10mg,Bisoprolol Fumarate,,10 mg,beta blockers,False,False
181,181.0,0204000H0BKAAAM,Congescor,Congescor_Tab 1.25mg (Tillomed),Bisoprolol Fumarate,,1.25 mg,beta blockers,False,False
182,182.0,0204000H0BKABAJ,Congescor,Congescor_Tab 2.5mg (Tillomed),Bisoprolol Fumarate,,2.5 mg,beta blockers,False,False
183,183.0,0204000H0BKACAM,Congescor,Congescor_Tab 1.25mg (Teva),Bisoprolol Fumarate,,1.25 mg,beta blockers,False,False
184,184.0,0204000H0BKADAJ,Congescor,Congescor_Tab 2.5mg (Teva),Bisoprolol Fumarate,,2.5 mg,beta blockers,False,False
185,185.0,0204000I0AAAAAA,Labetalol HCl,Labetalol HCl_Inj 5mg/ml 20ml Amp,Labetalol Hydrochloride,,5 mg/mL,beta blockers,False,False
186,186.0,0204000I0AAABAB,Labetalol HCl,Labetalol HCl_Tab 50mg,Labetalol Hydrochloride,,50 mg,beta blockers,False,False
187,187.0,0204000I0AAACAC,Labetalol HCl,Labetalol HCl_Tab 100mg,Labetalol Hydrochloride,,100 mg,beta blockers,False,False
188,188.0,0204000I0AAADAD,Labetalol HCl,Labetalol HCl_Tab 200mg,Labetalol Hydrochloride,,200 mg,beta blockers,False,False
189,189.0,0204000I0AAAEAE,Labetalol HCl,Labetalol HCl_Tab 400mg,Labetalol Hydrochloride,,400 mg,beta blockers,False,False
190,190.0,0204000I0AAAFAF,Labetalol HCl,Labetalol HCl_Susp 20mg/5ml,Labetalol Hydrochloride,,20 mg/5 ml,beta blockers,False,False
191,191.0,0204000I0AAAGAG,Labetalol HCl,Labetalol HCl_Susp 25mg/5ml,Labetalol Hydrochloride,,25 mg/5 ml,beta blockers,False,False
192,192.0,0204000I0AAAHAH,Labetalol HCl,Labetalol HCl_Susp 35mg/5ml,Labetalol Hydrochloride,,35 mg/5 ml,beta blockers,False,False
193,193.0,0204000I0AAAIAI,Labetalol HCl,Labetalol HCl_Liq Spec 50mg/5ml,Labetalol Hydrochloride,,50 mg/5 ml,beta blockers,False,False
194,194.0,0204000I0AAAJAJ,Labetalol HCl,Labetalol HCl_Liq Spec 200mg/5ml,Labetalol Hydrochloride,,200 mg/5 ml,beta blockers,False,False
195,195.0,0204000I0AAAKAK,Labetalol HCl,Labetalol HCl_Liq Spec 25mg/5ml,Labetalol Hydrochloride,,25 mg/5 ml,beta blockers,False,False
196,196.0,0204000I0AAALAL,Labetalol HCl,Labetalol HCl_Liq Spec 100mg/5ml,Labetalol Hydrochloride,,100 mg/5 ml,beta blockers,False,False
197,197.0,0204000I0AAAMAM,Labetalol HCl,Labetalol HCl_Liq Spec 10mg/5ml,Labetalol Hydrochloride,,10 mg/5 ml,beta blockers,False,False
198,198.0,0204000I0AAANAN,Labetalol HCl,Labetalol HCl_Liq Spec 1.5mg/5ml,Labetalol Hydrochloride,,5 mg/5 ml,beta blockers,False,False
199,199.0,0204000I0AAAPAP,Labetalol HCl,Labetalol HCl_Inj 50mg/10ml Pfs,Labetalol Hydrochloride,,50 mg/10 ml,beta blockers,False,False
200,200.0,0204000I0AAAQAQ,Labetalol HCl,Labetalol HCl_Liq Spec 75mg/5ml,Labetalol Hydrochloride,,75 mg/5 ml,beta blockers,False,False
201,201.0,0204000I0AAARAR,Labetalol HCl,Labetalol HCl_Liq Spec 5mg/5ml,Labetalol Hydrochloride,,5 mg/5 ml,beta blockers,False,False
202,202.0,0204000I0BBAAAC,Labrocol,Labrocol_Tab 100mg,Labetalol Hydrochloride,,100 mg,beta blockers,False,False
203,203.0,0204000I0BBABAD,Labrocol,Labrocol_Tab 200mg,Labetalol Hydrochloride,,200 mg,beta blockers,False,False
204,204.0,0204000I0BBACAE,Labrocol,Labrocol_Tab 400mg,Labetalol Hydrochloride,,400 mg,beta blockers,False,False
205,205.0,0204000I0BCAAAB,Trandate,Trandate_Tab 50mg,Labetalol Hydrochloride,,50 mg,beta blockers,False,False
206,206.0,0204000I0BCABAC,Trandate,Trandate_Tab 100mg,Labetalol Hydrochloride,,100 mg,beta blockers,False,False
207,207.0,0204000I0BCACAD,Trandate,Trandate_Tab 200mg,Labetalol Hydrochloride,,200 mg,beta blockers,False,False
208,208.0,0204000I0BCADAE,Trandate,Trandate_Tab 400mg,Labetalol Hydrochloride,,400 mg,beta blockers,False,False
209,209.0,0204000I0BCAEAA,Trandate,Trandate_Inj 5mg/ml 20ml Amp,Labetalol Hydrochloride,,5 mg/mL,beta blockers,False,False
210,210.0,0204000J0AAAAAA,Metoprolol Fumar,Metoprolol Fumar_Tab 190mg M/R,Metoprolol Fumarate,,190 mg,beta blockers,False,False
211,211.0,0204000J0AAABAB,Metoprolol Fumar,Metoprolol Fumar_Tab 95mg M/R,Metoprolol Fumarate,,95 mg,beta blockers,False,False
212,212.0,0204000J0BBAAAA,Metoros,Metoros_Tab 190mg,Metoprolol Fumarate,,190 mg,beta blockers,False,False
213,213.0,0204000J0BBABAB,Metoros,Metoros LS_Tab 95mg,Metoprolol Fumarate,,95 mg,beta blockers,False,False
214,214.0,0204000K0AAAAAA,Metoprolol Tart,Metoprolol Tart_Inj 1mg/ml 5ml Amp,Metoprolol Tartrate,,1 mg/mL,beta blockers,False,False
215,215.0,0204000K0AAABAB,Metoprolol Tart,Metoprolol Tart_Tab 50mg,Metoprolol Tartrate,,50 mg,beta blockers,False,False
216,216.0,0204000K0AAACAC,Metoprolol Tart,Metoprolol Tart_Tab 100mg,Metoprolol Tartrate,,100 mg,beta blockers,False,False
217,217.0,0204000K0AAADAD,Metoprolol Tart,Metoprolol Tart_Tab 200mg M/R,Metoprolol Tartrate,,200 mg,beta blockers,False,False
218,218.0,0204000K0AAAFAF,Metoprolol Tart,Metoprolol Tart_Cap 12.5mg,Metoprolol Tartrate,,12.5 mg,beta blockers,False,False
219,219.0,0204000K0AAAGAG,Metoprolol Tart,Metoprolol Tart In Dextrose_Cap 12.5mg,Metoprolol Tartrate,,12.5 mg,beta blockers,False,False
220,220.0,0204000K0AAAHAH,Metoprolol Tart,Metoprolol Tart_Tab 25mg,Metoprolol Tartrate,,25 mg,beta blockers,False,False
221,221.0,0204000K0AAAIAI,Metoprolol Tart,Metoprolol Tart_Cap 25mg,Metoprolol Tartrate,,25 mg,beta blockers,False,False
222,222.0,0204000K0AAAJAJ,Metoprolol Tart,Metoprolol Tart_Susp 10mg/5ml,Metoprolol Tartrate,,10 mg/5 ml,beta blockers,False,False
223,223.0,0204000K0AAAKAK,Metoprolol Tart,Metoprolol Tart_Susp 50mg/5ml,Metoprolol Tartrate,,50 mg/5 ml,beta blockers,False,False
224,224.0,0204000K0AAALAL,Metoprolol Tart,Metoprolol Tart_Oral Liq @spec,Metoprolol Tartrate,,,beta blockers,False,False
225,225.0,0204000K0AAAMAM,Metoprolol Tart,Metoprolol Tart_Liq Spec 10mg/5ml,Metoprolol Tartrate,,10 mg/5 ml,beta blockers,False,False
226,226.0,0204000K0AAANAN,Metoprolol Tart,Metoprolol Tart_Liq Spec 5mg/5ml,Metoprolol Tartrate,,5 mg/5 ml,beta blockers,False,False
227,227.0,0204000K0AAAPAP,Metoprolol Tart,Metoprolol Tart_Liq Spec 2.5mg/5ml,Metoprolol Tartrate,,5 mg/5 ml,beta blockers,False,False
228,228.0,0204000K0AAAQAQ,Metoprolol Tart,Metoprolol Tart_Liq Spec 100mg/5ml,Metoprolol Tartrate,,100 mg/5 ml,beta blockers,False,False
229,229.0,0204000K0AAARAR,Metoprolol Tart,Metoprolol Tart_Liq Spec 40mg/5ml,Metoprolol Tartrate,,40 mg/5 ml,beta blockers,False,False
230,230.0,0204000K0AAASAS,Metoprolol Tart,Metoprolol Tart_Liq Spec 25mg/5ml,Metoprolol Tartrate,,25 mg/5 ml,beta blockers,False,False
231,231.0,0204000K0AAATAT,Metoprolol Tart,Metoprolol Tart_Oral Susp 50mg/5ml,Metoprolol Tartrate,,50 mg/5 ml,beta blockers,False,False
232,232.0,0204000K0AAAUAU,Metoprolol Tart,Metoprolol Tart_Liq Spec 12.5mg/5ml,Metoprolol Tartrate,,5 mg/5 ml,beta blockers,False,False
233,233.0,0204000K0AAAVAV,Metoprolol Tart,Metoprolol Tart_Cap 5mg,Metoprolol Tartrate,,5 mg,beta blockers,False,False
234,234.0,0204000K0AAAWAW,Metoprolol Tart,Metoprolol Tart_Liq Spec 125mg/5ml,Metoprolol Tartrate,,125 mg/5 ml,beta blockers,False,False
235,235.0,0204000K0AAAXAX,Metoprolol Tart,Metoprolol Tart_Tab 50mg M/R,Metoprolol Tartrate,,50 mg,beta blockers,False,False
236,236.0,0204000K0AAAYAY,Metoprolol Tart,Metoprolol Tart_Liq Spec 15mg/5ml,Metoprolol Tartrate,,15 mg/5 ml,beta blockers,False,False
237,237.0,0204000K0AAAZAZ,Metoprolol Tart,Metoprolol Tart_Liq Spec 20mg/5ml,Metoprolol Tartrate,,20 mg/5 ml,beta blockers,False,False
238,238.0,0204000K0AABABA,Metoprolol Tart,Metoprolol Tart_Liq Spec 3.33mg/5ml,Metoprolol Tartrate,,33 mg/5 ml,beta blockers,False,False
239,239.0,0204000K0AABBBB,Metoprolol Tart,Metoprolol Tart_Liq Spec 6.25mg/5ml,Metoprolol Tartrate,,25 mg/5 ml,beta blockers,False,False
240,240.0,0204000K0AABCBC,Metoprolol Tart,Metoprolol Tart_Liq Spec 62.5mg/5ml,Metoprolol Tartrate,,5 mg/5 ml,beta blockers,False,False
241,241.0,0204000K0AABDBD,Metoprolol Tart,Metoprolol Tart_Cap 6.25mg,Metoprolol Tartrate,,6.25 mg,beta blockers,False,False
242,242.0,0204000K0AABEBE,Metoprolol Tart,Metoprolol Tart_Tab 10mg,Metoprolol Tartrate,,10 mg,beta blockers,False,False
243,243.0,0204000K0AABFBF,Metoprolol Tart,Metoprolol Tart_Liq Spec 16mg/5ml,Metoprolol Tartrate,,16 mg/5 ml,beta blockers,False,False
244,244.0,0204000K0AABGBG,Metoprolol Tart,Metoprolol Tart_Liq Spec 8mg/5ml,Metoprolol Tartrate,,8 mg/5 ml,beta blockers,False,False
245,245.0,0204000K0AABHBH,Metoprolol Tart,Metoprolol Tart_Liq Spec 30mg/5ml,Metoprolol Tartrate,,30 mg/5 ml,beta blockers,False,False
246,246.0,0204000K0AABIBI,Metoprolol Tart,Metoprolol Tart_Liq Spec 31.25mg/5ml,Metoprolol Tartrate,,25 mg/5 ml,beta blockers,False,False
247,247.0,0204000K0AABJBJ,Metoprolol Tart,Metoprolol Tart_Liq Spec 17mg/5ml,Metoprolol Tartrate,,17 mg/5 ml,beta blockers,False,False
248,248.0,0204000K0AABKBK,Metoprolol Tart,Metoprolol Tart_Oral Soln 12.5mg/5ml,Metoprolol Tartrate,,5 mg/5 ml,beta blockers,False,False
249,249.0,0204000K0AABLBL,Metoprolol Tart,Metoprolol Tart_Oral Susp 12.5mg/5ml,Metoprolol Tartrate,,5 mg/5 ml,beta blockers,False,False
250,250.0,0204000K0AABMBM,Metoprolol Tart,Metoprolol Tart_Oral Soln 50mg/5ml,Metoprolol Tartrate,,50 mg/5 ml,beta blockers,False,False
251,251.0,0204000K0AABNBN,Metoprolol Tart,Metoprolol Tart_Oral Susp 50mg/5ml (Old),Metoprolol Tartrate,,50 mg/5 ml,beta blockers,False,False
252,252.0,0204000K0BBAAAB,Betaloc,Betaloc_Tab 50mg,Metoprolol Tartrate,,50 mg,beta blockers,False,False
253,253.0,0204000K0BBABAC,Betaloc,Betaloc_Tab 100mg,Metoprolol Tartrate,,100 mg,beta blockers,False,False
254,254.0,0204000K0BBACAA,Betaloc,Betaloc_Inj 1mg/ml 5ml Amp,Metoprolol Tartrate,,1 mg/mL,beta blockers,False,False
255,255.0,0204000K0BBADAD,Betaloc,Betaloc S.A._Tab 200mg,Metoprolol Tartrate,,200 mg,beta blockers,False,False
256,256.0,0204000K0BDAAAB,Lopresor,Lopresor_Tab 50mg,Metoprolol Tartrate,,50 mg,beta blockers,False,False
257,257.0,0204000K0BDABAC,Lopresor,Lopresor_Tab 100mg,Metoprolol Tartrate,,100 mg,beta blockers,False,False
258,258.0,0204000K0BDACAD,Lopresor,Lopresor Sr_Tab 200mg,Metoprolol Tartrate,,200 mg,beta blockers,False,False
259,259.0,0204000K0BEAAAB,Mepranix,Mepranix 50_Tab 50mg,Metoprolol Tartrate,,50 mg,beta blockers,False,False
260,260.0,0204000K0BEABAC,Mepranix,Mepranix 100_Tab 100mg,Metoprolol Tartrate,,100 mg,beta blockers,False,False
261,261.0,0204000K0BGAAAB,Arbralene,Arbralene_Tab 50mg,Metoprolol Tartrate,,50 mg,beta blockers,False,False
262,262.0,0204000K0BGABAC,Arbralene,Arbralene_Tab 100mg,Metoprolol Tartrate,,100 mg,beta blockers,False,False
263,263.0,0204000K0BHAAAX,Toprol,Toprol XL_Tab 50mg,Metoprolol Tartrate,,50 mg,beta blockers,False,False
264,264.0,0204000K0BIAABE,Beloc Cor,Beloc Cor_Tab 10mg,Metoprolol Tartrate,,10 mg,beta blockers,False,False
265,265.0,0204000K0BJAAAC,Tensomex,Tensomex_Tab 100mg,Metoprolol Tartrate,,100 mg,beta blockers,False,False
266,266.0,0204000L0AAAAAA,Carteolol HCl (Systemic),Carteolol HCl_Tab 10mg,Carteolol Hydrochloride,,10 mg,beta blockers,False,False
267,267.0,0204000L0BBAAAA,Cartrol,Cartrol_Tab 10mg,Carteolol Hydrochloride,,10 mg,beta blockers,False,False
268,268.0,0204000M0AAAAAA,Nadolol,Nadolol_Tab 40mg,Nadolol,,40 mg,beta blockers,False,False
269,269.0,0204000M0AAABAB,Nadolol,Nadolol_Tab 80mg,Nadolol,,80 mg,beta blockers,False,False
270,270.0,0204000M0AAACAC,Nadolol,Nadolol_Oral Soln 40mg/5ml,Nadolol,,40 mg/5 ml,beta blockers,False,False
271,271.0,0204000M0AAADAD,Nadolol,Nadolol_Liq Spec 10mg/5ml,Nadolol,,10 mg/5 ml,beta blockers,False,False
272,272.0,0204000M0AAAEAE,Nadolol,Nadolol_Liq Spec 80mg/5ml,Nadolol,,80 mg/5 ml,beta blockers,False,False
273,273.0,0204000M0AAAFAF,Nadolol,Nadolol_Oral Soln 30mg/5ml,Nadolol,,30 mg/5 ml,beta blockers,False,False
274,274.0,0204000M0AAAGAG,Nadolol,Nadolol_Oral Soln 20mg/5ml,Nadolol,,20 mg/5 ml,beta blockers,False,False
275,275.0,0204000M0AAAHAH,Nadolol,Nadolol_Oral Susp 20mg/5ml,Nadolol,,20 mg/5 ml,beta blockers,False,False
276,276.0,0204000M0AAAIAI,Nadolol,Nadolol_Oral Susp 30mg/5ml,Nadolol,,30 mg/5 ml,beta blockers,False,False
277,277.0,0204000M0AAAJAJ,Nadolol,Nadolol_Oral Susp 40mg/5ml,Nadolol,,40 mg/5 ml,beta blockers,False,False
278,278.0,0204000M0AAAKAK,Nadolol,Nadolol_Oral Soln 25mg/5ml,Nadolol,,25 mg/5 ml,beta blockers,False,False
279,279.0,0204000M0AAALAL,Nadolol,Nadolol_Oral Susp 100mg/5ml,Nadolol,,100 mg/5 ml,beta blockers,False,False
280,280.0,0204000M0BBAAAA,Corgard,Corgard_Tab 40mg,Nadolol,,40 mg,beta blockers,False,False
281,281.0,0204000M0BBABAB,Corgard,Corgard_Tab 80mg,Nadolol,,80 mg,beta blockers,False,False
282,282.0,0204000M0BCAAAA,Solgol,Solgol_Tab 40mg,Nadolol,,40 mg,beta blockers,False,False
283,283.0,0204000N0AAAAAA,Oxprenolol HCl,Oxprenolol HCl_Inj 2mg Amp,Oxprenolol Hydrochloride,,2 mg,beta blockers,False,False
284,284.0,0204000N0AAABAB,Oxprenolol HCl,Oxprenolol HCl_Tab 20mg,Oxprenolol Hydrochloride,,20 mg,beta blockers,False,False
285,285.0,0204000N0AAACAC,Oxprenolol HCl,Oxprenolol HCl_Tab 40mg,Oxprenolol Hydrochloride,,40 mg,beta blockers,False,False
286,286.0,0204000N0AAADAD,Oxprenolol HCl,Oxprenolol HCl_Tab 80mg,Oxprenolol Hydrochloride,,80 mg,beta blockers,False,False
287,287.0,0204000N0AAAEAE,Oxprenolol HCl,Oxprenolol HCl_Tab 160mg,Oxprenolol Hydrochloride,,160 mg,beta blockers,False,False
288,288.0,0204000N0AAAFAF,Oxprenolol HCl,Oxprenolol HCl_Tab 160mg M/R,Oxprenolol Hydrochloride,,160 mg,beta blockers,False,False
289,289.0,0204000N0AAAGAG,Oxprenolol HCl,Oxprenolol HCl_Tab 10mg,Oxprenolol Hydrochloride,,10 mg,beta blockers,False,False
290,290.0,0204000N0AAAHAH,Oxprenolol HCl,Oxprenolol HCl_Susp 160mg/5ml,Oxprenolol Hydrochloride,,160 mg/5 ml,beta blockers,False,False
291,291.0,0204000N0AAAIAI,Oxprenolol HCl,Oxprenolol HCl_Tab 160mg M/R (P.I.),Oxprenolol Hydrochloride,,160 mg,beta blockers,False,False
292,292.0,0204000N0AAAJAJ,Oxprenolol HCl,Oxprenolol HCl_Oral Liq @spec,Oxprenolol Hydrochloride,,,beta blockers,False,False
293,293.0,0204000N0AAAKAK,Oxprenolol HCl,Oxprenolol HCl_Tab 160mg M/R         @gn,Oxprenolol Hydrochloride,,160 mg,beta blockers,False,False
294,294.0,0204000N0AAALAL,Oxprenolol HCl,Oxprenolol HCl_Liq Spec 80mg/5ml,Oxprenolol Hydrochloride,,80 mg/5 ml,beta blockers,False,False
295,295.0,0204000N0BBAAAB,Apsolox,Apsolox_Tab 20mg,Oxprenolol Hydrochloride,,20 mg,beta blockers,False,False
296,296.0,0204000N0BBABAC,Apsolox,Apsolox_Tab 40mg,Oxprenolol Hydrochloride,,40 mg,beta blockers,False,False
297,297.0,0204000N0BBACAD,Apsolox,Apsolox_Tab 80mg,Oxprenolol Hydrochloride,,80 mg,beta blockers,False,False
298,298.0,0204000N0BBADAE,Apsolox,Apsolox_Tab 160mg,Oxprenolol Hydrochloride,,160 mg,beta blockers,False,False
299,299.0,0204000N0BCAAAB,Laracor,Laracor_Tab 20mg,Oxprenolol Hydrochloride,,20 mg,beta blockers,False,False
300,300.0,0204000N0BCABAC,Laracor,Laracor_Tab 40mg,Oxprenolol Hydrochloride,,40 mg,beta blockers,False,False
301,301.0,0204000N0BCACAD,Laracor,Laracor_Tab 80mg,Oxprenolol Hydrochloride,,80 mg,beta blockers,False,False
302,302.0,0204000N0BCADAE,Laracor,Laracor_Tab 160mg,Oxprenolol Hydrochloride,,160 mg,beta blockers,False,False
303,303.0,0204000N0BDAAAF,Slow-Pren,Slow-Pren_Tab 160mg,Oxprenolol Hydrochloride,,160 mg,beta blockers,False,False
304,304.0,0204000N0BEAAAF,Slow-Trasicor,Slow-Trasicor_Tab 160mg,Oxprenolol Hydrochloride,,160 mg,beta blockers,False,False
305,305.0,0204000N0BFAAAB,Trasicor,Trasicor_Tab 20mg,Oxprenolol Hydrochloride,,20 mg,beta blockers,False,False
306,306.0,0204000N0BFABAC,Trasicor,Trasicor_Tab 40mg,Oxprenolol Hydrochloride,,40 mg,beta blockers,False,False
307,307.0,0204000N0BFACAD,Trasicor,Trasicor_Tab 80mg,Oxprenolol Hydrochloride,,80 mg,beta blockers,False,False
308,308.0,0204000N0BFADAE,Trasicor,Trasicor_Tab 160mg,Oxprenolol Hydrochloride,,160 mg,beta blockers,False,False
309,309.0,0204000N0BFAEAA,Trasicor,Trasicor_Inj 2mg Amp,Oxprenolol Hydrochloride,,2 mg,beta blockers,False,False
310,310.0,0204000N0BGAAAB,Paritane,Paritane_Tab 20mg,Oxprenolol Hydrochloride,,20 mg,beta blockers,False,False
311,311.0,0204000N0BGABAC,Paritane,Paritane_Tab 40mg,Oxprenolol Hydrochloride,,40 mg,beta blockers,False,False
312,312.0,0204000N0BGACAD,Paritane,Paritane_Tab 80mg,Oxprenolol Hydrochloride,,80 mg,beta blockers,False,False
313,313.0,0204000N0BGADAE,Paritane,Paritane_Tab 160mg,Oxprenolol Hydrochloride,,160 mg,beta blockers,False,False
314,314.0,0204000N0BHAAAF,Oxyprenix Sr-160,Oxyprenix Excel 160_Tab 160mg,Oxprenolol Hydrochloride,,160 mg,beta blockers,False,False
315,315.0,0204000N0BIAAAF,Trasicor Ret,Trasicor Ret_Tab 160mg,Oxprenolol Hydrochloride,,160 mg,beta blockers,False,False
316,316.0,0204000P0AAAAAA,Pindolol,Pindolol_Tab 5mg,Pindolol,,5 mg,beta blockers,False,False
317,317.0,0204000P0AAABAB,Pindolol,Pindolol_Tab 15mg,Pindolol,,15 mg,beta blockers,False,False
318,318.0,0204000P0BBAAAA,Visken,Visken_Tab 5mg,Pindolol,,5 mg,beta blockers,False,False
319,319.0,0204000P0BBABAB,Visken,Visken_Tab 15mg,Pindolol,,15 mg,beta blockers,False,False
320,320.0,0204000P0BCAAAB,Betadren,Betadren_Tab 15mg,Pindolol,,15 mg,beta blockers,False,False
321,321.0,0204000P0BCABAA,Betadren,Betadren_Tab 5mg,Pindolol,,5 mg,beta blockers,False,False
322,322.0,0204000Q0AAAAAA,Propranol HCl + Diuretic,Gppe Cap_Inderetic,Propranolol Hydrochloride With Diuretic,,,beta blockers,False,False
323,323.0,0204000Q0AAABAB,Propranol HCl + Diuretic,Gppe Cap_Inderex,Propranolol Hydrochloride With Diuretic,,,beta blockers,False,False
324,324.0,0204000Q0AAACAC,Propranol HCl + Diuretic,Propranolol HCl/Spironol_Tab 80mg/50mg,Propranolol Hydrochloride With Diuretic,,80 mg,beta blockers,False,True
325,325.0,0204000Q0BBAAAA,Inderetic,Inderetic_Cap,Propranolol Hydrochloride With Diuretic,,,beta blockers,False,False
326,326.0,0204000Q0BCAAAB,Inderex,Inderex_Cap,Propranolol Hydrochloride With Diuretic,,,beta blockers,False,False
327,327.0,0204000Q0BDAAAC,Spiroprop,Spiroprop_Tab,Propranolol Hydrochloride With Diuretic,,,beta blockers,False,False
328,328.0,0204000R0AAA1A1,Propranolol HCl,Propranolol HCl_Pdrs 7mg,Propranolol Hydrochloride,,7 mg,beta blockers,False,False
329,329.0,0204000R0AAA2A2,Propranolol HCl,Propranolol HCl_Liq 6mg/5ml,Propranolol Hydrochloride,,6 mg/5 ml,beta blockers,False,False
330,330.0,0204000R0AAA3A3,Propranolol HCl,Propranolol HCl_Susp 2.5mg/5ml,Propranolol Hydrochloride,,5 mg/5 ml,beta blockers,False,False
331,331.0,0204000R0AAA4A4,Propranolol HCl,Propranolol HCl_Susp 10mg/5ml,Propranolol Hydrochloride,,10 mg/5 ml,beta blockers,False,False
332,332.0,0204000R0AAA5A5,Propranolol HCl,Propranolol HCl_Susp 8mg/5ml,Propranolol Hydrochloride,,8 mg/5 ml,beta blockers,False,False
333,333.0,0204000R0AAA6A6,Propranolol HCl,Propranolol HCl_Syr 6mg/5ml,Propranolol Hydrochloride,,6 mg/5 ml,beta blockers,False,False
334,334.0,0204000R0AAA7A7,Propranolol HCl,Propranolol HCl_Susp 4mg/5ml,Propranolol Hydrochloride,,4 mg/5 ml,beta blockers,False,False
335,335.0,0204000R0AAA8A8,Propranolol HCl,Propranolol HCl_Pdrs 9mg,Propranolol Hydrochloride,,9 mg,beta blockers,False,False
336,336.0,0204000R0AAA9A9,Propranolol HCl,Propranolol HCl_Syr 20mg/5ml,Propranolol Hydrochloride,,20 mg/5 ml,beta blockers,False,False
337,337.0,0204000R0AAAAAA,Propranolol HCl,Propranolol HCl_Cap 80mg M/R,Propranolol Hydrochloride,,80 mg,beta blockers,False,False
338,338.0,0204000R0AAABAB,Propranolol HCl,Propranolol HCl_Cap 160mg M/R,Propranolol Hydrochloride,,160 mg,beta blockers,False,False
339,339.0,0204000R0AAACAC,Propranolol HCl,Propranolol HCl_Inj 1mg/ml 1ml Amp,Propranolol Hydrochloride,,1 mg/mL,beta blockers,False,False
340,340.0,0204000R0AAADAD,Propranolol HCl,Propranolol HCl_Liq 1mg/5ml,Propranolol Hydrochloride,,1 mg/5 ml,beta blockers,False,False
341,341.0,0204000R0AAAFAF,Propranolol HCl,Propranolol HCl_Oral Soln 5mg/5ml,Propranolol Hydrochloride,,5 mg/5 ml,beta blockers,False,False
342,342.0,0204000R0AAAGAG,Propranolol HCl,Propranolol HCl_Oral Soln 50mg/5ml,Propranolol Hydrochloride,,50 mg/5 ml,beta blockers,False,False
343,343.0,0204000R0AAAHAH,Propranolol HCl,Propranolol HCl_Tab 10mg,Propranolol Hydrochloride,,10 mg,beta blockers,False,False
344,344.0,0204000R0AAAIAI,Propranolol HCl,Propranolol HCl_Tab 20mg,Propranolol Hydrochloride,,20 mg,beta blockers,False,False
345,345.0,0204000R0AAAJAJ,Propranolol HCl,Propranolol HCl_Tab 40mg,Propranolol Hydrochloride,,40 mg,beta blockers,False,False
346,346.0,0204000R0AAAKAK,Propranolol HCl,Propranolol HCl_Tab 80mg,Propranolol Hydrochloride,,80 mg,beta blockers,False,False
347,347.0,0204000R0AAALAL,Propranolol HCl,Propranolol HCl_Tab 160mg,Propranolol Hydrochloride,,160 mg,beta blockers,False,False
348,348.0,0204000R0AAAMAM,Propranolol HCl,Propranolol HCl_Susp 18mg/5ml,Propranolol Hydrochloride,,18 mg/5 ml,beta blockers,False,False
349,349.0,0204000R0AAANAN,Propranolol HCl,Propranolol HCl_Susp 5mg/5ml,Propranolol Hydrochloride,,5 mg/5 ml,beta blockers,False,False
350,350.0,0204000R0AAAPAP,Propranolol HCl,Propranolol HCl_Pdrs 10mg,Propranolol Hydrochloride,,10 mg,beta blockers,False,False
351,351.0,0204000R0AAAQAQ,Propranolol HCl,Propranolol HCl_Mix 10mg/5ml,Propranolol Hydrochloride,,10 mg/5 ml,beta blockers,False,False
352,352.0,0204000R0AAARAR,Propranolol HCl,Propranolol HCl_Susp 12mg/5ml,Propranolol Hydrochloride,,12 mg/5 ml,beta blockers,False,False
353,353.0,0204000R0AAASAS,Propranolol HCl,Propranolol HCl_Syr 4mg/5ml,Propranolol Hydrochloride,,4 mg/5 ml,beta blockers,False,False
354,354.0,0204000R0AAATAT,Propranolol HCl,Propranolol HCl_Pdrs 6mg,Propranolol Hydrochloride,,6 mg,beta blockers,False,False
355,355.0,0204000R0AAAUAU,Propranolol HCl,Propranolol HCl_Oral Soln 80mg/5ml,Propranolol Hydrochloride,,80 mg/5 ml,beta blockers,False,False
356,356.0,0204000R0AAAVAV,Propranolol HCl,Propranolol HCl_Pdrs 12mg,Propranolol Hydrochloride,,12 mg,beta blockers,False,False
357,357.0,0204000R0AAAWAW,Propranolol HCl,Propranolol HCl_Pdrs 15mg,Propranolol Hydrochloride,,15 mg,beta blockers,False,False
358,358.0,0204000R0AAAXAX,Propranolol HCl,Propranolol HCl_Syr 3mg/5ml,Propranolol Hydrochloride,,3 mg/5 ml,beta blockers,False,False
359,359.0,0204000R0AAAYAY,Propranolol HCl,Propranolol HCl_Oral Soln 10mg/5ml,Propranolol Hydrochloride,,10 mg/5 ml,beta blockers,False,False
360,360.0,0204000R0AAAZAZ,Propranolol HCl,Propranolol HCl_Oral Soln 40mg/5ml,Propranolol Hydrochloride,,40 mg/5 ml,beta blockers,False,False
361,361.0,0204000R0AABABA,Propranolol HCl,Propranolol HCl_Susp 80mg/5ml,Propranolol Hydrochloride,,80 mg/5 ml,beta blockers,False,False
362,362.0,0204000R0AABBBB,Propranolol HCl,Propranolol HCl_Elix 3mg/5ml,Propranolol Hydrochloride,,3 mg/5 ml,beta blockers,False,False
363,363.0,0204000R0AABCBC,Propranolol HCl,Propranolol HCl_Cap 80mg C/R,Propranolol Hydrochloride,,80 mg,beta blockers,False,False
364,364.0,0204000R0AABDBD,Propranolol HCl,Propranolol HCl_Cap 80mg C/R         @gn,Propranolol Hydrochloride,,80 mg,beta blockers,False,False
365,365.0,0204000R0AABEBE,Propranolol HCl,Propranolol HCl_Susp 9mg/5ml,Propranolol Hydrochloride,,9 mg/5 ml,beta blockers,False,False
366,366.0,0204000R0AABFBF,Propranolol HCl,Propranolol HCl_Oral Liq @spec,Propranolol Hydrochloride,,,beta blockers,False,False
367,367.0,0204000R0AABGBG,Propranolol HCl,Propranolol HCl_Pdrs 8mg,Propranolol Hydrochloride,,8 mg,beta blockers,False,False
368,368.0,0204000R0AABHBH,Propranolol HCl,Propranolol HCl_Tab 120mg,Propranolol Hydrochloride,,120 mg,beta blockers,False,False
369,369.0,0204000R0AABIBI,Propranolol HCl,Propranolol HCl_Susp 70mg/5ml,Propranolol Hydrochloride,,70 mg/5 ml,beta blockers,False,False
370,370.0,0204000R0AABJBJ,Propranolol HCl,Propranolol HCl_Pdrs 4mg,Propranolol Hydrochloride,,4 mg,beta blockers,False,False
371,371.0,0204000R0AABKBK,Propranolol HCl,Propranolol HCl_Susp 25mg/5ml,Propranolol Hydrochloride,,25 mg/5 ml,beta blockers,False,False
372,372.0,0204000R0AABLBL,Propranolol HCl,Propranolol HCl/Lacto_Pdrs 2mg/200mg,Propranolol Hydrochloride,,2 mg,beta blockers,False,False
373,373.0,0204000R0AABMBM,Propranolol HCl,Propranolol HCl/Lacto_Pdrs 3mg/200mg,Propranolol Hydrochloride,,3 mg,beta blockers,False,False
374,374.0,0204000R0AABNBN,Propranolol HCl,Propranolol HCl/Lacto_Pdrs 6mg/200mg,Propranolol Hydrochloride,,6 mg,beta blockers,False,False
375,375.0,0204000R0AABPBP,Propranolol HCl,Propranolol HCl_Mix 5mg/5ml,Propranolol Hydrochloride,,5 mg/5 ml,beta blockers,False,False
376,376.0,0204000R0AABQBQ,Propranolol HCl,Propranolol HCl_Pdrs 5mg,Propranolol Hydrochloride,,5 mg,beta blockers,False,False
377,377.0,0204000R0AABRBR,Propranolol HCl,Propranolol HCl_Syr 7mg/5ml,Propranolol Hydrochloride,,7 mg/5 ml,beta blockers,False,False
378,378.0,0204000R0AABSBS,Propranolol HCl,Propranolol HCl_Syr 15mg/5ml,Propranolol Hydrochloride,,15 mg/5 ml,beta blockers,False,False
379,379.0,0204000R0AABTBT,Propranolol HCl,Propranolol HCl_Syr 9mg/5ml,Propranolol Hydrochloride,,9 mg/5 ml,beta blockers,False,False
380,380.0,0204000R0AABUBU,Propranolol HCl,Propranolol HCl_Liq 5mg/5ml,Propranolol Hydrochloride,,5 mg/5 ml,beta blockers,False,False
381,381.0,0204000R0AABVBV,Propranolol HCl,Propranolol HCl_Liq 2.85mg/5ml,Propranolol Hydrochloride,,85 mg/5 ml,beta blockers,False,False
382,382.0,0204000R0AABWBW,Propranolol HCl,Propranolol HCl_Susp 90mg/5ml,Propranolol Hydrochloride,,90 mg/5 ml,beta blockers,False,False
383,383.0,0204000R0AABXBX,Propranolol HCl,Propranolol HCl_Syr 8mg/5ml,Propranolol Hydrochloride,,8 mg/5 ml,beta blockers,False,False
384,384.0,0204000R0AABYBY,Propranolol HCl,Propranolol HCl_Susp 40mg/5ml,Propranolol Hydrochloride,,40 mg/5 ml,beta blockers,False,False
385,385.0,0204000R0AABZBZ,Propranolol HCl,Propranolol HCl_Susp 50mg/5ml,Propranolol Hydrochloride,,50 mg/5 ml,beta blockers,False,False
386,386.0,0204000R0AACACA,Propranolol HCl,Propranolol HCl_Susp 20mg/5ml,Propranolol Hydrochloride,,20 mg/5 ml,beta blockers,False,False
387,387.0,0204000R0AACBCB,Propranolol HCl,Propranolol HCl_Susp 15mg/5ml,Propranolol Hydrochloride,,15 mg/5 ml,beta blockers,False,False
388,388.0,0204000R0AACCCC,Propranolol HCl,Propranolol HCl_Cap 160mg C/R,Propranolol Hydrochloride,,160 mg,beta blockers,False,False
389,389.0,0204000R0AACDCD,Propranolol HCl,Propranolol HCl_Cap 160mg M/R (P.I.),Propranolol Hydrochloride,,160 mg,beta blockers,False,False
390,390.0,0204000R0AACECE,Propranolol HCl,Propranolol HCl_Cap 8mg,Propranolol Hydrochloride,,8 mg,beta blockers,False,False
391,391.0,0204000R0AACFCF,Propranolol HCl,Propranolol HCl_Susp 3mg/5ml S/F,Propranolol Hydrochloride,,3 mg/5 ml,beta blockers,False,False
392,392.0,0204000R0AACGCG,Propranolol HCl,Propranolol HCl_Cap 10mg,Propranolol Hydrochloride,,10 mg,beta blockers,False,False
393,393.0,0204000R0AACHCH,Propranolol HCl,Propranolol HCl_Liq Spec 50mg/5ml,Propranolol Hydrochloride,,50 mg/5 ml,beta blockers,False,False
394,394.0,0204000R0AACICI,Propranolol HCl,Propranolol HCl_Liq Spec 5mg/5ml,Propranolol Hydrochloride,,5 mg/5 ml,beta blockers,False,False
395,395.0,0204000R0AACJCJ,Propranolol HCl,Propranolol HCl_Liq Spec 10mg/5ml,Propranolol Hydrochloride,,10 mg/5 ml,beta blockers,False,False
396,396.0,0204000R0AACKCK,Propranolol HCl,Propranolol HCl_Liq Spec 25mg/5ml,Propranolol Hydrochloride,,25 mg/5 ml,beta blockers,False,False
397,397.0,0204000R0AACLCL,Propranolol HCl,Propranolol HCl_Liq Spec 40mg/5ml,Propranolol Hydrochloride,,40 mg/5 ml,beta blockers,False,False
398,398.0,0204000R0AACMCM,Propranolol HCl,Propranolol HCl_Liq Spec 1.67mg/5ml,Propranolol Hydrochloride,,67 mg/5 ml,beta blockers,False,False
399,399.0,0204000R0AACNCN,Propranolol HCl,Propranolol HCl_Liq Spec 80mg/5ml,Propranolol Hydrochloride,,80 mg/5 ml,beta blockers,False,False
400,400.0,0204000R0AACPCP,Propranolol HCl,Propranolol HCl_Liq Spec 20mg/5ml,Propranolol Hydrochloride,,20 mg/5 ml,beta blockers,False,False
401,401.0,0204000R0AACQCQ,Propranolol HCl,Propranolol HCl_Liq Spec 2.75mg/5ml,Propranolol Hydrochloride,,75 mg/5 ml,beta blockers,False,False
402,402.0,0204000R0AACRCR,Propranolol HCl,Propranolol HCl_Liq Spec 15mg/5ml,Propranolol Hydrochloride,,15 mg/5 ml,beta blockers,False,False
403,403.0,0204000R0AACSCS,Propranolol HCl,Propranolol HCl_Liq Spec 2.5mg/5ml,Propranolol Hydrochloride,,5 mg/5 ml,beta blockers,False,False
404,404.0,0204000R0AACTCT,Propranolol HCl,Propranolol HCl_Liq Spec 3mg/5ml,Propranolol Hydrochloride,,3 mg/5 ml,beta blockers,False,False
405,405.0,0204000R0AACUCU,Propranolol HCl,Propranolol HCl_Liq Spec 2mg/5ml,Propranolol Hydrochloride,,2 mg/5 ml,beta blockers,False,False
406,406.0,0204000R0AACVCV,Propranolol HCl,Propranolol HCl_Cap 160mg,Propranolol Hydrochloride,,160 mg,beta blockers,False,False
407,407.0,0204000R0AACWCW,Propranolol HCl,Propranolol HCl_Oral Soln 5mg/5ml S/F,Propranolol Hydrochloride,,5 mg/5 ml,beta blockers,False,False
408,408.0,0204000R0AACXCX,Propranolol HCl,Propranolol HCl_Oral Soln 10mg/5ml S/F,Propranolol Hydrochloride,,10 mg/5 ml,beta blockers,False,False
409,409.0,0204000R0AACYCY,Propranolol HCl,Propranolol HCl_Oral Soln 50mg/5ml S/F,Propranolol Hydrochloride,,50 mg/5 ml,beta blockers,False,False
410,410.0,0204000R0AACZCZ,Propranolol HCl,Propranolol HCl_Liq Spec 3.5mg/5ml,Propranolol Hydrochloride,,5 mg/5 ml,beta blockers,False,False
411,411.0,0204000R0AADADA,Propranolol HCl,Propranolol HCl_Liq Spec 32mg/5ml,Propranolol Hydrochloride,,32 mg/5 ml,beta blockers,False,False
412,412.0,0204000R0AADBDB,Propranolol HCl,Propranolol HCl_Oral Soln 40mg/5ml S/F,Propranolol Hydrochloride,,40 mg/5 ml,beta blockers,False,False
413,413.0,0204000R0AADCDC,Propranolol HCl,Propranolol HCl_Oral Soln 80mg/5ml S/F,Propranolol Hydrochloride,,80 mg/5 ml,beta blockers,False,False
414,414.0,0204000R0AADDDD,Propranolol HCl,Propranolol HCl_Liq Spec 6mg/5ml,Propranolol Hydrochloride,,6 mg/5 ml,beta blockers,False,False
415,415.0,0204000R0AADEDE,Propranolol HCl,Propranolol HCl_Liq Spec 16mg/5ml,Propranolol Hydrochloride,,16 mg/5 ml,beta blockers,False,False
416,416.0,0204000R0AADFDF,Propranolol HCl,Propranolol HCl_Cap 20mg,Propranolol Hydrochloride,,20 mg,beta blockers,False,False
417,417.0,0204000R0AADGDG,Propranolol HCl,Propranolol HCl_Liq Spec 22.5mg/5ml,Propranolol Hydrochloride,,5 mg/5 ml,beta blockers,False,False
418,418.0,0204000R0AADHDH,Propranolol HCl,Propranolol HCl_Liq Spec 4mg/5ml,Propranolol Hydrochloride,,4 mg/5 ml,beta blockers,False,False
419,419.0,0204000R0AADIDI,Propranolol HCl,Propranolol HCl_Liq Spec 80mg/5ml,Propranolol Hydrochloride,,80 mg/5 ml,beta blockers,False,False
420,420.0,0204000R0AADJDJ,Propranolol HCl,Propranolol HCl_Cap 40mg,Propranolol Hydrochloride,,40 mg,beta blockers,False,False
421,421.0,0204000R0BBAAAH,Angilol,Angilol_Tab 10mg,Propranolol Hydrochloride,,10 mg,beta blockers,False,False
422,422.0,0204000R0BBABAJ,Angilol,Angilol_Tab 40mg,Propranolol Hydrochloride,,40 mg,beta blockers,False,False
423,423.0,0204000R0BBACAK,Angilol,Angilol_Tab 80mg,Propranolol Hydrochloride,,80 mg,beta blockers,False,False
424,424.0,0204000R0BBADAL,Angilol,Angilol_Tab 160mg,Propranolol Hydrochloride,,160 mg,beta blockers,False,False
425,425.0,0204000R0BCABAJ,Apsolol,Apsolol_Tab 40mg,Propranolol Hydrochloride,,40 mg,beta blockers,False,False
426,426.0,0204000R0BCACAH,Apsolol,Apsolol_Tab 10mg,Propranolol Hydrochloride,,10 mg,beta blockers,False,False
427,427.0,0204000R0BCADAK,Apsolol,Apsolol_Tab 80mg,Propranolol Hydrochloride,,80 mg,beta blockers,False,False
428,428.0,0204000R0BCAEAL,Apsolol,Apsolol_Tab 160mg,Propranolol Hydrochloride,,160 mg,beta blockers,False,False
429,429.0,0204000R0BDAAAH,Bedranol,Bedranol_Tab 10mg (Sandoz),Propranolol Hydrochloride,,10 mg,beta blockers,False,False
430,430.0,0204000R0BDABAJ,Bedranol,Bedranol_Tab 40mg (Sandoz),Propranolol Hydrochloride,,40 mg,beta blockers,False,False
431,431.0,0204000R0BDACAB,Bedranol,Bedranol S.R._Cap 160mg (Sandoz),Propranolol Hydrochloride,,160 mg,beta blockers,False,False
432,432.0,0204000R0BDADAA,Bedranol,Bedranol S.R._Cap 80mg (Sandoz),Propranolol Hydrochloride,,80 mg,beta blockers,False,False
433,433.0,0204000R0BDAEAB,Bedranol,Bedranol S.R._Cap 160mg (Almus),Propranolol Hydrochloride,,160 mg,beta blockers,False,False
434,434.0,0204000R0BDAFAA,Bedranol,Bedranol S.R._Cap 80mg (Almus),Propranolol Hydrochloride,,80 mg,beta blockers,False,False
435,435.0,0204000R0BDAGAH,Bedranol,Bedranol_Tab 10mg,Propranolol Hydrochloride,,10 mg,beta blockers,False,False
436,436.0,0204000R0BDAHAL,Bedranol,Bedranol_Tab 160mg,Propranolol Hydrochloride,,160 mg,beta blockers,False,False
437,437.0,0204000R0BDAIAJ,Bedranol,Bedranol_Tab 40mg,Propranolol Hydrochloride,,40 mg,beta blockers,False,False
438,438.0,0204000R0BDAJAK,Bedranol,Bedranol_Tab 80mg,Propranolol Hydrochloride,,80 mg,beta blockers,False,False
439,439.0,0204000R0BEAAAH,Berkolol,Berkolol_Tab 10mg,Propranolol Hydrochloride,,10 mg,beta blockers,False,False
440,440.0,0204000R0BEABAJ,Berkolol,Berkolol_Tab 40mg,Propranolol Hydrochloride,,40 mg,beta blockers,False,False
441,441.0,0204000R0BEACAK,Berkolol,Berkolol_Tab 80mg,Propranolol Hydrochloride,,80 mg,beta blockers,False,False
442,442.0,0204000R0BEADAL,Berkolol,Berkolol_Tab 160mg,Propranolol Hydrochloride,,160 mg,beta blockers,False,False
443,443.0,0204000R0BGAAAH,Inderal,Inderal_Tab 10mg,Propranolol Hydrochloride,,10 mg,beta blockers,False,False
444,444.0,0204000R0BGABAJ,Inderal,Inderal_Tab 40mg,Propranolol Hydrochloride,,40 mg,beta blockers,False,False
445,445.0,0204000R0BGACAK,Inderal,Inderal_Tab 80mg,Propranolol Hydrochloride,,80 mg,beta blockers,False,False
446,446.0,0204000R0BGADAL,Inderal,Inderal_Tab 160mg,Propranolol Hydrochloride,,160 mg,beta blockers,False,False
447,447.0,0204000R0BGAEAC,Inderal,Inderal_Inj 1mg/ml 1ml Amp,Propranolol Hydrochloride,,1 mg/mL,beta blockers,False,False
448,448.0,0204000R0BGAFAA,Inderal,Half-Inderal LA_Cap 80mg,Propranolol Hydrochloride,,80 mg,beta blockers,False,False
449,449.0,0204000R0BGAGAB,Inderal,Inderal LA_Cap 160mg,Propranolol Hydrochloride,,160 mg,beta blockers,False,False
450,450.0,0204000R0BIAAAB,Sloprolol,Sloprolol_Cap 160mg,Propranolol Hydrochloride,,160 mg,beta blockers,False,False
451,451.0,0204000R0BJAAAH,Lederpronol,Lederpronol_Tab 10mg,Propranolol Hydrochloride,,10 mg,beta blockers,False,False
452,452.0,0204000R0BJABAJ,Lederpronol,Lederpronol_Tab 40mg,Propranolol Hydrochloride,,40 mg,beta blockers,False,False
453,453.0,0204000R0BJACAK,Lederpronol,Lederpronol_Tab 80mg,Propranolol Hydrochloride,,80 mg,beta blockers,False,False
454,454.0,0204000R0BJADAL,Lederpronol,Lederpronol_Tab 160mg,Propranolol Hydrochloride,,160 mg,beta blockers,False,False
455,455.0,0204000R0BKAAAH,Cardinol,Cardinol_Tab 10mg,Propranolol Hydrochloride,,10 mg,beta blockers,False,False
456,456.0,0204000R0BKABAJ,Cardinol,Cardinol_Tab 40mg,Propranolol Hydrochloride,,40 mg,beta blockers,False,False
457,457.0,0204000R0BKACAK,Cardinol,Cardinol_Tab 80mg,Propranolol Hydrochloride,,80 mg,beta blockers,False,False
458,458.0,0204000R0BKADAL,Cardinol,Cardinol_Tab 160mg,Propranolol Hydrochloride,,160 mg,beta blockers,False,False
459,459.0,0204000R0BLAAAB,Slo-Blok,Slo-Blok_Cap 160mg,Propranolol Hydrochloride,,160 mg,beta blockers,False,False
460,460.0,0204000R0BMAAAH,Propanix,Propanix-10_Tab 10mg,Propranolol Hydrochloride,,10 mg,beta blockers,False,False
461,461.0,0204000R0BMABAJ,Propanix,Propanix-40_Tab 40mg,Propranolol Hydrochloride,,40 mg,beta blockers,False,False
462,462.0,0204000R0BMACAK,Propanix,Propanix-80_Tab 80mg,Propranolol Hydrochloride,,80 mg,beta blockers,False,False
463,463.0,0204000R0BMADAL,Propanix,Propanix-160_Tab 160mg,Propranolol Hydrochloride,,160 mg,beta blockers,False,False
464,464.0,0204000R0BMAEAB,Propanix,Propanix-160 SR_Cap 160mg,Propranolol Hydrochloride,,160 mg,beta blockers,False,False
465,465.0,0204000R0BMAFAB,Propanix,Propanix LA_Cap 160mg,Propranolol Hydrochloride,,160 mg,beta blockers,False,False
466,466.0,0204000R0BMAGAA,Propanix,Half Propanix LA_Cap 80mg,Propranolol Hydrochloride,,80 mg,beta blockers,False,False
467,467.0,0204000R0BNAAAB,Beta-Prograne,Beta-Prograne MR_Cap 160mg,Propranolol Hydrochloride,,160 mg,beta blockers,False,False
468,468.0,0204000R0BNABAA,Beta-Prograne,Half Beta-Prograne MR_Cap 80mg,Propranolol Hydrochloride,,80 mg,beta blockers,False,False
469,469.0,0204000R0BNACAB,Beta-Prograne,Beta-Prograne MR_Cap 160mg (Teva),Propranolol Hydrochloride,,160 mg,beta blockers,False,False
470,470.0,0204000R0BNADAA,Beta-Prograne,Half Beta-Prograne MR_Cap 80mg (Teva),Propranolol Hydrochloride,,80 mg,beta blockers,False,False
471,471.0,0204000R0BNAEAA,Beta-Prograne,Half Beta-Prograne MR_Cap 80mg (Actavis),Propranolol Hydrochloride,,80 mg,beta blockers,False,False
472,472.0,0204000R0BNAFAB,Beta-Prograne,Beta-Prograne MR_Cap 160mg (Actavis),Propranolol Hydrochloride,,160 mg,beta blockers,False,False
473,473.0,0204000R0BPAAAB,Betadur,Betadur CR_Cap 160mg,Propranolol Hydrochloride,,160 mg,beta blockers,False,False
474,474.0,0204000R0BPABAA,Betadur,Half-Betadur CR_Cap 80mg,Propranolol Hydrochloride,,80 mg,beta blockers,False,False
475,475.0,0204000R0BQAAAB,Avlocardyl,Avlocardyl_Cap 160mg,Propranolol Hydrochloride,,160 mg,beta blockers,False,False
476,476.0,0204000R0BRAAAB,Probeta,Probeta LA_Cap 160mg,Propranolol Hydrochloride,,160 mg,beta blockers,False,False
477,477.0,0204000R0BSAAAB,Lopranol,Lopranol LA_Cap 160mg,Propranolol Hydrochloride,,160 mg,beta blockers,False,False
478,478.0,0204000R0BTAAAA,Propatard,Half Propatard LA_Cap 80mg,Propranolol Hydrochloride,,80 mg,beta blockers,False,False
479,479.0,0204000R0BTABAB,Propatard,Propatard LA_Cap 160mg,Propranolol Hydrochloride,,160 mg,beta blockers,False,False
480,480.0,0204000R0BUAAAB,Slo-Pro,Slo-Pro_Cap 160mg,Propranolol Hydrochloride,,160 mg,beta blockers,False,False
481,481.0,0204000R0BVAACW,Syprol,Syprol_Oral Soln 5mg/5ml S/F,Propranolol Hydrochloride,,5 mg/5 ml,beta blockers,False,False
482,482.0,0204000R0BVABCX,Syprol,Syprol_Oral Soln 10mg/5ml S/F,Propranolol Hydrochloride,,10 mg/5 ml,beta blockers,False,False
483,483.0,0204000R0BVACCY,Syprol,Syprol_Oral Soln 50mg/5ml S/F,Propranolol Hydrochloride,,50 mg/5 ml,beta blockers,False,False
484,484.0,0204000R0BVADDB,Syprol,Syprol_Oral Soln 40mg/5ml S/F,Propranolol Hydrochloride,,40 mg/5 ml,beta blockers,False,False
485,485.0,0204000R0BWAAAH,Dupromex,Dupromex_Tab 10mg,Propranolol Hydrochloride,,10 mg,beta blockers,False,False
486,486.0,0204000R0BXAAAA,Rapranol,Rapranol SR_Cap 80mg,Propranolol Hydrochloride,,80 mg,beta blockers,False,False
487,487.0,0204000R0BXABAB,Rapranol,Rapranol SR_Cap 160mg,Propranolol Hydrochloride,,160 mg,beta blockers,False,False
488,488.0,0204000R0BYAAAA,Beprane,Half-Beprane CR_Cap 80mg,Propranolol Hydrochloride,,80 mg,beta blockers,False,False
489,489.0,0204000T0AAAAAA,Sotalol HCl,Sotalol HCl_Inj 2mg/ml 5ml Amp,Sotalol Hydrochloride,,2 mg/mL,beta blockers,False,False
490,490.0,0204000T0AAABAB,Sotalol HCl,Sotalol HCl_Tab 40mg,Sotalol Hydrochloride,,40 mg,beta blockers,False,False
491,491.0,0204000T0AAACAC,Sotalol HCl,Sotalol HCl_Tab 80mg,Sotalol Hydrochloride,,80 mg,beta blockers,False,False
492,492.0,0204000T0AAAEAE,Sotalol HCl,Sotalol HCl_Tab 160mg,Sotalol Hydrochloride,,160 mg,beta blockers,False,False
493,493.0,0204000T0AAAFAF,Sotalol HCl,Sotalol HCl_Tab 200mg,Sotalol Hydrochloride,,200 mg,beta blockers,False,False
494,494.0,0204000T0AAAGAG,Sotalol HCl,Sotalol HCl_Tab 160mg (Import),Sotalol Hydrochloride,,160 mg,beta blockers,False,False
495,495.0,0204000T0AAAHAH,Sotalol HCl,Sotalol HCl_Inj 10mg/ml 4ml Amp,Sotalol Hydrochloride,,10 mg/mL,beta blockers,False,False
496,496.0,0204000T0AAAIAI,Sotalol HCl,Sotalol HCl_Susp 9mg/5ml,Sotalol Hydrochloride,,9 mg/5 ml,beta blockers,False,False
497,497.0,0204000T0AAAJAJ,Sotalol HCl,Sotalol HCl_Cap 60mg,Sotalol Hydrochloride,,60 mg,beta blockers,False,False
498,498.0,0204000T0AAAKAK,Sotalol HCl,Sotalol HCl_Pdrs 20mg,Sotalol Hydrochloride,,20 mg,beta blockers,False,False
499,499.0,0204000T0AAALAL,Sotalol HCl,Sotalol HCl_Oral Liq @spec,Sotalol Hydrochloride,,,beta blockers,False,False
500,500.0,0204000T0AAAMAM,Sotalol HCl,Sotalol HCl_Liq Spec 40mg/5ml,Sotalol Hydrochloride,,40 mg/5 ml,beta blockers,False,False
501,501.0,0204000T0AAANAN,Sotalol HCl,Sotalol HCl_Liq Spec 20mg/5ml,Sotalol Hydrochloride,,20 mg/5 ml,beta blockers,False,False
502,502.0,0204000T0AAAPAP,Sotalol HCl,Sotalol HCl_Oral Soln 50mg/5ml,Sotalol Hydrochloride,,50 mg/5 ml,beta blockers,False,False
503,503.0,0204000T0AAAQAQ,Sotalol HCl,Sotalol HCl_Pdrs 6mg,Sotalol Hydrochloride,,6 mg,beta blockers,False,False
504,504.0,0204000T0AAARAR,Sotalol HCl,Sotalol HCl_Liq Spec 30mg/5ml,Sotalol Hydrochloride,,30 mg/5 ml,beta blockers,False,False
505,505.0,0204000T0AAASAS,Sotalol HCl,Sotalol HCl_Liq Spec 10mg/5ml,Sotalol Hydrochloride,,10 mg/5 ml,beta blockers,False,False
506,506.0,0204000T0AAATAT,Sotalol HCl,Sotalol HCl_Oral Soln 25mg/5ml,Sotalol Hydrochloride,,25 mg/5 ml,beta blockers,False,False
507,507.0,0204000T0AAAUAU,Sotalol HCl,Sotalol HCl_Liq Spec 80mg/5ml,Sotalol Hydrochloride,,80 mg/5 ml,beta blockers,False,False
508,508.0,0204000T0AAAVAV,Sotalol HCl,Sotalol HCl_Liq Spec 35mg/5ml,Sotalol Hydrochloride,,35 mg/5 ml,beta blockers,False,False
509,509.0,0204000T0AAAWAW,Sotalol HCl,Sotalol HCl_Liq Spec 5mg/5ml,Sotalol Hydrochloride,,5 mg/5 ml,beta blockers,False,False
510,510.0,0204000T0AAAXAX,Sotalol HCl,Sotalol HCl_Cap 4mg,Sotalol Hydrochloride,,4 mg,beta blockers,False,False
511,511.0,0204000T0AAAYAY,Sotalol HCl,Sotalol HCl_Pdrs 10mg,Sotalol Hydrochloride,,10 mg,beta blockers,False,False
512,512.0,0204000T0AAAZAZ,Sotalol HCl,Sotalol HCl_Cap 6mg,Sotalol Hydrochloride,,6 mg,beta blockers,False,False
513,513.0,0204000T0AABABA,Sotalol HCl,Sotalol HCl_Liq Spec 8mg/5ml,Sotalol Hydrochloride,,8 mg/5 ml,beta blockers,False,False
514,514.0,0204000T0AABBBB,Sotalol HCl,Sotalol HCl_Liq Spec 18mg/5ml,Sotalol Hydrochloride,,18 mg/5 ml,beta blockers,False,False
515,515.0,0204000T0AABCBC,Sotalol HCl,Sotalol HCl_Oral Susp 25mg/5ml,Sotalol Hydrochloride,,25 mg/5 ml,beta blockers,False,False
516,516.0,0204000T0AABDBD,Sotalol HCl,Sotalol HCl_Oral Susp 50mg/5ml,Sotalol Hydrochloride,,50 mg/5 ml,beta blockers,False,False
517,517.0,0204000T0BBAAAB,Beta-Cardone,Beta-Cardone_Tab 40mg,Sotalol Hydrochloride,,40 mg,beta blockers,False,False
518,518.0,0204000T0BBABAC,Beta-Cardone,Beta-Cardone_Tab 80mg,Sotalol Hydrochloride,,80 mg,beta blockers,False,False
519,519.0,0204000T0BBACAF,Beta-Cardone,Beta-Cardone_Tab 200mg,Sotalol Hydrochloride,,200 mg,beta blockers,False,False
520,520.0,0204000T0BCAAAC,Sotacor,Sotacor_Tab 80mg,Sotalol Hydrochloride,,80 mg,beta blockers,False,False
521,521.0,0204000T0BCABAE,Sotacor,Sotacor_Tab 160mg,Sotalol Hydrochloride,,160 mg,beta blockers,False,False
522,522.0,0204000T0BCACAA,Sotacor,Sotacor_Inj 2mg/ml 5ml Amp,Sotalol Hydrochloride,,2 mg/mL,beta blockers,False,False
523,523.0,0204000T0BCADAH,Sotacor,Sotacor_Inj 10mg/ml 4ml Amp,Sotalol Hydrochloride,,10 mg/mL,beta blockers,False,False
524,524.0,0204000T0BDAAAE,Sotalex,Sotalex_Tab 160mg,Sotalol Hydrochloride,,160 mg,beta blockers,False,False
525,525.0,0204000U0AAAAAA,Atenolol/Nifedipine,Atenolol/Nifedipine_Cap 50mg/20mg M/R,Atenolol With Calcium Channel Blocker,,50 mg,beta blockers,True,False
526,526.0,0204000U0BBAAAA,Beta-Adalat,Beta-Adalat_Cap,Atenolol With Calcium Channel Blocker,,,beta blockers,True,False
527,527.0,0204000U0BCAAAA,Tenif,Tenif_Cap 50mg/20mg M/R,Atenolol With Calcium Channel Blocker,,50 mg,beta blockers,False,False
528,528.0,0204000V0AAAAAA,Timolol (Systemic),Timolol_Tab 10mg,Timolol,,10 mg,beta blockers,False,False
529,529.0,0204000V0AAABAB,Timolol (Systemic),Timolol_Tab 10mg                 @gn,Timolol,,10 mg,beta blockers,False,False
530,530.0,0204000V0BBAAAA,Betim,Betim_Tab 10mg,Timolol,,10 mg,beta blockers,False,False
531,531.0,0204000V0BCAAAA,Blocadren,Blocadren_Tab 10mg,Timolol,,10 mg,beta blockers,False,False
532,532.0,0204000W0AAAAAA,Gppe Tab,Gppe Tab_Co-Betaloc,Metoprolol Tartrate With Diuretic,,,beta blockers,False,False
533,533.0,0204000W0AAABAB,Gppe Tab,Gppe Tab_Co-Betaloc Sa,Metoprolol Tartrate With Diuretic,,,beta blockers,False,False
534,534.0,0204000W0AAACAC,Gppe Tab,Gppe Tab_Lopresoretic,Metoprolol Tartrate With Diuretic,,,beta blockers,False,False
535,535.0,0204000W0BBAAAA,Co-Betaloc,Co-Betaloc_Tab,Metoprolol Tartrate With Diuretic,,,beta blockers,False,False
536,536.0,0204000W0BBABAB,Co-Betaloc,Co-Betaloc SA_Tab,Metoprolol Tartrate With Diuretic,,,beta blockers,False,False
537,537.0,0204000W0BCAAAC,Lopresoretic,Lopresoretic_Tab,Metoprolol Tartrate With Diuretic,,,beta blockers,False,False
538,538.0,0204000X0AAAAAA,Nadolol/Bendroflumethiazide,Nadolol/Bendroflumethiazide_Tab 40mg/5mg,Nadolol With Diuretic,,40 mg,beta blockers,False,True
539,539.0,0204000X0AAABAB,Nadolol/Bendroflumethiazide,Nadolol/Bendroflumethiazide_Tab 80mg/5mg,Nadolol With Diuretic,,80 mg,beta blockers,False,True
540,540.0,0204000X0BBAAAA,Corgaretic,Corgaretic 40_Tab,Nadolol With Diuretic,,,beta blockers,False,False
541,541.0,0204000X0BBABAB,Corgaretic,Corgaretic 80_Tab,Nadolol With Diuretic,,,beta blockers,False,False
542,542.0,0204000Y0AAAAAA,Co-Prenozide,Co-Prenozide_Tab 160mg/250mcg M/R,Co-Prenozide (Oxprenolol HCl/Cyclopenth),,160 mg,beta blockers,False,False
543,543.0,0204000Y0BBAAAA,Trasidrex,Trasidrex_Tab 160mg/250mcg,Co-Prenozide (Oxprenolol HCl/Cyclopenth),,160 mg,beta blockers,False,False
544,544.0,0204000Z0AAAAAA,Frusemide/Penbutolol,Frusemide/Penbutolol_Tab 20mg/40mg,Penbutolol Sulphate With Diuretic,,20 mg,beta blockers,False,False
545,545.0,0204000Z0BBAAAA,Lasipressin,Lasipressin_Tab,Penbutolol Sulphate With Diuretic,,,beta blockers,False,False
546,546.0,0205010AAAAAAAA,Macitentan,Macitentan_Tab 10mg,Macitentan,,10 mg,Vasodilator Antihypertensive Drugs,False,False
547,547.0,0205010AABBAAAA,Opsumit,Opsumit_Tab 10mg,Macitentan,,10 mg,Vasodilator Antihypertensive Drugs,False,False
548,548.0,0205010ABAAAAAA,Riociguat,Riociguat_Tab 500mcg,Riociguat,,,Vasodilator Antihypertensive Drugs,False,False
549,549.0,0205010ABAAABAB,Riociguat,Riociguat_Tab 1mg,Riociguat,,1 mg,Vasodilator Antihypertensive Drugs,False,False
550,550.0,0205010ABAAACAC,Riociguat,Riociguat_Tab 1.5mg,Riociguat,,1.5 mg,Vasodilator Antihypertensive Drugs,False,False
551,551.0,0205010ABAAADAD,Riociguat,Riociguat_Tab 2mg,Riociguat,,2 mg,Vasodilator Antihypertensive Drugs,False,False
552,552.0,0205010ABAAAEAE,Riociguat,Riociguat_Tab 2.5mg,Riociguat,,2.5 mg,Vasodilator Antihypertensive Drugs,False,False
553,553.0,0205010ABBBAAAA,Adempas,Adempas_Tab 0.5mg,Riociguat,,0.5 mg,Vasodilator Antihypertensive Drugs,False,False
554,554.0,0205010ABBBABAB,Adempas,Adempas_Tab 1mg,Riociguat,,1 mg,Vasodilator Antihypertensive Drugs,False,False
555,555.0,0205010ABBBACAC,Adempas,Adempas_Tab 1.5mg,Riociguat,,1.5 mg,Vasodilator Antihypertensive Drugs,False,False
556,556.0,0205010ABBBADAD,Adempas,Adempas_Tab 2mg,Riociguat,,2 mg,Vasodilator Antihypertensive Drugs,False,False
557,557.0,0205010ABBBAEAE,Adempas,Adempas_Tab 2.5mg,Riociguat,,2.5 mg,Vasodilator Antihypertensive Drugs,False,False
558,558.0,0205010E0AAAAAA,Diazoxide (Parent),Diazoxide_Inj 15mg/ml 20ml Amp,Diazoxide,,15 mg/mL,Vasodilator Antihypertensive Drugs,False,False
559,559.0,0205010E0BBAAAA,Eudemine (Parent),Eudemine_Inj 300mg/20ml Amp,Diazoxide,,300 mg/20 ml,Vasodilator Antihypertensive Drugs,False,False
560,560.0,0205010J0AAA1A1,Hydralazine HCl,Hydralazine HCl_Pdrs 5mg,Hydralazine Hydrochloride,,5 mg,Vasodilator Antihypertensive Drugs,False,False
561,561.0,0205010J0AAA2A2,Hydralazine HCl,Hydralazine HCl_Pdrs 2.5mg,Hydralazine Hydrochloride,,2.5 mg,Vasodilator Antihypertensive Drugs,False,False
562,562.0,0205010J0AAA3A3,Hydralazine HCl,Hydralazine HCl_Liq Spec 10mg/5ml,Hydralazine Hydrochloride,,10 mg/5 ml,Vasodilator Antihypertensive Drugs,False,False
563,563.0,0205010J0AAA4A4,Hydralazine HCl,Hydralazine HCl_Liq Spec 50mg/5ml,Hydralazine Hydrochloride,,50 mg/5 ml,Vasodilator Antihypertensive Drugs,False,False
564,564.0,0205010J0AAA5A5,Hydralazine HCl,Hydralazine HCl_Liq Spec 5mg/5ml,Hydralazine Hydrochloride,,5 mg/5 ml,Vasodilator Antihypertensive Drugs,False,False
565,565.0,0205010J0AAA6A6,Hydralazine HCl,Hydralazine HCl_Liq Spec 75mg/5ml,Hydralazine Hydrochloride,,75 mg/5 ml,Vasodilator Antihypertensive Drugs,False,False
566,566.0,0205010J0AAA7A7,Hydralazine HCl,Hydralazine HCl_Liq Spec 7.5mg/5ml,Hydralazine Hydrochloride,,5 mg/5 ml,Vasodilator Antihypertensive Drugs,False,False
567,567.0,0205010J0AAA8A8,Hydralazine HCl,Hydralazine HCl_Liq Spec 25mg/5ml,Hydralazine Hydrochloride,,25 mg/5 ml,Vasodilator Antihypertensive Drugs,False,False
568,568.0,0205010J0AAA9A9,Hydralazine HCl,Hydralazine HCl_Liq Spec 20mg/5ml,Hydralazine Hydrochloride,,20 mg/5 ml,Vasodilator Antihypertensive Drugs,False,False
569,569.0,0205010J0AAAAAA,Hydralazine HCl,Hydralazine HCl_Mix 35mg/5ml,Hydralazine Hydrochloride,,35 mg/5 ml,Vasodilator Antihypertensive Drugs,False,False
570,570.0,0205010J0AAABAB,Hydralazine HCl,Hydralazine HCl_Pdr,Hydralazine Hydrochloride,,,Vasodilator Antihypertensive Drugs,False,False
571,571.0,0205010J0AAACAC,Hydralazine HCl,Hydralazine HCl_Syr 6.25mg/5ml,Hydralazine Hydrochloride,,25 mg/5 ml,Vasodilator Antihypertensive Drugs,False,False
572,572.0,0205010J0AAADAD,Hydralazine HCl,Hydralazine HCl_Tab 3.125mg,Hydralazine Hydrochloride,,3.125 mg,Vasodilator Antihypertensive Drugs,False,False
573,573.0,0205010J0AAAEAE,Hydralazine HCl,Hydralazine HCl_Pdrs 7mg,Hydralazine Hydrochloride,,7 mg,Vasodilator Antihypertensive Drugs,False,False
574,574.0,0205010J0AAAFAF,Hydralazine HCl,Hydralazine HCl_Tab 12.5mg           @gn,Hydralazine Hydrochloride,,12.5 mg,Vasodilator Antihypertensive Drugs,False,False
575,575.0,0205010J0AAAGAG,Hydralazine HCl,Hydralazine HCl_Tab 25mg,Hydralazine Hydrochloride,,25 mg,Vasodilator Antihypertensive Drugs,False,False
576,576.0,0205010J0AAAHAH,Hydralazine HCl,Hydralazine HCl_Tab 50mg,Hydralazine Hydrochloride,,50 mg,Vasodilator Antihypertensive Drugs,False,False
577,577.0,0205010J0AAAIAI,Hydralazine HCl,Hydralazine HCl_Tab 100mg,Hydralazine Hydrochloride,,100 mg,Vasodilator Antihypertensive Drugs,False,False
578,578.0,0205010J0AAAJAJ,Hydralazine HCl,Hydralazine HCl_Syr 5mg/5ml,Hydralazine Hydrochloride,,5 mg/5 ml,Vasodilator Antihypertensive Drugs,False,False
579,579.0,0205010J0AAAKAK,Hydralazine HCl,Hydralazine HCl_Inj 20mg Amp,Hydralazine Hydrochloride,,20 mg,Vasodilator Antihypertensive Drugs,False,False
580,580.0,0205010J0AAALAL,Hydralazine HCl,Hydralazine HCl_Liq 5mg/5ml,Hydralazine Hydrochloride,,5 mg/5 ml,Vasodilator Antihypertensive Drugs,False,False
581,581.0,0205010J0AAAMAM,Hydralazine HCl,Hydralazine HCl_Susp 5mg/5ml,Hydralazine Hydrochloride,,5 mg/5 ml,Vasodilator Antihypertensive Drugs,False,False
582,582.0,0205010J0AAANAN,Hydralazine HCl,Hydralazine HCl_Syr 10mg/5ml,Hydralazine Hydrochloride,,10 mg/5 ml,Vasodilator Antihypertensive Drugs,False,False
583,583.0,0205010J0AAAPAP,Hydralazine HCl,Hydralazine HCl_Susp 10mg/5ml,Hydralazine Hydrochloride,,10 mg/5 ml,Vasodilator Antihypertensive Drugs,False,False
584,584.0,0205010J0AAAQAQ,Hydralazine HCl,Hydralazine HCl_Susp 20mg/5ml,Hydralazine Hydrochloride,,20 mg/5 ml,Vasodilator Antihypertensive Drugs,False,False
585,585.0,0205010J0AAARAR,Hydralazine HCl,Hydralazine HCl_Susp 25mg/5ml,Hydralazine Hydrochloride,,25 mg/5 ml,Vasodilator Antihypertensive Drugs,False,False
586,586.0,0205010J0AAASAS,Hydralazine HCl,Hydralazine HCl_Cap 12.5mg,Hydralazine Hydrochloride,,12.5 mg,Vasodilator Antihypertensive Drugs,False,False
587,587.0,0205010J0AAATAT,Hydralazine HCl,Hydralazine HCl_Susp 6.25mg/5ml,Hydralazine Hydrochloride,,25 mg/5 ml,Vasodilator Antihypertensive Drugs,False,False
588,588.0,0205010J0AAAUAU,Hydralazine HCl,Hydralazine HCl_Cap 6.25mg,Hydralazine Hydrochloride,,6.25 mg,Vasodilator Antihypertensive Drugs,False,False
589,589.0,0205010J0AAAVAV,Hydralazine HCl,Hydralazine HCl_Susp 50mg/5ml,Hydralazine Hydrochloride,,50 mg/5 ml,Vasodilator Antihypertensive Drugs,False,False
590,590.0,0205010J0AAAWAW,Hydralazine HCl,Hydralazine HCl_Tab 12.5mg,Hydralazine Hydrochloride,,12.5 mg,Vasodilator Antihypertensive Drugs,False,False
591,591.0,0205010J0AAAXAX,Hydralazine HCl,Hydralazine HCl_Susp 15mg/5ml,Hydralazine Hydrochloride,,15 mg/5 ml,Vasodilator Antihypertensive Drugs,False,False
592,592.0,0205010J0AAAYAY,Hydralazine HCl,Hydralazine HCl_Susp 9mg/5ml,Hydralazine Hydrochloride,,9 mg/5 ml,Vasodilator Antihypertensive Drugs,False,False
593,593.0,0205010J0AAAZAZ,Hydralazine HCl,Hydralazine HCl_Oral Liq @spec,Hydralazine Hydrochloride,,,Vasodilator Antihypertensive Drugs,False,False
594,594.0,0205010J0AABABA,Hydralazine HCl,Hydralazine HCl_Liq Spec 62.5mg/5ml,Hydralazine Hydrochloride,,5 mg/5 ml,Vasodilator Antihypertensive Drugs,False,False
595,595.0,0205010J0AABBBB,Hydralazine HCl,Hydralazine HCl_Liq Spec 12.5mg/5ml,Hydralazine Hydrochloride,,5 mg/5 ml,Vasodilator Antihypertensive Drugs,False,False
596,596.0,0205010J0AABCBC,Hydralazine HCl,Hydralazine HCl_Pdrs 10mg,Hydralazine Hydrochloride,,10 mg,Vasodilator Antihypertensive Drugs,False,False
597,597.0,0205010J0AABDBD,Hydralazine HCl,Hydralazine HCl_Pdrs 7.5mg,Hydralazine Hydrochloride,,7.5 mg,Vasodilator Antihypertensive Drugs,False,False
598,598.0,0205010J0AABEBE,Hydralazine HCl,Hydralazine HCl_Liq Spec 100mg/5ml,Hydralazine Hydrochloride,,100 mg/5 ml,Vasodilator Antihypertensive Drugs,False,False
599,599.0,0205010J0AABFBF,Hydralazine HCl,Hydralazine HCl_Liq Spec 4mg/5ml,Hydralazine Hydrochloride,,4 mg/5 ml,Vasodilator Antihypertensive Drugs,False,False
600,600.0,0205010J0AABGBG,Hydralazine HCl,Hydralazine HCl_Cap 37.5mg,Hydralazine Hydrochloride,,37.5 mg,Vasodilator Antihypertensive Drugs,False,False
601,601.0,0205010J0AABHBH,Hydralazine HCl,Hydralazine HCl_Liq Spec 3mg/5ml,Hydralazine Hydrochloride,,3 mg/5 ml,Vasodilator Antihypertensive Drugs,False,False
602,602.0,0205010J0AABIBI,Hydralazine HCl,Hydralazine HCl_Liq Spec 2mg/5ml,Hydralazine Hydrochloride,,2 mg/5 ml,Vasodilator Antihypertensive Drugs,False,False
603,603.0,0205010J0AABJBJ,Hydralazine HCl,Hydralazine HCl_Tab Disper 10mg,Hydralazine Hydrochloride,,10 mg,Vasodilator Antihypertensive Drugs,False,False
604,604.0,0205010J0AABKBK,Hydralazine HCl,Hydralazine HCl_Tab 10mg,Hydralazine Hydrochloride,,10 mg,Vasodilator Antihypertensive Drugs,False,False
605,605.0,0205010J0AABLBL,Hydralazine HCl,Hydralazine HCl_Liq Spec 15mg/5ml,Hydralazine Hydrochloride,,15 mg/5 ml,Vasodilator Antihypertensive Drugs,False,False
606,606.0,0205010J0AABMBM,Hydralazine HCl,Hydralazine HCl_Cap 20mg,Hydralazine Hydrochloride,,20 mg,Vasodilator Antihypertensive Drugs,False,False
607,607.0,0205010J0AABNBN,Hydralazine HCl,Hydralazine HCl_Cap 10mg,Hydralazine Hydrochloride,,10 mg,Vasodilator Antihypertensive Drugs,False,False
608,608.0,0205010J0AABPBP,Hydralazine HCl,Hydralazine HCl_Liq Spec 1.25mg/5ml,Hydralazine Hydrochloride,,25 mg/5 ml,Vasodilator Antihypertensive Drugs,False,False
609,609.0,0205010J0AABQBQ,Hydralazine HCl,Hydralazine HCl_Liq Spec 2.5mg/5ml,Hydralazine Hydrochloride,,5 mg/5 ml,Vasodilator Antihypertensive Drugs,False,False
610,610.0,0205010J0AABRBR,Hydralazine HCl,Hydralazine HCl_Liq Spec 1mg/5ml,Hydralazine Hydrochloride,,1 mg/5 ml,Vasodilator Antihypertensive Drugs,False,False
611,611.0,0205010J0AABSBS,Hydralazine HCl,Hydralazine HCl_Liq Spec 35mg/5ml,Hydralazine Hydrochloride,,35 mg/5 ml,Vasodilator Antihypertensive Drugs,False,False
612,612.0,0205010J0BBAAAG,Apresoline,Apresoline_Tab 25mg,Hydralazine Hydrochloride,,25 mg,Vasodilator Antihypertensive Drugs,False,False
613,613.0,0205010J0BBABAH,Apresoline,Apresoline_Tab 50mg,Hydralazine Hydrochloride,,50 mg,Vasodilator Antihypertensive Drugs,False,False
614,614.0,0205010J0BBACAK,Apresoline,Apresoline_Inj 20mg (Dry) Amp,Hydralazine Hydrochloride,,20 mg,Vasodilator Antihypertensive Drugs,False,False
615,615.0,0205010J0BBADAW,Apresoline,Apresoline_Tab 12.5mg,Hydralazine Hydrochloride,,12.5 mg,Vasodilator Antihypertensive Drugs,False,False
616,616.0,0205010J0BBAEBK,Apresoline,Apresoline_Tab 10mg (Import),Hydralazine Hydrochloride,,10 mg,Vasodilator Antihypertensive Drugs,False,False
617,617.0,0205010J0BCAABK,Apo-Hydralazine,Apo-Hydralazine_Tab 10mg,Hydralazine Hydrochloride,,10 mg,Vasodilator Antihypertensive Drugs,False,False
618,618.0,0205010N0AAAAAA,Minoxidil (Systemic),Minoxidil_Tab 2.5mg,Minoxidil,,2.5 mg,Vasodilator Antihypertensive Drugs,False,False
619,619.0,0205010N0AAABAB,Minoxidil (Systemic),Minoxidil_Tab 5mg,Minoxidil,,5 mg,Vasodilator Antihypertensive Drugs,False,False
620,620.0,0205010N0AAACAC,Minoxidil (Systemic),Minoxidil_Tab 10mg,Minoxidil,,10 mg,Vasodilator Antihypertensive Drugs,False,False
621,621.0,0205010N0AAADAD,Minoxidil (Systemic),Minoxidil_Oral Liq @spec,Minoxidil,,,Vasodilator Antihypertensive Drugs,False,False
622,622.0,0205010N0BBAAAA,Loniten,Loniten_Tab 2.5mg,Minoxidil,,2.5 mg,Vasodilator Antihypertensive Drugs,False,False
623,623.0,0205010N0BBABAB,Loniten,Loniten_Tab 5mg,Minoxidil,,5 mg,Vasodilator Antihypertensive Drugs,False,False
624,624.0,0205010N0BBACAC,Loniten,Loniten_Tab 10mg,Minoxidil,,10 mg,Vasodilator Antihypertensive Drugs,False,False
625,625.0,0205010N0BCAAAA,Lonolox,Lonolox_Tab 2.5mg,Minoxidil,,2.5 mg,Vasodilator Antihypertensive Drugs,False,False
626,626.0,0205010T0AAAAAA,Sod Nitroprusside,Sod Nitroprusside_Inj 50mg Vl (Dry),Sodium Nitroprusside,,50 mg,Vasodilator Antihypertensive Drugs,False,False
627,627.0,0205010U0AAAAAA,Bosentan,Bosentan_Tab 62.5mg,Bosentan,,62.5 mg,Vasodilator Antihypertensive Drugs,False,False
628,628.0,0205010U0AAABAB,Bosentan,Bosentan_Tab 125mg,Bosentan,,125 mg,Vasodilator Antihypertensive Drugs,False,False
629,629.0,0205010U0BBAAAA,Tracleer,Tracleer_Tab 62.5mg,Bosentan,,62.5 mg,Vasodilator Antihypertensive Drugs,False,False
630,630.0,0205010U0BBABAB,Tracleer,Tracleer_Tab 125mg,Bosentan,,125 mg,Vasodilator Antihypertensive Drugs,False,False
631,631.0,0205010U0BCAAAA,Stayveer,Stayveer_Tab 62.5mg,Bosentan,,62.5 mg,Vasodilator Antihypertensive Drugs,False,False
632,632.0,0205010U0BCABAB,Stayveer,Stayveer_Tab 125mg,Bosentan,,125 mg,Vasodilator Antihypertensive Drugs,False,False
633,633.0,0205010V0AAAAAA,Iloprost,Iloprost_I/V Inf 100mcg/ml 1ml Amp,Iloprost,,,Vasodilator Antihypertensive Drugs,False,False
634,634.0,0205010V0AAABAB,Iloprost,Iloprost_I/V Inf 100mcg/ml 0.5ml Amp,Iloprost,,,Vasodilator Antihypertensive Drugs,False,False
635,635.0,0205010V0AAACAC,Iloprost,Iloprost_Neb Soln 10mcg/1ml Amp,Iloprost,,,Vasodilator Antihypertensive Drugs,False,False
636,636.0,0205010V0AAADAD,Iloprost,Iloprost_Neb Soln 20mcg/1ml Amp,Iloprost,,,Vasodilator Antihypertensive Drugs,False,False
637,637.0,0205010V0BBAAAC,Ventavis,Ventavis_Neb Soln 10mcg/ml 1ml Amp,Iloprost,,,Vasodilator Antihypertensive Drugs,False,False
638,638.0,0205010V0BBABAD,Ventavis,Ventavis_Neb Soln 20mcg/ml 1ml Amp,Iloprost,,,Vasodilator Antihypertensive Drugs,False,False
639,639.0,0205010W0AAAAAA,Sitaxentan Sod,Sitaxentan Sod_Tab 100mg,Sitaxentan Sodium,,100 mg,Vasodilator Antihypertensive Drugs,False,False
640,640.0,0205010W0BBAAAA,Thelin,Thelin_Tab 100mg,Sitaxentan Sodium,,100 mg,Vasodilator Antihypertensive Drugs,False,False
641,641.0,0205010X0AAAAAA,Ambrisentan,Ambrisentan_Tab 5mg,Ambrisentan,,5 mg,Vasodilator Antihypertensive Drugs,False,False
642,642.0,0205010X0AAABAB,Ambrisentan,Ambrisentan_Tab 10mg,Ambrisentan,,10 mg,Vasodilator Antihypertensive Drugs,False,False
643,643.0,0205010X0BBAAAA,Volibris,Volibris_Tab 5mg,Ambrisentan,,5 mg,Vasodilator Antihypertensive Drugs,False,False
644,644.0,0205010X0BBABAB,Volibris,Volibris_Tab 10mg,Ambrisentan,,10 mg,Vasodilator Antihypertensive Drugs,False,False
645,645.0,0205010Y0AAAAAA,Sildenafil(Vasodilator Antihypertensive),Sildenafil_Tab 20mg,Sildenafil(Vasodilator Antihypertensive),,20 mg,Vasodilator Antihypertensive Drugs,False,False
646,646.0,0205010Y0AAABAB,Sildenafil(Vasodilator Antihypertensive),Sildenafil_Oral Susp 10mg/ml S/F,Sildenafil(Vasodilator Antihypertensive),,10 mg/mL,Vasodilator Antihypertensive Drugs,False,False
647,647.0,0205010Y0AAACAC,Sildenafil(Vasodilator Antihypertensive),Sildenafil_Inj 800mcg/ml 12.5ml Vl,Sildenafil(Vasodilator Antihypertensive),,,Vasodilator Antihypertensive Drugs,False,False
648,648.0,0205010Y0BBAAAA,Revatio,Revatio_Tab 20mg,Sildenafil(Vasodilator Antihypertensive),,20 mg,Vasodilator Antihypertensive Drugs,False,False
649,649.0,0205010Y0BBABAB,Revatio,Revatio_Oral Susp 10mg/ml,Sildenafil(Vasodilator Antihypertensive),,10 mg/mL,Vasodilator Antihypertensive Drugs,False,False
650,650.0,0205010Y0BBACAC,Revatio,Revatio_Inj 800mcg/ml 12.5ml Vl,Sildenafil(Vasodilator Antihypertensive),,,Vasodilator Antihypertensive Drugs,False,False
651,651.0,0205010Y0BCAAAA,Granpidam,Granpidam_Tab 20mg,Sildenafil(Vasodilator Antihypertensive),,20 mg,Vasodilator Antihypertensive Drugs,False,False
652,652.0,0205010Z0AAAAAA,Tadalafil (Vasodilator Antihypertensive),Tadalafil_Tab 20mg,Tadalafil (Vasodilator Antihypertensive),,20 mg,Vasodilator Antihypertensive Drugs,False,False
653,653.0,0205010Z0BBAAAA,Adcirca,Adcirca_Tab 20mg,Tadalafil (Vasodilator Antihypertensive),,20 mg,Vasodilator Antihypertensive Drugs,False,False
654,654.0,020502000BPAAA0,Proprietary Co Prepn Bnf 0205020,Brinerdin_Tab,Other Antihypertensive Preps,,,Centrally-Acting Antihypertensive Drugs,False,False
655,655.0,0205020E0AAAAAA,Clonidine HCl (Vasodilator),Clonidine HCl_Cap 250mcg M/R,Clonidine Hydrochloride,,,Centrally-Acting Antihypertensive Drugs,False,False
656,656.0,0205020E0AAABAB,Clonidine HCl (Vasodilator),Clonidine HCl_Inj 150mcg/ml 1ml Amp,Clonidine Hydrochloride,,,Centrally-Acting Antihypertensive Drugs,False,False
657,657.0,0205020E0AAACAC,Clonidine HCl (Vasodilator),Clonidine HCl_Tab 100mcg,Clonidine Hydrochloride,,,Centrally-Acting Antihypertensive Drugs,False,False
658,658.0,0205020E0AAADAD,Clonidine HCl (Vasodilator),Clonidine HCl_Tab 300mcg,Clonidine Hydrochloride,,,Centrally-Acting Antihypertensive Drugs,False,False
659,659.0,0205020E0AAAEAE,Clonidine HCl (Vasodilator),Clonidine HCl_Skin Patch 2.5mg,Clonidine Hydrochloride,,2.5 mg,Centrally-Acting Antihypertensive Drugs,False,False
660,660.0,0205020E0AAAFAF,Clonidine HCl (Vasodilator),Clonidine HCl_Skin Patch 100mcg/24hrs,Clonidine Hydrochloride,,,Centrally-Acting Antihypertensive Drugs,False,False
661,661.0,0205020E0AAAGAG,Clonidine HCl (Vasodilator),Clonidine HCl_Skin Patch 200mcg/24hrs,Clonidine Hydrochloride,,,Centrally-Acting Antihypertensive Drugs,False,False
662,662.0,0205020E0AAAHAH,Clonidine HCl (Vasodilator),Clonidine HCl_Skin Patch 300mcg/24hrs,Clonidine Hydrochloride,,,Centrally-Acting Antihypertensive Drugs,False,False
663,663.0,0205020E0AAAIAI,Clonidine HCl (Vasodilator),Clonidine HCl_Inf 7.787mg/100ml(Paragon),Clonidine Hydrochloride,,787 mg/100 ml,Centrally-Acting Antihypertensive Drugs,False,False
664,664.0,0205020E0AAAJAJ,Clonidine HCl (Vasodilator),Clonidine HCl_Inf 6.750mg/100ml(Paragon),Clonidine Hydrochloride,,750 mg/100 ml,Centrally-Acting Antihypertensive Drugs,False,False
665,665.0,0205020E0BBAAAC,Catapres,Catapres_Tab 0.1mg,Clonidine Hydrochloride,,0.1 mg,Centrally-Acting Antihypertensive Drugs,False,False
666,666.0,0205020E0BBABAD,Catapres,Catapres_Tab 0.3mg,Clonidine Hydrochloride,,0.3 mg,Centrally-Acting Antihypertensive Drugs,False,False
667,667.0,0205020E0BBACAA,Catapres,Catapres P.L._Perlongets 0.25mg,Clonidine Hydrochloride,,0.25 mg,Centrally-Acting Antihypertensive Drugs,False,False
668,668.0,0205020E0BBADAB,Catapres,Catapres_Inj 0.15mg/ml 1ml Amp,Clonidine Hydrochloride,,15 mg/mL,Centrally-Acting Antihypertensive Drugs,False,False
669,669.0,0205020E0BBAEAF,Catapres,Catapres TTS 1_Patch 100mcg/24hrs,Clonidine Hydrochloride,,,Centrally-Acting Antihypertensive Drugs,False,False
670,670.0,0205020E0BBAFAG,Catapres,Catapres TTS 2_Patch 200mcg/24hrs,Clonidine Hydrochloride,,,Centrally-Acting Antihypertensive Drugs,False,False
671,671.0,0205020E0BBAGAH,Catapres,Catapres TTS 3_Patch 300mcg/24hrs,Clonidine Hydrochloride,,,Centrally-Acting Antihypertensive Drugs,False,False
672,672.0,0205020G0AAAAAA,Guanfacine HCl,Guanfacine HCl_Tab 1mg (Old),Guanfacine Hydrochloride,,1 mg,Centrally-Acting Antihypertensive Drugs,False,False
673,673.0,0205020G0AAABAB,Guanfacine HCl,Guanfacine HCl_Tab 1mg (Import),Guanfacine Hydrochloride,,1 mg,Centrally-Acting Antihypertensive Drugs,False,False
674,674.0,0205020G0AAACAC,Guanfacine HCl,Guanfacine HCl_Tab 1mg,Guanfacine Hydrochloride,,1 mg,Centrally-Acting Antihypertensive Drugs,False,False
675,675.0,0205020G0BBAAAA,Estulic,Estulic_Tab 1mg,Guanfacine Hydrochloride,,1 mg,Centrally-Acting Antihypertensive Drugs,False,False
676,676.0,0205020G0BCAAAA,Akfen,Akfen_Tab 1mg,Guanfacine Hydrochloride,,1 mg,Centrally-Acting Antihypertensive Drugs,False,False
677,677.0,0205020G0BDAAAA,Tenex,Tenex_Tab 1mg,Guanfacine Hydrochloride,,1 mg,Centrally-Acting Antihypertensive Drugs,False,False
678,678.0,0205020H0AAAAAA,Methyldopa,Methyldopa_Cap 250mg,Methyldopa,,250 mg,Centrally-Acting Antihypertensive Drugs,False,False
679,679.0,0205020H0AAABAB,Methyldopa,Methyldopa_Susp 250mg/5ml,Methyldopa,,250 mg/5 ml,Centrally-Acting Antihypertensive Drugs,False,False
680,680.0,0205020H0AAACAC,Methyldopa,Methyldopa_Tab 125mg,Methyldopa,,125 mg,Centrally-Acting Antihypertensive Drugs,False,False
681,681.0,0205020H0AAADAD,Methyldopa,Methyldopa_Tab 250mg,Methyldopa,,250 mg,Centrally-Acting Antihypertensive Drugs,False,False
682,682.0,0205020H0AAAEAE,Methyldopa,Methyldopa_Tab 500mg,Methyldopa,,500 mg,Centrally-Acting Antihypertensive Drugs,False,False
683,683.0,0205020H0AAAFAF,Methyldopa,Methyldopa_Inj 50mg/ml 5ml Amp,Methyldopa,,50 mg/mL,Centrally-Acting Antihypertensive Drugs,False,False
684,684.0,0205020H0AAAGAG,Methyldopa,Methyldopa_Oral Liq @spec,Methyldopa,,,Centrally-Acting Antihypertensive Drugs,False,False
685,685.0,0205020H0AAAHAH,Methyldopa,Methyldopa_Liq Spec 500mg/5ml,Methyldopa,,500 mg/5 ml,Centrally-Acting Antihypertensive Drugs,False,False
686,686.0,0205020H0AAAIAI,Methyldopa,Methyldopa_Liq Spec 250mg/5ml,Methyldopa,,250 mg/5 ml,Centrally-Acting Antihypertensive Drugs,False,False
687,687.0,0205020H0AAAJAJ,Methyldopa,Methyldopa_Liq Spec 50mg/5ml,Methyldopa,,50 mg/5 ml,Centrally-Acting Antihypertensive Drugs,False,False
688,688.0,0205020H0AAAKAK,Methyldopa,Methyldopa_Liq Spec 60mg/5ml,Methyldopa,,60 mg/5 ml,Centrally-Acting Antihypertensive Drugs,False,False
689,689.0,0205020H0AAALAL,Methyldopa,Methyldopa_Liq Spec 125mg/5ml,Methyldopa,,125 mg/5 ml,Centrally-Acting Antihypertensive Drugs,False,False
690,690.0,0205020H0BBAAAC,Aldomet (Oral),Aldomet_Tab 125mg,Methyldopa,,125 mg,Centrally-Acting Antihypertensive Drugs,False,False
691,691.0,0205020H0BBABAD,Aldomet (Oral),Aldomet_Tab 250mg,Methyldopa,,250 mg,Centrally-Acting Antihypertensive Drugs,False,False
692,692.0,0205020H0BBACAE,Aldomet (Oral),Aldomet_Tab 500mg,Methyldopa,,500 mg,Centrally-Acting Antihypertensive Drugs,False,False
693,693.0,0205020H0BBADAB,Aldomet (Oral),Aldomet_Susp 250mg/5ml,Methyldopa,,250 mg/5 ml,Centrally-Acting Antihypertensive Drugs,False,False
694,694.0,0205020H0BCAAAC,Dopamet,Dopamet_Tab 125mg,Methyldopa,,125 mg,Centrally-Acting Antihypertensive Drugs,False,False
695,695.0,0205020H0BCABAD,Dopamet,Dopamet_Tab 250mg,Methyldopa,,250 mg,Centrally-Acting Antihypertensive Drugs,False,False
696,696.0,0205020H0BCACAE,Dopamet,Dopamet_Tab 500mg,Methyldopa,,500 mg,Centrally-Acting Antihypertensive Drugs,False,False
697,697.0,0205020H0BDAAAA,Medomet,Medomet_Cap 250mg,Methyldopa,,250 mg,Centrally-Acting Antihypertensive Drugs,False,False
698,698.0,0205020H0BDABAD,Medomet,Medomet_Tab 250mg,Methyldopa,,250 mg,Centrally-Acting Antihypertensive Drugs,False,False
699,699.0,0205020H0BDACAE,Medomet,Medomet_Tab 500mg,Methyldopa,,500 mg,Centrally-Acting Antihypertensive Drugs,False,False
700,700.0,0205020H0BFAAAC,Lederdopa,Lederdopa_Tab 125mg,Methyldopa,,125 mg,Centrally-Acting Antihypertensive Drugs,False,False
701,701.0,0205020H0BFABAD,Lederdopa,Lederdopa_Tab 250mg,Methyldopa,,250 mg,Centrally-Acting Antihypertensive Drugs,False,False
702,702.0,0205020H0BFACAE,Lederdopa,Lederdopa_Tab 500mg,Methyldopa,,500 mg,Centrally-Acting Antihypertensive Drugs,False,False
703,703.0,0205020H0BGAAAA,Co-Caps Methyldopa,Co-Caps_Methyldopa 250mg,Methyldopa,,250 mg,Centrally-Acting Antihypertensive Drugs,False,False
704,704.0,0205020H0BHAAAD,Metalpha,Metalpha 250_Tab 250mg,Methyldopa,,250 mg,Centrally-Acting Antihypertensive Drugs,False,False
705,705.0,0205020H0BHABAE,Metalpha,Metalpha 500_Tab 500mg,Methyldopa,,500 mg,Centrally-Acting Antihypertensive Drugs,False,False
706,706.0,0205020I0AAAAAA,Methyldopa/Hydchloroth,Methyldopa/Hydchloroth_Tab 250mg/15mg,Methyldopa,,250 mg,Centrally-Acting Antihypertensive Drugs,False,True
707,707.0,0205020I0BBAAAA,Hydromet,Hydromet_Tab,Methyldopa,,,Centrally-Acting Antihypertensive Drugs,False,True
708,708.0,0205020J0AAAAAA,Methyldopate HCl,Methyldopate HCl_Inj 50mg/ml 5ml Amp,Methyldopa,,50 mg/mL,Centrally-Acting Antihypertensive Drugs,False,False
709,709.0,0205020J0BBAAAA,Aldomet (Parent),Aldomet_Inj 50mg/ml 5ml Amp,Methyldopa,,50 mg/mL,Centrally-Acting Antihypertensive Drugs,False,False
710,710.0,0205020M0AAAAAA,Moxonidine,Moxonidine_Tab 200mcg,Moxonidine,,,Centrally-Acting Antihypertensive Drugs,False,False
711,711.0,0205020M0AAABAB,Moxonidine,Moxonidine_Tab 400mcg,Moxonidine,,,Centrally-Acting Antihypertensive Drugs,False,False
712,712.0,0205020M0AAACAC,Moxonidine,Moxonidine_Tab 300mcg,Moxonidine,,,Centrally-Acting Antihypertensive Drugs,False,False
713,713.0,0205020M0AAADAD,Moxonidine,Moxonidine_Tab 400mcg                @gn,Moxonidine,,,Centrally-Acting Antihypertensive Drugs,False,False
714,714.0,0205020M0AAAEAE,Moxonidine,Moxonidine_Tab 200mcg                @gn,Moxonidine,,,Centrally-Acting Antihypertensive Drugs,False,False
715,715.0,0205020M0AAAFAF,Moxonidine,Moxonidine_Tab 300mcg                @gn,Moxonidine,,,Centrally-Acting Antihypertensive Drugs,False,False
716,716.0,0205020M0BBAAAA,Physiotens,Physiotens_Tab 200mcg (Mylan),Moxonidine,,,Centrally-Acting Antihypertensive Drugs,False,False
717,717.0,0205020M0BBABAB,Physiotens,Physiotens_Tab 400mcg (Mylan),Moxonidine,,,Centrally-Acting Antihypertensive Drugs,False,False
718,718.0,0205020M0BBACAC,Physiotens,Physiotens_Tab 300mcg (Mylan),Moxonidine,,,Centrally-Acting Antihypertensive Drugs,False,False
719,719.0,0205020M0BBADAA,Physiotens,Physiotens_Tab 200mcg (Actavis),Moxonidine,,,Centrally-Acting Antihypertensive Drugs,False,False
720,720.0,0205020M0BBAEAB,Physiotens,Physiotens_Tab 400mcg (Actavis),Moxonidine,,,Centrally-Acting Antihypertensive Drugs,False,False
721,721.0,0205020M0BBAFAC,Physiotens,Physiotens_Tab 300mcg (Actavis),Moxonidine,,,Centrally-Acting Antihypertensive Drugs,False,False
722,722.0,0205020M0BCAAAA,Fisiotens,Fisiotens_Tab 200mcg,Moxonidine,,,Centrally-Acting Antihypertensive Drugs,False,False
723,723.0,0205020M0BDAAAB,Normatens,Normatens_Tab 400mcg,Moxonidine,,,Centrally-Acting Antihypertensive Drugs,False,False
724,724.0,0205020N0AAAAAA,Reserpine & Rauwolfia Alkaloids,Reserpine_Tab 100mcg,Reserpine And Rauwolfia Alkaloids,,,Centrally-Acting Antihypertensive Drugs,False,False
725,725.0,0205020N0AAABAB,Reserpine & Rauwolfia Alkaloids,Reserpine_Tab 250mcg,Reserpine And Rauwolfia Alkaloids,,,Centrally-Acting Antihypertensive Drugs,False,False
726,726.0,0205020N0AAACAC,Reserpine & Rauwolfia Alkaloids,Methoserp_Tab 5mg,Reserpine And Rauwolfia Alkaloids,,5 mg,Centrally-Acting Antihypertensive Drugs,False,False
727,727.0,0205020N0AAADAD,Reserpine & Rauwolfia Alkaloids,Methoserp_Tab 10mg,Reserpine And Rauwolfia Alkaloids,,10 mg,Centrally-Acting Antihypertensive Drugs,False,False
728,728.0,0205020N0AAAEAE,Reserpine & Rauwolfia Alkaloids,Rauwol Alkaloids_Tab 2mg,Reserpine And Rauwolfia Alkaloids,,2 mg,Centrally-Acting Antihypertensive Drugs,False,False
729,729.0,0205020N0AAAFAF,Reserpine & Rauwolfia Alkaloids,Alseroxylon_Tab 2mg,Reserpine And Rauwolfia Alkaloids,,2 mg,Centrally-Acting Antihypertensive Drugs,False,False
730,730.0,0205020N0AAAGAG,Reserpine & Rauwolfia Alkaloids,Deserpidine_Tab 250mcg,Reserpine And Rauwolfia Alkaloids,,,Centrally-Acting Antihypertensive Drugs,False,False
731,731.0,0205020N0AAAHAH,Reserpine & Rauwolfia Alkaloids,Reserpine_Tab 250mcg (Import),Reserpine And Rauwolfia Alkaloids,,,Centrally-Acting Antihypertensive Drugs,False,False
732,732.0,0205020N0AAAIAI,Reserpine & Rauwolfia Alkaloids,Reserpine_Tab 500mcg,Reserpine And Rauwolfia Alkaloids,,,Centrally-Acting Antihypertensive Drugs,False,False
733,733.0,0205020N0BBAAAA,Serpasil,Serpasil_Tab 100mcg,Reserpine And Rauwolfia Alkaloids,,,Centrally-Acting Antihypertensive Drugs,False,False
734,734.0,0205020N0BBABAB,Serpasil,Serpasil_Tab 250mcg,Reserpine And Rauwolfia Alkaloids,,,Centrally-Acting Antihypertensive Drugs,False,False
735,735.0,0205020N0BCAAAC,Decaserpyl,Decaserpyl_Tab 5mg,Reserpine And Rauwolfia Alkaloids,,5 mg,Centrally-Acting Antihypertensive Drugs,False,False
736,736.0,0205020N0BCABAD,Decaserpyl,Decaserpyl_Tab 10mg,Reserpine And Rauwolfia Alkaloids,,10 mg,Centrally-Acting Antihypertensive Drugs,False,False
737,737.0,0205020N0BDAAAE,Hypercal,Hypercal_Tab,Reserpine And Rauwolfia Alkaloids,,,Centrally-Acting Antihypertensive Drugs,False,False
738,738.0,0205020N0BEAAAF,Rauwiloid,Rauwiloid_Tab 2mg,Reserpine And Rauwolfia Alkaloids,,2 mg,Centrally-Acting Antihypertensive Drugs,False,False
739,739.0,0205020N0BFAAAG,Harmonyl,Harmonyl_Tab 250mcg,Reserpine And Rauwolfia Alkaloids,,,Centrally-Acting Antihypertensive Drugs,False,False
740,740.0,0205020P0AAAAAA,Alkavervir,Alkavervir/Alseroxylon_Tab 3mg/1mg,Reserpine And Rauwolfia Alkaloids,,3 mg,Centrally-Acting Antihypertensive Drugs,False,False
741,741.0,0205020P0AAABAB,Alkavervir,Alkavervir/Epitizide_Tab 4mg/4mg,Reserpine And Rauwolfia Alkaloids,,4 mg,Centrally-Acting Antihypertensive Drugs,False,False
742,742.0,0205020P0BBAAAA,Rauwiloid Plus Veriloid,Rauwiloid Plus Veriloid_Tab,Reserpine And Rauwolfia Alkaloids,,,Centrally-Acting Antihypertensive Drugs,False,False
743,743.0,0205020P0BCAAAB,Thiaver,Thiaver_Tab,Reserpine And Rauwolfia Alkaloids,,,Centrally-Acting Antihypertensive Drugs,False,False
744,744.0,0205020Q0AAAAAA,Reserp & Rauwalk + Barbiturate,Rauwol Alkaloids/Amobarb_Tab 2mg/15mg,Reserpine And Rauwolfia Alkaloids,,2 mg,Centrally-Acting Antihypertensive Drugs,False,False
745,745.0,0205020Q0AAABAB,Reserp & Rauwalk + Barbiturate,Gppe Tab_Seominal,Reserpine And Rauwolfia Alkaloids,,,Centrally-Acting Antihypertensive Drugs,False,False
746,746.0,0205020Q0BBAAAA,Hypercal B,Hypercal B_Tab,Reserpine And Rauwolfia Alkaloids,,,Centrally-Acting Antihypertensive Drugs,False,False
747,747.0,0205020Q0BCAAAB,Seominal,Seominal_Tab,Reserpine And Rauwolfia Alkaloids,,,Centrally-Acting Antihypertensive Drugs,False,False
748,748.0,0205020R0AAAAAA,Reserp & Rauwalk + Diuretic,Methoserp/Benzthiazide_Tab 10mg/20mg,Reserpine And Rauwolfia Alkaloids,,10 mg,Centrally-Acting Antihypertensive Drugs,False,True
749,749.0,0205020R0AAABAB,Reserp & Rauwalk + Diuretic,Reserpine/Hydchloroth_Tab 150mcg/10mg,Reserpine And Rauwolfia Alkaloids,,10 mg,Centrally-Acting Antihypertensive Drugs,False,True
750,750.0,0205020R0AAACAC,Reserp & Rauwalk + Diuretic,Gppe Tab_Abicol,Reserpine And Rauwolfia Alkaloids,,,Centrally-Acting Antihypertensive Drugs,False,True
751,751.0,0205020R0AAADAD,Reserp & Rauwalk + Diuretic,Gppe Tab_Rautrax,Reserpine And Rauwolfia Alkaloids,,,Centrally-Acting Antihypertensive Drugs,False,True
752,752.0,0205020R0BBAAAA,Decaserpyl Plus,Decaserpyl Plus_Tab,Reserpine And Rauwolfia Alkaloids,,,Centrally-Acting Antihypertensive Drugs,False,True
753,753.0,0205020R0BCAAAB,Serpasil-Esidrex,Serpasil-Esidrex_Tab,Reserpine And Rauwolfia Alkaloids,,,Centrally-Acting Antihypertensive Drugs,False,True
754,754.0,0205020R0BDAAAC,Abicol,Abicol_Tab,Reserpine And Rauwolfia Alkaloids,,,Centrally-Acting Antihypertensive Drugs,False,True
755,755.0,0205020R0BEAAAD,Rautrax,Rautrax_Tab 50mg,Reserpine And Rauwolfia Alkaloids,,50 mg,Centrally-Acting Antihypertensive Drugs,False,True
756,756.0,0205030C0AAAAAA,Betanidine Sulf,Betanidine Sulf_Tab 10mg,Betanidine Sulfate,,10 mg,Adrenergic Neurone Blocking Drugs,False,False
757,757.0,0205030C0AAABAB,Betanidine Sulf,Betanidine Sulf_Tab 50mg BP,Betanidine Sulfate,,50 mg,Adrenergic Neurone Blocking Drugs,False,False
758,758.0,0205030C0AAACAC,Betanidine Sulf,Betanidine Sulf_Tab 10mg           @gn,Betanidine Sulfate,,10 mg,Adrenergic Neurone Blocking Drugs,False,False
759,759.0,0205030C0BBAAAA,Bendogen,Bendogen_Tab 10mg,Betanidine Sulfate,,10 mg,Adrenergic Neurone Blocking Drugs,False,False
760,760.0,0205030C0BBABAB,Bendogen,Bendogen_Tab 50mg,Betanidine Sulfate,,50 mg,Adrenergic Neurone Blocking Drugs,False,False
761,761.0,0205030C0BCAAAA,Esbatal,Esbatal_Tab 10mg,Betanidine Sulfate,,10 mg,Adrenergic Neurone Blocking Drugs,False,False
762,762.0,0205030C0BCABAB,Esbatal,Esbatal_Tab 50mg,Betanidine Sulfate,,50 mg,Adrenergic Neurone Blocking Drugs,False,False
763,763.0,0205030H0AAAAAA,Debrisoquine Sulf,Debrisoquine Sulf_Tab 10mg,Debrisoquine Sulfate,,10 mg,Adrenergic Neurone Blocking Drugs,False,False
764,764.0,0205030H0AAABAB,Debrisoquine Sulf,Debrisoquine Sulf_Tab 20mg,Debrisoquine Sulfate,,20 mg,Adrenergic Neurone Blocking Drugs,False,False
765,765.0,0205030H0BBAAAA,Declinax,Declinax_Tab 10mg,Debrisoquine Sulfate,,10 mg,Adrenergic Neurone Blocking Drugs,False,False
766,766.0,0205030H0BBABAB,Declinax,Declinax_Tab 20mg,Debrisoquine Sulfate,,20 mg,Adrenergic Neurone Blocking Drugs,False,False
767,767.0,0205030N0AAAAAA,Guaneth Monosulf (Systemic),Guaneth Monosulf_Inj 10mg/ml 1ml Amp,Guanethidine Monosulfate,,10 mg/mL,Adrenergic Neurone Blocking Drugs,False,False
768,768.0,0205030N0AAABAB,Guaneth Monosulf (Systemic),Guaneth Monosulf_Tab 10mg,Guanethidine Monosulfate,,10 mg,Adrenergic Neurone Blocking Drugs,False,False
769,769.0,0205030N0AAACAC,Guaneth Monosulf (Systemic),Guaneth Monosulf_Tab 25mg,Guanethidine Monosulfate,,25 mg,Adrenergic Neurone Blocking Drugs,False,False
770,770.0,0205030N0BBAAAB,Ismelin (Systemic),Ismelin_Tab 10mg,Guanethidine Monosulfate,,10 mg,Adrenergic Neurone Blocking Drugs,False,False
771,771.0,0205030N0BBABAC,Ismelin (Systemic),Ismelin_Tab 25mg,Guanethidine Monosulfate,,25 mg,Adrenergic Neurone Blocking Drugs,False,False
772,772.0,0205030N0BBACAA,Ismelin (Systemic),Ismelin_Inj 10mg/ml 1ml Amp,Guanethidine Monosulfate,,10 mg/mL,Adrenergic Neurone Blocking Drugs,False,False
773,773.0,0205030N0BCAAAB,Lotens,Lotens_Tab 10mg,Guanethidine Monosulfate,,10 mg,Adrenergic Neurone Blocking Drugs,False,False
774,774.0,0205040D0AAAAAA,Doxazosin Mesil (Hypertension),Doxazosin Mesil_Tab 1mg,Doxazosin Mesilate,,1 mg,Alpha-Adrenoceptor Blocking Drugs,False,False
775,775.0,0205040D0AAABAB,Doxazosin Mesil (Hypertension),Doxazosin Mesil_Tab 2mg,Doxazosin Mesilate,,2 mg,Alpha-Adrenoceptor Blocking Drugs,False,False
776,776.0,0205040D0AAACAC,Doxazosin Mesil (Hypertension),Doxazosin Mesil_Tab 4mg,Doxazosin Mesilate,,4 mg,Alpha-Adrenoceptor Blocking Drugs,False,False
777,777.0,0205040D0AAADAD,Doxazosin Mesil (Hypertension),Doxazosin Mesil_Oral Liq @spec,Doxazosin Mesilate,,,Alpha-Adrenoceptor Blocking Drugs,False,False
778,778.0,0205040D0AAAEAE,Doxazosin Mesil (Hypertension),Doxazosin Mesil_Cap 1mg,Doxazosin Mesilate,,1 mg,Alpha-Adrenoceptor Blocking Drugs,False,False
779,779.0,0205040D0AAAFAF,Doxazosin Mesil (Hypertension),Doxazosin Mesil_Cap 4mg,Doxazosin Mesilate,,4 mg,Alpha-Adrenoceptor Blocking Drugs,False,False
780,780.0,0205040D0AAAGAG,Doxazosin Mesil (Hypertension),Doxazosin Mesil_Cap 2mg,Doxazosin Mesilate,,2 mg,Alpha-Adrenoceptor Blocking Drugs,False,False
781,781.0,0205040D0AAAHAH,Doxazosin Mesil (Hypertension),Doxazosin Mesil_Liq Spec 8mg/5ml,Doxazosin Mesilate,,8 mg/5 ml,Alpha-Adrenoceptor Blocking Drugs,False,False
782,782.0,0205040D0AAAIAI,Doxazosin Mesil (Hypertension),Doxazosin Mesil_Liq Spec 2mg/5ml,Doxazosin Mesilate,,2 mg/5 ml,Alpha-Adrenoceptor Blocking Drugs,False,False
783,783.0,0205040D0AAAJAJ,Doxazosin Mesil (Hypertension),Doxazosin Mesil_Tab 4mg              @gn,Doxazosin Mesilate,,4 mg,Alpha-Adrenoceptor Blocking Drugs,False,False
784,784.0,0205040D0AAAKAK,Doxazosin Mesil (Hypertension),Doxazosin Mesil_Liq Spec 5mg/5ml,Doxazosin Mesilate,,5 mg/5 ml,Alpha-Adrenoceptor Blocking Drugs,False,False
785,785.0,0205040D0AAALAL,Doxazosin Mesil (Hypertension),Doxazosin Mesil_Liq Spec 4mg/5ml,Doxazosin Mesilate,,4 mg/5 ml,Alpha-Adrenoceptor Blocking Drugs,False,False
786,786.0,0205040D0AAAMAM,Doxazosin Mesil (Hypertension),Doxazosin Mesil_Liq Spec 1mg/5ml,Doxazosin Mesilate,,1 mg/5 ml,Alpha-Adrenoceptor Blocking Drugs,False,False
787,787.0,0205040D0AAANAN,Doxazosin Mesil (Hypertension),Doxazosin Mesil_Tab 2mg              @gn,Doxazosin Mesilate,,2 mg,Alpha-Adrenoceptor Blocking Drugs,False,False
788,788.0,0205040D0AAAPAP,Doxazosin Mesil (Hypertension),Doxazosin Mesil_Liq Spec 3mg/5ml,Doxazosin Mesilate,,3 mg/5 ml,Alpha-Adrenoceptor Blocking Drugs,False,False
789,789.0,0205040D0AAAQAQ,Doxazosin Mesil (Hypertension),Doxazosin Mesil_Tab 4mg M/R,Doxazosin Mesilate,,4 mg,Alpha-Adrenoceptor Blocking Drugs,False,False
790,790.0,0205040D0AAARAR,Doxazosin Mesil (Hypertension),Doxazosin Mesil_Tab 8mg M/R,Doxazosin Mesilate,,8 mg,Alpha-Adrenoceptor Blocking Drugs,False,False
791,791.0,0205040D0AAASAS,Doxazosin Mesil (Hypertension),Doxazosin Mesil_Liq Spec 6mg/5ml,Doxazosin Mesilate,,6 mg/5 ml,Alpha-Adrenoceptor Blocking Drugs,False,False
792,792.0,0205040D0AAATAT,Doxazosin Mesil (Hypertension),Doxazosin Mesil_Liq Spec 2.5mg/5ml,Doxazosin Mesilate,,5 mg/5 ml,Alpha-Adrenoceptor Blocking Drugs,False,False
793,793.0,0205040D0AAAUAU,Doxazosin Mesil (Hypertension),Doxazosin Mesil_Liq Spec 500mcg/5ml,Doxazosin Mesilate,,,Alpha-Adrenoceptor Blocking Drugs,False,False
794,794.0,0205040D0AAAVAV,Doxazosin Mesil (Hypertension),Doxazosin Mesil_Liq Spec 80mg/5ml,Doxazosin Mesilate,,80 mg/5 ml,Alpha-Adrenoceptor Blocking Drugs,False,False
795,795.0,0205040D0AAAWAW,Doxazosin Mesil (Hypertension),Doxazosin Mesil_Liq Spec 16mg/5ml,Doxazosin Mesilate,,16 mg/5 ml,Alpha-Adrenoceptor Blocking Drugs,False,False
796,796.0,0205040D0AAAXAX,Doxazosin Mesil (Hypertension),Doxazosin Mesil_Oral Soln 4mg/5ml,Doxazosin Mesilate,,4 mg/5 ml,Alpha-Adrenoceptor Blocking Drugs,False,False
797,797.0,0205040D0AAAYAY,Doxazosin Mesil (Hypertension),Doxazosin Mesil_Oral Susp 4mg/5ml,Doxazosin Mesilate,,4 mg/5 ml,Alpha-Adrenoceptor Blocking Drugs,False,False
798,798.0,0205040D0AAAZAZ,Doxazosin Mesil (Hypertension),Doxazosin Mesil_Oral Soln 1mg/5ml,Doxazosin Mesilate,,1 mg/5 ml,Alpha-Adrenoceptor Blocking Drugs,False,False
799,799.0,0205040D0AABABA,Doxazosin Mesil (Hypertension),Doxazosin Mesil_Oral Susp 1mg/5ml,Doxazosin Mesilate,,1 mg/5 ml,Alpha-Adrenoceptor Blocking Drugs,False,False
800,800.0,0205040D0AABBBB,Doxazosin Mesil (Hypertension),Doxazosin Mesil_Tab 8mg,Doxazosin Mesilate,,8 mg,Alpha-Adrenoceptor Blocking Drugs,False,False
801,801.0,0205040D0BBAAAA,Cardura (Hypertension),Cardura_Tab 1mg,Doxazosin Mesilate,,1 mg,Alpha-Adrenoceptor Blocking Drugs,False,False
802,802.0,0205040D0BBABAB,Cardura (Hypertension),Cardura_Tab 2mg,Doxazosin Mesilate,,2 mg,Alpha-Adrenoceptor Blocking Drugs,False,False
803,803.0,0205040D0BBACAC,Cardura (Hypertension),Cardura_Tab 4mg,Doxazosin Mesilate,,4 mg,Alpha-Adrenoceptor Blocking Drugs,False,False
804,804.0,0205040D0BBADAQ,Cardura (Hypertension),Cardura XL_Tab 4mg,Doxazosin Mesilate,,4 mg,Alpha-Adrenoceptor Blocking Drugs,False,False
805,805.0,0205040D0BBAEAR,Cardura (Hypertension),Cardura XL_Tab 8mg,Doxazosin Mesilate,,8 mg,Alpha-Adrenoceptor Blocking Drugs,False,False
806,806.0,0205040D0BCAAAB,Cascor (Hypertension),Cascor_Tab 2mg,Doxazosin Mesilate,,2 mg,Alpha-Adrenoceptor Blocking Drugs,False,False
807,807.0,0205040D0BCABAC,Cascor (Hypertension),Cascor_Tab 4mg,Doxazosin Mesilate,,4 mg,Alpha-Adrenoceptor Blocking Drugs,False,False
808,808.0,0205040D0BDAAAA,Doxadura (Hypertension),Doxadura_Tab 1mg,Doxazosin Mesilate,,1 mg,Alpha-Adrenoceptor Blocking Drugs,False,False
809,809.0,0205040D0BDABAB,Doxadura (Hypertension),Doxadura_Tab 2mg,Doxazosin Mesilate,,2 mg,Alpha-Adrenoceptor Blocking Drugs,False,False
810,810.0,0205040D0BDACAC,Doxadura (Hypertension),Doxadura_Tab 4mg,Doxazosin Mesilate,,4 mg,Alpha-Adrenoceptor Blocking Drugs,False,False
811,811.0,0205040D0BDADAQ,Doxadura (Hypertension),Doxadura_XL Tab 4mg,Doxazosin Mesilate,,4 mg,Alpha-Adrenoceptor Blocking Drugs,False,False
812,812.0,0205040D0BEAAAQ,Slocinx,Slocinx XL_Tab 4mg,Doxazosin Mesilate,,4 mg,Alpha-Adrenoceptor Blocking Drugs,False,False
813,813.0,0205040D0BFAAAQ,Colixil,Colixil XL_Tab 4mg,Doxazosin Mesilate,,4 mg,Alpha-Adrenoceptor Blocking Drugs,False,False
814,814.0,0205040D0BGAAAQ,Cardozin,Cardozin XL_Tab 4mg,Doxazosin Mesilate,,4 mg,Alpha-Adrenoceptor Blocking Drugs,False,False
815,815.0,0205040D0BGABAQ,Cardozin,Cardozin XL_Tab 4mg (Almus),Doxazosin Mesilate,,4 mg,Alpha-Adrenoceptor Blocking Drugs,False,False
816,816.0,0205040D0BHAAAQ,Oxandosin,Oxandosin XL_Tab 4mg,Doxazosin Mesilate,,4 mg,Alpha-Adrenoceptor Blocking Drugs,False,False
817,817.0,0205040D0BIAAAQ,Doxzogen,Doxzogen XL_Tab 4mg,Doxazosin Mesilate,,4 mg,Alpha-Adrenoceptor Blocking Drugs,False,False
818,818.0,0205040D0BJAAAQ,Larbex,Larbex XL_Tab 4mg,Doxazosin Mesilate,,4 mg,Alpha-Adrenoceptor Blocking Drugs,False,False
819,819.0,0205040D0BKAAAQ,Raporsin,Raporsin XL_Tab 4mg,Doxazosin Mesilate,,4 mg,Alpha-Adrenoceptor Blocking Drugs,False,False
820,820.0,0205040D0BKABAQ,Raporsin,Raporsin XL_Tab 4mg (Arrow Generics Ltd),Doxazosin Mesilate,,4 mg,Alpha-Adrenoceptor Blocking Drugs,False,False
821,821.0,0205040I0AAAAAA,Indoramin (Hypertension),Indoramin_Tab 25mg,Indoramin,,25 mg,Alpha-Adrenoceptor Blocking Drugs,False,False
822,822.0,0205040I0AAABAB,Indoramin (Hypertension),Indoramin_Tab 50mg,Indoramin,,50 mg,Alpha-Adrenoceptor Blocking Drugs,False,False
823,823.0,0205040I0AAACAC,Indoramin (Hypertension),Indoramin_Tab 20mg,Indoramin,,20 mg,Alpha-Adrenoceptor Blocking Drugs,False,False
824,824.0,0205040I0BBAAAA,Baratol,Baratol_Tab 25mg,Indoramin,,25 mg,Alpha-Adrenoceptor Blocking Drugs,False,False
825,825.0,0205040I0BBABAB,Baratol,Baratol_Tab 50mg,Indoramin,,50 mg,Alpha-Adrenoceptor Blocking Drugs,False,False
826,826.0,0205040K0BBAAA0,Vadilex,Vadilex_Tab 20mg,Ifenprodil Tartrate,,20 mg,Alpha-Adrenoceptor Blocking Drugs,False,False
827,827.0,0205040M0AAAAAA,Phenoxybenz HCl,Phenoxybenz HCl_Cap 2.5mg,Phenoxybenzamine Hydrochloride,,2.5 mg,Alpha-Adrenoceptor Blocking Drugs,False,False
828,828.0,0205040M0AAABAB,Phenoxybenz HCl,Phenoxybenz HCl_Cap 5mg,Phenoxybenzamine Hydrochloride,,5 mg,Alpha-Adrenoceptor Blocking Drugs,False,False
829,829.0,0205040M0AAACAC,Phenoxybenz HCl,Phenoxybenz HCl_Cap 10mg,Phenoxybenzamine Hydrochloride,,10 mg,Alpha-Adrenoceptor Blocking Drugs,False,False
830,830.0,0205040M0AAADAD,Phenoxybenz HCl,Phenoxybenz HCl_Inj 50mg/ml 2ml Amp,Phenoxybenzamine Hydrochloride,,50 mg/mL,Alpha-Adrenoceptor Blocking Drugs,False,False
831,831.0,0205040M0AAAEAE,Phenoxybenz HCl,Phenoxybenz HCl_Tab 5mg,Phenoxybenzamine Hydrochloride,,5 mg,Alpha-Adrenoceptor Blocking Drugs,False,False
832,832.0,0205040M0AAAGAG,Phenoxybenz HCl,Phenoxybenz HCl_Pdrs 2.5mg,Phenoxybenzamine Hydrochloride,,2.5 mg,Alpha-Adrenoceptor Blocking Drugs,False,False
833,833.0,0205040M0AAAHAH,Phenoxybenz HCl,Phenoxybenz HCl_Cap 2mg,Phenoxybenzamine Hydrochloride,,2 mg,Alpha-Adrenoceptor Blocking Drugs,False,False
834,834.0,0205040M0AAAIAI,Phenoxybenz HCl,Phenoxybenz HCl_Tab 10mg,Phenoxybenzamine Hydrochloride,,10 mg,Alpha-Adrenoceptor Blocking Drugs,False,False
835,835.0,0205040M0AAAJAJ,Phenoxybenz HCl,Phenoxybenz HCl_Inj 100mg/ml 2ml Amp,Phenoxybenzamine Hydrochloride,,100 mg/mL,Alpha-Adrenoceptor Blocking Drugs,False,False
836,836.0,0205040M0AAAKAK,Phenoxybenz HCl,Phenoxybenz HCl_Pdrs 2mg,Phenoxybenzamine Hydrochloride,,2 mg,Alpha-Adrenoceptor Blocking Drugs,False,False
837,837.0,0205040M0AAALAL,Phenoxybenz HCl,Phenoxybenz HCl_Cap 6mg,Phenoxybenzamine Hydrochloride,,6 mg,Alpha-Adrenoceptor Blocking Drugs,False,False
838,838.0,0205040M0AAAMAM,Phenoxybenz HCl,Phenoxybenz HCl_Liq Spec 25mg/5ml,Phenoxybenzamine Hydrochloride,,25 mg/5 ml,Alpha-Adrenoceptor Blocking Drugs,False,False
839,839.0,0205040M0AAANAN,Phenoxybenz HCl,Phenoxybenz HCl_Liq Spec 10mg/5ml,Phenoxybenzamine Hydrochloride,,10 mg/5 ml,Alpha-Adrenoceptor Blocking Drugs,False,False
840,840.0,0205040M0AAAPAP,Phenoxybenz HCl,Phenoxybenz HCl_Liq Spec 5mg/5ml,Phenoxybenzamine Hydrochloride,,5 mg/5 ml,Alpha-Adrenoceptor Blocking Drugs,False,False
841,841.0,0205040M0AAAQAQ,Phenoxybenz HCl,Phenoxybenz HCl_Cap 8mg,Phenoxybenzamine Hydrochloride,,8 mg,Alpha-Adrenoceptor Blocking Drugs,False,False
842,842.0,0205040M0BBAAAC,Dibenyline,Dibenyline_Cap 10mg,Phenoxybenzamine Hydrochloride,,10 mg,Alpha-Adrenoceptor Blocking Drugs,False,False
843,843.0,0205040M0BBABAA,Dibenyline,Dibenyline_Cap 2.5mg,Phenoxybenzamine Hydrochloride,,2.5 mg,Alpha-Adrenoceptor Blocking Drugs,False,False
844,844.0,0205040M0BBACAB,Dibenyline,Dibenyline_Cap 5mg,Phenoxybenzamine Hydrochloride,,5 mg,Alpha-Adrenoceptor Blocking Drugs,False,False
845,845.0,0205040M0BBADAE,Dibenyline,Dibenyline_Tab 5mg,Phenoxybenzamine Hydrochloride,,5 mg,Alpha-Adrenoceptor Blocking Drugs,False,False
846,846.0,0205040M0BBAEAD,Dibenyline,Dibenyline_Inj 50mg/ml 2ml Amp,Phenoxybenzamine Hydrochloride,,50 mg/mL,Alpha-Adrenoceptor Blocking Drugs,False,False
847,847.0,0205040P0AAAAAA,Phentolam Mesil,Phentolam Mesil_Inj 10mg/ml 1ml Amp,Phentolamine Mesilate,,10 mg/mL,Alpha-Adrenoceptor Blocking Drugs,False,False
848,848.0,0205040P0AAABAB,Phentolam Mesil,Phentolam Mesil_Inj 10mg/ml 5ml Amp,Phentolamine Mesilate,,10 mg/mL,Alpha-Adrenoceptor Blocking Drugs,False,False
849,849.0,0205040P0BBAAAA,Rogitine,Rogitine_Inj 10mg/ml 1ml Amp,Phentolamine Mesilate,,10 mg/mL,Alpha-Adrenoceptor Blocking Drugs,False,False
850,850.0,0205040P0BBABAB,Rogitine,Rogitine_Inj 10mg/ml 5ml Amp,Phentolamine Mesilate,,10 mg/mL,Alpha-Adrenoceptor Blocking Drugs,False,False
851,851.0,0205040S0AAAAAA,Prazosin HCl,Prazosin HCl_Tt/Pack (500mcg/1mg Tab),Prazosin Hydrochloride,,1 mg,Alpha-Adrenoceptor Blocking Drugs,False,False
852,852.0,0205040S0AAABAB,Prazosin HCl,Prazosin HCl_Tab 500mcg,Prazosin Hydrochloride,,,Alpha-Adrenoceptor Blocking Drugs,False,False
853,853.0,0205040S0AAACAC,Prazosin HCl,Prazosin HCl_Tab 1mg,Prazosin Hydrochloride,,1 mg,Alpha-Adrenoceptor Blocking Drugs,False,False
854,854.0,0205040S0AAADAD,Prazosin HCl,Prazosin HCl_Tab 2mg,Prazosin Hydrochloride,,2 mg,Alpha-Adrenoceptor Blocking Drugs,False,False
855,855.0,0205040S0AAAEAE,Prazosin HCl,Prazosin HCl_Tab 5mg,Prazosin Hydrochloride,,5 mg,Alpha-Adrenoceptor Blocking Drugs,False,False
856,856.0,0205040S0AAAFAF,Prazosin HCl,Prazosin HCl_Tab 1mg (Parallel Import),Prazosin Hydrochloride,,1 mg,Alpha-Adrenoceptor Blocking Drugs,False,False
857,857.0,0205040S0AAAGAG,Prazosin HCl,Prazosin HCl_Tab 2mg (Parallel Import),Prazosin Hydrochloride,,2 mg,Alpha-Adrenoceptor Blocking Drugs,False,False
858,858.0,0205040S0AAAHAH,Prazosin HCl,Prazosin HCl_Mix 300mcg/5ml,Prazosin Hydrochloride,,,Alpha-Adrenoceptor Blocking Drugs,False,False
859,859.0,0205040S0AAAIAI,Prazosin HCl,Prazosin HCl_Liq Spec 500mcg/5ml,Prazosin Hydrochloride,,,Alpha-Adrenoceptor Blocking Drugs,False,False
860,860.0,0205040S0AAAJAJ,Prazosin HCl,Prazosin HCl_Liq Spec 250mcg/5ml,Prazosin Hydrochloride,,,Alpha-Adrenoceptor Blocking Drugs,False,False
861,861.0,0205040S0AAAKAK,Prazosin HCl,Prazosin HCl_Liq Spec 1mg/5ml,Prazosin Hydrochloride,,1 mg/5 ml,Alpha-Adrenoceptor Blocking Drugs,False,False
862,862.0,0205040S0AAALAL,Prazosin HCl,Prazosin HCl_Pdrs 150mg,Prazosin Hydrochloride,,150 mg,Alpha-Adrenoceptor Blocking Drugs,False,False
863,863.0,0205040S0AAAMAM,Prazosin HCl,Prazosin HCl_Cap 1mg,Prazosin Hydrochloride,,1 mg,Alpha-Adrenoceptor Blocking Drugs,False,False
864,864.0,0205040S0AAANAN,Prazosin HCl,Prazosin HCl_Liq Spec 2mg/5ml,Prazosin Hydrochloride,,2 mg/5 ml,Alpha-Adrenoceptor Blocking Drugs,False,False
865,865.0,0205040S0BBAAAB,Hypovase,Hypovase_Tab 500mcg,Prazosin Hydrochloride,,,Alpha-Adrenoceptor Blocking Drugs,False,False
866,866.0,0205040S0BBABAC,Hypovase,Hypovase_Tab 1mg,Prazosin Hydrochloride,,1 mg,Alpha-Adrenoceptor Blocking Drugs,False,False
867,867.0,0205040S0BBACAD,Hypovase,Hypovase_Tab 2mg,Prazosin Hydrochloride,,2 mg,Alpha-Adrenoceptor Blocking Drugs,False,False
868,868.0,0205040S0BBADAE,Hypovase,Hypovase_Tab 5mg,Prazosin Hydrochloride,,5 mg,Alpha-Adrenoceptor Blocking Drugs,False,False
869,869.0,0205040S0BBAEAA,Hypovase,Hypovase B.D._S/Pack (500mcg/1mg Tab),Prazosin Hydrochloride,,1 mg,Alpha-Adrenoceptor Blocking Drugs,False,False
870,870.0,0205040S0BCAAAC,Minipress,Minipress_Tab 1mg,Prazosin Hydrochloride,,1 mg,Alpha-Adrenoceptor Blocking Drugs,False,False
871,871.0,0205040S0BCABAD,Minipress,Minipress_Tab 2mg,Prazosin Hydrochloride,,2 mg,Alpha-Adrenoceptor Blocking Drugs,False,False
872,872.0,0205040S0BCACAE,Minipress,Minipress_Tab 5mg,Prazosin Hydrochloride,,5 mg,Alpha-Adrenoceptor Blocking Drugs,False,False
873,873.0,0205040S0BDAAAB,Kentovace,Kentovace_Tab 500mcg,Prazosin Hydrochloride,,,Alpha-Adrenoceptor Blocking Drugs,False,False
874,874.0,0205040S0BDABAC,Kentovace,Kentovace_Tab 1mg,Prazosin Hydrochloride,,1 mg,Alpha-Adrenoceptor Blocking Drugs,False,False
875,875.0,0205040S0BDACAE,Kentovace,Kentovace_Tab 5mg,Prazosin Hydrochloride,,5 mg,Alpha-Adrenoceptor Blocking Drugs,False,False
876,876.0,0205040S0BDADAD,Kentovace,Kentovace_Tab 2mg,Prazosin Hydrochloride,,2 mg,Alpha-Adrenoceptor Blocking Drugs,False,False
877,877.0,0205040S0BEAAAB,Alphavase,Alphavase 0.5_Tab 500mcg,Prazosin Hydrochloride,,,Alpha-Adrenoceptor Blocking Drugs,False,False
878,878.0,0205040S0BEABAC,Alphavase,Alphavase 1_Tab 1mg,Prazosin Hydrochloride,,1 mg,Alpha-Adrenoceptor Blocking Drugs,False,False
879,879.0,0205040S0BEACAD,Alphavase,Alphavase 2_Tab 2mg,Prazosin Hydrochloride,,2 mg,Alpha-Adrenoceptor Blocking Drugs,False,False
880,880.0,0205040S0BEADAE,Alphavase,Alphavase 5_Tab 5mg,Prazosin Hydrochloride,,5 mg,Alpha-Adrenoceptor Blocking Drugs,False,False
881,881.0,0205040V0AAAAAA,Terazosin HCl (Antihypertensive),Terazosin HCl_S/Pack (1mg/2mg) Tab,Terazosin Hydrochloride,,1 mg,Alpha-Adrenoceptor Blocking Drugs,False,False
882,882.0,0205040V0AAABAB,Terazosin HCl (Antihypertensive),Terazosin HCl_Tab 2mg,Terazosin Hydrochloride,,2 mg,Alpha-Adrenoceptor Blocking Drugs,False,False
883,883.0,0205040V0AAACAC,Terazosin HCl (Antihypertensive),Terazosin HCl_Tab 5mg,Terazosin Hydrochloride,,5 mg,Alpha-Adrenoceptor Blocking Drugs,False,False
884,884.0,0205040V0AAADAD,Terazosin HCl (Antihypertensive),Terazosin HCl_Tab 10mg,Terazosin Hydrochloride,,10 mg,Alpha-Adrenoceptor Blocking Drugs,False,False
885,885.0,0205040V0BBAAAA,Hytrin,Hytrin_S/Pack (1mg/2mg) Tab,Terazosin Hydrochloride,,1 mg,Alpha-Adrenoceptor Blocking Drugs,False,False
886,886.0,0205040V0BBABAB,Hytrin,Hytrin_Tab 2mg,Terazosin Hydrochloride,,2 mg,Alpha-Adrenoceptor Blocking Drugs,False,False
887,887.0,0205040V0BBACAC,Hytrin,Hytrin_Tab 5mg,Terazosin Hydrochloride,,5 mg,Alpha-Adrenoceptor Blocking Drugs,False,False
888,888.0,0205040V0BBADAD,Hytrin,Hytrin_Tab 10mg,Terazosin Hydrochloride,,10 mg,Alpha-Adrenoceptor Blocking Drugs,False,False
889,889.0,0205040V0BBAEAA,Hytrin,Hytrin_S/Pack (1mg/2mg) Tab,Terazosin Hydrochloride,,1 mg,Alpha-Adrenoceptor Blocking Drugs,False,False
890,890.0,0205040V0BCAAAB,Benph,Benph_Tab 2mg,Terazosin Hydrochloride,,2 mg,Alpha-Adrenoceptor Blocking Drugs,False,False
891,891.0,0205040V0BCABAC,Benph,Benph_Tab 5mg,Terazosin Hydrochloride,,5 mg,Alpha-Adrenoceptor Blocking Drugs,False,False
892,892.0,0205040W0AAAAAA,Metirosine,Metirosine_Cap 250mg,Metirosine,,250 mg,Alpha-Adrenoceptor Blocking Drugs,False,False
893,893.0,0205040W0BBAAAA,Demser,Demser_Cap 250mg,Metirosine,,250 mg,Alpha-Adrenoceptor Blocking Drugs,False,False
894,894.0,0205051AAAAAAAA,Perindopril Tosilate,Perindopril Tosilate_Tab 2.5mg,Perindopril,,2.5 mg,Angiotensin-Converting Enzyme Inhibitors,False,False
895,895.0,0205051AAAAABAB,Perindopril Tosilate,Perindopril Tosilate_Tab 5mg,Perindopril,,5 mg,Angiotensin-Converting Enzyme Inhibitors,False,False
896,896.0,0205051AAAAACAC,Perindopril Tosilate,Perindopril Tosilate_Tab 10mg,Perindopril,,10 mg,Angiotensin-Converting Enzyme Inhibitors,False,False
897,897.0,0205051ABAAAAAA,Perindopril Tosilate/Indapamide,Perindopril/Indapamide_Tab 5mg/1.25mg,Perindopril,,5 mg,Angiotensin-Converting Enzyme Inhibitors,False,True
898,898.0,0205051ACAAAAAA,Perindopril Erbumine + Amlodipine,Perindopril/Amlodipine_Tab 4mg/5mg,Perindopril,,4 mg,Angiotensin-Converting Enzyme Inhibitors,True,False
899,899.0,0205051ACAAABAB,Perindopril Erbumine + Amlodipine,Perindopril/Amlodipine_Tab 4mg/10mg,Perindopril,,4 mg,Angiotensin-Converting Enzyme Inhibitors,True,False
900,900.0,0205051ACAAACAC,Perindopril Erbumine + Amlodipine,Perindopril/Amlodipine_Tab 8mg/10mg,Perindopril,,8 mg,Angiotensin-Converting Enzyme Inhibitors,True,False
901,901.0,0205051ACAAADAD,Perindopril Erbumine + Amlodipine,Perindopril/Amlodipine_Tab 8mg/5mg,Perindopril,,8 mg,Angiotensin-Converting Enzyme Inhibitors,True,False
902,902.0,0205051C0AAAAAA,Moexipril HCl,Moexipril HCl_Tab 7.5mg,Moexipril Hydrochloride,,7.5 mg,Angiotensin-Converting Enzyme Inhibitors,False,False
903,903.0,0205051C0AAABAB,Moexipril HCl,Moexipril HCl_Tab 15mg,Moexipril Hydrochloride,,15 mg,Angiotensin-Converting Enzyme Inhibitors,False,False
904,904.0,0205051C0BBAAAA,Perdix,Perdix_Tab 7.5mg,Moexipril Hydrochloride,,7.5 mg,Angiotensin-Converting Enzyme Inhibitors,False,False
905,905.0,0205051C0BBABAB,Perdix,Perdix_Tab 15mg,Moexipril Hydrochloride,,15 mg,Angiotensin-Converting Enzyme Inhibitors,False,False
906,906.0,0205051E0AAAAAA,Cilazapril,Cilazapril_Tab 250mcg,Cilazapril,,,Angiotensin-Converting Enzyme Inhibitors,False,False
907,907.0,0205051E0AAABAB,Cilazapril,Cilazapril_Tab 500mcg,Cilazapril,,,Angiotensin-Converting Enzyme Inhibitors,False,False
908,908.0,0205051E0AAACAC,Cilazapril,Cilazapril_Tab 1mg,Cilazapril,,1 mg,Angiotensin-Converting Enzyme Inhibitors,False,False
909,909.0,0205051E0AAADAD,Cilazapril,Cilazapril_Tab 2.5mg,Cilazapril,,2.5 mg,Angiotensin-Converting Enzyme Inhibitors,False,False
910,910.0,0205051E0AAAEAE,Cilazapril,Cilazapril_Tab 5mg,Cilazapril,,5 mg,Angiotensin-Converting Enzyme Inhibitors,False,False
911,911.0,0205051E0BBAAAA,Vascace,Vascace_Tab 250mcg,Cilazapril,,,Angiotensin-Converting Enzyme Inhibitors,False,False
912,912.0,0205051E0BBABAB,Vascace,Vascace_Tab 500mcg,Cilazapril,,,Angiotensin-Converting Enzyme Inhibitors,False,False
913,913.0,0205051E0BBACAC,Vascace,Vascace_Tab 1mg,Cilazapril,,1 mg,Angiotensin-Converting Enzyme Inhibitors,False,False
914,914.0,0205051E0BBADAD,Vascace,Vascace_Tab 2.5mg,Cilazapril,,2.5 mg,Angiotensin-Converting Enzyme Inhibitors,False,False
915,915.0,0205051E0BBAEAE,Vascace,Vascace_Tab 5mg,Cilazapril,,5 mg,Angiotensin-Converting Enzyme Inhibitors,False,False
916,916.0,0205051F0AAA1A1,Captopril,Captopril_Tab 12.5mg Add Free,Captopril,,12.5 mg,Angiotensin-Converting Enzyme Inhibitors,False,False
917,917.0,0205051F0AAA2A2,Captopril,Captopril_Cap 4mg,Captopril,,4 mg,Angiotensin-Converting Enzyme Inhibitors,False,False
918,918.0,0205051F0AAA3A3,Captopril,Captopril_Cap 25mg Add Free,Captopril,,25 mg,Angiotensin-Converting Enzyme Inhibitors,False,False
919,919.0,0205051F0AAA4A4,Captopril,Captopril_Cap 8mg,Captopril,,8 mg,Angiotensin-Converting Enzyme Inhibitors,False,False
920,920.0,0205051F0AAA5A5,Captopril,Captopril_Cap 500mcg,Captopril,,,Angiotensin-Converting Enzyme Inhibitors,False,False
921,921.0,0205051F0AAA6A6,Captopril,Captopril_Cap 1mg,Captopril,,1 mg,Angiotensin-Converting Enzyme Inhibitors,False,False
922,922.0,0205051F0AAA7A7,Captopril,Captopril_Pdrs 1.5mg,Captopril,,1.5 mg,Angiotensin-Converting Enzyme Inhibitors,False,False
923,923.0,0205051F0AAA8A8,Captopril,Captopril_Cap 300mcg,Captopril,,,Angiotensin-Converting Enzyme Inhibitors,False,False
924,924.0,0205051F0AAA9A9,Captopril,Captopril_Susp 300mcg/5ml,Captopril,,,Angiotensin-Converting Enzyme Inhibitors,False,False
925,925.0,0205051F0AAAAAA,Captopril,Captopril_Pdrs 8mg,Captopril,,8 mg,Angiotensin-Converting Enzyme Inhibitors,False,False
926,926.0,0205051F0AAABAB,Captopril,Captopril_Tab 2mg,Captopril,,2 mg,Angiotensin-Converting Enzyme Inhibitors,False,False
927,927.0,0205051F0AAACAC,Captopril,Captopril_Tab 3mg,Captopril,,3 mg,Angiotensin-Converting Enzyme Inhibitors,False,False
928,928.0,0205051F0AAADAD,Captopril,Captopril_Tab 12.5mg,Captopril,,12.5 mg,Angiotensin-Converting Enzyme Inhibitors,False,False
929,929.0,0205051F0AAAEAE,Captopril,Captopril_Tab 25mg,Captopril,,25 mg,Angiotensin-Converting Enzyme Inhibitors,False,False
930,930.0,0205051F0AAAFAF,Captopril,Captopril_Tab 50mg,Captopril,,50 mg,Angiotensin-Converting Enzyme Inhibitors,False,False
931,931.0,0205051F0AAAGAG,Captopril,Captopril_Susp 6.25mg/5ml,Captopril,,25 mg/5 ml,Angiotensin-Converting Enzyme Inhibitors,False,False
932,932.0,0205051F0AAAHAH,Captopril,Captopril_Pdrs 3mg,Captopril,,3 mg,Angiotensin-Converting Enzyme Inhibitors,False,False
933,933.0,0205051F0AAAIAI,Captopril,Captopril_Tab 5mg,Captopril,,5 mg,Angiotensin-Converting Enzyme Inhibitors,False,False
934,934.0,0205051F0AAAJAJ,Captopril,Captopril_Pdr,Captopril,,,Angiotensin-Converting Enzyme Inhibitors,False,False
935,935.0,0205051F0AAAKAK,Captopril,Captopril_Cap 2mg,Captopril,,2 mg,Angiotensin-Converting Enzyme Inhibitors,False,False
936,936.0,0205051F0AAALAL,Captopril,Captopril_Tab 8mg,Captopril,,8 mg,Angiotensin-Converting Enzyme Inhibitors,False,False
937,937.0,0205051F0AAAMAM,Captopril,Captopril_Tab 1mg,Captopril,,1 mg,Angiotensin-Converting Enzyme Inhibitors,False,False
938,938.0,0205051F0AAANAN,Captopril,Captopril_Pdrs 5mg,Captopril,,5 mg,Angiotensin-Converting Enzyme Inhibitors,False,False
939,939.0,0205051F0AAAPAP,Captopril,Captopril_Cap 3.125mg,Captopril,,3.125 mg,Angiotensin-Converting Enzyme Inhibitors,False,False
940,940.0,0205051F0AAAQAQ,Captopril,Captopril_Tab 6.25mg,Captopril,,6.25 mg,Angiotensin-Converting Enzyme Inhibitors,False,False
941,941.0,0205051F0AAARAR,Captopril,Captopril_Pdrs 1mg,Captopril,,1 mg,Angiotensin-Converting Enzyme Inhibitors,False,False
942,942.0,0205051F0AAASAS,Captopril,Captopril_Cap 6.25mg,Captopril,,6.25 mg,Angiotensin-Converting Enzyme Inhibitors,False,False
943,943.0,0205051F0AAATAT,Captopril,Captopril_Cap 10mg,Captopril,,10 mg,Angiotensin-Converting Enzyme Inhibitors,False,False
944,944.0,0205051F0AAAUAU,Captopril,Captopril_Pdrs 1.25mg,Captopril,,1.25 mg,Angiotensin-Converting Enzyme Inhibitors,False,False
945,945.0,0205051F0AAAVAV,Captopril,Captopril_Cap 3mg,Captopril,,3 mg,Angiotensin-Converting Enzyme Inhibitors,False,False
946,946.0,0205051F0AAAWAW,Captopril,Captopril_Cap 4.5mg,Captopril,,4.5 mg,Angiotensin-Converting Enzyme Inhibitors,False,False
947,947.0,0205051F0AAAXAX,Captopril,Captopril_Tab 1.5mg,Captopril,,1.5 mg,Angiotensin-Converting Enzyme Inhibitors,False,False
948,948.0,0205051F0AAAYAY,Captopril,Captopril_Susp 5mg/5ml,Captopril,,5 mg/5 ml,Angiotensin-Converting Enzyme Inhibitors,False,False
949,949.0,0205051F0AAAZAZ,Captopril,Captopril_Pdrs 2mg,Captopril,,2 mg,Angiotensin-Converting Enzyme Inhibitors,False,False
950,950.0,0205051F0AABABA,Captopril,Captopril_Cap 880mcg,Captopril,,,Angiotensin-Converting Enzyme Inhibitors,False,False
951,951.0,0205051F0AABBBB,Captopril,Captopril_Pdrs 2.3mg,Captopril,,2.3 mg,Angiotensin-Converting Enzyme Inhibitors,False,False
952,952.0,0205051F0AABCBC,Captopril,Captopril_Pdrs 6mg,Captopril,,6 mg,Angiotensin-Converting Enzyme Inhibitors,False,False
953,953.0,0205051F0AABDBD,Captopril,Captopril_Pdrs 500mcg,Captopril,,,Angiotensin-Converting Enzyme Inhibitors,False,False
954,954.0,0205051F0AABEBE,Captopril,Captopril_Cap 12.5mg,Captopril,,12.5 mg,Angiotensin-Converting Enzyme Inhibitors,False,False
955,955.0,0205051F0AABFBF,Captopril,Captopril_Cap 700mcg,Captopril,,,Angiotensin-Converting Enzyme Inhibitors,False,False
956,956.0,0205051F0AABGBG,Captopril,Captopril_Susp 10mg/5ml,Captopril,,10 mg/5 ml,Angiotensin-Converting Enzyme Inhibitors,False,False
957,957.0,0205051F0AABHBH,Captopril,Captopril_Oral Liq @spec,Captopril,,,Angiotensin-Converting Enzyme Inhibitors,False,False
958,958.0,0205051F0AABIBI,Captopril,Captopril_Pdrs 300mcg,Captopril,,,Angiotensin-Converting Enzyme Inhibitors,False,False
959,959.0,0205051F0AABJBJ,Captopril,Captopril_Cap 400mcg,Captopril,,,Angiotensin-Converting Enzyme Inhibitors,False,False
960,960.0,0205051F0AABKBK,Captopril,Captopril_Cap 1.5mg,Captopril,,1.5 mg,Angiotensin-Converting Enzyme Inhibitors,False,False
961,961.0,0205051F0AABLBL,Captopril,Captopril_Cap 25mg,Captopril,,25 mg,Angiotensin-Converting Enzyme Inhibitors,False,False
962,962.0,0205051F0AABMBM,Captopril,Captopril_Cap 5mg,Captopril,,5 mg,Angiotensin-Converting Enzyme Inhibitors,False,False
963,963.0,0205051F0AABNBN,Captopril,Captopril_Liq Spec 5mg/5ml,Captopril,,5 mg/5 ml,Angiotensin-Converting Enzyme Inhibitors,False,False
964,964.0,0205051F0AABPBP,Captopril,Captopril_Liq Spec 20mg/5ml,Captopril,,20 mg/5 ml,Angiotensin-Converting Enzyme Inhibitors,False,False
965,965.0,0205051F0AABQBQ,Captopril,Captopril_Pdrs 2.5mg,Captopril,,2.5 mg,Angiotensin-Converting Enzyme Inhibitors,False,False
966,966.0,0205051F0AABRBR,Captopril,Captopril_Liq Spec 10mg/5ml,Captopril,,10 mg/5 ml,Angiotensin-Converting Enzyme Inhibitors,False,False
967,967.0,0205051F0AABSBS,Captopril,Captopril_Liq Spec 5.4mg/5ml,Captopril,,4 mg/5 ml,Angiotensin-Converting Enzyme Inhibitors,False,False
968,968.0,0205051F0AABTBT,Captopril,Captopril_Liq Spec 12.5mg/5ml,Captopril,,5 mg/5 ml,Angiotensin-Converting Enzyme Inhibitors,False,False
969,969.0,0205051F0AABUBU,Captopril,Captopril_Cap 6mg,Captopril,,6 mg,Angiotensin-Converting Enzyme Inhibitors,False,False
970,970.0,0205051F0AABVBV,Captopril,Captopril_Liq Spec 1.25mg/5ml,Captopril,,25 mg/5 ml,Angiotensin-Converting Enzyme Inhibitors,False,False
971,971.0,0205051F0AABWBW,Captopril,Captopril_Liq Spec 25mg/5ml,Captopril,,25 mg/5 ml,Angiotensin-Converting Enzyme Inhibitors,False,False
972,972.0,0205051F0AABXBX,Captopril,Captopril_Liq Spec 6.25mg/5ml,Captopril,,25 mg/5 ml,Angiotensin-Converting Enzyme Inhibitors,False,False
973,973.0,0205051F0AABYBY,Captopril,Captopril_Liq Spec 2.5mg/5ml,Captopril,,5 mg/5 ml,Angiotensin-Converting Enzyme Inhibitors,False,False
974,974.0,0205051F0AABZBZ,Captopril,Captopril_Liq Spec 2mg/5ml,Captopril,,2 mg/5 ml,Angiotensin-Converting Enzyme Inhibitors,False,False
975,975.0,0205051F0AACACA,Captopril,Captopril_Liq Spec 50mg/5ml,Captopril,,50 mg/5 ml,Angiotensin-Converting Enzyme Inhibitors,False,False
976,976.0,0205051F0AACBCB,Captopril,Captopril_Tab 12.5mg                 @gn,Captopril,,12.5 mg,Angiotensin-Converting Enzyme Inhibitors,False,False
977,977.0,0205051F0AACCCC,Captopril,Captopril_Liq Spec 100mcg/5ml,Captopril,,,Angiotensin-Converting Enzyme Inhibitors,False,False
978,978.0,0205051F0AACDCD,Captopril,Captopril_Liq Spec 3mg/5ml,Captopril,,3 mg/5 ml,Angiotensin-Converting Enzyme Inhibitors,False,False
979,979.0,0205051F0AACECE,Captopril,Captopril_Liq Spec 7.5mg/5ml,Captopril,,5 mg/5 ml,Angiotensin-Converting Enzyme Inhibitors,False,False
980,980.0,0205051F0AACFCF,Captopril,Captopril_Liq Spec 500mcg/5ml,Captopril,,,Angiotensin-Converting Enzyme Inhibitors,False,False
981,981.0,0205051F0AACGCG,Captopril,Captopril_Liq Spec 15mg/5ml,Captopril,,15 mg/5 ml,Angiotensin-Converting Enzyme Inhibitors,False,False
982,982.0,0205051F0AACHCH,Captopril,Captopril_Liq Spec 4mg/5ml,Captopril,,4 mg/5 ml,Angiotensin-Converting Enzyme Inhibitors,False,False
983,983.0,0205051F0AACICI,Captopril,Captopril_Liq Spec 3.125mg/5ml,Captopril,,125 mg/5 ml,Angiotensin-Converting Enzyme Inhibitors,False,False
984,984.0,0205051F0AACJCJ,Captopril,Captopril_Liq Spec 1mg/5ml,Captopril,,1 mg/5 ml,Angiotensin-Converting Enzyme Inhibitors,False,False
985,985.0,0205051F0AACKCK,Captopril,Captopril_Liq Spec 7mg/5ml,Captopril,,7 mg/5 ml,Angiotensin-Converting Enzyme Inhibitors,False,False
986,986.0,0205051F0AACLCL,Captopril,Captopril_Liq Spec 9mg/5ml,Captopril,,9 mg/5 ml,Angiotensin-Converting Enzyme Inhibitors,False,False
987,987.0,0205051F0AACMCM,Captopril,Captopril_Cap 9mg,Captopril,,9 mg,Angiotensin-Converting Enzyme Inhibitors,False,False
988,988.0,0205051F0AACNCN,Captopril,Captopril_Liq Spec 1.5mg/5ml,Captopril,,5 mg/5 ml,Angiotensin-Converting Enzyme Inhibitors,False,False
989,989.0,0205051F0AACPCP,Captopril,Captopril_Pdrs 400mcg,Captopril,,,Angiotensin-Converting Enzyme Inhibitors,False,False
990,990.0,0205051F0AACQCQ,Captopril,Captopril_Cap 3.5mg,Captopril,,3.5 mg,Angiotensin-Converting Enzyme Inhibitors,False,False
991,991.0,0205051F0AACRCR,Captopril,Captopril_Liq Spec 6mg/5ml,Captopril,,6 mg/5 ml,Angiotensin-Converting Enzyme Inhibitors,False,False
992,992.0,0205051F0AACSCS,Captopril,Captopril_Cap 15mg,Captopril,,15 mg,Angiotensin-Converting Enzyme Inhibitors,False,False
993,993.0,0205051F0AACTCT,Captopril,Captopril_Oral Soln 5mg/1ml S/F,Captopril,,5 mg/1 ml,Angiotensin-Converting Enzyme Inhibitors,False,False
994,994.0,0205051F0AACUCU,Captopril,Captopril_Liq Spec 3.5mg/5ml,Captopril,,5 mg/5 ml,Angiotensin-Converting Enzyme Inhibitors,False,False
995,995.0,0205051F0AACVCV,Captopril,Captopril_Pdrs 6.25mg,Captopril,,6.25 mg,Angiotensin-Converting Enzyme Inhibitors,False,False
996,996.0,0205051F0AACWCW,Captopril,Captopril_Pdrs 2.9mg,Captopril,,2.9 mg,Angiotensin-Converting Enzyme Inhibitors,False,False
997,997.0,0205051F0AACXCX,Captopril,Captopril_Liq Spec 15.625mg/5ml,Captopril,,625 mg/5 ml,Angiotensin-Converting Enzyme Inhibitors,False,False
998,998.0,0205051F0AACYCY,Captopril,Captopril_Liq Spec 30mg/5ml,Captopril,,30 mg/5 ml,Angiotensin-Converting Enzyme Inhibitors,False,False
999,999.0,0205051F0AACZCZ,Captopril,Captopril_Liq Spec 18.5mg/5ml,Captopril,,5 mg/5 ml,Angiotensin-Converting Enzyme Inhibitors,False,False
1000,1000.0,0205051F0AADADA,Captopril,Captopril_Liq Spec 3.25mg/5ml,Captopril,,25 mg/5 ml,Angiotensin-Converting Enzyme Inhibitors,False,False
1001,1001.0,0205051F0AADBDB,Captopril,Captopril_Pdrs 8.25mg,Captopril,,8.25 mg,Angiotensin-Converting Enzyme Inhibitors,False,False
1002,1002.0,0205051F0AADCDC,Captopril,Captopril_Liq Spec 100mg/5ml,Captopril,,100 mg/5 ml,Angiotensin-Converting Enzyme Inhibitors,False,False
1003,1003.0,0205051F0AADDDD,Captopril,Captopril_Liq Spec 1.6mg/5ml,Captopril,,6 mg/5 ml,Angiotensin-Converting Enzyme Inhibitors,False,False
1004,1004.0,0205051F0AADEDE,Captopril,Captopril_Liq Spec 8mg/5ml,Captopril,,8 mg/5 ml,Angiotensin-Converting Enzyme Inhibitors,False,False
1005,1005.0,0205051F0AADFDF,Captopril,Captopril_Liq Spec 12mg/5ml,Captopril,,12 mg/5 ml,Angiotensin-Converting Enzyme Inhibitors,False,False
1006,1006.0,0205051F0AADGDG,Captopril,Captopril_Liq Spec 1.75mg/5ml,Captopril,,75 mg/5 ml,Angiotensin-Converting Enzyme Inhibitors,False,False
1007,1007.0,0205051F0AADHDH,Captopril,Captopril_Cap 7.5mg,Captopril,,7.5 mg,Angiotensin-Converting Enzyme Inhibitors,False,False
1008,1008.0,0205051F0AADIDI,Captopril,Captopril_Pdrs 6.2mg,Captopril,,6.2 mg,Angiotensin-Converting Enzyme Inhibitors,False,False
1009,1009.0,0205051F0AADJDJ,Captopril,Captopril_Liq Spec 17.5mg/5ml,Captopril,,5 mg/5 ml,Angiotensin-Converting Enzyme Inhibitors,False,False
1010,1010.0,0205051F0AADKDK,Captopril,Captopril_Pdrs 3.125mg,Captopril,,3.125 mg,Angiotensin-Converting Enzyme Inhibitors,False,False
1011,1011.0,0205051F0AADLDL,Captopril,Captopril_Liq Spec 31.25mg/5ml,Captopril,,25 mg/5 ml,Angiotensin-Converting Enzyme Inhibitors,False,False
1012,1012.0,0205051F0AADMDM,Captopril,Captopril_Liq Spec 22.5mg/5ml,Captopril,,5 mg/5 ml,Angiotensin-Converting Enzyme Inhibitors,False,False
1013,1013.0,0205051F0AADNDN,Captopril,Captopril_Liq Spec 62.5mg/5ml,Captopril,,5 mg/5 ml,Angiotensin-Converting Enzyme Inhibitors,False,False
1014,1014.0,0205051F0AADPDP,Captopril,Captopril_Liq Spec 17mg/5ml,Captopril,,17 mg/5 ml,Angiotensin-Converting Enzyme Inhibitors,False,False
1015,1015.0,0205051F0AADQDQ,Captopril,Captopril_Liq Spec 11.25mg/5ml,Captopril,,25 mg/5 ml,Angiotensin-Converting Enzyme Inhibitors,False,False
1016,1016.0,0205051F0AADRDR,Captopril,Captopril_Cap 2.3mg,Captopril,,2.3 mg,Angiotensin-Converting Enzyme Inhibitors,False,False
1017,1017.0,0205051F0AADSDS,Captopril,Captopril_Liq Spec 6.5mg/5ml,Captopril,,5 mg/5 ml,Angiotensin-Converting Enzyme Inhibitors,False,False
1018,1018.0,0205051F0AADTDT,Captopril,Captopril_Pdr Sach 7mg,Captopril,,7 mg,Angiotensin-Converting Enzyme Inhibitors,False,False
1019,1019.0,0205051F0AADUDU,Captopril,Captopril_Cap 50mg,Captopril,,50 mg,Angiotensin-Converting Enzyme Inhibitors,False,False
1020,1020.0,0205051F0AADVDV,Captopril,Captopril_Oral Soln 5mg/5ml,Captopril,,5 mg/5 ml,Angiotensin-Converting Enzyme Inhibitors,False,False
1021,1021.0,0205051F0AADWDW,Captopril,Captopril_Oral Susp 5mg/5ml,Captopril,,5 mg/5 ml,Angiotensin-Converting Enzyme Inhibitors,False,False
1022,1022.0,0205051F0AADXDX,Captopril,Captopril_Oral Soln 25mg/5ml,Captopril,,25 mg/5 ml,Angiotensin-Converting Enzyme Inhibitors,False,False
1023,1023.0,0205051F0AADYDY,Captopril,Captopril_Oral Susp 25mg/5ml,Captopril,,25 mg/5 ml,Angiotensin-Converting Enzyme Inhibitors,False,False
1024,1024.0,0205051F0AADZDZ,Captopril,Captopril_Oral Soln 25mg/5ml S/F,Captopril,,25 mg/5 ml,Angiotensin-Converting Enzyme Inhibitors,False,False
1025,1025.0,0205051F0AAEAEA,Captopril,Captopril_Oral Soln 5mg/5ml S/F,Captopril,,5 mg/5 ml,Angiotensin-Converting Enzyme Inhibitors,False,False
1026,1026.0,0205051F0BBAAAD,Acepril,Acepril_Tab 12.5mg,Captopril,,12.5 mg,Angiotensin-Converting Enzyme Inhibitors,False,False
1027,1027.0,0205051F0BBABAE,Acepril,Acepril_Tab 25mg,Captopril,,25 mg,Angiotensin-Converting Enzyme Inhibitors,False,False
1028,1028.0,0205051F0BBACAF,Acepril,Acepril_Tab 50mg,Captopril,,50 mg,Angiotensin-Converting Enzyme Inhibitors,False,False
1029,1029.0,0205051F0BCABAE,Capoten,Capoten_Tab 25mg,Captopril,,25 mg,Angiotensin-Converting Enzyme Inhibitors,False,False
1030,1030.0,0205051F0BCACAF,Capoten,Capoten_Tab 50mg,Captopril,,50 mg,Angiotensin-Converting Enzyme Inhibitors,False,False
1031,1031.0,0205051F0BCADAD,Capoten,Capoten_Tab 12.5mg,Captopril,,12.5 mg,Angiotensin-Converting Enzyme Inhibitors,False,False
1032,1032.0,0205051F0BCAEAJ,Capoten,Capoten_Pdr,Captopril,,,Angiotensin-Converting Enzyme Inhibitors,False,False
1033,1033.0,0205051F0BCAFCT,Capoten,Capoten_Oral Soln 5mg/1ml (Import),Captopril,,5 mg/1 ml,Angiotensin-Converting Enzyme Inhibitors,False,False
1034,1034.0,0205051F0BDAAAD,Ecopace,Ecopace_Tab 12.5mg,Captopril,,12.5 mg,Angiotensin-Converting Enzyme Inhibitors,False,False
1035,1035.0,0205051F0BDABAE,Ecopace,Ecopace_Tab 25mg,Captopril,,25 mg,Angiotensin-Converting Enzyme Inhibitors,False,False
1036,1036.0,0205051F0BDACAF,Ecopace,Ecopace_Tab 50mg,Captopril,,50 mg,Angiotensin-Converting Enzyme Inhibitors,False,False
1037,1037.0,0205051F0BEAAAD,Tensopril,Tensopril_Tab 12.5mg,Captopril,,12.5 mg,Angiotensin-Converting Enzyme Inhibitors,False,False
1038,1038.0,0205051F0BEABAE,Tensopril,Tensopril_Tab 25mg,Captopril,,25 mg,Angiotensin-Converting Enzyme Inhibitors,False,False
1039,1039.0,0205051F0BEACAF,Tensopril,Tensopril_Tab 50mg,Captopril,,50 mg,Angiotensin-Converting Enzyme Inhibitors,False,False
1040,1040.0,0205051F0BFAAAD,Kaplon,Kaplon_Tab 12.5mg,Captopril,,12.5 mg,Angiotensin-Converting Enzyme Inhibitors,False,False
1041,1041.0,0205051F0BFABAE,Kaplon,Kaplon_Tab 25mg,Captopril,,25 mg,Angiotensin-Converting Enzyme Inhibitors,False,False
1042,1042.0,0205051F0BFACAF,Kaplon,Kaplon_Tab 50mg,Captopril,,50 mg,Angiotensin-Converting Enzyme Inhibitors,False,False
1043,1043.0,0205051F0BGAAAD,Hyteneze,Hyteneze 12.5_Tab 12.5mg,Captopril,,12.5 mg,Angiotensin-Converting Enzyme Inhibitors,False,False
1044,1044.0,0205051F0BGABAE,Hyteneze,Hyteneze 25_Tab 25mg,Captopril,,25 mg,Angiotensin-Converting Enzyme Inhibitors,False,False
1045,1045.0,0205051F0BGACAF,Hyteneze,Hyteneze 50_Tab 50mg,Captopril,,50 mg,Angiotensin-Converting Enzyme Inhibitors,False,False
1046,1046.0,0205051F0BHAAAD,Captomex,Captomex_Tab 12.5mg,Captopril,,12.5 mg,Angiotensin-Converting Enzyme Inhibitors,False,False
1047,1047.0,0205051F0BHABAF,Captomex,Captomex_Tab 50mg,Captopril,,50 mg,Angiotensin-Converting Enzyme Inhibitors,False,False
1048,1048.0,0205051F0BHACAE,Captomex,Captomex_Tab 25mg,Captopril,,25 mg,Angiotensin-Converting Enzyme Inhibitors,False,False
1049,1049.0,0205051F0BIAADZ,Noyada,Noyada_Oral Soln 25mg/5ml,Captopril,,25 mg/5 ml,Angiotensin-Converting Enzyme Inhibitors,False,False
1050,1050.0,0205051F0BIABEA,Noyada,Noyada_Oral Soln 5mg/5ml,Captopril,,5 mg/5 ml,Angiotensin-Converting Enzyme Inhibitors,False,False
1051,1051.0,0205051G0AAAAAA,Co-Zidocapt,Co-Zidocapt_Tab 25mg/50mg,Co-Zidocapt,,25 mg,Angiotensin-Converting Enzyme Inhibitors,False,True
1052,1052.0,0205051G0AAABAB,Co-Zidocapt,Co-Zidocapt_Tab 12.5mg/25mg,Co-Zidocapt,,12.5 mg,Angiotensin-Converting Enzyme Inhibitors,False,True
1053,1053.0,0205051G0BBAAAA,Acezide,Acezide_Tab 25mg/50mg,Co-Zidocapt,,25 mg,Angiotensin-Converting Enzyme Inhibitors,False,True
1054,1054.0,0205051G0BCAAAA,Capozide,Capozide_Tab 25mg/50mg,Co-Zidocapt,,25 mg,Angiotensin-Converting Enzyme Inhibitors,False,True
1055,1055.0,0205051G0BCABAB,Capozide,Capozide LS_Tab 12.5mg/25mg,Co-Zidocapt,,12.5 mg,Angiotensin-Converting Enzyme Inhibitors,False,True
1056,1056.0,0205051G0BDAAAB,Capto-Co,Capto-Co_Tab 12.5mg/25mg,Co-Zidocapt,,12.5 mg,Angiotensin-Converting Enzyme Inhibitors,False,True
1057,1057.0,0205051G0BDABAA,Capto-Co,Capto-Co_Tab 25mg/50mg,Co-Zidocapt,,25 mg,Angiotensin-Converting Enzyme Inhibitors,False,True
1058,1058.0,0205051H0AAAAAA,Enalapril/Hydchloroth,Enalapril/Hydchloroth_Tab 20mg/12.5mg,Enalapril Maleate,,20 mg,Angiotensin-Converting Enzyme Inhibitors,False,True
1059,1059.0,0205051H0BBAAAA,Innozide,Innozide_Tab,Enalapril Maleate,,,Angiotensin-Converting Enzyme Inhibitors,False,True
1060,1060.0,0205051I0AAAAAA,Enalapril Mal,Enalapril Mal_Tab 2.5mg,Enalapril Maleate,,2.5 mg,Angiotensin-Converting Enzyme Inhibitors,False,False
1061,1061.0,0205051I0AAABAB,Enalapril Mal,Enalapril Mal_Tab 5mg,Enalapril Maleate,,5 mg,Angiotensin-Converting Enzyme Inhibitors,False,False
1062,1062.0,0205051I0AAACAC,Enalapril Mal,Enalapril Mal_Tab 10mg,Enalapril Maleate,,10 mg,Angiotensin-Converting Enzyme Inhibitors,False,False
1063,1063.0,0205051I0AAADAD,Enalapril Mal,Enalapril Mal_Tab 20mg,Enalapril Maleate,,20 mg,Angiotensin-Converting Enzyme Inhibitors,False,False
1064,1064.0,0205051I0AAAEAE,Enalapril Mal,Enalapril Mal_Tab 5mg (Import),Enalapril Maleate,,5 mg,Angiotensin-Converting Enzyme Inhibitors,False,False
1065,1065.0,0205051I0AAAFAF,Enalapril Mal,Enalapril Mal_S/Pack Tab 2.5mg/5mg,Enalapril Maleate,,2.5 mg,Angiotensin-Converting Enzyme Inhibitors,False,False
1066,1066.0,0205051I0AAAGAG,Enalapril Mal,Enalapril Mal_Pdrs 1mg,Enalapril Maleate,,1 mg,Angiotensin-Converting Enzyme Inhibitors,False,False
1067,1067.0,0205051I0AAAHAH,Enalapril Mal,Enalapril Mal_Oral Liq @spec,Enalapril Maleate,,,Angiotensin-Converting Enzyme Inhibitors,False,False
1068,1068.0,0205051I0AAAIAI,Enalapril Mal,Enalapril Mal_Pdrs 1.5mg,Enalapril Maleate,,1.5 mg,Angiotensin-Converting Enzyme Inhibitors,False,False
1069,1069.0,0205051I0AAAJAJ,Enalapril Mal,Enalapril Mal_Liq Spec 2.5mg/5ml,Enalapril Maleate,,5 mg/5 ml,Angiotensin-Converting Enzyme Inhibitors,False,False
1070,1070.0,0205051I0AAAKAK,Enalapril Mal,Enalapril Mal_Cap 40mg,Enalapril Maleate,,40 mg,Angiotensin-Converting Enzyme Inhibitors,False,False
1071,1071.0,0205051I0AAALAL,Enalapril Mal,Enalapril Mal_Cap 1mg,Enalapril Maleate,,1 mg,Angiotensin-Converting Enzyme Inhibitors,False,False
1072,1072.0,0205051I0AAAMAM,Enalapril Mal,Enalapril Mal_Cap 3.5mg,Enalapril Maleate,,3.5 mg,Angiotensin-Converting Enzyme Inhibitors,False,False
1073,1073.0,0205051I0AAANAN,Enalapril Mal,Enalapril Mal_Liq Spec 5mg/5ml,Enalapril Maleate,,5 mg/5 ml,Angiotensin-Converting Enzyme Inhibitors,False,False
1074,1074.0,0205051I0AAAPAP,Enalapril Mal,Enalapril Mal_Liq Spec 20mg/5ml,Enalapril Maleate,,20 mg/5 ml,Angiotensin-Converting Enzyme Inhibitors,False,False
1075,1075.0,0205051I0AAAQAQ,Enalapril Mal,Enalapril Mal_Pdrs 2.5mg,Enalapril Maleate,,2.5 mg,Angiotensin-Converting Enzyme Inhibitors,False,False
1076,1076.0,0205051I0AAARAR,Enalapril Mal,Enalapril Mal_Liq Spec 600mcg/5ml,Enalapril Maleate,,,Angiotensin-Converting Enzyme Inhibitors,False,False
1077,1077.0,0205051I0AAASAS,Enalapril Mal,Enalapril Mal_Liq Spec 1mg/5ml,Enalapril Maleate,,1 mg/5 ml,Angiotensin-Converting Enzyme Inhibitors,False,False
1078,1078.0,0205051I0AAATAT,Enalapril Mal,Enalapril Mal_Liq Spec 3.5mg/5ml,Enalapril Maleate,,5 mg/5 ml,Angiotensin-Converting Enzyme Inhibitors,False,False
1079,1079.0,0205051I0AAAUAU,Enalapril Mal,Enalapril Mal_Oral Soln 10mg/5ml,Enalapril Maleate,,10 mg/5 ml,Angiotensin-Converting Enzyme Inhibitors,False,False
1080,1080.0,0205051I0AAAVAV,Enalapril Mal,Enalapril Mal_Liq Spec 500mcg/5ml,Enalapril Maleate,,,Angiotensin-Converting Enzyme Inhibitors,False,False
1081,1081.0,0205051I0AAAWAW,Enalapril Mal,Enalapril Mal_Liq Spec 2mg/5ml,Enalapril Maleate,,2 mg/5 ml,Angiotensin-Converting Enzyme Inhibitors,False,False
1082,1082.0,0205051I0AAAXAX,Enalapril Mal,Enalapril Mal_Liq Spec 3.75mg/5ml,Enalapril Maleate,,75 mg/5 ml,Angiotensin-Converting Enzyme Inhibitors,False,False
1083,1083.0,0205051I0AAAYAY,Enalapril Mal,Enalapril Mal_Liq Spec 3mg/5ml,Enalapril Maleate,,3 mg/5 ml,Angiotensin-Converting Enzyme Inhibitors,False,False
1084,1084.0,0205051I0AAAZAZ,Enalapril Mal,Enalapril Mal_Liq Spec 4mg/5ml,Enalapril Maleate,,4 mg/5 ml,Angiotensin-Converting Enzyme Inhibitors,False,False
1085,1085.0,0205051I0AABABA,Enalapril Mal,Enalapril Mal_Pdrs 1.2mg,Enalapril Maleate,,1.2 mg,Angiotensin-Converting Enzyme Inhibitors,False,False
1086,1086.0,0205051I0AABBBB,Enalapril Mal,Enalapril Mal_Liq Spec 25mg/5ml,Enalapril Maleate,,25 mg/5 ml,Angiotensin-Converting Enzyme Inhibitors,False,False
1087,1087.0,0205051I0AABCBC,Enalapril Mal,Enalapril Mal_Liq Spec 7mg/5ml,Enalapril Maleate,,7 mg/5 ml,Angiotensin-Converting Enzyme Inhibitors,False,False
1088,1088.0,0205051I0AABDBD,Enalapril Mal,Enalapril Mal_Pdrs 2mg,Enalapril Maleate,,2 mg,Angiotensin-Converting Enzyme Inhibitors,False,False
1089,1089.0,0205051I0AABEBE,Enalapril Mal,Enalapril Mal_Cap 2mg,Enalapril Maleate,,2 mg,Angiotensin-Converting Enzyme Inhibitors,False,False
1090,1090.0,0205051I0AABFBF,Enalapril Mal,Enalapril Mal_Oral Soln 1.25mg/5ml,Enalapril Maleate,,25 mg/5 ml,Angiotensin-Converting Enzyme Inhibitors,False,False
1091,1091.0,0205051I0AABGBG,Enalapril Mal,Enalapril Mal_Cap 3mg,Enalapril Maleate,,3 mg,Angiotensin-Converting Enzyme Inhibitors,False,False
1092,1092.0,0205051I0AABHBH,Enalapril Mal,Enalapril Mal_Wafer 2.5mg,Enalapril Maleate,,2.5 mg,Angiotensin-Converting Enzyme Inhibitors,False,False
1093,1093.0,0205051I0AABIBI,Enalapril Mal,Enalapril Mal_Wafer 5mg,Enalapril Maleate,,5 mg,Angiotensin-Converting Enzyme Inhibitors,False,False
1094,1094.0,0205051I0AABJBJ,Enalapril Mal,Enalapril Mal_Wafer 10mg,Enalapril Maleate,,10 mg,Angiotensin-Converting Enzyme Inhibitors,False,False
1095,1095.0,0205051I0AABKBK,Enalapril Mal,Enalapril Mal_Wafer 20mg,Enalapril Maleate,,20 mg,Angiotensin-Converting Enzyme Inhibitors,False,False
1096,1096.0,0205051I0AABLBL,Enalapril Mal,Enalapril Mal_Liq Spec 12.5mg/5ml,Enalapril Maleate,,5 mg/5 ml,Angiotensin-Converting Enzyme Inhibitors,False,False
1097,1097.0,0205051I0AABMBM,Enalapril Mal,Enalapril Mal_Pdrs 500mcg,Enalapril Maleate,,,Angiotensin-Converting Enzyme Inhibitors,False,False
1098,1098.0,0205051I0AABNBN,Enalapril Mal,Enalapril Mal_Liq Spec 15mg/5ml,Enalapril Maleate,,15 mg/5 ml,Angiotensin-Converting Enzyme Inhibitors,False,False
1099,1099.0,0205051I0AABPBP,Enalapril Mal,Enalapril Mal_Tab 10mg               @gn,Enalapril Maleate,,10 mg,Angiotensin-Converting Enzyme Inhibitors,False,False
1100,1100.0,0205051I0AABQBQ,Enalapril Mal,Enalapril Mal_Liq Spec 8mg/5ml,Enalapril Maleate,,8 mg/5 ml,Angiotensin-Converting Enzyme Inhibitors,False,False
1101,1101.0,0205051I0AABRBR,Enalapril Mal,Enalapril Mal_Tab 20mg               @gn,Enalapril Maleate,,20 mg,Angiotensin-Converting Enzyme Inhibitors,False,False
1102,1102.0,0205051I0AABSBS,Enalapril Mal,Enalapril Mal_Liq Spec 1.5mg/5ml,Enalapril Maleate,,5 mg/5 ml,Angiotensin-Converting Enzyme Inhibitors,False,False
1103,1103.0,0205051I0AABTBT,Enalapril Mal,Enalapril Mal_Liq Spec 1.2mg/5ml,Enalapril Maleate,,2 mg/5 ml,Angiotensin-Converting Enzyme Inhibitors,False,False
1104,1104.0,0205051I0AABUBU,Enalapril Mal,Enalapril Mal_Liq Spec 1.667mg/5ml,Enalapril Maleate,,667 mg/5 ml,Angiotensin-Converting Enzyme Inhibitors,False,False
1105,1105.0,0205051I0AABVBV,Enalapril Mal,Enalapril Mal_Liq Spec 40mg/5ml,Enalapril Maleate,,40 mg/5 ml,Angiotensin-Converting Enzyme Inhibitors,False,False
1106,1106.0,0205051I0AABWBW,Enalapril Mal,Enalapril Mal_Liq Spec 7.5mg/5ml,Enalapril Maleate,,5 mg/5 ml,Angiotensin-Converting Enzyme Inhibitors,False,False
1107,1107.0,0205051I0AABXBX,Enalapril Mal,Enalapril Mal_Cap 2.5mg,Enalapril Maleate,,2.5 mg,Angiotensin-Converting Enzyme Inhibitors,False,False
1108,1108.0,0205051I0AABYBY,Enalapril Mal,Enalapril Mal_Oral Soln 5mg/5ml,Enalapril Maleate,,5 mg/5 ml,Angiotensin-Converting Enzyme Inhibitors,False,False
1109,1109.0,0205051I0AABZBZ,Enalapril Mal,Enalapril Mal_Oral Susp 5mg/5ml,Enalapril Maleate,,5 mg/5 ml,Angiotensin-Converting Enzyme Inhibitors,False,False
1110,1110.0,0205051I0AACACA,Enalapril Mal,Enalapril Mal_Oral Susp 10mg/5ml,Enalapril Maleate,,10 mg/5 ml,Angiotensin-Converting Enzyme Inhibitors,False,False
1111,1111.0,0205051I0AACBCB,Enalapril Mal,Enalapril Mal_Oral Susp 1.25mg/5ml,Enalapril Maleate,,25 mg/5 ml,Angiotensin-Converting Enzyme Inhibitors,False,False
1112,1112.0,0205051I0BBAAAA,Innovace,Innovace_Tab 2.5mg,Enalapril Maleate,,2.5 mg,Angiotensin-Converting Enzyme Inhibitors,False,False
1113,1113.0,0205051I0BBABAB,Innovace,Innovace_Tab 5mg,Enalapril Maleate,,5 mg,Angiotensin-Converting Enzyme Inhibitors,False,False
1114,1114.0,0205051I0BBACAC,Innovace,Innovace_Tab 10mg,Enalapril Maleate,,10 mg,Angiotensin-Converting Enzyme Inhibitors,False,False
1115,1115.0,0205051I0BBADAD,Innovace,Innovace_Tab 20mg,Enalapril Maleate,,20 mg,Angiotensin-Converting Enzyme Inhibitors,False,False
1116,1116.0,0205051I0BBAEAF,Innovace,Innovace_Titration Pack (Tab 2.5mg/5mg),Enalapril Maleate,,2.5 mg,Angiotensin-Converting Enzyme Inhibitors,False,False
1117,1117.0,0205051I0BBAFBH,Innovace,Innovace_Melt Wafer 2.5mg,Enalapril Maleate,,2.5 mg,Angiotensin-Converting Enzyme Inhibitors,False,False
1118,1118.0,0205051I0BBAGBI,Innovace,Innovace_Melt Wafer 5mg,Enalapril Maleate,,5 mg,Angiotensin-Converting Enzyme Inhibitors,False,False
1119,1119.0,0205051I0BBAHBJ,Innovace,Innovace_Melt Wafer 10mg,Enalapril Maleate,,10 mg,Angiotensin-Converting Enzyme Inhibitors,False,False
1120,1120.0,0205051I0BBAIBK,Innovace,Innovace_Melt Wafer 20mg,Enalapril Maleate,,20 mg,Angiotensin-Converting Enzyme Inhibitors,False,False
1121,1121.0,0205051I0BCAAAB,Renitec,Renitec_Tab 5mg,Enalapril Maleate,,5 mg,Angiotensin-Converting Enzyme Inhibitors,False,False
1122,1122.0,0205051I0BCABAD,Renitec,Renitec_Tab 20mg,Enalapril Maleate,,20 mg,Angiotensin-Converting Enzyme Inhibitors,False,False
1123,1123.0,0205051I0BDAAAB,Enapren,Enapren_Tab 5mg,Enalapril Maleate,,5 mg,Angiotensin-Converting Enzyme Inhibitors,False,False
1124,1124.0,0205051I0BEAAAA,Pralenal,Pralenal 2.5_Tab 2.5mg,Enalapril Maleate,,2.5 mg,Angiotensin-Converting Enzyme Inhibitors,False,False
1125,1125.0,0205051I0BEABAB,Pralenal,Pralenal 5_Tab 5mg,Enalapril Maleate,,5 mg,Angiotensin-Converting Enzyme Inhibitors,False,False
1126,1126.0,0205051I0BEACAC,Pralenal,Pralenal 10_Tab 10mg,Enalapril Maleate,,10 mg,Angiotensin-Converting Enzyme Inhibitors,False,False
1127,1127.0,0205051I0BEADAD,Pralenal,Pralenal 20_Tab 20mg,Enalapril Maleate,,20 mg,Angiotensin-Converting Enzyme Inhibitors,False,False
1128,1128.0,0205051I0BFAAAA,Ednyt,Ednyt_Tab 2.5mg,Enalapril Maleate,,2.5 mg,Angiotensin-Converting Enzyme Inhibitors,False,False
1129,1129.0,0205051I0BFABAB,Ednyt,Ednyt_Tab 5mg,Enalapril Maleate,,5 mg,Angiotensin-Converting Enzyme Inhibitors,False,False
1130,1130.0,0205051I0BFACAC,Ednyt,Ednyt_Tab 10mg,Enalapril Maleate,,10 mg,Angiotensin-Converting Enzyme Inhibitors,False,False
1131,1131.0,0205051I0BFADAD,Ednyt,Ednyt_Tab 20mg,Enalapril Maleate,,20 mg,Angiotensin-Converting Enzyme Inhibitors,False,False
1132,1132.0,0205051J0AAAAAA,Fosinopril Sod,Fosinopril Sod_Tab 10mg,Fosinopril Sodium,,10 mg,Angiotensin-Converting Enzyme Inhibitors,False,False
1133,1133.0,0205051J0AAABAB,Fosinopril Sod,Fosinopril Sod_Tab 20mg,Fosinopril Sodium,,20 mg,Angiotensin-Converting Enzyme Inhibitors,False,False
1134,1134.0,0205051J0AAACAC,Fosinopril Sod,Fosinopril Sod_Liq Spec 20mg/5ml,Fosinopril Sodium,,20 mg/5 ml,Angiotensin-Converting Enzyme Inhibitors,False,False
1135,1135.0,0205051J0BBAAAA,Staril,Staril_Tab 10mg,Fosinopril Sodium,,10 mg,Angiotensin-Converting Enzyme Inhibitors,False,False
1136,1136.0,0205051J0BBABAB,Staril,Staril_Tab 20mg,Fosinopril Sodium,,20 mg,Angiotensin-Converting Enzyme Inhibitors,False,False
1137,1137.0,0205051J0BCAAAB,Fositens,Fositens_Tab 20mg,Fosinopril Sodium,,20 mg,Angiotensin-Converting Enzyme Inhibitors,False,False
1138,1138.0,0205051J0BDAAAA,Fozitec,Fozitec_Tab 10mg,Fosinopril Sodium,,10 mg,Angiotensin-Converting Enzyme Inhibitors,False,False
1139,1139.0,0205051K0AAAAAA,Lisinopril/Hydchloroth,Lisinopril/Hydchloroth_Tab 20mg/12.5mg,Lisinopril,,20 mg,Angiotensin-Converting Enzyme Inhibitors,False,True
1140,1140.0,0205051K0AAABAB,Lisinopril/Hydchloroth,Lisinopril/Hydchloroth_Tab 10mg/12.5mg,Lisinopril,,10 mg,Angiotensin-Converting Enzyme Inhibitors,False,True
1141,1141.0,0205051K0BBAAAA,Zestoretic,Zestoretic 20_Tab,Lisinopril,,,Angiotensin-Converting Enzyme Inhibitors,False,True
1142,1142.0,0205051K0BBABAB,Zestoretic,Zestoretic 10_Tab,Lisinopril,,,Angiotensin-Converting Enzyme Inhibitors,False,True
1143,1143.0,0205051K0BCAAAA,Carace Plus,Carace 20 Plus_Tab,Lisinopril,,,Angiotensin-Converting Enzyme Inhibitors,False,True
1144,1144.0,0205051K0BCABAB,Carace Plus,Carace 10 Plus_Tab,Lisinopril,,,Angiotensin-Converting Enzyme Inhibitors,False,True
1145,1145.0,0205051K0BDAAAB,Caralpha,Caralpha_Tab 10mg/12.5mg,Lisinopril,,10 mg,Angiotensin-Converting Enzyme Inhibitors,False,True
1146,1146.0,0205051K0BDABAA,Caralpha,Caralpha_Tab 20mg/12.5mg,Lisinopril,,20 mg,Angiotensin-Converting Enzyme Inhibitors,False,True
1147,1147.0,0205051K0BEAAAB,Lisicostad,Lisicostad_Tab 10mg/12.5mg,Lisinopril,,10 mg,Angiotensin-Converting Enzyme Inhibitors,False,True
1148,1148.0,0205051K0BEABAA,Lisicostad,Lisicostad_Tab 20mg/12.5mg,Lisinopril,,20 mg,Angiotensin-Converting Enzyme Inhibitors,False,True
1149,1149.0,0205051L0AAAAAA,Lisinopril,Lisinopril_Tab 2.5mg,Lisinopril,,2.5 mg,Angiotensin-Converting Enzyme Inhibitors,False,False
1150,1150.0,0205051L0AAABAB,Lisinopril,Lisinopril_Tab 5mg,Lisinopril,,5 mg,Angiotensin-Converting Enzyme Inhibitors,False,False
1151,1151.0,0205051L0AAACAC,Lisinopril,Lisinopril_Tab 10mg,Lisinopril,,10 mg,Angiotensin-Converting Enzyme Inhibitors,False,False
1152,1152.0,0205051L0AAADAD,Lisinopril,Lisinopril_Tab 20mg,Lisinopril,,20 mg,Angiotensin-Converting Enzyme Inhibitors,False,False
1153,1153.0,0205051L0AAAEAE,Lisinopril,Lisinopril_Oral Liq @spec,Lisinopril,,,Angiotensin-Converting Enzyme Inhibitors,False,False
1154,1154.0,0205051L0AAAFAF,Lisinopril,Lisinopril_Liq Spec 20mg/5ml,Lisinopril,,20 mg/5 ml,Angiotensin-Converting Enzyme Inhibitors,False,False
1155,1155.0,0205051L0AAAGAG,Lisinopril,Lisinopril_Liq Spec 5mg/5ml,Lisinopril,,5 mg/5 ml,Angiotensin-Converting Enzyme Inhibitors,False,False
1156,1156.0,0205051L0AAAHAH,Lisinopril,Lisinopril_Liq Spec 10mg/5ml,Lisinopril,,10 mg/5 ml,Angiotensin-Converting Enzyme Inhibitors,False,False
1157,1157.0,0205051L0AAAIAI,Lisinopril,Lisinopril_Liq Spec 2.5mg/5ml,Lisinopril,,5 mg/5 ml,Angiotensin-Converting Enzyme Inhibitors,False,False
1158,1158.0,0205051L0AAAJAJ,Lisinopril,Lisinopril_Liq Spec 30mg/5ml,Lisinopril,,30 mg/5 ml,Angiotensin-Converting Enzyme Inhibitors,False,False
1159,1159.0,0205051L0AAAKAK,Lisinopril,Lisinopril_Liq Spec 15mg/5ml,Lisinopril,,15 mg/5 ml,Angiotensin-Converting Enzyme Inhibitors,False,False
1160,1160.0,0205051L0AAALAL,Lisinopril,Lisinopril_Tab 5mg                   @gn,Lisinopril,,5 mg,Angiotensin-Converting Enzyme Inhibitors,False,False
1161,1161.0,0205051L0AAAMAM,Lisinopril,Lisinopril_Liq Spec 500mcg/5ml,Lisinopril,,,Angiotensin-Converting Enzyme Inhibitors,False,False
1162,1162.0,0205051L0AAANAN,Lisinopril,Lisinopril_Liq Spec 7.5mg/5ml,Lisinopril,,5 mg/5 ml,Angiotensin-Converting Enzyme Inhibitors,False,False
1163,1163.0,0205051L0AAAPAP,Lisinopril,Lisinopril_Tab 10mg                  @gn,Lisinopril,,10 mg,Angiotensin-Converting Enzyme Inhibitors,False,False
1164,1164.0,0205051L0AAAQAQ,Lisinopril,Lisinopril_Oral Soln 5mg/5ml S/F,Lisinopril,,5 mg/5 ml,Angiotensin-Converting Enzyme Inhibitors,False,False
1165,1165.0,0205051L0AAARAR,Lisinopril,Lisinopril_Liq Spec 40mg/5ml,Lisinopril,,40 mg/5 ml,Angiotensin-Converting Enzyme Inhibitors,False,False
1166,1166.0,0205051L0AAASAS,Lisinopril,Lisinopril_Liq Spec 37.5mg/5ml,Lisinopril,,5 mg/5 ml,Angiotensin-Converting Enzyme Inhibitors,False,False
1167,1167.0,0205051L0AAATAT,Lisinopril,Lisinopril_Liq Spec 14mg/5ml,Lisinopril,,14 mg/5 ml,Angiotensin-Converting Enzyme Inhibitors,False,False
1168,1168.0,0205051L0AAAUAU,Lisinopril,Lisinopril_Oral Soln 5mg/5ml,Lisinopril,,5 mg/5 ml,Angiotensin-Converting Enzyme Inhibitors,False,False
1169,1169.0,0205051L0AAAVAV,Lisinopril,Lisinopril_Oral Susp 5mg/5ml,Lisinopril,,5 mg/5 ml,Angiotensin-Converting Enzyme Inhibitors,False,False
1170,1170.0,0205051L0AAAWAW,Lisinopril,Lisinopril_Oral Soln 2.5mg/5ml,Lisinopril,,5 mg/5 ml,Angiotensin-Converting Enzyme Inhibitors,False,False
1171,1171.0,0205051L0AAAXAX,Lisinopril,Lisinopril_Oral Susp 2.5mg/5ml,Lisinopril,,5 mg/5 ml,Angiotensin-Converting Enzyme Inhibitors,False,False
1172,1172.0,0205051L0AAAYAY,Lisinopril,Lisinopril_Oral Soln 20mg/5ml,Lisinopril,,20 mg/5 ml,Angiotensin-Converting Enzyme Inhibitors,False,False
1173,1173.0,0205051L0AAAZAZ,Lisinopril,Lisinopril_Oral Susp 20mg/5ml,Lisinopril,,20 mg/5 ml,Angiotensin-Converting Enzyme Inhibitors,False,False
1174,1174.0,0205051L0BBAAAA,Zestril,Zestril_Tab 2.5mg,Lisinopril,,2.5 mg,Angiotensin-Converting Enzyme Inhibitors,False,False
1175,1175.0,0205051L0BBABAB,Zestril,Zestril_Tab 5mg,Lisinopril,,5 mg,Angiotensin-Converting Enzyme Inhibitors,False,False
1176,1176.0,0205051L0BBACAC,Zestril,Zestril_Tab 10mg,Lisinopril,,10 mg,Angiotensin-Converting Enzyme Inhibitors,False,False
1177,1177.0,0205051L0BBADAD,Zestril,Zestril_Tab 20mg,Lisinopril,,20 mg,Angiotensin-Converting Enzyme Inhibitors,False,False
1178,1178.0,0205051L0BCAAAA,Carace,Carace_Tab 2.5mg,Lisinopril,,2.5 mg,Angiotensin-Converting Enzyme Inhibitors,False,False
1179,1179.0,0205051L0BCABAB,Carace,Carace_Tab 5mg,Lisinopril,,5 mg,Angiotensin-Converting Enzyme Inhibitors,False,False
1180,1180.0,0205051L0BCACAC,Carace,Carace_Tab 10mg,Lisinopril,,10 mg,Angiotensin-Converting Enzyme Inhibitors,False,False
1181,1181.0,0205051L0BCADAD,Carace,Carace_Tab 20mg,Lisinopril,,20 mg,Angiotensin-Converting Enzyme Inhibitors,False,False
1182,1182.0,0205051L0BDAAAA,Acemin,Acemin_Tab 2.5mg,Lisinopril,,2.5 mg,Angiotensin-Converting Enzyme Inhibitors,False,False
1183,1183.0,0205051L0BEAAAA,Lisopress,Lisopress_Tab 2.5mg,Lisinopril,,2.5 mg,Angiotensin-Converting Enzyme Inhibitors,False,False
1184,1184.0,0205051L0BEABAB,Lisopress,Lisopress_Tab 5mg,Lisinopril,,5 mg,Angiotensin-Converting Enzyme Inhibitors,False,False
1185,1185.0,0205051L0BEACAC,Lisopress,Lisopress_Tab 10mg,Lisinopril,,10 mg,Angiotensin-Converting Enzyme Inhibitors,False,False
1186,1186.0,0205051L0BEADAD,Lisopress,Lisopress_Tab 20mg,Lisinopril,,20 mg,Angiotensin-Converting Enzyme Inhibitors,False,False
1187,1187.0,0205051M0AAAAAA,Perindopril Erbumine,Perindopril Erbumine_Tab 2mg,Perindopril,,2 mg,Angiotensin-Converting Enzyme Inhibitors,False,False
1188,1188.0,0205051M0AAABAB,Perindopril Erbumine,Perindopril Erbumine_Tab 4mg,Perindopril,,4 mg,Angiotensin-Converting Enzyme Inhibitors,False,False
1189,1189.0,0205051M0AAACAC,Perindopril Erbumine,Perindopril Erbumine_Liq Spec 1mg/5ml,Perindopril,,1 mg/5 ml,Angiotensin-Converting Enzyme Inhibitors,False,False
1190,1190.0,0205051M0AAADAD,Perindopril Erbumine,Perindopril Erbumine_Liq Spec 2mg/5ml,Perindopril,,2 mg/5 ml,Angiotensin-Converting Enzyme Inhibitors,False,False
1191,1191.0,0205051M0AAAEAE,Perindopril Erbumine,Perindopril Erbumine_Tab 4mg         @gn,Perindopril,,4 mg,Angiotensin-Converting Enzyme Inhibitors,False,False
1192,1192.0,0205051M0AAAFAF,Perindopril Erbumine,Perindopril Erbumine_Tab 8mg,Perindopril,,8 mg,Angiotensin-Converting Enzyme Inhibitors,False,False
1193,1193.0,0205051M0AAAGAG,Perindopril Erbumine,Perindopril Erbumine_Liq Spec 4mg/5ml,Perindopril,,4 mg/5 ml,Angiotensin-Converting Enzyme Inhibitors,False,False
1194,1194.0,0205051M0AAAHAH,Perindopril Erbumine,Perindopril Erbumine_Liq Spec 8mg/5ml,Perindopril,,8 mg/5 ml,Angiotensin-Converting Enzyme Inhibitors,False,False
1195,1195.0,0205051M0AAAIAI,Perindopril Erbumine,Perindopril Erbumine_Pdr Sach 4mg,Perindopril,,4 mg,Angiotensin-Converting Enzyme Inhibitors,False,False
1196,1196.0,0205051M0AAAJAJ,Perindopril Erbumine,Perindopril Erbumine_Pdr Sach 2mg,Perindopril,,2 mg,Angiotensin-Converting Enzyme Inhibitors,False,False
1197,1197.0,0205051M0AAAKAK,Perindopril Erbumine,Perindopril Erbumine_Oral Soln 4mg/5ml,Perindopril,,4 mg/5 ml,Angiotensin-Converting Enzyme Inhibitors,False,False
1198,1198.0,0205051M0AAALAL,Perindopril Erbumine,Perindopril Erbumine_Oral Susp 4mg/5ml,Perindopril,,4 mg/5 ml,Angiotensin-Converting Enzyme Inhibitors,False,False
1199,1199.0,0205051M0AAAMAM,Perindopril Erbumine,Perindopril Erbumine_Oral Soln 3mg/5ml,Perindopril,,3 mg/5 ml,Angiotensin-Converting Enzyme Inhibitors,False,False
1200,1200.0,0205051M0BBAAAA,Coversyl,Coversyl_Tab 2mg,Perindopril,,2 mg,Angiotensin-Converting Enzyme Inhibitors,False,False
1201,1201.0,0205051M0BBABAB,Coversyl,Coversyl_Tab 4mg,Perindopril,,4 mg,Angiotensin-Converting Enzyme Inhibitors,False,False
1202,1202.0,0205051M0BBACAF,Coversyl,Coversyl_Tab 8mg,Perindopril,,8 mg,Angiotensin-Converting Enzyme Inhibitors,False,False
1203,1203.0,0205051N0AAAAAA,Perindopril Erbumine/Indapamide,Perindopril Erbum/Indapam_Tab 4mg/1.25mg,Perindopril,,4 mg,Angiotensin-Converting Enzyme Inhibitors,False,True
1204,1204.0,0205051N0BBAAAA,Coversyl Plus,Coversyl Plus_Tab,Perindopril,,,Angiotensin-Converting Enzyme Inhibitors,False,True
1205,1205.0,0205051P0AAAAAA,Quinapril HCl/Hydchloroth,Quinapril HCl/Hydchloroth_Tab 10/12.5mg,Quinapril Hydrochloride,,12.5 mg,Angiotensin-Converting Enzyme Inhibitors,False,True
1206,1206.0,0205051P0BBAAAA,Accuretic,Accuretic_Tab 10mg/12.5mg,Quinapril Hydrochloride,,10 mg,Angiotensin-Converting Enzyme Inhibitors,False,True
1207,1207.0,0205051Q0AAAAAA,Quinapril HCl,Quinapril HCl_Tab 5mg,Quinapril Hydrochloride,,5 mg,Angiotensin-Converting Enzyme Inhibitors,False,False
1208,1208.0,0205051Q0AAABAB,Quinapril HCl,Quinapril HCl_Tab 10mg,Quinapril Hydrochloride,,10 mg,Angiotensin-Converting Enzyme Inhibitors,False,False
1209,1209.0,0205051Q0AAACAC,Quinapril HCl,Quinapril HCl_Tab 20mg,Quinapril Hydrochloride,,20 mg,Angiotensin-Converting Enzyme Inhibitors,False,False
1210,1210.0,0205051Q0AAADAD,Quinapril HCl,Quinapril HCl_Tab 40mg,Quinapril Hydrochloride,,40 mg,Angiotensin-Converting Enzyme Inhibitors,False,False
1211,1211.0,0205051Q0BBAAAA,Accupro,Accupro_Tab 5mg,Quinapril Hydrochloride,,5 mg,Angiotensin-Converting Enzyme Inhibitors,False,False
1212,1212.0,0205051Q0BBABAB,Accupro,Accupro_Tab 10mg,Quinapril Hydrochloride,,10 mg,Angiotensin-Converting Enzyme Inhibitors,False,False
1213,1213.0,0205051Q0BBACAC,Accupro,Accupro_Tab 20mg,Quinapril Hydrochloride,,20 mg,Angiotensin-Converting Enzyme Inhibitors,False,False
1214,1214.0,0205051Q0BBADAD,Accupro,Accupro_Tab 40mg,Quinapril Hydrochloride,,40 mg,Angiotensin-Converting Enzyme Inhibitors,False,False
1215,1215.0,0205051Q0BCAAAA,Quinil,Quinil_Tab 5mg,Quinapril Hydrochloride,,5 mg,Angiotensin-Converting Enzyme Inhibitors,False,False
1216,1216.0,0205051Q0BCABAB,Quinil,Quinil_Tab 10mg,Quinapril Hydrochloride,,10 mg,Angiotensin-Converting Enzyme Inhibitors,False,False
1217,1217.0,0205051Q0BCACAC,Quinil,Quinil_Tab 20mg,Quinapril Hydrochloride,,20 mg,Angiotensin-Converting Enzyme Inhibitors,False,False
1218,1218.0,0205051Q0BCADAD,Quinil,Quinil_Tab 40mg,Quinapril Hydrochloride,,40 mg,Angiotensin-Converting Enzyme Inhibitors,False,False
1219,1219.0,0205051R0AAAAAA,Ramipril,Ramipril_Cap 1.25mg,Ramipril,,1.25 mg,Angiotensin-Converting Enzyme Inhibitors,False,False
1220,1220.0,0205051R0AAABAB,Ramipril,Ramipril_Cap 2.5mg,Ramipril,,2.5 mg,Angiotensin-Converting Enzyme Inhibitors,False,False
1221,1221.0,0205051R0AAACAC,Ramipril,Ramipril_Cap 5mg,Ramipril,,5 mg,Angiotensin-Converting Enzyme Inhibitors,False,False
1222,1222.0,0205051R0AAADAD,Ramipril,Ramipril_Cap 10mg,Ramipril,,10 mg,Angiotensin-Converting Enzyme Inhibitors,False,False
1223,1223.0,0205051R0AAAEAE,Ramipril,Ramipril_Liq Spec 5mg/5ml,Ramipril,,5 mg/5 ml,Angiotensin-Converting Enzyme Inhibitors,False,False
1224,1224.0,0205051R0AAAFAF,Ramipril,Ramipril_Liq Spec 2.5mg/5ml,Ramipril,,5 mg/5 ml,Angiotensin-Converting Enzyme Inhibitors,False,False
1225,1225.0,0205051R0AAAGAG,Ramipril,Ramipril_Liq Spec 1.25mg/5ml,Ramipril,,25 mg/5 ml,Angiotensin-Converting Enzyme Inhibitors,False,False
1226,1226.0,0205051R0AAAHAH,Ramipril,Ramipril_Liq Spec 10mg/5ml,Ramipril,,10 mg/5 ml,Angiotensin-Converting Enzyme Inhibitors,False,False
1227,1227.0,0205051R0AAAIAI,Ramipril,Ramipril_Titration Pack (Cap 2.5/5/10mg),Ramipril,,10 mg,Angiotensin-Converting Enzyme Inhibitors,False,False
1228,1228.0,0205051R0AAAJAJ,Ramipril,Ramipril_Liq Spec 750mcg/5ml,Ramipril,,,Angiotensin-Converting Enzyme Inhibitors,False,False
1229,1229.0,0205051R0AAAKAK,Ramipril,Ramipril_Tab 1.25mg,Ramipril,,1.25 mg,Angiotensin-Converting Enzyme Inhibitors,False,False
1230,1230.0,0205051R0AAALAL,Ramipril,Ramipril_Tab 2.5mg,Ramipril,,2.5 mg,Angiotensin-Converting Enzyme Inhibitors,False,False
1231,1231.0,0205051R0AAAMAM,Ramipril,Ramipril_Tab 5mg,Ramipril,,5 mg,Angiotensin-Converting Enzyme Inhibitors,False,False
1232,1232.0,0205051R0AAANAN,Ramipril,Ramipril_Tab 10mg,Ramipril,,10 mg,Angiotensin-Converting Enzyme Inhibitors,False,False
1233,1233.0,0205051R0AAAPAP,Ramipril,Ramipril_Tab 1.25mg                  @gn,Ramipril,,1.25 mg,Angiotensin-Converting Enzyme Inhibitors,False,False
1234,1234.0,0205051R0AAAQAQ,Ramipril,Ramipril_Tab 2.5mg                   @gn,Ramipril,,2.5 mg,Angiotensin-Converting Enzyme Inhibitors,False,False
1235,1235.0,0205051R0AAARAR,Ramipril,Ramipril_Tab 5mg                     @gn,Ramipril,,5 mg,Angiotensin-Converting Enzyme Inhibitors,False,False
1236,1236.0,0205051R0AAASAS,Ramipril,Ramipril_Tab 10mg                    @gn,Ramipril,,10 mg,Angiotensin-Converting Enzyme Inhibitors,False,False
1237,1237.0,0205051R0AAATAT,Ramipril,Ramipril_Oral Soln 2.5mg/5ml S/F,Ramipril,,5 mg/5 ml,Angiotensin-Converting Enzyme Inhibitors,False,False
1238,1238.0,0205051R0AAAUAU,Ramipril,Ramipril_Titration Pack (Tab 2.5/5/10mg),Ramipril,,10 mg,Angiotensin-Converting Enzyme Inhibitors,False,False
1239,1239.0,0205051R0AAAVAV,Ramipril,Ramipril_Oral Soln 2.5mg/5ml,Ramipril,,5 mg/5 ml,Angiotensin-Converting Enzyme Inhibitors,False,False
1240,1240.0,0205051R0AAAWAW,Ramipril,Ramipril_Oral Susp 2.5mg/5ml,Ramipril,,5 mg/5 ml,Angiotensin-Converting Enzyme Inhibitors,False,False
1241,1241.0,0205051R0AAAXAX,Ramipril,Ramipril_Oral Soln 5mg/5ml,Ramipril,,5 mg/5 ml,Angiotensin-Converting Enzyme Inhibitors,False,False
1242,1242.0,0205051R0AAAYAY,Ramipril,Ramipril_Oral Susp 5mg/5ml,Ramipril,,5 mg/5 ml,Angiotensin-Converting Enzyme Inhibitors,False,False
1243,1243.0,0205051R0BBAAAA,Tritace,Tritace_Cap 1.25mg,Ramipril,,1.25 mg,Angiotensin-Converting Enzyme Inhibitors,False,False
1244,1244.0,0205051R0BBABAB,Tritace,Tritace_Cap 2.5mg,Ramipril,,2.5 mg,Angiotensin-Converting Enzyme Inhibitors,False,False
1245,1245.0,0205051R0BBACAC,Tritace,Tritace_Cap 5mg,Ramipril,,5 mg,Angiotensin-Converting Enzyme Inhibitors,False,False
1246,1246.0,0205051R0BBADAD,Tritace,Tritace_Cap 10mg,Ramipril,,10 mg,Angiotensin-Converting Enzyme Inhibitors,False,False
1247,1247.0,0205051R0BBAEAI,Tritace,Tritace_Titration Pack (Cap 2.5/5/10mg),Ramipril,,10 mg,Angiotensin-Converting Enzyme Inhibitors,False,False
1248,1248.0,0205051R0BBAFAK,Tritace,Tritace_Tab 1.25mg,Ramipril,,1.25 mg,Angiotensin-Converting Enzyme Inhibitors,False,False
1249,1249.0,0205051R0BBAGAL,Tritace,Tritace_Tab 2.5mg,Ramipril,,2.5 mg,Angiotensin-Converting Enzyme Inhibitors,False,False
1250,1250.0,0205051R0BBAHAM,Tritace,Tritace_Tab 5mg,Ramipril,,5 mg,Angiotensin-Converting Enzyme Inhibitors,False,False
1251,1251.0,0205051R0BBAIAN,Tritace,Tritace_Tab 10mg,Ramipril,,10 mg,Angiotensin-Converting Enzyme Inhibitors,False,False
1252,1252.0,0205051R0BBAJAU,Tritace,Tritace_Titration Pack (Tab 2.5/5/10mg),Ramipril,,10 mg,Angiotensin-Converting Enzyme Inhibitors,False,False
1253,1253.0,0205051R0BCAAAB,Lopace,Lopace_Cap 2.5mg,Ramipril,,2.5 mg,Angiotensin-Converting Enzyme Inhibitors,False,False
1254,1254.0,0205051R0BCABAC,Lopace,Lopace_Cap 5mg,Ramipril,,5 mg,Angiotensin-Converting Enzyme Inhibitors,False,False
1255,1255.0,0205051R0BCACAD,Lopace,Lopace_Cap 10mg,Ramipril,,10 mg,Angiotensin-Converting Enzyme Inhibitors,False,False
1256,1256.0,0205051R0BDAAAA,Ranace,Ranace_Cap 1.25mg,Ramipril,,1.25 mg,Angiotensin-Converting Enzyme Inhibitors,False,False
1257,1257.0,0205051R0BDABAB,Ranace,Ranace_Cap 2.5mg,Ramipril,,2.5 mg,Angiotensin-Converting Enzyme Inhibitors,False,False
1258,1258.0,0205051R0BDACAC,Ranace,Ranace_Cap 5mg,Ramipril,,5 mg,Angiotensin-Converting Enzyme Inhibitors,False,False
1259,1259.0,0205051R0BDADAD,Ranace,Ranace_Cap 10mg,Ramipril,,10 mg,Angiotensin-Converting Enzyme Inhibitors,False,False
1260,1260.0,0205051S0AAAAAA,Felodipine/Ramipril,Felodipine/Ramipril_Tab 2.5mg/2.5mg M/R,Ramipril,,2.5 mg,Angiotensin-Converting Enzyme Inhibitors,True,False
1261,1261.0,0205051S0AAABAB,Felodipine/Ramipril,Felodipine/Ramipril_Tab 5mg/5mg M/R,Ramipril,,5 mg,Angiotensin-Converting Enzyme Inhibitors,True,False
1262,1262.0,0205051S0BBAAAA,Triapin,Triapin_Tab 2.5mg/2.5mg M/R,Ramipril,,2.5 mg,Angiotensin-Converting Enzyme Inhibitors,True,False
1263,1263.0,0205051S0BBABAB,Triapin,Triapin_Tab 5mg/5mg M/R,Ramipril,,5 mg,Angiotensin-Converting Enzyme Inhibitors,True,False
1264,1264.0,0205051U0AAAAAA,Trandolapril,Trandolapril_Cap 500mcg,Trandolapril,,,Angiotensin-Converting Enzyme Inhibitors,False,False
1265,1265.0,0205051U0AAABAB,Trandolapril,Trandolapril_Cap 1mg,Trandolapril,,1 mg,Angiotensin-Converting Enzyme Inhibitors,False,False
1266,1266.0,0205051U0AAACAC,Trandolapril,Trandolapril_Cap 2mg,Trandolapril,,2 mg,Angiotensin-Converting Enzyme Inhibitors,False,False
1267,1267.0,0205051U0AAADAD,Trandolapril,Trandolapril_Cap 500mcg              @gn,Trandolapril,,,Angiotensin-Converting Enzyme Inhibitors,False,False
1268,1268.0,0205051U0AAAEAE,Trandolapril,Trandolapril_Cap 2mg                 @gn,Trandolapril,,2 mg,Angiotensin-Converting Enzyme Inhibitors,False,False
1269,1269.0,0205051U0AAAFAF,Trandolapril,Trandolapril_Cap 4mg,Trandolapril,,4 mg,Angiotensin-Converting Enzyme Inhibitors,False,False
1270,1270.0,0205051U0AAAGAG,Trandolapril,Trandolapril_Liq Spec 2mg/5ml,Trandolapril,,2 mg/5 ml,Angiotensin-Converting Enzyme Inhibitors,False,False
1271,1271.0,0205051U0BBAAAA,Gopten,Gopten_Cap 500mcg,Trandolapril,,,Angiotensin-Converting Enzyme Inhibitors,False,False
1272,1272.0,0205051U0BBABAB,Gopten,Gopten_Cap 1mg,Trandolapril,,1 mg,Angiotensin-Converting Enzyme Inhibitors,False,False
1273,1273.0,0205051U0BBACAC,Gopten,Gopten_Cap 2mg,Trandolapril,,2 mg,Angiotensin-Converting Enzyme Inhibitors,False,False
1274,1274.0,0205051U0BBADAF,Gopten,Gopten_Cap 4mg,Trandolapril,,4 mg,Angiotensin-Converting Enzyme Inhibitors,False,False
1275,1275.0,0205051U0BCAAAA,Odrik,Odrik_Cap 500mcg,Trandolapril,,,Angiotensin-Converting Enzyme Inhibitors,False,False
1276,1276.0,0205051U0BCABAB,Odrik,Odrik_Cap 1mg,Trandolapril,,1 mg,Angiotensin-Converting Enzyme Inhibitors,False,False
1277,1277.0,0205051U0BCACAC,Odrik,Odrik_Cap 2mg,Trandolapril,,2 mg,Angiotensin-Converting Enzyme Inhibitors,False,False
1278,1278.0,0205051V0AAAAAA,Trandolapril/Verapamil HCl,Gppe Cap_Tarka,Trandolapril,,,Angiotensin-Converting Enzyme Inhibitors,True,False
1279,1279.0,0205051V0BBAAAA,Tarka,Tarka_Cap,Trandolapril,,,Angiotensin-Converting Enzyme Inhibitors,True,False
1280,1280.0,0205051W0AAAAAA,Imidapril HCl,Imidapril HCl_Tab 10mg,Imidapril Hydrochloride,,10 mg,Angiotensin-Converting Enzyme Inhibitors,False,False
1281,1281.0,0205051W0AAABAB,Imidapril HCl,Imidapril HCl_Tab 5mg,Imidapril Hydrochloride,,5 mg,Angiotensin-Converting Enzyme Inhibitors,False,False
1282,1282.0,0205051W0AAACAC,Imidapril HCl,Imidapril HCl_Tab 20mg,Imidapril Hydrochloride,,20 mg,Angiotensin-Converting Enzyme Inhibitors,False,False
1283,1283.0,0205051W0BBAAAA,Tanatril,Tanatril_Tab 10mg,Imidapril Hydrochloride,,10 mg,Angiotensin-Converting Enzyme Inhibitors,False,False
1284,1284.0,0205051W0BBABAB,Tanatril,Tanatril_Tab 5mg,Imidapril Hydrochloride,,5 mg,Angiotensin-Converting Enzyme Inhibitors,False,False
1285,1285.0,0205051W0BBACAC,Tanatril,Tanatril_Tab 20mg,Imidapril Hydrochloride,,20 mg,Angiotensin-Converting Enzyme Inhibitors,False,False
1286,1286.0,0205051X0AAAAAA,Benazepril HCl,Benazepril HCl_Tab 5mg,Benazepril Hydrochloride,,5 mg,Angiotensin-Converting Enzyme Inhibitors,False,False
1287,1287.0,0205051X0BBAAAA,Cibacen,Cibacen_Tab 5mg,Benazepril Hydrochloride,,5 mg,Angiotensin-Converting Enzyme Inhibitors,False,False
1288,1288.0,0205051Y0AAAAAA,Perindopril Arginine,Perindopril Arginine_Tab 2.5mg,Perindopril,,2.5 mg,Angiotensin-Converting Enzyme Inhibitors,False,False
1289,1289.0,0205051Y0AAABAB,Perindopril Arginine,Perindopril Arginine_Tab 5mg,Perindopril,,5 mg,Angiotensin-Converting Enzyme Inhibitors,False,False
1290,1290.0,0205051Y0AAACAC,Perindopril Arginine,Perindopril Arginine_Tab 10mg,Perindopril,,10 mg,Angiotensin-Converting Enzyme Inhibitors,False,False
1291,1291.0,0205051Y0BBAAAA,Coversyl Arginine,Coversyl Arginine_Tab 2.5mg,Perindopril,,2.5 mg,Angiotensin-Converting Enzyme Inhibitors,False,False
1292,1292.0,0205051Y0BBABAB,Coversyl Arginine,Coversyl Arginine_Tab 5mg,Perindopril,,5 mg,Angiotensin-Converting Enzyme Inhibitors,False,False
1293,1293.0,0205051Y0BBACAC,Coversyl Arginine,Coversyl Arginine_Tab 10mg,Perindopril,,10 mg,Angiotensin-Converting Enzyme Inhibitors,False,False
1294,1294.0,0205051Z0AAAAAA,Perindopril Arginine/Indapamide,Perindopril Argin/Indapam_Tab 5mg/1.25mg,Perindopril,,5 mg,Angiotensin-Converting Enzyme Inhibitors,False,True
1295,1295.0,0205051Z0BBAAAA,Coversyl Arginine Plus,Coversyl Arginine Plus_Tab,Perindopril,,,Angiotensin-Converting Enzyme Inhibitors,False,True
1296,1296.0,0205052A0AAAAAA,Irbesartan/Hydchloroth,Irbesartan/Hydchloroth_Tab 150mg/12.5mg,Irbesartan,,150 mg,Angiotensin-II Receptor Antagonists,False,True
1297,1297.0,0205052A0AAABAB,Irbesartan/Hydchloroth,Irbesartan/Hydchloroth_Tab 300mg/12.5mg,Irbesartan,,300 mg,Angiotensin-II Receptor Antagonists,False,True
1298,1298.0,0205052A0AAACAC,Irbesartan/Hydchloroth,Irbesartan/Hydchloroth_Tab 300mg/25mg,Irbesartan,,300 mg,Angiotensin-II Receptor Antagonists,False,True
1299,1299.0,0205052A0BBAAAA,CoAprovel,CoAprovel_Tab 150mg/12.5mg,Irbesartan,,150 mg,Angiotensin-II Receptor Antagonists,False,True
1300,1300.0,0205052A0BBABAB,CoAprovel,CoAprovel_Tab 300mg/12.5mg,Irbesartan,,300 mg,Angiotensin-II Receptor Antagonists,False,True
1301,1301.0,0205052A0BBACAC,CoAprovel,CoAprovel_Tab 300mg/25mg,Irbesartan,,300 mg,Angiotensin-II Receptor Antagonists,False,True
1302,1302.0,0205052ABAAAAAA,Olmesartan Medoxomil/Amlodipine,Olmesartan Medox/Amlodipine_Tab 20mg/5mg,Olmesartan,,20 mg,Angiotensin-II Receptor Antagonists,True,False
1303,1303.0,0205052ABAAABAB,Olmesartan Medoxomil/Amlodipine,Olmesartan Medox/Amlodipine_Tab 40mg/5mg,Olmesartan,,40 mg,Angiotensin-II Receptor Antagonists,True,False
1304,1304.0,0205052ABAAACAC,Olmesartan Medoxomil/Amlodipine,Olmesartan Medox/Amlodipine_Tab40mg/10mg,Olmesartan,,40 mg,Angiotensin-II Receptor Antagonists,True,False
1305,1305.0,0205052ABBBAAAA,Sevikar,Sevikar_Tab 20mg/5mg,Olmesartan,,20 mg,Angiotensin-II Receptor Antagonists,True,False
1306,1306.0,0205052ABBBABAB,Sevikar,Sevikar_Tab 40mg/5mg,Olmesartan,,40 mg,Angiotensin-II Receptor Antagonists,True,False
1307,1307.0,0205052ABBBACAC,Sevikar,Sevikar_Tab 40mg/10mg,Olmesartan,,40 mg,Angiotensin-II Receptor Antagonists,True,False
1308,1308.0,0205052ACAAAAAA,Olmesartan Medox/Amlodipine/Hydchloroth,Olmesartan/Amlodipine/Hydchloroth_Tab,Olmesartan,,,Angiotensin-II Receptor Antagonists,True,True
1309,1309.0,0205052ACAAABAB,Olmesartan Medox/Amlodipine/Hydchloroth,Olmesartan/Amlodipine/Hydchloroth_Tab,Olmesartan,,,Angiotensin-II Receptor Antagonists,True,True
1310,1310.0,0205052ACAAACAC,Olmesartan Medox/Amlodipine/Hydchloroth,Olmesartan/Amlodipine/Hydchloroth_Tab,Olmesartan,,,Angiotensin-II Receptor Antagonists,True,True
1311,1311.0,0205052ACAAADAD,Olmesartan Medox/Amlodipine/Hydchloroth,Olmesartan/Amlodipine/Hydchloroth_Tab,Olmesartan,,,Angiotensin-II Receptor Antagonists,True,True
1312,1312.0,0205052ACAAAEAE,Olmesartan Medox/Amlodipine/Hydchloroth,Olmesartan/Amlodipine/Hydchloroth_Tab,Olmesartan,,,Angiotensin-II Receptor Antagonists,True,True
1313,1313.0,0205052ACBBAAAA,Sevikar HCT,Sevikar HCT_Tab 20mg/5mg/12.5mg,Olmesartan,,20 mg,Angiotensin-II Receptor Antagonists,True,True
1314,1314.0,0205052ACBBABAB,Sevikar HCT,Sevikar HCT_Tab 40mg/5mg/12.5mg,Olmesartan,,40 mg,Angiotensin-II Receptor Antagonists,True,True
1315,1315.0,0205052ACBBACAC,Sevikar HCT,Sevikar HCT_Tab 40mg/10mg/12.5mg,Olmesartan,,40 mg,Angiotensin-II Receptor Antagonists,True,True
1316,1316.0,0205052ACBBADAD,Sevikar HCT,Sevikar HCT_Tab 40mg/5mg/25mg,Olmesartan,,40 mg,Angiotensin-II Receptor Antagonists,True,True
1317,1317.0,0205052ACBBAEAE,Sevikar HCT,Sevikar HCT_Tab 40mg/10mg/25mg,Olmesartan,,40 mg,Angiotensin-II Receptor Antagonists,True,True
1318,1318.0,0205052ADAAAAAA,Azilsartan Medoxomil,Azilsartan Medoxomil_Tab 20mg,Azilsartan Medoxomil,,20 mg,Angiotensin-II Receptor Antagonists,False,False
1319,1319.0,0205052ADAAABAB,Azilsartan Medoxomil,Azilsartan Medoxomil_Tab 40mg,Azilsartan Medoxomil,,40 mg,Angiotensin-II Receptor Antagonists,False,False
1320,1320.0,0205052ADAAACAC,Azilsartan Medoxomil,Azilsartan Medoxomil_Tab 80mg,Azilsartan Medoxomil,,80 mg,Angiotensin-II Receptor Antagonists,False,False
1321,1321.0,0205052ADBBAAAA,Edarbi,Edarbi_Tab 20mg,Azilsartan Medoxomil,,20 mg,Angiotensin-II Receptor Antagonists,False,False
1322,1322.0,0205052ADBBABAB,Edarbi,Edarbi_Tab 40mg,Azilsartan Medoxomil,,40 mg,Angiotensin-II Receptor Antagonists,False,False
1323,1323.0,0205052ADBBACAC,Edarbi,Edarbi_Tab 80mg,Azilsartan Medoxomil,,80 mg,Angiotensin-II Receptor Antagonists,False,False
1324,1324.0,0205052AEAAAAAA,Sacubitril/Valsartan,Sacubitril/Valsartan_Tab 49mg/51mg,Sacubitril/Valsartan,,49 mg,Angiotensin-II Receptor Antagonists,False,False
1325,1325.0,0205052AEAAABAB,Sacubitril/Valsartan,Sacubitril/Valsartan_Tab 97mg/103mg,Sacubitril/Valsartan,,97 mg,Angiotensin-II Receptor Antagonists,False,False
1326,1326.0,0205052AEAAACAC,Sacubitril/Valsartan,Sacubitril/Valsartan_Tab 24mg/26mg,Sacubitril/Valsartan,,24 mg,Angiotensin-II Receptor Antagonists,False,False
1327,1327.0,0205052AEBBAAAA,Entresto,Entresto_Tab 49mg/51mg,Sacubitril/Valsartan,,49 mg,Angiotensin-II Receptor Antagonists,False,False
1328,1328.0,0205052AEBBABAB,Entresto,Entresto_Tab 97mg/103mg,Sacubitril/Valsartan,,97 mg,Angiotensin-II Receptor Antagonists,False,False
1329,1329.0,0205052AEBBACAC,Entresto,Entresto_Tab 24mg/26mg,Sacubitril/Valsartan,,24 mg,Angiotensin-II Receptor Antagonists,False,False
1330,1330.0,0205052B0AAAAAA,Olmesartan Medoxomil,Olmesartan Medoxomil_Tab 10mg,Olmesartan,,10 mg,Angiotensin-II Receptor Antagonists,False,False
1331,1331.0,0205052B0AAABAB,Olmesartan Medoxomil,Olmesartan Medoxomil_Tab 20mg,Olmesartan,,20 mg,Angiotensin-II Receptor Antagonists,False,False
1332,1332.0,0205052B0AAACAC,Olmesartan Medoxomil,Olmesartan Medoxomil_Tab 40mg,Olmesartan,,40 mg,Angiotensin-II Receptor Antagonists,False,False
1333,1333.0,0205052B0AAADAD,Olmesartan Medoxomil,Olmesartan Medoxomil_Liq Spec 10mg/5ml,Olmesartan,,10 mg/5 ml,Angiotensin-II Receptor Antagonists,False,False
1334,1334.0,0205052B0BBAAAA,Olmetec,Olmetec_Tab 10mg,Olmesartan,,10 mg,Angiotensin-II Receptor Antagonists,False,False
1335,1335.0,0205052B0BBABAB,Olmetec,Olmetec_Tab 20mg,Olmesartan,,20 mg,Angiotensin-II Receptor Antagonists,False,False
1336,1336.0,0205052B0BBACAC,Olmetec,Olmetec_Tab 40mg,Olmesartan,,40 mg,Angiotensin-II Receptor Antagonists,False,False
1337,1337.0,0205052C0AAAAAA,Candesartan Cilexetil,Candesartan Cilexetil_Tab 2mg,Candesartan Cilexetil,,2 mg,Angiotensin-II Receptor Antagonists,False,False
1338,1338.0,0205052C0AAABAB,Candesartan Cilexetil,Candesartan Cilexetil_Tab 4mg,Candesartan Cilexetil,,4 mg,Angiotensin-II Receptor Antagonists,False,False
1339,1339.0,0205052C0AAACAC,Candesartan Cilexetil,Candesartan Cilexetil_Tab 8mg,Candesartan Cilexetil,,8 mg,Angiotensin-II Receptor Antagonists,False,False
1340,1340.0,0205052C0AAADAD,Candesartan Cilexetil,Candesartan Cilexetil_Tab 16mg,Candesartan Cilexetil,,16 mg,Angiotensin-II Receptor Antagonists,False,False
1341,1341.0,0205052C0AAAEAE,Candesartan Cilexetil,Candesartan Cilexetil_Tab 16mg       @gn,Candesartan Cilexetil,,16 mg,Angiotensin-II Receptor Antagonists,False,False
1342,1342.0,0205052C0AAAFAF,Candesartan Cilexetil,Candesartan Cilexetil_Tab 4mg        @gn,Candesartan Cilexetil,,4 mg,Angiotensin-II Receptor Antagonists,False,False
1343,1343.0,0205052C0AAAGAG,Candesartan Cilexetil,Candesartan Cilexetil_Tab 8mg        @gn,Candesartan Cilexetil,,8 mg,Angiotensin-II Receptor Antagonists,False,False
1344,1344.0,0205052C0AAAHAH,Candesartan Cilexetil,Candesartan Cilexetil_Tab 32mg,Candesartan Cilexetil,,32 mg,Angiotensin-II Receptor Antagonists,False,False
1345,1345.0,0205052C0AAAIAI,Candesartan Cilexetil,Candesartan Cilexetil_Liq Spec 4mg/5ml,Candesartan Cilexetil,,4 mg/5 ml,Angiotensin-II Receptor Antagonists,False,False
1346,1346.0,0205052C0AAAJAJ,Candesartan Cilexetil,Candesartan Cilexetil_Liq Spec 8mg/5ml,Candesartan Cilexetil,,8 mg/5 ml,Angiotensin-II Receptor Antagonists,False,False
1347,1347.0,0205052C0BBAAAA,Amias,Amias_Tab 2mg,Candesartan Cilexetil,,2 mg,Angiotensin-II Receptor Antagonists,False,False
1348,1348.0,0205052C0BBABAB,Amias,Amias_Tab 4mg,Candesartan Cilexetil,,4 mg,Angiotensin-II Receptor Antagonists,False,False
1349,1349.0,0205052C0BBACAC,Amias,Amias_Tab 8mg,Candesartan Cilexetil,,8 mg,Angiotensin-II Receptor Antagonists,False,False
1350,1350.0,0205052C0BBADAD,Amias,Amias_Tab 16mg,Candesartan Cilexetil,,16 mg,Angiotensin-II Receptor Antagonists,False,False
1351,1351.0,0205052C0BBAEAH,Amias,Amias_Tab 32mg,Candesartan Cilexetil,,32 mg,Angiotensin-II Receptor Antagonists,False,False
1352,1352.0,0205052C0BCAAAB,Atacand,Atacand_Tab 4mg,Candesartan Cilexetil,,4 mg,Angiotensin-II Receptor Antagonists,False,False
1353,1353.0,0205052C0BCABAC,Atacand,Atacand_Tab 8mg,Candesartan Cilexetil,,8 mg,Angiotensin-II Receptor Antagonists,False,False
1354,1354.0,0205052C0BCACAD,Atacand,Atacand_Tab 16mg,Candesartan Cilexetil,,16 mg,Angiotensin-II Receptor Antagonists,False,False
1355,1355.0,0205052C0BDAAAD,Ratacand,Ratacand_Tab 16mg,Candesartan Cilexetil,,16 mg,Angiotensin-II Receptor Antagonists,False,False
1356,1356.0,0205052C0BDABAC,Ratacand,Ratacand_Tab 8mg,Candesartan Cilexetil,,8 mg,Angiotensin-II Receptor Antagonists,False,False
1357,1357.0,0205052C0BDACAB,Ratacand,Ratacand_Tab 4mg,Candesartan Cilexetil,,4 mg,Angiotensin-II Receptor Antagonists,False,False
1358,1358.0,0205052I0AAAAAA,Irbesartan,Irbesartan_Tab 75mg,Irbesartan,,75 mg,Angiotensin-II Receptor Antagonists,False,False
1359,1359.0,0205052I0AAABAB,Irbesartan,Irbesartan_Tab 150mg,Irbesartan,,150 mg,Angiotensin-II Receptor Antagonists,False,False
1360,1360.0,0205052I0AAACAC,Irbesartan,Irbesartan_Tab 300mg,Irbesartan,,300 mg,Angiotensin-II Receptor Antagonists,False,False
1361,1361.0,0205052I0AAADAD,Irbesartan,Irbesartan_Tab 150mg                 @gn,Irbesartan,,150 mg,Angiotensin-II Receptor Antagonists,False,False
1362,1362.0,0205052I0AAAEAE,Irbesartan,Irbesartan_Tab 300mg                 @gn,Irbesartan,,300 mg,Angiotensin-II Receptor Antagonists,False,False
1363,1363.0,0205052I0AAAFAF,Irbesartan,Irbesartan_Liq Spec 150mg/5ml,Irbesartan,,150 mg/5 ml,Angiotensin-II Receptor Antagonists,False,False
1364,1364.0,0205052I0AAAGAG,Irbesartan,Irbesartan_Liq Spec 300mg/5ml,Irbesartan,,300 mg/5 ml,Angiotensin-II Receptor Antagonists,False,False
1365,1365.0,0205052I0AAAHAH,Irbesartan,Irbesartan_Liq Spec 75mg/5ml,Irbesartan,,75 mg/5 ml,Angiotensin-II Receptor Antagonists,False,False
1366,1366.0,0205052I0AAAIAI,Irbesartan,Irbesartan_Pdr Sach 300mg,Irbesartan,,300 mg,Angiotensin-II Receptor Antagonists,False,False
1367,1367.0,0205052I0AAAJAJ,Irbesartan,Irbesartan_Oral Pdr Sach 20mg,Irbesartan,,20 mg,Angiotensin-II Receptor Antagonists,False,False
1368,1368.0,0205052I0AAAKAK,Irbesartan,Irbesartan_Oral Pdr Sach 30mg,Irbesartan,,30 mg,Angiotensin-II Receptor Antagonists,False,False
1369,1369.0,0205052I0AAALAL,Irbesartan,Irbesartan_Oral Pdr Sach 37.5mg,Irbesartan,,37.5 mg,Angiotensin-II Receptor Antagonists,False,False
1370,1370.0,0205052I0BBAAAA,Aprovel,Aprovel_Tab 75mg,Irbesartan,,75 mg,Angiotensin-II Receptor Antagonists,False,False
1371,1371.0,0205052I0BBABAB,Aprovel,Aprovel_Tab 150mg,Irbesartan,,150 mg,Angiotensin-II Receptor Antagonists,False,False
1372,1372.0,0205052I0BBACAC,Aprovel,Aprovel_Tab 300mg,Irbesartan,,300 mg,Angiotensin-II Receptor Antagonists,False,False
1373,1373.0,0205052I0BCAAAA,Karvea,Karvea_Tab 75mg,Irbesartan,,75 mg,Angiotensin-II Receptor Antagonists,False,False
1374,1374.0,0205052I0BCABAB,Karvea,Karvea_Tab 150mg,Irbesartan,,150 mg,Angiotensin-II Receptor Antagonists,False,False
1375,1375.0,0205052I0BCACAC,Karvea,Karvea_Tab 300mg,Irbesartan,,300 mg,Angiotensin-II Receptor Antagonists,False,False
1376,1376.0,0205052I0BDAAAA,Sabervel,Sabervel_Tab 75mg,Irbesartan,,75 mg,Angiotensin-II Receptor Antagonists,False,False
1377,1377.0,0205052I0BDABAB,Sabervel,Sabervel_Tab 150mg,Irbesartan,,150 mg,Angiotensin-II Receptor Antagonists,False,False
1378,1378.0,0205052I0BDACAC,Sabervel,Sabervel_Tab 300mg,Irbesartan,,300 mg,Angiotensin-II Receptor Antagonists,False,False
1379,1379.0,0205052I0BEAAAA,Ifirmasta,Ifirmasta_Tab 75mg,Irbesartan,,75 mg,Angiotensin-II Receptor Antagonists,False,False
1380,1380.0,0205052I0BEABAB,Ifirmasta,Ifirmasta_Tab 150mg,Irbesartan,,150 mg,Angiotensin-II Receptor Antagonists,False,False
1381,1381.0,0205052I0BEACAC,Ifirmasta,Ifirmasta_Tab 300mg,Irbesartan,,300 mg,Angiotensin-II Receptor Antagonists,False,False
1382,1382.0,0205052N0AAAAAA,Losartan Pot,Losartan Pot_Tab 25mg,Losartan Potassium,,25 mg,Angiotensin-II Receptor Antagonists,False,False
1383,1383.0,0205052N0AAABAB,Losartan Pot,Losartan Pot_Tab 50mg,Losartan Potassium,,50 mg,Angiotensin-II Receptor Antagonists,False,False
1384,1384.0,0205052N0AAACAC,Losartan Pot,Losartan Pot_Tab 50mg                @gn,Losartan Potassium,,50 mg,Angiotensin-II Receptor Antagonists,False,False
1385,1385.0,0205052N0AAADAD,Losartan Pot,Losartan Pot_Tab 100mg,Losartan Potassium,,100 mg,Angiotensin-II Receptor Antagonists,False,False
1386,1386.0,0205052N0AAAEAE,Losartan Pot,Losartan Pot_Oral Soln 50mg/5ml,Losartan Potassium,,50 mg/5 ml,Angiotensin-II Receptor Antagonists,False,False
1387,1387.0,0205052N0AAAFAF,Losartan Pot,Losartan Pot_Liq Spec 100mg/5ml,Losartan Potassium,,100 mg/5 ml,Angiotensin-II Receptor Antagonists,False,False
1388,1388.0,0205052N0AAAGAG,Losartan Pot,Losartan Pot_Liq Spec 25mg/5ml,Losartan Potassium,,25 mg/5 ml,Angiotensin-II Receptor Antagonists,False,False
1389,1389.0,0205052N0AAAHAH,Losartan Pot,Losartan Pot_Tab 12.5mg,Losartan Potassium,,12.5 mg,Angiotensin-II Receptor Antagonists,False,False
1390,1390.0,0205052N0AAAIAI,Losartan Pot,Losartan Pot_Oral Susp 12.5mg/5ml S/F,Losartan Potassium,,5 mg/5 ml,Angiotensin-II Receptor Antagonists,False,False
1391,1391.0,0205052N0AAAJAJ,Losartan Pot,Losartan Pot_Oral Susp 50mg/5ml,Losartan Potassium,,50 mg/5 ml,Angiotensin-II Receptor Antagonists,False,False
1392,1392.0,0205052N0AAAKAK,Losartan Pot,Losartan Pot_Oral Susp 20mg/5ml,Losartan Potassium,,20 mg/5 ml,Angiotensin-II Receptor Antagonists,False,False
1393,1393.0,0205052N0BBAAAA,Cozaar,Cozaar_Tab 25mg,Losartan Potassium,,25 mg,Angiotensin-II Receptor Antagonists,False,False
1394,1394.0,0205052N0BBABAB,Cozaar,Cozaar_Tab 50mg,Losartan Potassium,,50 mg,Angiotensin-II Receptor Antagonists,False,False
1395,1395.0,0205052N0BBACAD,Cozaar,Cozaar_Tab 100mg,Losartan Potassium,,100 mg,Angiotensin-II Receptor Antagonists,False,False
1396,1396.0,0205052N0BBADAH,Cozaar,Cozaar_Tab 12.5mg,Losartan Potassium,,12.5 mg,Angiotensin-II Receptor Antagonists,False,False
1397,1397.0,0205052N0BBAEAI,Cozaar,Cozaar_Oral Susp 2.5mg/ml,Losartan Potassium,,5 mg/mL,Angiotensin-II Receptor Antagonists,False,False
1398,1398.0,0205052N0BCAAAB,Losaprex,Losaprex_Tab 50mg,Losartan Potassium,,50 mg,Angiotensin-II Receptor Antagonists,False,False
1399,1399.0,0205052P0AAAAAA,Losartan Pot/Hydchloroth,Losartan Pot/Hydchloroth_Tab 50mg/12.5mg,Losartan Potassium,,50 mg,Angiotensin-II Receptor Antagonists,False,True
1400,1400.0,0205052P0AAABAB,Losartan Pot/Hydchloroth,Losartan Pot/Hydchloroth_Tab 100mg/25mg,Losartan Potassium,,100 mg,Angiotensin-II Receptor Antagonists,False,True
1401,1401.0,0205052P0AAACAC,Losartan Pot/Hydchloroth,Losartan Pot/Hydchloroth_Tab 100/12.5mg,Losartan Potassium,,12.5 mg,Angiotensin-II Receptor Antagonists,False,True
1402,1402.0,0205052P0BBAAAA,Cozaar-Comp,Cozaar-Comp_Tab 50mg/12.5mg,Losartan Potassium,,50 mg,Angiotensin-II Receptor Antagonists,False,True
1403,1403.0,0205052P0BBABAB,Cozaar-Comp,Cozaar-Comp_Tab 100mg/25mg,Losartan Potassium,,100 mg,Angiotensin-II Receptor Antagonists,False,True
1404,1404.0,0205052P0BBACAC,Cozaar-Comp,Cozaar-Comp_Tab 100mg/12.5mg,Losartan Potassium,,100 mg,Angiotensin-II Receptor Antagonists,False,True
1405,1405.0,0205052P0BCAAAA,Hyzaar,Hyzaar_Tab,Losartan Potassium,,,Angiotensin-II Receptor Antagonists,False,True
1406,1406.0,0205052Q0AAAAAA,Telmisartan,Telmisartan_Tab 40mg,Telmisartan,,40 mg,Angiotensin-II Receptor Antagonists,False,False
1407,1407.0,0205052Q0AAABAB,Telmisartan,Telmisartan_Tab 80mg,Telmisartan,,80 mg,Angiotensin-II Receptor Antagonists,False,False
1408,1408.0,0205052Q0AAACAC,Telmisartan,Telmisartan_Tab 20mg,Telmisartan,,20 mg,Angiotensin-II Receptor Antagonists,False,False
1409,1409.0,0205052Q0AAADAD,Telmisartan,Telmisartan_Oral Susp 40mg/5ml,Telmisartan,,40 mg/5 ml,Angiotensin-II Receptor Antagonists,False,False
1410,1410.0,0205052Q0BBAAAA,Micardis,Micardis_Tab 40mg,Telmisartan,,40 mg,Angiotensin-II Receptor Antagonists,False,False
1411,1411.0,0205052Q0BBABAB,Micardis,Micardis_Tab 80mg,Telmisartan,,80 mg,Angiotensin-II Receptor Antagonists,False,False
1412,1412.0,0205052Q0BBACAC,Micardis,Micardis_Tab 20mg,Telmisartan,,20 mg,Angiotensin-II Receptor Antagonists,False,False
1413,1413.0,0205052Q0BCAAAA,Tolura,Tolura_Tab 40mg,Telmisartan,,40 mg,Angiotensin-II Receptor Antagonists,False,False
1414,1414.0,0205052Q0BCABAB,Tolura,Tolura_Tab 80mg,Telmisartan,,80 mg,Angiotensin-II Receptor Antagonists,False,False
1415,1415.0,0205052Q0BCACAC,Tolura,Tolura_Tab 20mg,Telmisartan,,20 mg,Angiotensin-II Receptor Antagonists,False,False
1416,1416.0,0205052R0AAAAAA,Telmisartan/Hydchloroth,Telmisartan/Hydchloroth_Tab 40mg/12.5mg,Telmisartan,,40 mg,Angiotensin-II Receptor Antagonists,False,True
1417,1417.0,0205052R0AAABAB,Telmisartan/Hydchloroth,Telmisartan/Hydchloroth_Tab 80mg/12.5mg,Telmisartan,,80 mg,Angiotensin-II Receptor Antagonists,False,True
1418,1418.0,0205052R0AAACAC,Telmisartan/Hydchloroth,Telmisartan/Hydchloroth_Tab 80mg/25mg,Telmisartan,,80 mg,Angiotensin-II Receptor Antagonists,False,True
1419,1419.0,0205052R0BBAAAA,MicardisPlus,MicardisPlus_Tab 40mg/12.5mg,Telmisartan,,40 mg,Angiotensin-II Receptor Antagonists,False,True
1420,1420.0,0205052R0BBABAB,MicardisPlus,MicardisPlus_Tab 80mg/12.5mg,Telmisartan,,80 mg,Angiotensin-II Receptor Antagonists,False,True
1421,1421.0,0205052R0BBACAC,MicardisPlus,MicardisPlus_Tab 80mg/25mg,Telmisartan,,80 mg,Angiotensin-II Receptor Antagonists,False,True
1422,1422.0,0205052R0BCAAAA,Actelsar,Actelsar HCT_Tab 40mg/12.5mg,Telmisartan,,40 mg,Angiotensin-II Receptor Antagonists,False,True
1423,1423.0,0205052R0BCABAB,Actelsar,Actelsar HCT_Tab 80mg/12.5mg,Telmisartan,,80 mg,Angiotensin-II Receptor Antagonists,False,True
1424,1424.0,0205052R0BCACAC,Actelsar,Actelsar HCT_Tab 80mg/25mg,Telmisartan,,80 mg,Angiotensin-II Receptor Antagonists,False,True
1425,1425.0,0205052R0BDAAAA,Tolucombi,Tolucombi_Tab 40mg/12.5mg,Telmisartan,,40 mg,Angiotensin-II Receptor Antagonists,False,True
1426,1426.0,0205052R0BDABAB,Tolucombi,Tolucombi_Tab 80mg/12.5mg,Telmisartan,,80 mg,Angiotensin-II Receptor Antagonists,False,True
1427,1427.0,0205052R0BDACAC,Tolucombi,Tolucombi_Tab 80mg/25mg,Telmisartan,,80 mg,Angiotensin-II Receptor Antagonists,False,True
1428,1428.0,0205052V0AAAAAA,Valsartan,Valsartan_Cap 40mg,Valsartan,,40 mg,Angiotensin-II Receptor Antagonists,False,False
1429,1429.0,0205052V0AAABAB,Valsartan,Valsartan_Cap 80mg,Valsartan,,80 mg,Angiotensin-II Receptor Antagonists,False,False
1430,1430.0,0205052V0AAACAC,Valsartan,Valsartan_Cap 160mg,Valsartan,,160 mg,Angiotensin-II Receptor Antagonists,False,False
1431,1431.0,0205052V0AAADAD,Valsartan,Valsartan_Tab 40mg,Valsartan,,40 mg,Angiotensin-II Receptor Antagonists,False,False
1432,1432.0,0205052V0AAAEAE,Valsartan,Valsartan_Liq Spec 40mg/5ml,Valsartan,,40 mg/5 ml,Angiotensin-II Receptor Antagonists,False,False
1433,1433.0,0205052V0AAAFAF,Valsartan,Valsartan_Tab 320mg,Valsartan,,320 mg,Angiotensin-II Receptor Antagonists,False,False
1434,1434.0,0205052V0AAAGAG,Valsartan,Valsartan_Liq Spec 160mg/5ml,Valsartan,,160 mg/5 ml,Angiotensin-II Receptor Antagonists,False,False
1435,1435.0,0205052V0AAAHAH,Valsartan,Valsartan_Tab 160mg,Valsartan,,160 mg,Angiotensin-II Receptor Antagonists,False,False
1436,1436.0,0205052V0AAAIAI,Valsartan,Valsartan_Tab 80mg,Valsartan,,80 mg,Angiotensin-II Receptor Antagonists,False,False
1437,1437.0,0205052V0AAAJAJ,Valsartan,Valsartan_Oral Soln 3mg/ml,Valsartan,,3 mg/mL,Angiotensin-II Receptor Antagonists,False,False
1438,1438.0,0205052V0BBAAAA,Diovan,Diovan_Cap 40mg,Valsartan,,40 mg,Angiotensin-II Receptor Antagonists,False,False
1439,1439.0,0205052V0BBABAB,Diovan,Diovan_Cap 80mg,Valsartan,,80 mg,Angiotensin-II Receptor Antagonists,False,False
1440,1440.0,0205052V0BBACAC,Diovan,Diovan_Cap 160mg,Valsartan,,160 mg,Angiotensin-II Receptor Antagonists,False,False
1441,1441.0,0205052V0BBADAD,Diovan,Diovan_Tab 40mg,Valsartan,,40 mg,Angiotensin-II Receptor Antagonists,False,False
1442,1442.0,0205052V0BBAEAF,Diovan,Diovan_Tab 320mg,Valsartan,,320 mg,Angiotensin-II Receptor Antagonists,False,False
1443,1443.0,0205052V0BBAFAJ,Diovan,Diovan_Oral Soln 3mg/1ml,Valsartan,,3 mg/1 ml,Angiotensin-II Receptor Antagonists,False,False
1444,1444.0,0205052W0AAAAAA,Eprosartan,Eprosartan_Tab 300mg,Eprosartan,,300 mg,Angiotensin-II Receptor Antagonists,False,False
1445,1445.0,0205052W0AAABAB,Eprosartan,Eprosartan_Tab 400mg,Eprosartan,,400 mg,Angiotensin-II Receptor Antagonists,False,False
1446,1446.0,0205052W0AAACAC,Eprosartan,Eprosartan_Tab 600mg,Eprosartan,,600 mg,Angiotensin-II Receptor Antagonists,False,False
1447,1447.0,0205052W0AAADAD,Eprosartan,Eprosartan_Liq Spec 300mg/5ml,Eprosartan,,300 mg/5 ml,Angiotensin-II Receptor Antagonists,False,False
1448,1448.0,0205052W0BBAAAA,Teveten,Teveten_Tab 300mg,Eprosartan,,300 mg,Angiotensin-II Receptor Antagonists,False,False
1449,1449.0,0205052W0BBABAB,Teveten,Teveten_Tab 400mg,Eprosartan,,400 mg,Angiotensin-II Receptor Antagonists,False,False
1450,1450.0,0205052W0BBACAC,Teveten,Teveten_Tab 600mg,Eprosartan,,600 mg,Angiotensin-II Receptor Antagonists,False,False
1451,1451.0,0205052X0AAAAAA,Valsartan/Hydchloroth,Valsartan/Hydchloroth_Tab 160mg/12.5mg,Valsartan,,160 mg,Angiotensin-II Receptor Antagonists,False,True
1452,1452.0,0205052X0AAABAB,Valsartan/Hydchloroth,Valsartan/Hydchloroth_Tab 160mg/25mg,Valsartan,,160 mg,Angiotensin-II Receptor Antagonists,False,True
1453,1453.0,0205052X0AAACAC,Valsartan/Hydchloroth,Valsartan/Hydchloroth_Tab 80mg/12.5mg,Valsartan,,80 mg,Angiotensin-II Receptor Antagonists,False,True
1454,1454.0,0205052X0BBAAAA,Co-Diovan,Co-Diovan_Tab 160mg/12.5mg,Valsartan,,160 mg,Angiotensin-II Receptor Antagonists,False,True
1455,1455.0,0205052X0BBABAB,Co-Diovan,Co-Diovan_Tab 160mg/25mg,Valsartan,,160 mg,Angiotensin-II Receptor Antagonists,False,True
1456,1456.0,0205052X0BBACAC,Co-Diovan,Co-Diovan_Tab 80mg/12.5mg,Valsartan,,80 mg,Angiotensin-II Receptor Antagonists,False,True
1457,1457.0,0205052Y0AAAAAA,Olmesartan Medoxomil/Hydchloroth,Olmesartan Medox/Hydchloroth_Tab 20/12.5,Olmesartan,,,Angiotensin-II Receptor Antagonists,False,True
1458,1458.0,0205052Y0AAABAB,Olmesartan Medoxomil/Hydchloroth,Olmesartan Medox/Hydchloroth_Tab 20/25mg,Olmesartan,,25 mg,Angiotensin-II Receptor Antagonists,False,True
1459,1459.0,0205052Y0AAACAC,Olmesartan Medoxomil/Hydchloroth,Olmesartan Medox/Hydchloroth_Tab 40/12.5,Olmesartan,,,Angiotensin-II Receptor Antagonists,False,True
1460,1460.0,0205052Y0BBAAAA,Olmetec Plus,Olmetec Plus_Tab 20mg/12.5mg,Olmesartan,,20 mg,Angiotensin-II Receptor Antagonists,False,True
1461,1461.0,0205052Y0BBABAB,Olmetec Plus,Olmetec Plus_Tab 20mg/25mg,Olmesartan,,20 mg,Angiotensin-II Receptor Antagonists,False,True
1462,1462.0,0205052Y0BBACAC,Olmetec Plus,Olmetec Plus_Tab 40mg/12.5mg,Olmesartan,,40 mg,Angiotensin-II Receptor Antagonists,False,True
1463,1463.0,0205053A0AAAAAA,Aliskiren,Aliskiren_Tab 150mg,Aliskiren,,150 mg,Renin Inhibitors,False,False
1464,1464.0,0205053A0AAABAB,Aliskiren,Aliskiren_Tab 300mg,Aliskiren,,300 mg,Renin Inhibitors,False,False
1465,1465.0,0205053A0BBAAAA,Rasilez,Rasilez_Tab 150mg,Aliskiren,,150 mg,Renin Inhibitors,False,False
1466,1466.0,0205053A0BBABAB,Rasilez,Rasilez_Tab 300mg,Aliskiren,,300 mg,Renin Inhibitors,False,False
1467,1467.0,0205060R0AAAAAA,Trimetaphan Camsyl,Trimetaphan Camsyl_Inj 50mg/ml 5ml Amp,Trimetaphan Camsilate,,50 mg/mL,Ganglion-Blocking Drugs,False,False
1468,1468.0,0205060R0BBAAAA,Arfonad,Arfonad_Inj 50mg/ml 5ml Amp,Trimetaphan Camsilate,,50 mg/mL,Ganglion-Blocking Drugs,False,False
1469,1469.0,0205080A0AAAAAA,Ketanserin,Ketanserin_Tab 20mg,Ketanserin,,20 mg,Other Adrenergic Neurone Blocking Drugs,False,False
1470,1470.0,0205080A0AAABAB,Ketanserin,Ketanserin_Tab 20mg,Ketanserin,,20 mg,Other Adrenergic Neurone Blocking Drugs,False,False
1471,1471.0,0205080A0AAACAC,Ketanserin,Ketanserin_Tab 40mg,Ketanserin,,40 mg,Other Adrenergic Neurone Blocking Drugs,False,False
1472,1472.0,0205080A0BBAAAB,Sufrexal,Sufrexal_Tab 20mg,Ketanserin,,20 mg,Other Adrenergic Neurone Blocking Drugs,False,False
1473,1473.0,0205080A0BBABAC,Sufrexal,Sufrexal_Tab 40mg,Ketanserin,,40 mg,Other Adrenergic Neurone Blocking Drugs,False,False
1474,1474.0,0205080A0BCAAAB,Ketensin,Ketensin_Tab 20mg,Ketanserin,,20 mg,Other Adrenergic Neurone Blocking Drugs,False,False
1475,1475.0,0206020A0AAAAAA,Amlodipine,Amlodipine_Tab 5mg,Amlodipine,,5 mg,calcium-channel blocker,True,False
1476,1476.0,0206020A0AAABAB,Amlodipine,Amlodipine_Tab 10mg,Amlodipine,,10 mg,calcium-channel blocker,True,False
1477,1477.0,0206020A0AAACAC,Amlodipine,Amlodipine_Liq Spec 5mg/5ml,Amlodipine,,5 mg/5 ml,calcium-channel blocker,True,False
1478,1478.0,0206020A0AAADAD,Amlodipine,Amlodipine_Liq Spec 10mg/5ml,Amlodipine,,10 mg/5 ml,calcium-channel blocker,True,False
1479,1479.0,0206020A0AAAEAE,Amlodipine,Amlodipine_Tab 5mg             @gn,Amlodipine,,5 mg,calcium-channel blocker,True,False
1480,1480.0,0206020A0AAAFAF,Amlodipine,Amlodipine_Liq Spec 50mg/5ml,Amlodipine,,50 mg/5 ml,calcium-channel blocker,True,False
1481,1481.0,0206020A0AAAGAG,Amlodipine,Amlodipine_Liq Spec 4mg/5ml,Amlodipine,,4 mg/5 ml,calcium-channel blocker,True,False
1482,1482.0,0206020A0AAAHAH,Amlodipine,Amlodipine_Tab 10mg            @gn,Amlodipine,,10 mg,calcium-channel blocker,True,False
1483,1483.0,0206020A0AAAIAI,Amlodipine,Amlodipine_Pdrs 4mg,Amlodipine,,4 mg,calcium-channel blocker,True,False
1484,1484.0,0206020A0AAAJAJ,Amlodipine,Amlodipine_Liq Spec 2.5mg/5ml,Amlodipine,,5 mg/5 ml,calcium-channel blocker,True,False
1485,1485.0,0206020A0AAAKAK,Amlodipine,Amlodipine_Tab 2.5mg,Amlodipine,,2.5 mg,calcium-channel blocker,True,False
1486,1486.0,0206020A0AAALAL,Amlodipine,Amlodipine_Oral Soln 5mg/5ml S/F,Amlodipine,,5 mg/5 ml,calcium-channel blocker,True,False
1487,1487.0,0206020A0AAAMAM,Amlodipine,Amlodipine_Liq Spec 1.5mg/5ml,Amlodipine,,5 mg/5 ml,calcium-channel blocker,True,False
1488,1488.0,0206020A0AAANAN,Amlodipine,Amlodipine_Liq Spec 2mg/5ml,Amlodipine,,2 mg/5 ml,calcium-channel blocker,True,False
1489,1489.0,0206020A0AAAPAP,Amlodipine,Amlodipine_Oral Susp 10mg/5ml,Amlodipine,,10 mg/5 ml,calcium-channel blocker,True,False
1490,1490.0,0206020A0AAAQAQ,Amlodipine,Amlodipine_Oral Soln 5mg/5ml,Amlodipine,,5 mg/5 ml,calcium-channel blocker,True,False
1491,1491.0,0206020A0AAARAR,Amlodipine,Amlodipine_Oral Susp 5mg/5ml,Amlodipine,,5 mg/5 ml,calcium-channel blocker,True,False
1492,1492.0,0206020A0AAASAS,Amlodipine,Amlodipine_Oral Soln 10mg/5ml,Amlodipine,,10 mg/5 ml,calcium-channel blocker,True,False
1493,1493.0,0206020A0AAATAT,Amlodipine,Amlodipine_Oral Soln 10mg/5ml S/F,Amlodipine,,10 mg/5 ml,calcium-channel blocker,True,False
1494,1494.0,0206020A0AAAUAU,Amlodipine,Amlodipine_Oral Susp 5mg/5ml S/F,Amlodipine,,5 mg/5 ml,calcium-channel blocker,True,False
1495,1495.0,0206020A0BBAAAA,Istin,Istin_Tab 5mg,Amlodipine,,5 mg,calcium-channel blocker,True,False
1496,1496.0,0206020A0BBABAB,Istin,Istin_Tab 10mg,Amlodipine,,10 mg,calcium-channel blocker,True,False
1497,1497.0,0206020A0BCAAAB,Norvas,Norvas_Tab 10mg,Amlodipine,,10 mg,calcium-channel blocker,True,False
1498,1498.0,0206020A0BCABAA,Norvas,Norvas_Tab 5mg,Amlodipine,,5 mg,calcium-channel blocker,True,False
1499,1499.0,0206020A0BDAAAK,Norvasc,Norvasc_Tab 2.5mg,Amlodipine,,2.5 mg,calcium-channel blocker,True,False
1500,1500.0,0206020A0BDABAA,Norvasc,Norvasc_Tab 5mg,Amlodipine,,5 mg,calcium-channel blocker,True,False
1501,1501.0,0206020A0BEAAAA,Astudal,Astudal 5_Tab 5mg,Amlodipine,,5 mg,calcium-channel blocker,True,False
1502,1502.0,0206020A0BFAAAA,Amlostin,Amlostin_Tab 5mg,Amlodipine,,5 mg,calcium-channel blocker,True,False
1503,1503.0,0206020A0BFABAB,Amlostin,Amlostin_Tab 10mg,Amlodipine,,10 mg,calcium-channel blocker,True,False
1504,1504.0,0206020B0AAAAAA,Trimetazidine HCl,Trimetazidine HCl_Tab 20mg,Trimetazidine Hydrochloride,,20 mg,calcium-channel blocker,True,False
1505,1505.0,0206020B0AAABAB,Trimetazidine HCl,Trimetazidine HCl_Tab 35mg M/R,Trimetazidine Hydrochloride,,35 mg,calcium-channel blocker,True,False
1506,1506.0,0206020B0BBAAAA,Vastarel,Vastarel_Tab 20mg,Trimetazidine Hydrochloride,,20 mg,calcium-channel blocker,True,False
1507,1507.0,0206020B0BBABAB,Vastarel,Vastarel MR_Tab 35mg,Trimetazidine Hydrochloride,,35 mg,calcium-channel blocker,True,False
1508,1508.0,0206020C0AAAAAA,Diltiazem HCl,Diltiazem HCl_Tab 60mg M/R,Diltiazem Hydrochloride,,60 mg,calcium-channel blocker,True,False
1509,1509.0,0206020C0AAABAB,Diltiazem HCl,Diltiazem HCl_Tab 120mg C/R,Diltiazem Hydrochloride,,120 mg,calcium-channel blocker,True,False
1510,1510.0,0206020C0AAACAC,Diltiazem HCl,Diltiazem HCl_Tab 90mg M/R,Diltiazem Hydrochloride,,90 mg,calcium-channel blocker,True,False
1511,1511.0,0206020C0AAADAD,Diltiazem HCl,Diltiazem HCl_Tab 120mg S/R,Diltiazem Hydrochloride,,120 mg,calcium-channel blocker,True,False
1512,1512.0,0206020C0AAAEAE,Diltiazem HCl,Diltiazem HCl_Cap 300mg M/R,Diltiazem Hydrochloride,,300 mg,calcium-channel blocker,True,False
1513,1513.0,0206020C0AAAFAF,Diltiazem HCl,Diltiazem HCl_Cap 90mg C/R,Diltiazem Hydrochloride,,90 mg,calcium-channel blocker,True,False
1514,1514.0,0206020C0AAAGAG,Diltiazem HCl,Diltiazem HCl_Cap 180mg C/R,Diltiazem Hydrochloride,,180 mg,calcium-channel blocker,True,False
1515,1515.0,0206020C0AAAHAH,Diltiazem HCl,Diltiazem HCl_Cap 300mg C/R,Diltiazem Hydrochloride,,300 mg,calcium-channel blocker,True,False
1516,1516.0,0206020C0AAAIAI,Diltiazem HCl,Diltiazem HCl_Cap 120mg C/R,Diltiazem Hydrochloride,,120 mg,calcium-channel blocker,True,False
1517,1517.0,0206020C0AAAJAJ,Diltiazem HCl,Diltiazem HCl_Cap 60mg M/R,Diltiazem Hydrochloride,,60 mg,calcium-channel blocker,True,False
1518,1518.0,0206020C0AAAKAK,Diltiazem HCl,Diltiazem HCl_Cap 90mg S/R,Diltiazem Hydrochloride,,90 mg,calcium-channel blocker,True,False
1519,1519.0,0206020C0AAALAL,Diltiazem HCl,Diltiazem HCl_Cap 120mg S/R,Diltiazem Hydrochloride,,120 mg,calcium-channel blocker,True,False
1520,1520.0,0206020C0AAAMAM,Diltiazem HCl,Diltiazem HCl_Cap 240mg C/R,Diltiazem Hydrochloride,,240 mg,calcium-channel blocker,True,False
1521,1521.0,0206020C0AAANAN,Diltiazem HCl,Diltiazem HCl_Cap 180mg S/R,Diltiazem Hydrochloride,,180 mg,calcium-channel blocker,True,False
1522,1522.0,0206020C0AAAPAP,Diltiazem HCl,Diltiazem HCl_Cap 240mg S/R,Diltiazem Hydrochloride,,240 mg,calcium-channel blocker,True,False
1523,1523.0,0206020C0AAAQAQ,Diltiazem HCl,Diltiazem HCl_Oral Liq @spec,Diltiazem Hydrochloride,,,calcium-channel blocker,True,False
1524,1524.0,0206020C0AAARAR,Diltiazem HCl,Diltiazem HCl_Oral Soln 60mg/5ml,Diltiazem Hydrochloride,,60 mg/5 ml,calcium-channel blocker,True,False
1525,1525.0,0206020C0AAASAS,Diltiazem HCl,Diltiazem HCl_Tab 120mg M/R,Diltiazem Hydrochloride,,120 mg,calcium-channel blocker,True,False
1526,1526.0,0206020C0AAATAT,Diltiazem HCl,Diltiazem HCl_Cap 90mg M/R,Diltiazem Hydrochloride,,90 mg,calcium-channel blocker,True,False
1527,1527.0,0206020C0AAAUAU,Diltiazem HCl,Diltiazem HCl_Cap 120mg M/R,Diltiazem Hydrochloride,,120 mg,calcium-channel blocker,True,False
1528,1528.0,0206020C0AAAVAV,Diltiazem HCl,Diltiazem HCl_Cap 180mg M/R,Diltiazem Hydrochloride,,180 mg,calcium-channel blocker,True,False
1529,1529.0,0206020C0AAAWAW,Diltiazem HCl,Diltiazem HCl_Cap 240mg M/R,Diltiazem Hydrochloride,,240 mg,calcium-channel blocker,True,False
1530,1530.0,0206020C0AAAXAX,Diltiazem HCl,Diltiazem HCl_Cap 200mg M/R,Diltiazem Hydrochloride,,200 mg,calcium-channel blocker,True,False
1531,1531.0,0206020C0AAAYAY,Diltiazem HCl,Diltiazem HCl_Cap 240mg M/R          @gn,Diltiazem Hydrochloride,,240 mg,calcium-channel blocker,True,False
1532,1532.0,0206020C0AAAZAZ,Diltiazem HCl,Diltiazem HCl_Liq Spec 90mg/5ml,Diltiazem Hydrochloride,,90 mg/5 ml,calcium-channel blocker,True,False
1533,1533.0,0206020C0AABABA,Diltiazem HCl,Diltiazem HCl_Cap 360mg M/R,Diltiazem Hydrochloride,,360 mg,calcium-channel blocker,True,False
1534,1534.0,0206020C0AABBBB,Diltiazem HCl,Diltiazem HCl_Liq Spec 120mg/5ml,Diltiazem Hydrochloride,,120 mg/5 ml,calcium-channel blocker,True,False
1535,1535.0,0206020C0AABCBC,Diltiazem HCl,Diltiazem HCl_Liq Spec 100mg/5ml,Diltiazem Hydrochloride,,100 mg/5 ml,calcium-channel blocker,True,False
1536,1536.0,0206020C0AABEBE,Diltiazem HCl,Diltiazem HCl_Liq Spec 50mg/5ml,Diltiazem Hydrochloride,,50 mg/5 ml,calcium-channel blocker,True,False
1537,1537.0,0206020C0AABFBF,Diltiazem HCl,Diltiazem HCl_Liq Spec 30mg/5ml,Diltiazem Hydrochloride,,30 mg/5 ml,calcium-channel blocker,True,False
1538,1538.0,0206020C0AABGBG,Diltiazem HCl,Diltiazem HCl_Liq Spec 20mg/5ml,Diltiazem Hydrochloride,,20 mg/5 ml,calcium-channel blocker,True,False
1539,1539.0,0206020C0AABHBH,Diltiazem HCl,Diltiazem HCl_Liq Spec 10mg/5ml,Diltiazem Hydrochloride,,10 mg/5 ml,calcium-channel blocker,True,False
1540,1540.0,0206020C0AABIBI,Diltiazem HCl,Diltiazem HCl_Oral Susp 60mg/5ml,Diltiazem Hydrochloride,,60 mg/5 ml,calcium-channel blocker,True,False
1541,1541.0,0206020C0BBAAAA,Tildiem,Tildiem_Tab 60mg,Diltiazem Hydrochloride,,60 mg,calcium-channel blocker,True,False
1542,1542.0,0206020C0BBABAC,Tildiem,Tildiem Ret 90_Tab 90mg,Diltiazem Hydrochloride,,90 mg,calcium-channel blocker,True,False
1543,1543.0,0206020C0BBACAS,Tildiem,Tildiem Ret 120_Tab 120mg,Diltiazem Hydrochloride,,120 mg,calcium-channel blocker,True,False
1544,1544.0,0206020C0BBADAE,Tildiem,Tildiem LA 300_Cap 300mg,Diltiazem Hydrochloride,,300 mg,calcium-channel blocker,True,False
1545,1545.0,0206020C0BBAEAX,Tildiem,Tildiem LA 200_Cap 200mg,Diltiazem Hydrochloride,,200 mg,calcium-channel blocker,True,False
1546,1546.0,0206020C0BCAAAA,Calcicard,Calcicard_Tab 60mg,Diltiazem Hydrochloride,,60 mg,calcium-channel blocker,True,False
1547,1547.0,0206020C0BCABAS,Calcicard,Calcicard CR_Tab 120mg,Diltiazem Hydrochloride,,120 mg,calcium-channel blocker,True,False
1548,1548.0,0206020C0BCACAC,Calcicard,Calcicard CR_Tab 90mg,Diltiazem Hydrochloride,,90 mg,calcium-channel blocker,True,False
1549,1549.0,0206020C0BDAAAA,Britiazim,Britiazim_Tab 60mg,Diltiazem Hydrochloride,,60 mg,calcium-channel blocker,True,False
1550,1550.0,0206020C0BEAAAA,Angiozem,Angiozem 60_Tab 60mg,Diltiazem Hydrochloride,,60 mg,calcium-channel blocker,True,False
1551,1551.0,0206020C0BEABAC,Angiozem,Angiozem CR 90_Tab 90mg,Diltiazem Hydrochloride,,90 mg,calcium-channel blocker,True,False
1552,1552.0,0206020C0BEACAS,Angiozem,Angiozem CR 120_Tab 120mg,Diltiazem Hydrochloride,,120 mg,calcium-channel blocker,True,False
1553,1553.0,0206020C0BFAAAS,Adizem,Adizem-SR_Tab 120mg,Diltiazem Hydrochloride,,120 mg,calcium-channel blocker,True,False
1554,1554.0,0206020C0BFABAA,Adizem,Adizem-60_Tab 60mg,Diltiazem Hydrochloride,,60 mg,calcium-channel blocker,True,False
1555,1555.0,0206020C0BFACAT,Adizem,Adizem-SR_Cap 90mg,Diltiazem Hydrochloride,,90 mg,calcium-channel blocker,True,False
1556,1556.0,0206020C0BFADAU,Adizem,Adizem-SR_Cap 120mg,Diltiazem Hydrochloride,,120 mg,calcium-channel blocker,True,False
1557,1557.0,0206020C0BFAEAV,Adizem,Adizem-SR_Cap 180mg,Diltiazem Hydrochloride,,180 mg,calcium-channel blocker,True,False
1558,1558.0,0206020C0BFAFAE,Adizem,Adizem-XL_Cap 300mg,Diltiazem Hydrochloride,,300 mg,calcium-channel blocker,True,False
1559,1559.0,0206020C0BFAGAU,Adizem,Adizem-XL_Cap 120mg,Diltiazem Hydrochloride,,120 mg,calcium-channel blocker,True,False
1560,1560.0,0206020C0BFAHAV,Adizem,Adizem-XL_Cap 180mg,Diltiazem Hydrochloride,,180 mg,calcium-channel blocker,True,False
1561,1561.0,0206020C0BFAIAW,Adizem,Adizem-XL_Cap 240mg,Diltiazem Hydrochloride,,240 mg,calcium-channel blocker,True,False
1562,1562.0,0206020C0BFAJAX,Adizem,Adizem-XL_Cap 200mg,Diltiazem Hydrochloride,,200 mg,calcium-channel blocker,True,False
1563,1563.0,0206020C0BGAAAA,Kentiazem,Kentiazem_Tab 60mg,Diltiazem Hydrochloride,,60 mg,calcium-channel blocker,True,False
1564,1564.0,0206020C0BHAAAJ,Dilzem,Dilzem SR 60_Cap 60mg,Diltiazem Hydrochloride,,60 mg,calcium-channel blocker,True,False
1565,1565.0,0206020C0BHABAT,Dilzem,Dilzem SR 90_Cap 90mg,Diltiazem Hydrochloride,,90 mg,calcium-channel blocker,True,False
1566,1566.0,0206020C0BHACAU,Dilzem,Dilzem SR 120_Cap 120mg,Diltiazem Hydrochloride,,120 mg,calcium-channel blocker,True,False
1567,1567.0,0206020C0BHADAU,Dilzem,Dilzem XL 120_Cap 120mg,Diltiazem Hydrochloride,,120 mg,calcium-channel blocker,True,False
1568,1568.0,0206020C0BHAEAV,Dilzem,Dilzem XL 180_Cap 180mg,Diltiazem Hydrochloride,,180 mg,calcium-channel blocker,True,False
1569,1569.0,0206020C0BHAFAW,Dilzem,Dilzem XL 240_Cap 240mg,Diltiazem Hydrochloride,,240 mg,calcium-channel blocker,True,False
1570,1570.0,0206020C0BIAAAU,Slozem,Slozem 120_Cap 120mg,Diltiazem Hydrochloride,,120 mg,calcium-channel blocker,True,False
1571,1571.0,0206020C0BIABAV,Slozem,Slozem 180_Cap 180mg,Diltiazem Hydrochloride,,180 mg,calcium-channel blocker,True,False
1572,1572.0,0206020C0BIACAW,Slozem,Slozem 240_Cap 240mg,Diltiazem Hydrochloride,,240 mg,calcium-channel blocker,True,False
1573,1573.0,0206020C0BIADAE,Slozem,Slozem_Cap 300mg,Diltiazem Hydrochloride,,300 mg,calcium-channel blocker,True,False
1574,1574.0,0206020C0BJAAAT,Angitil,Angitil SR 90_Cap 90mg,Diltiazem Hydrochloride,,90 mg,calcium-channel blocker,True,False
1575,1575.0,0206020C0BJABAU,Angitil,Angitil SR 120_Cap 120mg,Diltiazem Hydrochloride,,120 mg,calcium-channel blocker,True,False
1576,1576.0,0206020C0BJACAV,Angitil,Angitil SR 180_Cap 180mg,Diltiazem Hydrochloride,,180 mg,calcium-channel blocker,True,False
1577,1577.0,0206020C0BJADAW,Angitil,Angitil XL 240_Cap 240mg,Diltiazem Hydrochloride,,240 mg,calcium-channel blocker,True,False
1578,1578.0,0206020C0BJAEAE,Angitil,Angitil XL 300_Cap 300mg,Diltiazem Hydrochloride,,300 mg,calcium-channel blocker,True,False
1579,1579.0,0206020C0BKAAAA,Calazem,Calazem_Tab 60mg,Diltiazem Hydrochloride,,60 mg,calcium-channel blocker,True,False
1580,1580.0,0206020C0BLAAAU,Cardizem,Cardizem CD_Cap 120mg,Diltiazem Hydrochloride,,120 mg,calcium-channel blocker,True,False
1581,1581.0,0206020C0BMAAAE,Zemtard,Zemtard 300 XL_Cap 300mg,Diltiazem Hydrochloride,,300 mg,calcium-channel blocker,True,False
1582,1582.0,0206020C0BMABAU,Zemtard,Zemtard 120 XL_Cap 120mg,Diltiazem Hydrochloride,,120 mg,calcium-channel blocker,True,False
1583,1583.0,0206020C0BMACAV,Zemtard,Zemtard 180 XL_Cap 180mg,Diltiazem Hydrochloride,,180 mg,calcium-channel blocker,True,False
1584,1584.0,0206020C0BMADAW,Zemtard,Zemtard 240 XL_Cap 240mg,Diltiazem Hydrochloride,,240 mg,calcium-channel blocker,True,False
1585,1585.0,0206020C0BNAAAU,Viazem,Viazem XL_Cap 120mg,Diltiazem Hydrochloride,,120 mg,calcium-channel blocker,True,False
1586,1586.0,0206020C0BNABAV,Viazem,Viazem XL_Cap 180mg,Diltiazem Hydrochloride,,180 mg,calcium-channel blocker,True,False
1587,1587.0,0206020C0BNACAW,Viazem,Viazem XL_Cap 240mg,Diltiazem Hydrochloride,,240 mg,calcium-channel blocker,True,False
1588,1588.0,0206020C0BNADAE,Viazem,Viazem XL_Cap 300mg,Diltiazem Hydrochloride,,300 mg,calcium-channel blocker,True,False
1589,1589.0,0206020C0BNAEBA,Viazem,Viazem XL_Cap 360mg,Diltiazem Hydrochloride,,360 mg,calcium-channel blocker,True,False
1590,1590.0,0206020C0BPAAAT,Dilcardia,Dilcardia SR_Cap 90mg,Diltiazem Hydrochloride,,90 mg,calcium-channel blocker,True,False
1591,1591.0,0206020C0BPABAU,Dilcardia,Dilcardia SR_Cap 120mg,Diltiazem Hydrochloride,,120 mg,calcium-channel blocker,True,False
1592,1592.0,0206020C0BPACAJ,Dilcardia,Dilcardia SR_Cap 60mg,Diltiazem Hydrochloride,,60 mg,calcium-channel blocker,True,False
1593,1593.0,0206020C0BPADAU,Dilcardia,Dilcardia XL_Cap 120mg,Diltiazem Hydrochloride,,120 mg,calcium-channel blocker,True,False
1594,1594.0,0206020C0BPAEAV,Dilcardia,Dilcardia XL_Cap 180mg,Diltiazem Hydrochloride,,180 mg,calcium-channel blocker,True,False
1595,1595.0,0206020C0BPAFAW,Dilcardia,Dilcardia XL_Cap 240mg,Diltiazem Hydrochloride,,240 mg,calcium-channel blocker,True,False
1596,1596.0,0206020C0BQAAAA,Optil,Optil_Tab 60mg,Diltiazem Hydrochloride,,60 mg,calcium-channel blocker,True,False
1597,1597.0,0206020C0BQABAT,Optil,Optil SR 90_Cap 90mg,Diltiazem Hydrochloride,,90 mg,calcium-channel blocker,True,False
1598,1598.0,0206020C0BQACAU,Optil,Optil SR 120_Cap 120mg,Diltiazem Hydrochloride,,120 mg,calcium-channel blocker,True,False
1599,1599.0,0206020C0BQADAV,Optil,Optil SR 180_Cap 180mg,Diltiazem Hydrochloride,,180 mg,calcium-channel blocker,True,False
1600,1600.0,0206020C0BQAEAW,Optil,Optil XL 240_Cap 240mg,Diltiazem Hydrochloride,,240 mg,calcium-channel blocker,True,False
1601,1601.0,0206020C0BQAFAE,Optil,Optil XL 300_Cap 300mg,Diltiazem Hydrochloride,,300 mg,calcium-channel blocker,True,False
1602,1602.0,0206020C0BRAAAJ,Bi-Carzem,Bi-Carzem SR_Cap 60mg,Diltiazem Hydrochloride,,60 mg,calcium-channel blocker,True,False
1603,1603.0,0206020C0BRABAT,Bi-Carzem,Bi-Carzem SR_Cap 90mg,Diltiazem Hydrochloride,,90 mg,calcium-channel blocker,True,False
1604,1604.0,0206020C0BRACAU,Bi-Carzem,Bi-Carzem SR_Cap 120mg,Diltiazem Hydrochloride,,120 mg,calcium-channel blocker,True,False
1605,1605.0,0206020C0BRADAW,Bi-Carzem,Bi-Carzem XL_Cap 240mg,Diltiazem Hydrochloride,,240 mg,calcium-channel blocker,True,False
1606,1606.0,0206020C0BRAEAE,Bi-Carzem,Bi-Carzem XL_Cap 300mg,Diltiazem Hydrochloride,,300 mg,calcium-channel blocker,True,False
1607,1607.0,0206020C0BSAAAJ,Zildil,Zildil SR_Cap 60mg,Diltiazem Hydrochloride,,60 mg,calcium-channel blocker,True,False
1608,1608.0,0206020C0BSABAT,Zildil,Zildil SR_Cap 90mg,Diltiazem Hydrochloride,,90 mg,calcium-channel blocker,True,False
1609,1609.0,0206020C0BSACAU,Zildil,Zildil SR_Cap 120mg,Diltiazem Hydrochloride,,120 mg,calcium-channel blocker,True,False
1610,1610.0,0206020C0BTAAAA,Retalzem,Retalzem 60_Tab 60mg,Diltiazem Hydrochloride,,60 mg,calcium-channel blocker,True,False
1611,1611.0,0206020C0BUAAAJ,Horizem,Horizem SR 60_Cap 60mg,Diltiazem Hydrochloride,,60 mg,calcium-channel blocker,True,False
1612,1612.0,0206020C0BUABAT,Horizem,Horizem SR 90_Cap 90mg,Diltiazem Hydrochloride,,90 mg,calcium-channel blocker,True,False
1613,1613.0,0206020C0BUACAU,Horizem,Horizem SR 120_Cap 120mg,Diltiazem Hydrochloride,,120 mg,calcium-channel blocker,True,False
1614,1614.0,0206020C0BVAAAV,Zemret,Zemret 180 XL_Cap 180mg,Diltiazem Hydrochloride,,180 mg,calcium-channel blocker,True,False
1615,1615.0,0206020C0BVABAW,Zemret,Zemret 240 XL_Cap 240mg,Diltiazem Hydrochloride,,240 mg,calcium-channel blocker,True,False
1616,1616.0,0206020C0BVACAE,Zemret,Zemret 300 XL_Cap 300mg,Diltiazem Hydrochloride,,300 mg,calcium-channel blocker,True,False
1617,1617.0,0206020C0BWAAAU,Disogram,Disogram SR_Cap 120mg,Diltiazem Hydrochloride,,120 mg,calcium-channel blocker,True,False
1618,1618.0,0206020C0BWABAV,Disogram,Disogram SR_Cap 180mg,Diltiazem Hydrochloride,,180 mg,calcium-channel blocker,True,False
1619,1619.0,0206020C0BWACAW,Disogram,Disogram SR_Cap 240mg,Diltiazem Hydrochloride,,240 mg,calcium-channel blocker,True,False
1620,1620.0,0206020C0BWADAE,Disogram,Disogram SR_Cap 300mg,Diltiazem Hydrochloride,,300 mg,calcium-channel blocker,True,False
1621,1621.0,0206020C0BWAEAJ,Disogram,Disogram SR_Cap 60mg,Diltiazem Hydrochloride,,60 mg,calcium-channel blocker,True,False
1622,1622.0,0206020C0BWAFAT,Disogram,Disogram SR_Cap 90mg,Diltiazem Hydrochloride,,90 mg,calcium-channel blocker,True,False
1623,1623.0,0206020C0BXAAAA,Tiamex,Tiamex_Tab 60mg,Diltiazem Hydrochloride,,60 mg,calcium-channel blocker,True,False
1624,1624.0,0206020C0BYAAAJ,Kenzem,Kenzem SR_Cap 60mg,Diltiazem Hydrochloride,,60 mg,calcium-channel blocker,True,False
1625,1625.0,0206020C0BYABAT,Kenzem,Kenzem SR_Cap 90mg,Diltiazem Hydrochloride,,90 mg,calcium-channel blocker,True,False
1626,1626.0,0206020C0BYACAU,Kenzem,Kenzem SR_Cap 120mg,Diltiazem Hydrochloride,,120 mg,calcium-channel blocker,True,False
1627,1627.0,0206020C0BZAAAE,Uard,Uard 300XL_Cap,Diltiazem Hydrochloride,,,calcium-channel blocker,True,False
1628,1628.0,0206020C0BZABAU,Uard,Uard 120XL_Cap,Diltiazem Hydrochloride,,,calcium-channel blocker,True,False
1629,1629.0,0206020C0BZACAV,Uard,Uard 180XL_Cap,Diltiazem Hydrochloride,,,calcium-channel blocker,True,False
1630,1630.0,0206020C0BZADAW,Uard,Uard 240XL_Cap,Diltiazem Hydrochloride,,,calcium-channel blocker,True,False
1631,1631.0,0206020D0AAAAAA,Diltiazem HCl/Hydchloroth,Diltiazem HCl/Hydchloroth_Cap 150/12.5mg,Diltiazem Hydrochloride with Thiazides,,12.5 mg,calcium-channel blocker,True,True
1632,1632.0,0206020D0BBAAAA,Adizem-XL Plus,Adizem-XL Plus_Cap,Diltiazem Hydrochloride with Thiazides,,,calcium-channel blocker,True,False
1633,1633.0,0206020F0AAAAAA,Felodipine,Felodipine_Tab 5mg,Felodipine,,5 mg,calcium-channel blocker,True,False
1634,1634.0,0206020F0AAABAB,Felodipine,Felodipine_Tab 5mg M/R,Felodipine,,5 mg,calcium-channel blocker,True,False
1635,1635.0,0206020F0AAACAC,Felodipine,Felodipine_Tab 10mg M/R,Felodipine,,10 mg,calcium-channel blocker,True,False
1636,1636.0,0206020F0AAADAD,Felodipine,Felodipine_Tab 2.5mg M/R,Felodipine,,2.5 mg,calcium-channel blocker,True,False
1637,1637.0,0206020F0AAAEAE,Felodipine,Felodipine_Tab 2.5mg M/R             @gn,Felodipine,,2.5 mg,calcium-channel blocker,True,False
1638,1638.0,0206020F0AAAFAF,Felodipine,Felodipine_Liq Spec 7.5mg/5ml,Felodipine,,5 mg/5 ml,calcium-channel blocker,True,False
1639,1639.0,0206020F0AAAGAG,Felodipine,Felodipine_Oral Soln 2.5mg/5ml,Felodipine,,5 mg/5 ml,calcium-channel blocker,True,False
1640,1640.0,0206020F0AAAHAH,Felodipine,Felodipine_Liq Spec 5mg/5ml,Felodipine,,5 mg/5 ml,calcium-channel blocker,True,False
1641,1641.0,0206020F0AAAIAI,Felodipine,Felodipine_Oral Susp 2.5mg/5ml,Felodipine,,5 mg/5 ml,calcium-channel blocker,True,False
1642,1642.0,0206020F0BBAAAB,Plendil,Plendil_Tab 5mg M/R,Felodipine,,5 mg,calcium-channel blocker,True,False
1643,1643.0,0206020F0BBABAC,Plendil,Plendil_Tab 10mg M/R,Felodipine,,10 mg,calcium-channel blocker,True,False
1644,1644.0,0206020F0BBACAD,Plendil,Plendil_Tab 2.5mg M/R,Felodipine,,2.5 mg,calcium-channel blocker,True,False
1645,1645.0,0206020F0BCAAAB,Preslow,Preslow_Tab 5mg,Felodipine,,5 mg,calcium-channel blocker,True,False
1646,1646.0,0206020F0BDAAAB,Cabren,Cabren_Tab 5mg,Felodipine,,5 mg,calcium-channel blocker,True,False
1647,1647.0,0206020F0BDABAD,Cabren,Cabren_Tab 2.5mg,Felodipine,,2.5 mg,calcium-channel blocker,True,False
1648,1648.0,0206020F0BDACAC,Cabren,Cabren_Tab 10mg,Felodipine,,10 mg,calcium-channel blocker,True,False
1649,1649.0,0206020F0BEAAAB,Felotens,Felotens XL_Tab 5mg,Felodipine,,5 mg,calcium-channel blocker,True,False
1650,1650.0,0206020F0BEABAC,Felotens,Felotens XL_Tab 10mg,Felodipine,,10 mg,calcium-channel blocker,True,False
1651,1651.0,0206020F0BEACAD,Felotens,Felotens XL_Tab 2.5mg,Felodipine,,2.5 mg,calcium-channel blocker,True,False
1652,1652.0,0206020F0BFAAAB,Felogen,Felogen XL_Tab 5mg M/R,Felodipine,,5 mg,calcium-channel blocker,True,False
1653,1653.0,0206020F0BFABAC,Felogen,Felogen XL_Tab 10mg M/R,Felodipine,,10 mg,calcium-channel blocker,True,False
1654,1654.0,0206020F0BGAAAB,Folpik XL,Folpik XL_Tab 5mg M/R,Felodipine,,5 mg,calcium-channel blocker,True,False
1655,1655.0,0206020F0BGABAC,Folpik XL,Folpik XL_Tab 10mg M/R,Felodipine,,10 mg,calcium-channel blocker,True,False
1656,1656.0,0206020F0BGACAD,Folpik XL,Folpik XL_Tab 2.5mg M/R,Felodipine,,2.5 mg,calcium-channel blocker,True,False
1657,1657.0,0206020F0BHAAAB,Keloc,Keloc SR_Tab 5mg,Felodipine,,5 mg,calcium-channel blocker,True,False
1658,1658.0,0206020F0BHABAC,Keloc,Keloc SR_Tab 10mg,Felodipine,,10 mg,calcium-channel blocker,True,False
1659,1659.0,0206020F0BIAAAB,Vascalpha,Vascalpha_Tab 5mg M/R (Actavis),Felodipine,,5 mg,calcium-channel blocker,True,False
1660,1660.0,0206020F0BIABAC,Vascalpha,Vascalpha_Tab 10mg M/R (Actavis),Felodipine,,10 mg,calcium-channel blocker,True,False
1661,1661.0,0206020F0BIACAB,Vascalpha,Vascalpha_Tab 5mg M/R (Almus),Felodipine,,5 mg,calcium-channel blocker,True,False
1662,1662.0,0206020F0BIADAC,Vascalpha,Vascalpha_Tab 10mg M/R (Almus),Felodipine,,10 mg,calcium-channel blocker,True,False
1663,1663.0,0206020F0BJAAAB,Parmid (Felodipine),Parmid XL_Tab 5mg M/R,Felodipine,,5 mg,calcium-channel blocker,False,False
1664,1664.0,0206020F0BJABAC,Parmid (Felodipine),Parmid XL_Tab 10mg M/R,Felodipine,,10 mg,calcium-channel blocker,False,False
1665,1665.0,0206020F0BJACAD,Parmid (Felodipine),Parmid XL_Tab 2.5mg,Felodipine,,2.5 mg,calcium-channel blocker,False,False
1666,1666.0,0206020F0BKAAAB,Cardioplen,Cardioplen XL_Tab 5mg,Felodipine,,5 mg,calcium-channel blocker,True,False
1667,1667.0,0206020F0BKABAC,Cardioplen,Cardioplen XL_Tab 10mg,Felodipine,,10 mg,calcium-channel blocker,True,False
1668,1668.0,0206020F0BKACAD,Cardioplen,Cardioplen XL_Tab 2.5mg,Felodipine,,2.5 mg,calcium-channel blocker,True,False
1669,1669.0,0206020F0BLAAAB,Neofel,Neofel XL_Tab 5mg,Felodipine,,5 mg,calcium-channel blocker,True,False
1670,1670.0,0206020F0BLABAC,Neofel,Neofel XL_Tab 10mg,Felodipine,,10 mg,calcium-channel blocker,True,False
1671,1671.0,0206020F0BLACAD,Neofel,Neofel XL_Tab 2.5mg,Felodipine,,2.5 mg,calcium-channel blocker,True,False
1672,1672.0,0206020F0BLADAD,Neofel,Neofel XL_Tab 2.5mg (Actavis),Felodipine,,2.5 mg,calcium-channel blocker,True,False
1673,1673.0,0206020F0BLAEAD,Neofel,Neofel XL_Tab 2.5mg (Almus),Felodipine,,2.5 mg,calcium-channel blocker,True,False
1674,1674.0,0206020F0BMAAAC,Pinefeld,Pinefeld XL_Tab 10mg,Felodipine,,10 mg,calcium-channel blocker,True,False
1675,1675.0,0206020I0AAAAAA,Isradipine,Isradipine_Tab 2.5mg,Isradipine,,2.5 mg,calcium-channel blocker,True,False
1676,1676.0,0206020I0BBAAAA,Prescal,Prescal_Tab 2.5mg,Isradipine,,2.5 mg,calcium-channel blocker,True,False
1677,1677.0,0206020K0AAAAAA,Lacidipine,Lacidipine_Tab 2mg,Lacidipine,,2 mg,calcium-channel blocker,True,False
1678,1678.0,0206020K0AAABAB,Lacidipine,Lacidipine_Tab 4mg,Lacidipine,,4 mg,calcium-channel blocker,True,False
1679,1679.0,0206020K0AAACAC,Lacidipine,Lacidipine_Tab 2mg                   @gn,Lacidipine,,2 mg,calcium-channel blocker,True,False
1680,1680.0,0206020K0AAADAD,Lacidipine,Lacidipine_Oral Susp 2mg/5ml,Lacidipine,,2 mg/5 ml,calcium-channel blocker,True,False
1681,1681.0,0206020K0BBAAAA,Motens,Motens_Tab 2mg,Lacidipine,,2 mg,calcium-channel blocker,True,False
1682,1682.0,0206020K0BBABAB,Motens,Motens_Tab 4mg,Lacidipine,,4 mg,calcium-channel blocker,True,False
1683,1683.0,0206020K0BCAAAA,Caldine,Caldine_Tab 2mg,Lacidipine,,2 mg,calcium-channel blocker,True,False
1684,1684.0,0206020K0BDAAAB,Molap,Molap_Tab 4mg,Lacidipine,,4 mg,calcium-channel blocker,True,False
1685,1685.0,0206020L0AAAAAA,Lercanidipine HCl,Lercanidipine HCl_Tab 10mg,Lercanidipine Hydrochloride,,10 mg,calcium-channel blocker,True,False
1686,1686.0,0206020L0AAABAB,Lercanidipine HCl,Lercanidipine HCl_Tab 20mg,Lercanidipine Hydrochloride,,20 mg,calcium-channel blocker,True,False
1687,1687.0,0206020L0BBAAAA,Zanidip,Zanidip_Tab 10mg,Lercanidipine Hydrochloride,,10 mg,calcium-channel blocker,True,False
1688,1688.0,0206020L0BBABAB,Zanidip,Zanidip_Tab 20mg,Lercanidipine Hydrochloride,,20 mg,calcium-channel blocker,True,False
1689,1689.0,0206020M0AAAAAA,Nimodipine,Nimodipine_Inf 0.2mg/ml 50ml Vl,Nimodipine,,2 mg/mL,calcium-channel blocker,True,False
1690,1690.0,0206020M0AAABAB,Nimodipine,Nimodipine_Tab 30mg,Nimodipine,,30 mg,calcium-channel blocker,True,False
1691,1691.0,0206020M0AAACAC,Nimodipine,Nimodipine_Liq Spec 30mg/5ml,Nimodipine,,30 mg/5 ml,calcium-channel blocker,True,False
1692,1692.0,0206020M0BBAAAA,Nimotop,Nimotop_Inf 0.2mg/ml 50ml Vl,Nimodipine,,2 mg/mL,calcium-channel blocker,True,False
1693,1693.0,0206020M0BBABAB,Nimotop,Nimotop_Tab 30mg,Nimodipine,,30 mg,calcium-channel blocker,True,False
1694,1694.0,0206020N0AAAAAA,Lidoflazine,Lidoflazine_Tab 120mg,Lidoflazine,,120 mg,calcium-channel blocker,True,False
1695,1695.0,0206020N0BBAAAA,Clinium,Clinium_Tab 120mg,Lidoflazine,,120 mg,calcium-channel blocker,True,False
1696,1696.0,0206020P0AAAAAA,Nitrendipine,Nitrendipine_Tab 10mg,Nitrendipine,,10 mg,calcium-channel blocker,True,False
1697,1697.0,0206020P0AAABAB,Nitrendipine,Nitrendipine_Tab 20mg,Nitrendipine,,20 mg,calcium-channel blocker,True,False
1698,1698.0,0206020P0BBAAAA,Baypress,Baypress_Tab 10mg,Nitrendipine,,10 mg,calcium-channel blocker,True,False
1699,1699.0,0206020P0BBABAB,Baypress,Baypress_Tab 20mg,Nitrendipine,,20 mg,calcium-channel blocker,True,False
1700,1700.0,0206020Q0AAAAAA,Nicardipine HCl,Nicardipine HCl_Cap 20mg,Nicardipine Hydrochloride,,20 mg,calcium-channel blocker,True,False
1701,1701.0,0206020Q0AAABAB,Nicardipine HCl,Nicardipine HCl_Cap 30mg,Nicardipine Hydrochloride,,30 mg,calcium-channel blocker,True,False
1702,1702.0,0206020Q0AAACAC,Nicardipine HCl,Nicardipine HCl_Cap 30mg M/R,Nicardipine Hydrochloride,,30 mg,calcium-channel blocker,True,False
1703,1703.0,0206020Q0AAADAD,Nicardipine HCl,Nicardipine HCl_Cap 45mg M/R,Nicardipine Hydrochloride,,45 mg,calcium-channel blocker,True,False
1704,1704.0,0206020Q0AAAEAE,Nicardipine HCl,Nicardipine HCl_Cap 20mg             @gn,Nicardipine Hydrochloride,,20 mg,calcium-channel blocker,True,False
1705,1705.0,0206020Q0AAAFAF,Nicardipine HCl,Nicardipine HCl_Liq Spec 20mg/5ml,Nicardipine Hydrochloride,,20 mg/5 ml,calcium-channel blocker,True,False
1706,1706.0,0206020Q0BBAAAA,Cardene,Cardene_Cap 20mg,Nicardipine Hydrochloride,,20 mg,calcium-channel blocker,True,False
1707,1707.0,0206020Q0BBABAB,Cardene,Cardene_Cap 30mg,Nicardipine Hydrochloride,,30 mg,calcium-channel blocker,True,False
1708,1708.0,0206020Q0BBACAC,Cardene,Cardene SR_Cap 30mg,Nicardipine Hydrochloride,,30 mg,calcium-channel blocker,True,False
1709,1709.0,0206020Q0BBADAD,Cardene,Cardene SR_Cap 45mg,Nicardipine Hydrochloride,,45 mg,calcium-channel blocker,True,False
1710,1710.0,0206020R0AAAAAA,Nifedipine,Nifedipine_Cap 5mg,Nifedipine,,5 mg,calcium-channel blocker,True,False
1711,1711.0,0206020R0AAABAB,Nifedipine,Nifedipine_Cap 10mg,Nifedipine,,10 mg,calcium-channel blocker,True,False
1712,1712.0,0206020R0AAACAC,Nifedipine,Nifedipine_Tab 20mg,Nifedipine,,20 mg,calcium-channel blocker,True,False
1713,1713.0,0206020R0AAAEAE,Nifedipine,Nifedipine_Tab 10mg M/R,Nifedipine,,10 mg,calcium-channel blocker,True,False
1714,1714.0,0206020R0AAAFAF,Nifedipine,Nifedipine_Inj 0.1mg/ml 2ml Pfs,Nifedipine,,1 mg/mL,calcium-channel blocker,True,False
1715,1715.0,0206020R0AAAGAG,Nifedipine,Nifedipine_Dps 0.5%,Nifedipine,,,calcium-channel blocker,True,False
1716,1716.0,0206020R0AAAHAH,Nifedipine,Nifedipine_Cap 20mg M/R,Nifedipine,,20 mg,calcium-channel blocker,True,False
1717,1717.0,0206020R0AAAIAI,Nifedipine,Nifedipine_Tab 40mg,Nifedipine,,40 mg,calcium-channel blocker,True,False
1718,1718.0,0206020R0AAAJAJ,Nifedipine,Nifedipine_Tab 20mg (Parallel Import),Nifedipine,,20 mg,calcium-channel blocker,True,False
1719,1719.0,0206020R0AAAKAK,Nifedipine,Nifedipine_Dps 2%,Nifedipine,,,calcium-channel blocker,True,False
1720,1720.0,0206020R0AAALAL,Nifedipine,Nifedipine_Tab 20mg S/R,Nifedipine,,20 mg,calcium-channel blocker,True,False
1721,1721.0,0206020R0AAAMAM,Nifedipine,Nifedipine_Cap 10mg M/R,Nifedipine,,10 mg,calcium-channel blocker,True,False
1722,1722.0,0206020R0AAANAN,Nifedipine,Nifedipine_Tab 30mg M/R,Nifedipine,,30 mg,calcium-channel blocker,True,False
1723,1723.0,0206020R0AAAPAP,Nifedipine,Nifedipine_Tab 60mg M/R,Nifedipine,,60 mg,calcium-channel blocker,True,False
1724,1724.0,0206020R0AAAQAQ,Nifedipine,Nifedipine_Oral Liq @spec,Nifedipine,,,calcium-channel blocker,True,False
1725,1725.0,0206020R0AAARAR,Nifedipine,Nifedipine_Tab 20mg M/R,Nifedipine,,20 mg,calcium-channel blocker,True,False
1726,1726.0,0206020R0AAASAS,Nifedipine,Nifedipine_Oral Dps 20mg/ml,Nifedipine,,20 mg/mL,calcium-channel blocker,True,False
1727,1727.0,0206020R0AAATAT,Nifedipine,Nifedipine_Liq Spec 10mg/5ml,Nifedipine,,10 mg/5 ml,calcium-channel blocker,True,False
1728,1728.0,0206020R0AAAUAU,Nifedipine,Nifedipine_Liq Spec 100mg/5ml,Nifedipine,,100 mg/5 ml,calcium-channel blocker,True,False
1729,1729.0,0206020R0AAAVAV,Nifedipine,Nifedipine_Tab 10mg,Nifedipine,,10 mg,calcium-channel blocker,True,False
1730,1730.0,0206020R0AAAWAW,Nifedipine,Nifedipine_Tab 10mg M/R              @gn,Nifedipine,,10 mg,calcium-channel blocker,True,False
1731,1731.0,0206020R0AAAXAX,Nifedipine,Nifedipine_Tab 40mg M/R,Nifedipine,,40 mg,calcium-channel blocker,True,False
1732,1732.0,0206020R0AAAYAY,Nifedipine,Nifedipine_Cap 10mg M/R              @gn,Nifedipine,,10 mg,calcium-channel blocker,True,False
1733,1733.0,0206020R0AAAZAZ,Nifedipine,Nifedipine_Cap 20mg M/R              @gn,Nifedipine,,20 mg,calcium-channel blocker,True,False
1734,1734.0,0206020R0AABABA,Nifedipine,Nifedipine_Tab 40mg M/R              @gn,Nifedipine,,40 mg,calcium-channel blocker,True,False
1735,1735.0,0206020R0AABBBB,Nifedipine,Nifedipine_Liq Spec 5mg/5ml,Nifedipine,,5 mg/5 ml,calcium-channel blocker,True,False
1736,1736.0,0206020R0AABCBC,Nifedipine,Nifedipine_Liq Spec 25mg/5ml,Nifedipine,,25 mg/5 ml,calcium-channel blocker,True,False
1737,1737.0,0206020R0AABDBD,Nifedipine,Nifedipine_Liq Spec 30mg/5ml,Nifedipine,,30 mg/5 ml,calcium-channel blocker,True,False
1738,1738.0,0206020R0AABEBE,Nifedipine,Nifedipine_Cap 30mg M/R,Nifedipine,,30 mg,calcium-channel blocker,True,False
1739,1739.0,0206020R0AABFBF,Nifedipine,Nifedipine_Cap 60mg M/R,Nifedipine,,60 mg,calcium-channel blocker,True,False
1740,1740.0,0206020R0AABGBG,Nifedipine,Nifedipine_Liq Spec 20mg/5ml,Nifedipine,,20 mg/5 ml,calcium-channel blocker,True,False
1741,1741.0,0206020R0AABHBH,Nifedipine,Nifedipine_Liq Spec 1mg/5ml,Nifedipine,,1 mg/5 ml,calcium-channel blocker,True,False
1742,1742.0,0206020R0AABJBJ,Nifedipine,Nifedipine_Liq Spec 4mg/5ml,Nifedipine,,4 mg/5 ml,calcium-channel blocker,True,False
1743,1743.0,0206020R0AABKBK,Nifedipine,Nifedipine_Liq Spec 2.5mg/5ml,Nifedipine,,5 mg/5 ml,calcium-channel blocker,True,False
1744,1744.0,0206020R0AABLBL,Nifedipine,Nifedipine_Liq Spec 2mg/5ml,Nifedipine,,2 mg/5 ml,calcium-channel blocker,True,False
1745,1745.0,0206020R0AABMBM,Nifedipine,Nifedipine_Liq Spec 7.5mg/5ml,Nifedipine,,5 mg/5 ml,calcium-channel blocker,True,False
1746,1746.0,0206020R0AABNBN,Nifedipine,Nifedipine_Liq Spec 2.2mg/5ml,Nifedipine,,2 mg/5 ml,calcium-channel blocker,True,False
1747,1747.0,0206020R0AABPBP,Nifedipine,Nifedipine_Liq Spec 60mg/5ml,Nifedipine,,60 mg/5 ml,calcium-channel blocker,True,False
1748,1748.0,0206020R0AABQBQ,Nifedipine,Nifedipine_Oral Susp 10mg/5ml,Nifedipine,,10 mg/5 ml,calcium-channel blocker,True,False
1749,1749.0,0206020R0AABRBR,Nifedipine,Nifedipine_Oral Susp 5mg/5ml,Nifedipine,,5 mg/5 ml,calcium-channel blocker,True,False
1750,1750.0,0206020R0BBAAAA,Adalat,Adalat_Cap 5mg,Nifedipine,,5 mg,calcium-channel blocker,True,False
1751,1751.0,0206020R0BBABAB,Adalat,Adalat_Cap 10mg,Nifedipine,,10 mg,calcium-channel blocker,True,False
1752,1752.0,0206020R0BBAEAF,Adalat,Adalat IC_Inj 0.1mg/ml 2ml Pfs,Nifedipine,,1 mg/mL,calcium-channel blocker,True,False
1753,1753.0,0206020R0BBAFAR,Adalat,Adalat Ret_Tab 20mg,Nifedipine,,20 mg,calcium-channel blocker,True,False
1754,1754.0,0206020R0BBAGAE,Adalat,Adalat Ret_Tab 10mg,Nifedipine,,10 mg,calcium-channel blocker,True,False
1755,1755.0,0206020R0BBAHAN,Adalat,Adalat LA _Tab 30mg,Nifedipine,,30 mg,calcium-channel blocker,True,False
1756,1756.0,0206020R0BBAIAP,Adalat,Adalat LA _Tab 60mg,Nifedipine,,60 mg,calcium-channel blocker,True,False
1757,1757.0,0206020R0BBAJAR,Adalat,Adalat LA_Tab 20mg,Nifedipine,,20 mg,calcium-channel blocker,True,False
1758,1758.0,0206020R0BCAAAI,Adalat A.R.,Adalat A.R._Tab 40mg,Nifedipine,,40 mg,calcium-channel blocker,True,False
1759,1759.0,0206020R0BCABAC,Adalat A.R.,Adalat A.R._Tab 20mg,Nifedipine,,20 mg,calcium-channel blocker,True,False
1760,1760.0,0206020R0BDAAAA,Vasad,Vasad_Cap 5mg,Nifedipine,,5 mg,calcium-channel blocker,True,False
1761,1761.0,0206020R0BDABAB,Vasad,Vasad_Cap 10mg,Nifedipine,,10 mg,calcium-channel blocker,True,False
1762,1762.0,0206020R0BFAAAB,Calcilat,Calcilat_Cap 10mg,Nifedipine,,10 mg,calcium-channel blocker,True,False
1763,1763.0,0206020R0BGAAAH,Coracten,Coracten SR_Cap 20mg,Nifedipine,,20 mg,calcium-channel blocker,True,False
1764,1764.0,0206020R0BGABAM,Coracten,Coracten SR_Cap 10mg,Nifedipine,,10 mg,calcium-channel blocker,True,False
1765,1765.0,0206020R0BGACBE,Coracten,Coracten XL_Cap 30mg,Nifedipine,,30 mg,calcium-channel blocker,True,False
1766,1766.0,0206020R0BGADBF,Coracten,Coracten XL_Cap 60mg,Nifedipine,,60 mg,calcium-channel blocker,True,False
1767,1767.0,0206020R0BHAAAA,Angiopine,Angiopine 5_Cap 5mg,Nifedipine,,5 mg,calcium-channel blocker,True,False
1768,1768.0,0206020R0BHABAB,Angiopine,Angiopine 10_Cap 10mg,Nifedipine,,10 mg,calcium-channel blocker,True,False
1769,1769.0,0206020R0BHACAR,Angiopine,Angiopine MR 20_Tab 20mg,Nifedipine,,20 mg,calcium-channel blocker,True,False
1770,1770.0,0206020R0BHADAX,Angiopine,Angiopine 40 LA_Tab 40mg,Nifedipine,,40 mg,calcium-channel blocker,True,False
1771,1771.0,0206020R0BHAEAE,Angiopine,Angiopine MR 10_Tab 10mg,Nifedipine,,10 mg,calcium-channel blocker,True,False
1772,1772.0,0206020R0BIAAAC,Adalate LP,Adalate LP_Tab 20mg,Nifedipine,,20 mg,calcium-channel blocker,True,False
1773,1773.0,0206020R0BJAAAR,Nifensar Xl,Nifensar Xl_Tab 20mg,Nifedipine,,20 mg,calcium-channel blocker,True,False
1774,1774.0,0206020R0BKAAAA,Kentipine,Kentipine_Cap 5mg,Nifedipine,,5 mg,calcium-channel blocker,True,False
1775,1775.0,0206020R0BKABAB,Kentipine,Kentipine_Cap 10mg,Nifedipine,,10 mg,calcium-channel blocker,True,False
1776,1776.0,0206020R0BKACAR,Kentipine,Kentipine MR 20_Tab 20mg,Nifedipine,,20 mg,calcium-channel blocker,True,False
1777,1777.0,0206020R0BKADAE,Kentipine,Kentipine MR 10_Tab 10mg,Nifedipine,,10 mg,calcium-channel blocker,True,False
1778,1778.0,0206020R0BLAAAR,Cardilate,Cardilate MR_Tab 20mg,Nifedipine,,20 mg,calcium-channel blocker,True,False
1779,1779.0,0206020R0BLABAE,Cardilate,Cardilate MR_Tab 10mg,Nifedipine,,10 mg,calcium-channel blocker,True,False
1780,1780.0,0206020R0BMAAAS,Nife-Wolff,Nife-Wolff_Oral Dps 20mg/1ml,Nifedipine,,20 mg/1 ml,calcium-channel blocker,True,False
1781,1781.0,0206020R0BNAAAR,Nifelease,Nifelease_Tab 20mg,Nifedipine,,20 mg,calcium-channel blocker,True,False
1782,1782.0,0206020R0BPAAAB,Calanif,Calanif_Cap 10mg,Nifedipine,,10 mg,calcium-channel blocker,True,False
1783,1783.0,0206020R0BPABAA,Calanif,Calanif_Cap 5mg,Nifedipine,,5 mg,calcium-channel blocker,True,False
1784,1784.0,0206020R0BQAAAR,Hypolar,Hypolar Ret 20_Tab 20mg,Nifedipine,,20 mg,calcium-channel blocker,True,False
1785,1785.0,0206020R0BQABAN,Hypolar,Hypolar XL 30_Tab 30mg,Nifedipine,,30 mg,calcium-channel blocker,True,False
1786,1786.0,0206020R0BQACAE,Hypolar,Hypolar Ret 10_Tab 10mg,Nifedipine,,10 mg,calcium-channel blocker,True,False
1787,1787.0,0206020R0BRAAAR,Adipine,Adipine MR 20_Tab 20mg,Nifedipine,,20 mg,calcium-channel blocker,True,False
1788,1788.0,0206020R0BRABAE,Adipine,Adipine MR 10_Tab 10mg,Nifedipine,,10 mg,calcium-channel blocker,True,False
1789,1789.0,0206020R0BRACAN,Adipine,Adipine XL_Tab 30mg,Nifedipine,,30 mg,calcium-channel blocker,True,False
1790,1790.0,0206020R0BRADAP,Adipine,Adipine XL_Tab 60mg,Nifedipine,,60 mg,calcium-channel blocker,True,False
1791,1791.0,0206020R0BSAAAN,Unipine,Unipine XL_Tab 30mg,Nifedipine,,30 mg,calcium-channel blocker,True,False
1792,1792.0,0206020R0BTAAAS,Nifedipin,Nifedipin_Oral Dps 20mg/1ml,Nifedipine,,20 mg/1 ml,calcium-channel blocker,True,False
1793,1793.0,0206020R0BUAAAE,Nimodrel,Nimodrel MR 10_Tab 10mg,Nifedipine,,10 mg,calcium-channel blocker,True,False
1794,1794.0,0206020R0BUABAR,Nimodrel,Nimodrel MR 20_Tab 20mg,Nifedipine,,20 mg,calcium-channel blocker,True,False
1795,1795.0,0206020R0BUACAN,Nimodrel,Nimodrel XL_Tab 30mg,Nifedipine,,30 mg,calcium-channel blocker,True,False
1796,1796.0,0206020R0BUADAP,Nimodrel,Nimodrel XL_Tab 60mg,Nifedipine,,60 mg,calcium-channel blocker,True,False
1797,1797.0,0206020R0BVAAAR,Slofedipine,Slofedipine_Tab 20mg,Nifedipine,,20 mg,calcium-channel blocker,True,False
1798,1798.0,0206020R0BVABAN,Slofedipine,Slofedipine XL 30_Tab 30mg,Nifedipine,,30 mg,calcium-channel blocker,True,False
1799,1799.0,0206020R0BVACAP,Slofedipine,Slofedipine XL 60_Tab 60mg,Nifedipine,,60 mg,calcium-channel blocker,True,False
1800,1800.0,0206020R0BWAAAE,Tensipine,Tensipine MR 10_Tab 10mg,Nifedipine,,10 mg,calcium-channel blocker,True,False
1801,1801.0,0206020R0BWABAR,Tensipine,Tensipine MR 20_Tab 20mg,Nifedipine,,20 mg,calcium-channel blocker,True,False
1802,1802.0,0206020R0BXAAAX,Fortipine,Fortipine LA40_Tab 40mg,Nifedipine,,40 mg,calcium-channel blocker,True,False
1803,1803.0,0206020R0BYAAAR,Nifedotard,Nifedotard 20 MR_Tab 20mg,Nifedipine,,20 mg,calcium-channel blocker,True,False
1804,1804.0,0206020R0BZAAAE,Genalat,Genalat 10 Ret_Tab 10mg,Nifedipine,,10 mg,calcium-channel blocker,True,False
1805,1805.0,0206020R0BZABAR,Genalat,Genalat 20 Ret_Tab 20mg,Nifedipine,,20 mg,calcium-channel blocker,True,False
1806,1806.0,0206020R0CBAAAE,Nifedipress,Nifedipress MR 10_Tab 10mg,Nifedipine,,10 mg,calcium-channel blocker,True,False
1807,1807.0,0206020R0CBABAR,Nifedipress,Nifedipress MR 20_Tab 20mg,Nifedipine,,20 mg,calcium-channel blocker,True,False
1808,1808.0,0206020R0CBACAE,Nifedipress,Nifedipress MR 10_Tab 10mg (Teva UK),Nifedipine,,10 mg,calcium-channel blocker,True,False
1809,1809.0,0206020R0CBADAR,Nifedipress,Nifedipress MR 20_Tab 20mg (Actavis),Nifedipine,,20 mg,calcium-channel blocker,True,False
1810,1810.0,0206020R0CBAEAR,Nifedipress,Nifedipress MR 20_Tab 20mg (Teva UK),Nifedipine,,20 mg,calcium-channel blocker,True,False
1811,1811.0,0206020R0CCAAAE,Nivaten,Nivaten Ret_Tab 10mg,Nifedipine,,10 mg,calcium-channel blocker,True,False
1812,1812.0,0206020R0CCABAR,Nivaten,Nivaten Ret_Tab 20mg,Nifedipine,,20 mg,calcium-channel blocker,True,False
1813,1813.0,0206020R0CDAAAR,Coroday,Coroday MR_Tab 20mg,Nifedipine,,20 mg,calcium-channel blocker,True,False
1814,1814.0,0206020R0CEAAAR,Nifopress,Nifopress Ret_Tab 20mg,Nifedipine,,20 mg,calcium-channel blocker,True,False
1815,1815.0,0206020R0CEABAR,Nifopress,Nifopress MR_Tab 20mg,Nifedipine,,20 mg,calcium-channel blocker,True,False
1816,1816.0,0206020R0CFAAAR,Valni,Valni 20 Ret_Tab 20mg,Nifedipine,,20 mg,calcium-channel blocker,True,False
1817,1817.0,0206020R0CFABAN,Valni,Valni XL_Tab 30mg,Nifedipine,,30 mg,calcium-channel blocker,True,False
1818,1818.0,0206020R0CFACAP,Valni,Valni XL_Tab 60mg,Nifedipine,,60 mg,calcium-channel blocker,True,False
1819,1819.0,0206020R0CGAAAE,Calchan,Calchan MR 10_Tab 10mg,Nifedipine,,10 mg,calcium-channel blocker,True,False
1820,1820.0,0206020R0CGABAR,Calchan,Calchan MR 20_Tab 20mg,Nifedipine,,20 mg,calcium-channel blocker,True,False
1821,1821.0,0206020R0CHAAAN,Neozipine,Neozipine XL_Tab 30mg,Nifedipine,,30 mg,calcium-channel blocker,True,False
1822,1822.0,0206020R0CHABAP,Neozipine,Neozipine XL_Tab 60mg,Nifedipine,,60 mg,calcium-channel blocker,True,False
1823,1823.0,0206020R0CIAAAN,Adanif,Adanif XL_Tab 30mg,Nifedipine,,30 mg,calcium-channel blocker,True,False
1824,1824.0,0206020R0CIABAP,Adanif,Adanif XL_Tab 60mg,Nifedipine,,60 mg,calcium-channel blocker,True,False
1825,1825.0,0206020R0CJAAAN,Nidef,Nidef_Tab 30mg M/R,Nifedipine,,30 mg,calcium-channel blocker,True,False
1826,1826.0,0206020R0CJABAP,Nidef,Nidef_Tab 60mg M/R,Nifedipine,,60 mg,calcium-channel blocker,True,False
1827,1827.0,0206020S0AAAAAA,Prenylamine Lact,Prenylamine Lact_Tab 60mg,PrenylamineLactate,,60 mg,calcium-channel blocker,True,False
1828,1828.0,0206020S0BBAAAA,Synadrin,Synadrin_Tab 60mg,PrenylamineLactate,,60 mg,calcium-channel blocker,True,False
1829,1829.0,0206020T0AAA1A1,Verapamil HCl,Verapamil HCl_Liq Spec 80mg/5ml,Verapamil Hydrochloride,,80 mg/5 ml,calcium-channel blocker,True,False
1830,1830.0,0206020T0AAA2A2,Verapamil HCl,Verapamil HCl_Liq Spec 20mg/5ml,Verapamil Hydrochloride,,20 mg/5 ml,calcium-channel blocker,True,False
1831,1831.0,0206020T0AAA3A3,Verapamil HCl,Verapamil HCl_Liq Spec 10mg/5ml,Verapamil Hydrochloride,,10 mg/5 ml,calcium-channel blocker,True,False
1832,1832.0,0206020T0AAAAAA,Verapamil HCl,Verapamil HCl_Inj 2.5mg/ml 2ml Amp,Verapamil Hydrochloride,,5 mg/mL,calcium-channel blocker,True,False
1833,1833.0,0206020T0AAACAC,Verapamil HCl,Verapamil HCl_Tab 40mg,Verapamil Hydrochloride,,40 mg,calcium-channel blocker,True,False
1834,1834.0,0206020T0AAADAD,Verapamil HCl,Verapamil HCl_Tab 80mg,Verapamil Hydrochloride,,80 mg,calcium-channel blocker,True,False
1835,1835.0,0206020T0AAAEAE,Verapamil HCl,Verapamil HCl_Tab 100mg,Verapamil Hydrochloride,,100 mg,calcium-channel blocker,True,False
1836,1836.0,0206020T0AAAFAF,Verapamil HCl,Verapamil HCl_Tab 120mg,Verapamil Hydrochloride,,120 mg,calcium-channel blocker,True,False
1837,1837.0,0206020T0AAAGAG,Verapamil HCl,Verapamil HCl_Tab 160mg,Verapamil Hydrochloride,,160 mg,calcium-channel blocker,True,False
1838,1838.0,0206020T0AAAHAH,Verapamil HCl,Verapamil HCl_Tab 240mg M/R,Verapamil Hydrochloride,,240 mg,calcium-channel blocker,True,False
1839,1839.0,0206020T0AAAIAI,Verapamil HCl,Verapamil HCl_Cap 120mg M/R,Verapamil Hydrochloride,,120 mg,calcium-channel blocker,True,False
1840,1840.0,0206020T0AAAJAJ,Verapamil HCl,Verapamil HCl_Cap 180mg M/R,Verapamil Hydrochloride,,180 mg,calcium-channel blocker,True,False
1841,1841.0,0206020T0AAAKAK,Verapamil HCl,Verapamil HCl_Cap 240mg M/R,Verapamil Hydrochloride,,240 mg,calcium-channel blocker,True,False
1842,1842.0,0206020T0AAALAL,Verapamil HCl,Verapamil HCl_Pdrs 7.5mg,Verapamil Hydrochloride,,7.5 mg,calcium-channel blocker,True,False
1843,1843.0,0206020T0AAAMAM,Verapamil HCl,Verapamil HCl_Cap 7.5mg,Verapamil Hydrochloride,,7.5 mg,calcium-channel blocker,True,False
1844,1844.0,0206020T0AAANAN,Verapamil HCl,Verapamil HCl_I/V Inj 2.5mg/ml 2ml Syrg,Verapamil Hydrochloride,,5 mg/mL,calcium-channel blocker,True,False
1845,1845.0,0206020T0AAAPAP,Verapamil HCl,Verapamil HCl_Susp 3.5mg/5ml,Verapamil Hydrochloride,,5 mg/5 ml,calcium-channel blocker,True,False
1846,1846.0,0206020T0AAAQAQ,Verapamil HCl,Verapamil HCl_Pdrs 40mg,Verapamil Hydrochloride,,40 mg,calcium-channel blocker,True,False
1847,1847.0,0206020T0AAARAR,Verapamil HCl,Verapamil HCl_Susp 20mg/5ml,Verapamil Hydrochloride,,20 mg/5 ml,calcium-channel blocker,True,False
1848,1848.0,0206020T0AAASAS,Verapamil HCl,Verapamil HCl_Susp 80mg/5ml,Verapamil Hydrochloride,,80 mg/5 ml,calcium-channel blocker,True,False
1849,1849.0,0206020T0AAATAT,Verapamil HCl,Verapamil HCl_Susp 40mg/5ml,Verapamil Hydrochloride,,40 mg/5 ml,calcium-channel blocker,True,False
1850,1850.0,0206020T0AAAUAU,Verapamil HCl,Verapamil HCl_Tab 120mg M/R,Verapamil Hydrochloride,,120 mg,calcium-channel blocker,True,False
1851,1851.0,0206020T0AAAVAV,Verapamil HCl,Verapamil HCl_Oral Soln 40mg/5ml S/F,Verapamil Hydrochloride,,40 mg/5 ml,calcium-channel blocker,True,False
1852,1852.0,0206020T0AAAWAW,Verapamil HCl,Verapamil HCl_Susp 120mg/5ml,Verapamil Hydrochloride,,120 mg/5 ml,calcium-channel blocker,True,False
1853,1853.0,0206020T0AAAXAX,Verapamil HCl,Verapamil HCl_Pdrs 2.5mg,Verapamil Hydrochloride,,2.5 mg,calcium-channel blocker,True,False
1854,1854.0,0206020T0AAAYAY,Verapamil HCl,Verapamil HCl_Oral Liq @spec,Verapamil Hydrochloride,,,calcium-channel blocker,True,False
1855,1855.0,0206020T0AAAZAZ,Verapamil HCl,Verapamil HCl_Liq Spec 40mg/5ml,Verapamil Hydrochloride,,40 mg/5 ml,calcium-channel blocker,True,False
1856,1856.0,0206020T0AABABA,Verapamil HCl,Verapamil HCl_Liq Spec 120mg/5ml,Verapamil Hydrochloride,,120 mg/5 ml,calcium-channel blocker,True,False
1857,1857.0,0206020T0AABBBB,Verapamil HCl,Verapamil HCl_Tab 240mg M/R          @gn,Verapamil Hydrochloride,,240 mg,calcium-channel blocker,True,False
1858,1858.0,0206020T0AABCBC,Verapamil HCl,Verapamil HCl_Cap 240mg M/R          @gn,Verapamil Hydrochloride,,240 mg,calcium-channel blocker,True,False
1859,1859.0,0206020T0AABDBD,Verapamil HCl,Verapamil HCl_Liq Spec 45mg/5ml,Verapamil Hydrochloride,,45 mg/5 ml,calcium-channel blocker,True,False
1860,1860.0,0206020T0AABEBE,Verapamil HCl,Verapamil HCl_Liq Spec 30mg/5ml,Verapamil Hydrochloride,,30 mg/5 ml,calcium-channel blocker,True,False
1861,1861.0,0206020T0AABFBF,Verapamil HCl,Verapamil HCl_Liq Spec 250mg/5ml,Verapamil Hydrochloride,,250 mg/5 ml,calcium-channel blocker,True,False
1862,1862.0,0206020T0AABGBG,Verapamil HCl,Verapamil HCl_Liq Spec 50mg/5ml,Verapamil Hydrochloride,,50 mg/5 ml,calcium-channel blocker,True,False
1863,1863.0,0206020T0AABHBH,Verapamil HCl,Verapamil HCl_Liq Spec 240mg/5ml,Verapamil Hydrochloride,,240 mg/5 ml,calcium-channel blocker,True,False
1864,1864.0,0206020T0AABIBI,Verapamil HCl,Verapamil HCl_Tab 120mg M/R          @gn,Verapamil Hydrochloride,,120 mg,calcium-channel blocker,True,False
1865,1865.0,0206020T0BBAAAC,Berkatens,Berkatens_Tab 40mg,Verapamil Hydrochloride,,40 mg,calcium-channel blocker,True,False
1866,1866.0,0206020T0BBABAD,Berkatens,Berkatens_Tab 80mg,Verapamil Hydrochloride,,80 mg,calcium-channel blocker,True,False
1867,1867.0,0206020T0BBACAF,Berkatens,Berkatens_Tab 120mg,Verapamil Hydrochloride,,120 mg,calcium-channel blocker,True,False
1868,1868.0,0206020T0BBADAG,Berkatens,Berkatens_Tab 160mg,Verapamil Hydrochloride,,160 mg,calcium-channel blocker,True,False
1869,1869.0,0206020T0BCAAAC,Cordilox,Cordilox_Tab 40mg,Verapamil Hydrochloride,,40 mg,calcium-channel blocker,True,False
1870,1870.0,0206020T0BCABAD,Cordilox,Cordilox_Tab 80mg,Verapamil Hydrochloride,,80 mg,calcium-channel blocker,True,False
1871,1871.0,0206020T0BCACAF,Cordilox,Cordilox_Tab 120mg,Verapamil Hydrochloride,,120 mg,calcium-channel blocker,True,False
1872,1872.0,0206020T0BCADAG,Cordilox,Cordilox_Tab 160mg,Verapamil Hydrochloride,,160 mg,calcium-channel blocker,True,False
1873,1873.0,0206020T0BCAEAA,Cordilox,Cordilox I.V._Inj 2.5mg/ml 2ml Amp,Verapamil Hydrochloride,,5 mg/mL,calcium-channel blocker,True,False
1874,1874.0,0206020T0BCAFAH,Cordilox,Cordilox MR 240_Tab 240mg,Verapamil Hydrochloride,,240 mg,calcium-channel blocker,True,False
1875,1875.0,0206020T0BDAAAC,Securon,Securon_Tab 40mg,Verapamil Hydrochloride,,40 mg,calcium-channel blocker,True,False
1876,1876.0,0206020T0BDABAD,Securon,Securon Mid_Tab 80mg,Verapamil Hydrochloride,,80 mg,calcium-channel blocker,True,False
1877,1877.0,0206020T0BDACAF,Securon,Securon_Tab 120mg,Verapamil Hydrochloride,,120 mg,calcium-channel blocker,True,False
1878,1878.0,0206020T0BDADAG,Securon,Securon_Tab 160mg,Verapamil Hydrochloride,,160 mg,calcium-channel blocker,True,False
1879,1879.0,0206020T0BDAEAH,Securon,Securon SR_Tab 240mg,Verapamil Hydrochloride,,240 mg,calcium-channel blocker,True,False
1880,1880.0,0206020T0BDAFAN,Securon,Securon Iv_Inj 2.5mg/ml 2ml Pfs,Verapamil Hydrochloride,,5 mg/mL,calcium-channel blocker,True,False
1881,1881.0,0206020T0BDAGAU,Securon,Half Securon SR_Tab 120mg,Verapamil Hydrochloride,,120 mg,calcium-channel blocker,True,False
1882,1882.0,0206020T0BDAHAD,Securon,Securon_Tab 80mg,Verapamil Hydrochloride,,80 mg,calcium-channel blocker,True,False
1883,1883.0,0206020T0BDAIAA,Securon,Securon IV_Inj 2.5mg/ml 2ml Amp,Verapamil Hydrochloride,,5 mg/mL,calcium-channel blocker,True,False
1884,1884.0,0206020T0BFAAAI,Univer,Univer_Cap 120mg M/R,Verapamil Hydrochloride,,120 mg,calcium-channel blocker,True,False
1885,1885.0,0206020T0BFABAJ,Univer,Univer_Cap 180mg M/R,Verapamil Hydrochloride,,180 mg,calcium-channel blocker,True,False
1886,1886.0,0206020T0BFACAK,Univer,Univer_Cap 240mg M/R,Verapamil Hydrochloride,,240 mg,calcium-channel blocker,True,False
1887,1887.0,0206020T0BGAAAC,Geangin,Geangin_Tab 40mg,Verapamil Hydrochloride,,40 mg,calcium-channel blocker,True,False
1888,1888.0,0206020T0BGABAD,Geangin,Geangin_Tab 80mg,Verapamil Hydrochloride,,80 mg,calcium-channel blocker,True,False
1889,1889.0,0206020T0BGACAF,Geangin,Geangin_Tab 120mg,Verapamil Hydrochloride,,120 mg,calcium-channel blocker,True,False
1890,1890.0,0206020T0BHAAAH,Verapress,Verapress MR 240_Tab 240mg,Verapamil Hydrochloride,,240 mg,calcium-channel blocker,True,False
1891,1891.0,0206020T0BHABAH,Verapress,Verapress MR 240_Tab 240mg (Sandoz),Verapamil Hydrochloride,,240 mg,calcium-channel blocker,True,False
1892,1892.0,0206020T0BHACAH,Verapress,Verapress MR 240_Tab 240mg (Actavis),Verapamil Hydrochloride,,240 mg,calcium-channel blocker,True,False
1893,1893.0,0206020T0BHADAH,Verapress,Verapress MR 240_Tab 240mg (Teva),Verapamil Hydrochloride,,240 mg,calcium-channel blocker,True,False
1894,1894.0,0206020T0BIAAAH,Ethimil,Ethimil MR 240_Tab 240mg,Verapamil Hydrochloride,,240 mg,calcium-channel blocker,True,False
1895,1895.0,0206020T0BJAAAH,Vertab,Vertab SR 240_Tab 240mg,Verapamil Hydrochloride,,240 mg,calcium-channel blocker,True,False
1896,1896.0,0206020T0BKAAAV,Zolvera,Zolvera_Oral Soln 40mg/5ml S/F,Verapamil Hydrochloride,,40 mg/5 ml,calcium-channel blocker,True,False
1897,1897.0,0206020T0BLAAAH,Ranvera,Ranvera MR_Tab 240mg,Verapamil Hydrochloride,,240 mg,calcium-channel blocker,True,False
1898,1898.0,0206020T0BMAAAU,Vera-Til,Vera-Til SR_Tab 120mg,Verapamil Hydrochloride,,120 mg,calcium-channel blocker,True,False
1899,1899.0,0206020T0BMABAH,Vera-Til,Vera-Til SR_Tab 240mg,Verapamil Hydrochloride,,240 mg,calcium-channel blocker,True,False
1900,1900.0,0206020T0BMACAH,Vera-Til,Vera-Til SR_Tab 240mg (Actavis),Verapamil Hydrochloride,,240 mg,calcium-channel blocker,True,False
1901,1901.0,0206020T0BMADAU,Vera-Til,Vera-Til SR_Tab 120mg (Actavis),Verapamil Hydrochloride,,120 mg,calcium-channel blocker,True,False
1902,1902.0,0206020T0BNAAAH,Manidon,Manidon SR_Tab 240mg,Verapamil Hydrochloride,,240 mg,calcium-channel blocker,True,False
1903,1903.0,0206020V0AAAAAA,Perhexiline Mal,Perhexiline Mal_Tab 100mg,Perhexiline Maleate,,100 mg,calcium-channel blocker,True,False
1904,1904.0,0206020V0BBAAAA,Pexid,Pexid_Tab 100mg,Perhexiline Maleate,,100 mg,calcium-channel blocker,True,False
1905,1905.0,0206020V0BCAAAA,Pexsig,Pexsig_Tab 100mg,Perhexiline Maleate,,100 mg,calcium-channel blocker,True,False
1906,1906.0,0206020W0AAAAAA,Nisoldipine,Nisoldipine_Tab 10mg M/R,Nisoldipine,,10 mg,calcium-channel blocker,True,False
1907,1907.0,0206020W0AAABAB,Nisoldipine,Nisoldipine_Tab 20mg M/R,Nisoldipine,,20 mg,calcium-channel blocker,True,False
1908,1908.0,0206020W0AAACAC,Nisoldipine,Nisoldipine_Tab 30mg M/R,Nisoldipine,,30 mg,calcium-channel blocker,True,False
1909,1909.0,0206020W0BBAAAA,Syscor,Syscor MR 10_Tab 10mg,Nisoldipine,,10 mg,calcium-channel blocker,True,False
1910,1910.0,0206020W0BBABAB,Syscor,Syscor MR 20_Tab 20mg,Nisoldipine,,20 mg,calcium-channel blocker,True,False
1911,1911.0,0206020W0BBACAC,Syscor,Syscor MR 30_Tab 30mg,Nisoldipine,,30 mg,calcium-channel blocker,True,False
1912,1912.0,0206020W0BCAAAB,Sular,Sular_Tab 20mg,Nisoldipine,,20 mg,calcium-channel blocker,True,False
1913,1913.0,0206020X0AAAAAA,Mibefradil,Mibefradil_Tab 50mg,Mibefradil,,50 mg,calcium-channel blocker,True,False
1914,1914.0,0206020X0AAABAB,Mibefradil,Mibefradil_Tab 100mg,Mibefradil,,100 mg,calcium-channel blocker,True,False
1915,1915.0,0206020X0BBAAAA,Posicor,Posicor 50_Tab 50mg,Mibefradil,,50 mg,calcium-channel blocker,True,False
1916,1916.0,0206020X0BBABAB,Posicor,Posicor 100_Tab 100mg,Mibefradil,,100 mg,calcium-channel blocker,True,False
1917,1917.0,0206020Y0AAAAAA,Buflomedil HCl,Buflomedil HCl_Tab 300mg             @gn,Buflomedil Hydrochloride,,300 mg,calcium-channel blocker,True,False
1918,1918.0,0206020Y0AAABAB,Buflomedil HCl,Buflomedil HCl_Tab 150mg,Buflomedil Hydrochloride,,150 mg,calcium-channel blocker,True,False
1919,1919.0,0206020Y0AAACAC,Buflomedil HCl,Buflomedil HCl_Tab 300mg,Buflomedil Hydrochloride,,300 mg,calcium-channel blocker,True,False
1920,1920.0,0206020Y0BBAAAC,Bufedil,Bufedil Fte_Tab 300mg,Buflomedil Hydrochloride,,300 mg,calcium-channel blocker,True,False
1921,1921.0,0206020Y0BCAAAB,Fonzylane,Fonzylane_Tab 150mg,Buflomedil Hydrochloride,,150 mg,calcium-channel blocker,True,False
1922,1922.0,0206020Z0AAAAAA,Valsartan/Amlodipine,Amlodipine/Valsartan_Tab 5mg/80mg,Valsartan/Amlodipine,,5 mg,calcium-channel blocker,True,False
1923,1923.0,0206020Z0AAABAB,Valsartan/Amlodipine,Amlodipine/Valsartan_Tab 5mg/160mg,Valsartan/Amlodipine,,5 mg,calcium-channel blocker,True,False
1924,1924.0,0206020Z0AAACAC,Valsartan/Amlodipine,Amlodipine/Valsartan_Tab 10mg/160mg,Valsartan/Amlodipine,,10 mg,calcium-channel blocker,True,False
1925,1925.0,0206020Z0BBAAAA,Exforge,Exforge_Tab 5mg/80mg,Valsartan/Amlodipine,,5 mg,calcium-channel blocker,True,False
1926,1926.0,0206020Z0BBABAB,Exforge,Exforge_Tab 5mg/160mg,Valsartan/Amlodipine,,5 mg,calcium-channel blocker,True,False
1927,1927.0,0206020Z0BBACAC,Exforge,Exforge_Tab 10mg/160mg,Valsartan/Amlodipine,,10 mg,calcium-channel blocker,True,False
1928,1928.0,0202010B0AAAAAA,Bendroflumethiazide,Bendroflumethiazide_Tab 1mg,Bendroflumethiazide,,1 mg,diuretic,False,True
1929,1929.0,0202010B0AAABAB,Bendroflumethiazide,Bendroflumethiazide_Tab 2.5mg,Bendroflumethiazide,,2.5 mg,diuretic,False,True
1930,1930.0,0202010B0AAACAC,Bendroflumethiazide,Bendroflumethiazide_Tab 5mg,Bendroflumethiazide,,5 mg,diuretic,False,True
1931,1931.0,0202010B0AAADAD,Bendroflumethiazide,Bendroflumethiazide_Tab 10mg,Bendroflumethiazide,,10 mg,diuretic,False,True
1932,1932.0,0202010B0AAAEAE,Bendroflumethiazide,Bendroflumethiazide_Tab 40mg,Bendroflumethiazide,,40 mg,diuretic,False,True
1933,1933.0,0202010B0AAAFAF,Bendroflumethiazide,Bendroflumethiazide_Sach 1.25mg,Bendroflumethiazide,,1.25 mg,diuretic,False,True
1934,1934.0,0202010B0AAAGAG,Bendroflumethiazide,Bendroflumethiazide_Mix 1.25mg/5ml,Bendroflumethiazide,,25 mg/5 ml,diuretic,False,True
1935,1935.0,0202010B0AAAHAH,Bendroflumethiazide,Bendroflumethiazide_Susp 500mcg/1ml,Bendroflumethiazide,,,diuretic,False,True
1936,1936.0,0202010B0AAAIAI,Bendroflumethiazide,Bendroflumethiazide_Syr 1.5mg/5ml,Bendroflumethiazide,,5 mg/5 ml,diuretic,False,True
1937,1937.0,0202010B0AAAJAJ,Bendroflumethiazide,Bendroflumethiazide_Syr 1.25mg/5ml,Bendroflumethiazide,,25 mg/5 ml,diuretic,False,True
1938,1938.0,0202010B0AAAKAK,Bendroflumethiazide,Bendroflumethiazide_Cap 1.25mg,Bendroflumethiazide,,1.25 mg,diuretic,False,True
1939,1939.0,0202010B0AAALAL,Bendroflumethiazide,Bendroflumethiazide_Syr 5mg/5ml,Bendroflumethiazide,,5 mg/5 ml,diuretic,False,True
1940,1940.0,0202010B0AAAMAM,Bendroflumethiazide,Bendroflumethiazide_Syr 2.5mg/5ml,Bendroflumethiazide,,5 mg/5 ml,diuretic,False,True
1941,1941.0,0202010B0AAANAN,Bendroflumethiazide,Bendroflumethiazide_Oral Liq @spec,Bendroflumethiazide,,,diuretic,False,True
1942,1942.0,0202010B0AAAPAP,Bendroflumethiazide,Bendroflumethiazide_Liq Spec 2.5mg/5ml,Bendroflumethiazide,,5 mg/5 ml,diuretic,False,True
1943,1943.0,0202010B0AAAQAQ,Bendroflumethiazide,Bendroflumethiazide_Liq Spec 5mg/5ml,Bendroflumethiazide,,5 mg/5 ml,diuretic,False,True
1944,1944.0,0202010B0AAARAR,Bendroflumethiazide,Bendroflumethiazide_Cap 5mg,Bendroflumethiazide,,5 mg,diuretic,False,True
1945,1945.0,0202010B0AAASAS,Bendroflumethiazide,Bendroflumethiazide_Liq Spec 2mg/5ml,Bendroflumethiazide,,2 mg/5 ml,diuretic,False,True
1946,1946.0,0202010B0AAATAT,Bendroflumethiazide,Bendroflumethiazide_Cap 2.5mg,Bendroflumethiazide,,2.5 mg,diuretic,False,True
1947,1947.0,0202010B0AAAUAU,Bendroflumethiazide,Bendroflumethiazide_Liq Spec 1.25mg/5ml,Bendroflumethiazide,,25 mg/5 ml,diuretic,False,True
1948,1948.0,0202010B0AAAVAV,Bendroflumethiazide,Bendroflumethiazide_Liq Spec 3.75mg/5ml,Bendroflumethiazide,,75 mg/5 ml,diuretic,False,True
1949,1949.0,0202010B0AAAWAW,Bendroflumethiazide,Bendroflumethiazide_Liq Spec 1mg/5ml,Bendroflumethiazide,,1 mg/5 ml,diuretic,False,True
1950,1950.0,0202010B0AAAXAX,Bendroflumethiazide,Bendroflumethiazide_Oral Susp 2.5mg/5ml,Bendroflumethiazide,,5 mg/5 ml,diuretic,False,True
1951,1951.0,0202010B0BBAAAB,Aprinox,Aprinox_Tab 2.5mg,Bendroflumethiazide,,2.5 mg,diuretic,False,True
1952,1952.0,0202010B0BBABAC,Aprinox,Aprinox_Tab 5mg,Bendroflumethiazide,,5 mg,diuretic,False,True
1953,1953.0,0202010B0BCAAAB,Berkozide,Berkozide_Tab 2.5mg,Bendroflumethiazide,,2.5 mg,diuretic,False,True
1954,1954.0,0202010B0BCABAC,Berkozide,Berkozide_Tab 5mg,Bendroflumethiazide,,5 mg,diuretic,False,True
1955,1955.0,0202010B0BDAAAB,Centyl,Centyl_Tab 2.5mg,Bendroflumethiazide,,2.5 mg,diuretic,False,True
1956,1956.0,0202010B0BDABAC,Centyl,Centyl_Tab 5mg,Bendroflumethiazide,,5 mg,diuretic,False,True
1957,1957.0,0202010B0BEAAAC,Neo-Naclex,Neo-Naclex_Tab 5mg,Bendroflumethiazide,,5 mg,diuretic,False,True
1958,1958.0,0202010B0BEABAB,Neo-Naclex,Neo-Naclex_Tab 2.5mg,Bendroflumethiazide,,2.5 mg,diuretic,False,True
1959,1959.0,0202010B0BFAAAC,Urizide,Urizide_Tab 5mg,Bendroflumethiazide,,5 mg,diuretic,False,True
1960,1960.0,0202010B0BFABAB,Urizide,Urizide_Tab 2.5mg,Bendroflumethiazide,,2.5 mg,diuretic,False,True
1961,1961.0,0202010B0BGAAAB,Neo-Bendromax,Neo-Bendromax 2.5_Tab 2.5mg,Bendroflumethiazide,,2.5 mg,diuretic,False,True
1962,1962.0,0202010B0BGABAC,Neo-Bendromax,Neo-Bendromax 5_Tab 5mg,Bendroflumethiazide,,5 mg,diuretic,False,True
1963,1963.0,0202010D0AAA1A1,Chloroth,Chloroth_Susp 137.5mg/5ml,Chlorothiazide,,5 mg/5 ml,diuretic,False,True
1964,1964.0,0202010D0AAA2A2,Chloroth,Chloroth_Pdrs 200mg,Chlorothiazide,,200 mg,diuretic,False,True
1965,1965.0,0202010D0AAA3A3,Chloroth,Chloroth_Pdrs 100mg,Chlorothiazide,,100 mg,diuretic,False,True
1966,1966.0,0202010D0AAA4A4,Chloroth,Chloroth_Cap 40mg,Chlorothiazide,,40 mg,diuretic,False,True
1967,1967.0,0202010D0AAA5A5,Chloroth,Chloroth_Cap 50mg,Chlorothiazide,,50 mg,diuretic,False,True
1968,1968.0,0202010D0AAA6A6,Chloroth,Chloroth_Susp 175mg/5ml,Chlorothiazide,,175 mg/5 ml,diuretic,False,True
1969,1969.0,0202010D0AAA7A7,Chloroth,Chloroth_Susp 375mg/5ml,Chlorothiazide,,375 mg/5 ml,diuretic,False,True
1970,1970.0,0202010D0AAA8A8,Chloroth,Chloroth_Susp 150mg/5ml,Chlorothiazide,,150 mg/5 ml,diuretic,False,True
1971,1971.0,0202010D0AAA9A9,Chloroth,Chloroth_Oral Liq @spec,Chlorothiazide,,,diuretic,False,True
1972,1972.0,0202010D0AAABAB,Chloroth,Chloroth_Pdrs 40mg,Chlorothiazide,,40 mg,diuretic,False,True
1973,1973.0,0202010D0AAACAC,Chloroth,Chloroth_Pdrs 60mg,Chlorothiazide,,60 mg,diuretic,False,True
1974,1974.0,0202010D0AAADAD,Chloroth,Chloroth_Susp 250mg/5ml              @gn,Chlorothiazide,,250 mg/5 ml,diuretic,False,True
1975,1975.0,0202010D0AAAEAE,Chloroth,Chloroth_Susp 225mg/5ml,Chlorothiazide,,225 mg/5 ml,diuretic,False,True
1976,1976.0,0202010D0AAAFAF,Chloroth,Chloroth_Tab 500mg,Chlorothiazide,,500 mg,diuretic,False,True
1977,1977.0,0202010D0AAAHAH,Chloroth,Chloroth_Pdrs 50mg,Chlorothiazide,,50 mg,diuretic,False,True
1978,1978.0,0202010D0AAAIAI,Chloroth,Chloroth_Susp 500mg/5ml,Chlorothiazide,,500 mg/5 ml,diuretic,False,True
1979,1979.0,0202010D0AAAJAJ,Chloroth,Chloroth_Susp 20mg/5ml,Chlorothiazide,,20 mg/5 ml,diuretic,False,True
1980,1980.0,0202010D0AAAKAK,Chloroth,Chloroth_Pdrs 30mg,Chlorothiazide,,30 mg,diuretic,False,True
1981,1981.0,0202010D0AAALAL,Chloroth,Chloroth_Susp 50mg/5ml,Chlorothiazide,,50 mg/5 ml,diuretic,False,True
1982,1982.0,0202010D0AAAMAM,Chloroth,Chloroth_Susp 100mg/5ml,Chlorothiazide,,100 mg/5 ml,diuretic,False,True
1983,1983.0,0202010D0AAANAN,Chloroth,Chloroth_Susp 10mg/5ml,Chlorothiazide,,10 mg/5 ml,diuretic,False,True
1984,1984.0,0202010D0AAAPAP,Chloroth,Chloroth_Cap 20mg,Chlorothiazide,,20 mg,diuretic,False,True
1985,1985.0,0202010D0AAAQAQ,Chloroth,Chloroth_Cap 100mg,Chlorothiazide,,100 mg,diuretic,False,True
1986,1986.0,0202010D0AAARAR,Chloroth,Chloroth_Susp 75mg/5ml,Chlorothiazide,,75 mg/5 ml,diuretic,False,True
1987,1987.0,0202010D0AAASAS,Chloroth,Chloroth_Susp 40mg/5ml,Chlorothiazide,,40 mg/5 ml,diuretic,False,True
1988,1988.0,0202010D0AAATAT,Chloroth,Chloroth_Susp 200mg/5ml,Chlorothiazide,,200 mg/5 ml,diuretic,False,True
1989,1989.0,0202010D0AAAUAU,Chloroth,Chloroth_Oral Susp 250mg/5ml,Chlorothiazide,,250 mg/5 ml,diuretic,False,True
1990,1990.0,0202010D0AAAVAV,Chloroth,Chloroth_Susp 45mg/5ml,Chlorothiazide,,45 mg/5 ml,diuretic,False,True
1991,1991.0,0202010D0AAAWAW,Chloroth,Chloroth_Pdrs 120mg,Chlorothiazide,,120 mg,diuretic,False,True
1992,1992.0,0202010D0AAAXAX,Chloroth,Chloroth_Susp 187.5mg/5ml,Chlorothiazide,,5 mg/5 ml,diuretic,False,True
1993,1993.0,0202010D0AAAYAY,Chloroth,Chloroth_Susp 125mg/5ml,Chlorothiazide,,125 mg/5 ml,diuretic,False,True
1994,1994.0,0202010D0AAAZAZ,Chloroth,Chloroth_Susp 400mg/5ml,Chlorothiazide,,400 mg/5 ml,diuretic,False,True
1995,1995.0,0202010D0AABABA,Chloroth,Chloroth_Cap 30mg,Chlorothiazide,,30 mg,diuretic,False,True
1996,1996.0,0202010D0AABBBB,Chloroth,Chloroth_Liq Spec 125mg/5ml,Chlorothiazide,,125 mg/5 ml,diuretic,False,True
1997,1997.0,0202010D0AABCBC,Chloroth,Chloroth_Oral Soln 250mg/5ml,Chlorothiazide,,250 mg/5 ml,diuretic,False,True
1998,1998.0,0202010D0AABDBD,Chloroth,Chloroth_Liq Spec 375mg/5ml,Chlorothiazide,,375 mg/5 ml,diuretic,False,True
1999,1999.0,0202010D0AABEBE,Chloroth,Chloroth_Liq Spec 10mg/5ml,Chlorothiazide,,10 mg/5 ml,diuretic,False,True
2000,2000.0,0202010D0AABFBF,Chloroth,Chloroth_Liq Spec 50mg/5ml,Chlorothiazide,,50 mg/5 ml,diuretic,False,True
2001,2001.0,0202010D0AABGBG,Chloroth,Chloroth_Liq Spec 70mg/5ml,Chlorothiazide,,70 mg/5 ml,diuretic,False,True
2002,2002.0,0202010D0AABHBH,Chloroth,Chloroth_Liq Spec 40mg/5ml,Chlorothiazide,,40 mg/5 ml,diuretic,False,True
2003,2003.0,0202010D0AABIBI,Chloroth,Chloroth_Liq Spec 200mg/5ml,Chlorothiazide,,200 mg/5 ml,diuretic,False,True
2004,2004.0,0202010D0AABJBJ,Chloroth,Chloroth_Liq Spec 30mg/5ml,Chlorothiazide,,30 mg/5 ml,diuretic,False,True
2005,2005.0,0202010D0AABKBK,Chloroth,Chloroth_Liq Spec 100mg/5ml,Chlorothiazide,,100 mg/5 ml,diuretic,False,True
2006,2006.0,0202010D0AABLBL,Chloroth,Chloroth_Liq Spec 150mg/5ml,Chlorothiazide,,150 mg/5 ml,diuretic,False,True
2007,2007.0,0202010D0AABMBM,Chloroth,Chloroth_Liq Spec 300mg/5ml,Chlorothiazide,,300 mg/5 ml,diuretic,False,True
2008,2008.0,0202010D0AABNBN,Chloroth,Chloroth_Liq Spec 6mg/5ml,Chlorothiazide,,6 mg/5 ml,diuretic,False,True
2009,2009.0,0202010D0AABPBP,Chloroth,Chloroth_Liq Spec 155mg/5ml,Chlorothiazide,,155 mg/5 ml,diuretic,False,True
2010,2010.0,0202010D0AABQBQ,Chloroth,Chloroth_Liq Spec 20mg/5ml,Chlorothiazide,,20 mg/5 ml,diuretic,False,True
2011,2011.0,0202010D0AABRBR,Chloroth,Chloroth_Pdrs 150mg,Chlorothiazide,,150 mg,diuretic,False,True
2012,2012.0,0202010D0AABSBS,Chloroth,Chloroth_Oral Soln 25mg/5ml,Chlorothiazide,,25 mg/5 ml,diuretic,False,True
2013,2013.0,0202010D0AABTBT,Chloroth,Chloroth_Liq Spec 80mg/5ml,Chlorothiazide,,80 mg/5 ml,diuretic,False,True
2014,2014.0,0202010D0AABUBU,Chloroth,Chloroth_Liq Spec 187.5mg/5ml,Chlorothiazide,,5 mg/5 ml,diuretic,False,True
2015,2015.0,0202010D0AABVBV,Chloroth,Chloroth_Liq Spec 500mg/5ml,Chlorothiazide,,500 mg/5 ml,diuretic,False,True
2016,2016.0,0202010D0AABWBW,Chloroth,Chloroth_Liq Spec 12.5mg/5ml,Chlorothiazide,,5 mg/5 ml,diuretic,False,True
2017,2017.0,0202010D0AABXBX,Chloroth,Chloroth_Liq Spec 24mg/5ml,Chlorothiazide,,24 mg/5 ml,diuretic,False,True
2018,2018.0,0202010D0AABYBY,Chloroth,Chloroth_Pdrs 75mg,Chlorothiazide,,75 mg,diuretic,False,True
2019,2019.0,0202010D0AABZBZ,Chloroth,Chloroth_Liq Spec 35mg/5ml,Chlorothiazide,,35 mg/5 ml,diuretic,False,True
2020,2020.0,0202010D0AACACA,Chloroth,Chloroth_Pdrs 18.5mg,Chlorothiazide,,18.5 mg,diuretic,False,True
2021,2021.0,0202010D0AACBCB,Chloroth,Chloroth_Liq Spec 75mg/5ml,Chlorothiazide,,75 mg/5 ml,diuretic,False,True
2022,2022.0,0202010D0AACCCC,Chloroth,Chloroth_Cap 60mg,Chlorothiazide,,60 mg,diuretic,False,True
2023,2023.0,0202010D0AACDCD,Chloroth,Chloroth_Liq Spec 225mg/5ml,Chlorothiazide,,225 mg/5 ml,diuretic,False,True
2024,2024.0,0202010D0AACECE,Chloroth,Chloroth_Liq Spec 85mg/5ml,Chlorothiazide,,85 mg/5 ml,diuretic,False,True
2025,2025.0,0202010D0AACFCF,Chloroth,Chloroth_Cap 70mg,Chlorothiazide,,70 mg,diuretic,False,True
2026,2026.0,0202010D0AACGCG,Chloroth,Chloroth_Liq Spec 5mg/5ml,Chlorothiazide,,5 mg/5 ml,diuretic,False,True
2027,2027.0,0202010D0AACHCH,Chloroth,Chloroth_Liq Spec 90mg/5ml,Chlorothiazide,,90 mg/5 ml,diuretic,False,True
2028,2028.0,0202010D0AACICI,Chloroth,Chloroth_Liq Spec 240mg/5ml,Chlorothiazide,,240 mg/5 ml,diuretic,False,True
2029,2029.0,0202010D0AACJCJ,Chloroth,Chloroth_Liq Spec 140mg/5ml,Chlorothiazide,,140 mg/5 ml,diuretic,False,True
2030,2030.0,0202010D0AACKCK,Chloroth,Chloroth_Liq Spec 7.5mg/5ml,Chlorothiazide,,5 mg/5 ml,diuretic,False,True
2031,2031.0,0202010D0AACLCL,Chloroth,Chloroth_Liq Spec 3.75mg/5ml,Chlorothiazide,,75 mg/5 ml,diuretic,False,True
2032,2032.0,0202010D0AACMCM,Chloroth,Chloroth_Liq Spec 750mg/5ml,Chlorothiazide,,750 mg/5 ml,diuretic,False,True
2033,2033.0,0202010D0AACNCN,Chloroth,Chloroth_Liq Spec 60mg/5ml,Chlorothiazide,,60 mg/5 ml,diuretic,False,True
2034,2034.0,0202010D0AACPCP,Chloroth,Chloroth_Liq Spec 120mg/5ml,Chlorothiazide,,120 mg/5 ml,diuretic,False,True
2035,2035.0,0202010D0AACQCQ,Chloroth,Chloroth_Tab 500mg                   @gn,Chlorothiazide,,500 mg,diuretic,False,True
2036,2036.0,0202010D0AACRCR,Chloroth,Chloroth_Liq Spec 15mg/5ml,Chlorothiazide,,15 mg/5 ml,diuretic,False,True
2037,2037.0,0202010D0AACSCS,Chloroth,Chloroth_Liq Spec 160mg/5ml,Chlorothiazide,,160 mg/5 ml,diuretic,False,True
2038,2038.0,0202010D0AACTCT,Chloroth,Chloroth_Liq Spec 47mg/5ml,Chlorothiazide,,47 mg/5 ml,diuretic,False,True
2039,2039.0,0202010D0AACUCU,Chloroth,Chloroth_Liq Spec 143mg/5ml,Chlorothiazide,,143 mg/5 ml,diuretic,False,True
2040,2040.0,0202010D0AACVCV,Chloroth,Chloroth_Pdrs 80mg,Chlorothiazide,,80 mg,diuretic,False,True
2041,2041.0,0202010D0AACWCW,Chloroth,Chloroth_Liq Spec 33mg/5ml,Chlorothiazide,,33 mg/5 ml,diuretic,False,True
2042,2042.0,0202010D0AACXCX,Chloroth,Chloroth_Cap 25mg,Chlorothiazide,,25 mg,diuretic,False,True
2043,2043.0,0202010D0AACYCY,Chloroth,Chloroth_Tab 250mg,Chlorothiazide,,250 mg,diuretic,False,True
2044,2044.0,0202010D0AACZCZ,Chloroth,Chloroth_Liq Spec 350mg/5ml,Chlorothiazide,,350 mg/5 ml,diuretic,False,True
2045,2045.0,0202010D0AADADA,Chloroth,Chloroth_Cap 80mg,Chlorothiazide,,80 mg,diuretic,False,True
2046,2046.0,0202010D0AADBDB,Chloroth,Chloroth_Liq Spec 27mg/5ml,Chlorothiazide,,27 mg/5 ml,diuretic,False,True
2047,2047.0,0202010D0AADCDC,Chloroth,Chloroth_Liq Spec 38mg/5ml,Chlorothiazide,,38 mg/5 ml,diuretic,False,True
2048,2048.0,0202010D0AADDDD,Chloroth,Chloroth_Oral Susp 150mg/5ml,Chlorothiazide,,150 mg/5 ml,diuretic,False,True
2049,2049.0,0202010D0AADEDE,Chloroth,Chloroth_Oral Susp 25mg/5ml,Chlorothiazide,,25 mg/5 ml,diuretic,False,True
2050,2050.0,0202010D0AADFDF,Chloroth,Chloroth_Cap 300mg,Chlorothiazide,,300 mg,diuretic,False,True
2051,2051.0,0202010D0BBAAAF,Saluric,Saluric_Tab 500mg,Chlorothiazide,,500 mg,diuretic,False,True
2052,2052.0,0202010D0BCAAAU,Diuril,Diuril_Susp 250mg/5ml,Chlorothiazide,,250 mg/5 ml,diuretic,False,True
2053,2053.0,0202010D0BCABCY,Diuril,Diuril_Tab 250mg,Chlorothiazide,,250 mg,diuretic,False,True
2054,2054.0,0202010D0BDAAAF,Chlotride,Chlotride_Tab 500mg,Chlorothiazide,,500 mg,diuretic,False,True
2055,2055.0,0202010F0AAAAAA,Chlortalidone,Chlortalidone_Tab 50mg,Chlortalidone,,50 mg,diuretic,False,True
2056,2056.0,0202010F0AAABAB,Chlortalidone,Chlortalidone_Tab 100mg             @gn,Chlortalidone,,100 mg,diuretic,False,True
2057,2057.0,0202010F0AAACAC,Chlortalidone,Chlortalidone_Tab 500mg,Chlortalidone,,500 mg,diuretic,False,True
2058,2058.0,0202010F0AAADAD,Chlortalidone,Chlortalidone_Pdrs 25mg,Chlortalidone,,25 mg,diuretic,False,True
2059,2059.0,0202010F0AAAEAE,Chlortalidone,Chlortalidone_Pdrs 37.5mg,Chlortalidone,,37.5 mg,diuretic,False,True
2060,2060.0,0202010F0AAAFAF,Chlortalidone,Chlortalidone_Tab 50mg              @gn,Chlortalidone,,50 mg,diuretic,False,True
2061,2061.0,0202010F0AAAGAG,Chlortalidone,Chlortalidone_Tab 100mg,Chlortalidone,,100 mg,diuretic,False,True
2062,2062.0,0202010F0AAAHAH,Chlortalidone,Chlortalidone_Pdrs 5mg,Chlortalidone,,5 mg,diuretic,False,True
2063,2063.0,0202010F0AAAIAI,Chlortalidone,Chlortalidone_Pdrs 7.5mg,Chlortalidone,,7.5 mg,diuretic,False,True
2064,2064.0,0202010F0AAAJAJ,Chlortalidone,Chlortalidone_Pdrs 50mg,Chlortalidone,,50 mg,diuretic,False,True
2065,2065.0,0202010F0AAAKAK,Chlortalidone,Chlortalidone_Liq Spec 50mg/5ml,Chlortalidone,,50 mg/5 ml,diuretic,False,True
2066,2066.0,0202010F0BBAAAA,Hygroton,Hygroton_Tab 50mg,Chlortalidone,,50 mg,diuretic,False,True
2067,2067.0,0202010F0BBABAG,Hygroton,Hygroton_Tab 100mg,Chlortalidone,,100 mg,diuretic,False,True
2068,2068.0,0202010J0AAAAAA,Cyclopenth,Cyclopenth_Tab 500mcg,Cyclopenthiazide,,,diuretic,False,True
2069,2069.0,0202010J0BBAAAA,Navidrex,Navidrex_Tab 500mcg,Cyclopenthiazide,,,diuretic,False,True
2070,2070.0,0202010L0AAAAAA,Hydchloroth,Hydchloroth_Susp 12.5mg/5ml,Hydrochlorothiazide,,5 mg/5 ml,diuretic,False,True
2071,2071.0,0202010L0AAABAB,Hydchloroth,Hydchloroth_Tab 25mg,Hydrochlorothiazide,,25 mg,diuretic,False,True
2072,2072.0,0202010L0AAACAC,Hydchloroth,Hydchloroth_Tab 50mg,Hydrochlorothiazide,,50 mg,diuretic,False,True
2073,2073.0,0202010L0AAADAD,Hydchloroth,Hydchloroth_Pdrs 10mg,Hydrochlorothiazide,,10 mg,diuretic,False,True
2074,2074.0,0202010L0AAAFAF,Hydchloroth,Hydchloroth_Pdrs 7.5mg,Hydrochlorothiazide,,7.5 mg,diuretic,False,True
2075,2075.0,0202010L0AAAGAG,Hydchloroth,Hydchloroth_Pdrs 15mg,Hydrochlorothiazide,,15 mg,diuretic,False,True
2076,2076.0,0202010L0AAAHAH,Hydchloroth,Hydchloroth_Oral Liq @spec,Hydrochlorothiazide,,,diuretic,False,True
2077,2077.0,0202010L0AAAIAI,Hydchloroth,Hydchloroth_Pdrs 20mg,Hydrochlorothiazide,,20 mg,diuretic,False,True
2078,2078.0,0202010L0AAAJAJ,Hydchloroth,Hydchloroth_Liq Spec 12.5mg/5ml,Hydrochlorothiazide,,5 mg/5 ml,diuretic,False,True
2079,2079.0,0202010L0AAAKAK,Hydchloroth,Hydchloroth_Liq Spec 6.25mg/5ml,Hydrochlorothiazide,,25 mg/5 ml,diuretic,False,True
2080,2080.0,0202010L0AAALAL,Hydchloroth,Hydchloroth_Liq Spec 20mg/5ml,Hydrochlorothiazide,,20 mg/5 ml,diuretic,False,True
2081,2081.0,0202010L0AAAMAM,Hydchloroth,Hydchloroth_Liq Spec 25mg/5ml,Hydrochlorothiazide,,25 mg/5 ml,diuretic,False,True
2082,2082.0,0202010L0AAANAN,Hydchloroth,Hydchloroth_Liq Spec 15mg/5ml,Hydrochlorothiazide,,15 mg/5 ml,diuretic,False,True
2083,2083.0,0202010L0AAAPAP,Hydchloroth,Hydchloroth_Liq Spec 50mg/5ml,Hydrochlorothiazide,,50 mg/5 ml,diuretic,False,True
2084,2084.0,0202010L0AAAQAQ,Hydchloroth,Hydchloroth_Liq Spec 7mg/5ml,Hydrochlorothiazide,,7 mg/5 ml,diuretic,False,True
2085,2085.0,0202010L0AAARAR,Hydchloroth,Hydchloroth_Oral Soln 50mg/5ml,Hydrochlorothiazide,,50 mg/5 ml,diuretic,False,True
2086,2086.0,0202010L0AAASAS,Hydchloroth,Hydchloroth_Liq Spec 10mg/5ml,Hydrochlorothiazide,,10 mg/5 ml,diuretic,False,True
2087,2087.0,0202010L0AAATAT,Hydchloroth,Hydchloroth_Liq Spec 5mg/5ml,Hydrochlorothiazide,,5 mg/5 ml,diuretic,False,True
2088,2088.0,0202010L0AAAUAU,Hydchloroth,Hydchloroth_Liq Spec 60.8mg/5ml,Hydrochlorothiazide,,8 mg/5 ml,diuretic,False,True
2089,2089.0,0202010L0AAAVAV,Hydchloroth,Hydchloroth_Liq Spec 6mg/5ml,Hydrochlorothiazide,,6 mg/5 ml,diuretic,False,True
2090,2090.0,0202010L0AAAWAW,Hydchloroth,Hydchloroth_Cap 25mg,Hydrochlorothiazide,,25 mg,diuretic,False,True
2091,2091.0,0202010L0AAAXAX,Hydchloroth,Hydchloroth_Liq Spec 250mg/5ml,Hydrochlorothiazide,,250 mg/5 ml,diuretic,False,True
2092,2092.0,0202010L0AAAYAY,Hydchloroth,Hydchloroth_Tab 12.5mg,Hydrochlorothiazide,,12.5 mg,diuretic,False,True
2093,2093.0,0202010L0BBAAAB,Esidrex,Esidrex_Tab 25mg,Hydrochlorothiazide,,25 mg,diuretic,False,True
2094,2094.0,0202010L0BBABAC,Esidrex,Esidrex_Tab 50mg,Hydrochlorothiazide,,50 mg,diuretic,False,True
2095,2095.0,0202010L0BCAAAB,Hydrosaluric,Hydrosaluric_Tab 25mg,Hydrochlorothiazide,,25 mg,diuretic,False,True
2096,2096.0,0202010L0BCABAC,Hydrosaluric,Hydrosaluric_Tab 50mg,Hydrochlorothiazide,,50 mg,diuretic,False,True
2097,2097.0,0202010L0BDAAAC,Apo-Hydro,Apo-Hydro_Tab 50mg,Hydrochlorothiazide,,50 mg,diuretic,False,True
2098,2098.0,0202010L0BDABAB,Apo-Hydro,Apo-Hydro_Tab 25mg,Hydrochlorothiazide,,25 mg,diuretic,False,True
2099,2099.0,0202010N0AAAAAA,Hydroflumet,Hydroflumet_Tab 50mg,Hydroflumethiazide,,50 mg,diuretic,False,True
2100,2100.0,0202010N0BBAAAA,Hydrenox,Hydrenox_Tab 50mg,Hydroflumethiazide,,50 mg,diuretic,False,True
2101,2101.0,0202010N0BCAAAA,Diucardin,Diucardin_Tab 50mg,Hydroflumethiazide,,50 mg,diuretic,False,True
2102,2102.0,0202010P0AAAAAA,Indapamide,Indapamide_Tab 2.5mg,Indapamide,,2.5 mg,diuretic,False,True
2103,2103.0,0202010P0AAABAB,Indapamide,Indapamide_Oral Susp 2.5mg/5ml,Indapamide,,5 mg/5 ml,diuretic,False,True
2104,2104.0,0202010P0AAACAC,Indapamide,Indapamide_Cap 2.5mg,Indapamide,,2.5 mg,diuretic,False,True
2105,2105.0,0202010P0AAADAD,Indapamide,Indapamide_Tab 1.5mg M/R,Indapamide,,1.5 mg,diuretic,False,True
2106,2106.0,0202010P0AAAEAE,Indapamide,Indapamide_Liq Spec 1.5mg/5ml,Indapamide,,5 mg/5 ml,diuretic,False,True
2107,2107.0,0202010P0AAAFAF,Indapamide,Indapamide_Tab 1.5mg M/R             @gn,Indapamide,,1.5 mg,diuretic,False,True
2108,2108.0,0202010P0BBAAAA,Natrilix,Natrilix_Tab 2.5mg,Indapamide,,2.5 mg,diuretic,False,True
2109,2109.0,0202010P0BBABAD,Natrilix,Natrilix SR_Tab 1.5mg,Indapamide,,1.5 mg,diuretic,False,True
2110,2110.0,0202010P0BCAAAA,Indaxa 2.5,Indaxa 2.5_Tab 2.5mg,Indapamide,,2.5 mg,diuretic,False,True
2111,2111.0,0202010P0BDAAAA,Nindaxa 2.5,Nindaxa 2.5_Tab 2.5mg,Indapamide,,2.5 mg,diuretic,False,True
2112,2112.0,0202010P0BEAAAA,Natramid,Natramid_Tab 2.5mg,Indapamide,,2.5 mg,diuretic,False,True
2113,2113.0,0202010P0BFAAAA,Opumide,Opumide 2.5_Tab 2.5mg,Indapamide,,2.5 mg,diuretic,False,True
2114,2114.0,0202010P0BGAAAD,Ethibide XL,Ethibide XL_Tab 1.5mg,Indapamide,,1.5 mg,diuretic,False,True
2115,2115.0,0202010P0BHAAAD,Tensaid XL,Tensaid XL_Tab 1.5mg,Indapamide,,1.5 mg,diuretic,False,True
2116,2116.0,0202010P0BIAAAD,Varbim XL,Varbim XL_Tab 1.5mg,Indapamide,,1.5 mg,diuretic,False,True
2117,2117.0,0202010P0BJAAAD,Indipam XL,Indipam XL_Tab 1.5mg,Indapamide,,1.5 mg,diuretic,False,True
2118,2118.0,0202010P0BKAAAD,Mapemid,Mapemid XL_Tab 1.5mg,Indapamide,,1.5 mg,diuretic,False,True
2119,2119.0,0202010P0BLAAAD,Rawel XL,Rawel XL_Tab 1.5mg,Indapamide,,1.5 mg,diuretic,False,True
2120,2120.0,0202010P0BMAAAD,Cardide SR,Cardide SR_Tab 1.5mg,Indapamide,,1.5 mg,diuretic,False,True
2121,2121.0,0202010P0BNAAAD,Alkapamid XL (HBS Healthcare Ltd),Alkapamid XL_Tab 1.5mg,Indapamide,,1.5 mg,diuretic,False,False
2122,2122.0,0202010P0BPAAAD,Alkapamid XL (Rivopharm (UK) Ltd),Alkapamid XL_Tab 1.5mg,Indapamide,,1.5 mg,diuretic,False,False
2123,2123.0,0202010R0AAAAAA,Mefruside,Mefruside_Tab 25mg,Mefruside,,25 mg,diuretic,False,True
2124,2124.0,0202010R0BBAAAA,Baycaron,Baycaron_Tab 25mg,Mefruside,,25 mg,diuretic,False,True
2125,2125.0,0202010T0AAAAAA,Methyclothiazide,Methyclothiazide_Tab 5mg,Methyclothiazide,,5 mg,diuretic,False,True
2126,2126.0,0202010T0BBAAAA,Enduron,Enduron_Tab 5mg,Methyclothiazide,,5 mg,diuretic,False,True
2127,2127.0,0202010V0AAAAAA,Metolazone,Metolazone_Tab 5mg,Metolazone,,5 mg,diuretic,False,True
2128,2128.0,0202010V0AAABAB,Metolazone,Metolazone_Cap 2.5mg,Metolazone,,2.5 mg,diuretic,False,True
2129,2129.0,0202010V0AAACAC,Metolazone,Metolazone_Tab 500mcg,Metolazone,,,diuretic,False,True
2130,2130.0,0202010V0AAADAD,Metolazone,Metolazone_Pdrs 2.5mg,Metolazone,,2.5 mg,diuretic,False,True
2131,2131.0,0202010V0AAAEAE,Metolazone,Metolazone_Cap 500mcg,Metolazone,,,diuretic,False,True
2132,2132.0,0202010V0AAAFAF,Metolazone,Metolazone_Liq Spec 1mg/5ml,Metolazone,,1 mg/5 ml,diuretic,False,True
2133,2133.0,0202010V0AAAGAG,Metolazone,Metolazone_Pdrs 1mg,Metolazone,,1 mg,diuretic,False,True
2134,2134.0,0202010V0AAAHAH,Metolazone,Metolazone_Liq Spec 5mg/5ml,Metolazone,,5 mg/5 ml,diuretic,False,True
2135,2135.0,0202010V0AAAIAI,Metolazone,Metolazone_Cap 1mg,Metolazone,,1 mg,diuretic,False,True
2136,2136.0,0202010V0AAAJAJ,Metolazone,Metolazone_Liq Spec 500mcg/5ml,Metolazone,,,diuretic,False,True
2137,2137.0,0202010V0AAAKAK,Metolazone,Metolazone_Liq Spec 2.5mg/5ml,Metolazone,,5 mg/5 ml,diuretic,False,True
2138,2138.0,0202010V0AAALAL,Metolazone,Metolazone_Pdrs 500mcg,Metolazone,,,diuretic,False,True
2139,2139.0,0202010V0AAAMAM,Metolazone,Metolazone_Liq Spec 1.25mg/5ml,Metolazone,,25 mg/5 ml,diuretic,False,True
2140,2140.0,0202010V0AAANAN,Metolazone,Metolazone_Tab 2.5mg,Metolazone,,2.5 mg,diuretic,False,True
2141,2141.0,0202010V0BBAAAA,Metenix,Metenix_Tab 5mg,Metolazone,,5 mg,diuretic,False,True
2142,2142.0,0202010V0BCAAAC,Xuret,Xuret_Tab 500mcg,Metolazone,,,diuretic,False,True
2143,2143.0,0202010V0BDAAAC,Mykrox,Mykrox_Tab 500mcg,Metolazone,,,diuretic,False,True
2144,2144.0,0202010V0BEAAAN,Zaroxolyn,Zaroxolyn_Tab 2.5mg,Metolazone,,2.5 mg,diuretic,False,True
2145,2145.0,0202010V0BEABAA,Zaroxolyn,Zaroxolyn_Tab 5mg,Metolazone,,5 mg,diuretic,False,True
2146,2146.0,0202010X0AAAAAA,Polythiazide,Polythiazide_Tab 1mg,Polythiazide,,1 mg,diuretic,False,True
2147,2147.0,0202010X0BBAAAA,Nephril,Nephril_Tab 1mg,Polythiazide,,1 mg,diuretic,False,True
2148,2148.0,0202010Y0AAAAAA,Xipamide,Xipamide_Tab 20mg,Xipamide,,20 mg,diuretic,False,True
2149,2149.0,0202010Y0BBAAAA,Diurexan,Diurexan_Tab 20mg,Xipamide,,20 mg,diuretic,False,True
2150,2150.0,020202000BMAAA0,Proprietary Co Prepn Bnf 0202020,Boots_For M770 Mix,Other Loop Diuretic Preps,,,diuretic,False,False
2151,2151.0,0202020D0AAAAAA,Bumetanide,Bumetanide_Inj 500mcg/ml 2ml Amp,Bumetanide,,,diuretic,False,True
2152,2152.0,0202020D0AAABAB,Bumetanide,Bumetanide_Inj 500mcg/ml 4ml Amp,Bumetanide,,,diuretic,False,True
2153,2153.0,0202020D0AAACAC,Bumetanide,Bumetanide_Inj 500mcg/ml 10ml Amp,Bumetanide,,,diuretic,False,True
2154,2154.0,0202020D0AAADAD,Bumetanide,Bumetanide_Oral Soln 1mg/5ml S/F,Bumetanide,,1 mg/5 ml,diuretic,False,True
2155,2155.0,0202020D0AAAEAE,Bumetanide,Bumetanide_Tab 1mg,Bumetanide,,1 mg,diuretic,False,True
2156,2156.0,0202020D0AAAFAF,Bumetanide,Bumetanide_Tab 5mg,Bumetanide,,5 mg,diuretic,False,True
2157,2157.0,0202020D0AAAGAG,Bumetanide,Bumetanide_Oral Susp 5mg/5ml,Bumetanide,,5 mg/5 ml,diuretic,False,True
2158,2158.0,0202020D0BBAAAE,Burinex,Burinex_Tab 1mg,Bumetanide,,1 mg,diuretic,False,True
2159,2159.0,0202020D0BBABAF,Burinex,Burinex_Tab 5mg,Bumetanide,,5 mg,diuretic,False,True
2160,2160.0,0202020D0BBACAD,Burinex,Burinex_Liq 1mg/5ml S/F,Bumetanide,,1 mg/5 ml,diuretic,False,True
2161,2161.0,0202020D0BBADAA,Burinex,Burinex_Inj 500mcg/ml 2ml Amp,Bumetanide,,,diuretic,False,True
2162,2162.0,0202020D0BBAEAB,Burinex,Burinex_Inj 500mcg/ml 4ml Amp,Bumetanide,,,diuretic,False,True
2163,2163.0,0202020D0BBAFAC,Burinex,Burinex_Inj 500mcg/ml 10ml Amp,Bumetanide,,,diuretic,False,True
2164,2164.0,0202020D0BCAAAE,Betinex,Betinex_Tab 1mg,Bumetanide,,1 mg,diuretic,False,True
2165,2165.0,0202020D0BCABAF,Betinex,Betinex_Tab 5mg,Bumetanide,,5 mg,diuretic,False,True
2166,2166.0,0202020H0AAAAAA,Etacrynic Acid,Etacrynic Acid_Inj 50mg Vl,Etacrynic Acid,,50 mg,diuretic,False,True
2167,2167.0,0202020H0AAABAB,Etacrynic Acid,Etacrynic Acid_Tab 50mg,Etacrynic Acid,,50 mg,diuretic,False,True
2168,2168.0,0202020H0BBAAAB,Edecrin,Edecrin_Tab 50mg,Etacrynic Acid,,50 mg,diuretic,False,True
2169,2169.0,0202020H0BBABAA,Edecrin,Edecrin_Inj Pdr 50mg Vl (Dry),Etacrynic Acid,,50 mg,diuretic,False,True
2170,2170.0,0202020H0BCAAAB,Hydromedin,Hydromedin_Tab 50mg,Etacrynic Acid,,50 mg,diuretic,False,True
2171,2171.0,0202020H0BDAAAB,Reomax,Reomax_Tab 50mg,Etacrynic Acid,,50 mg,diuretic,False,True
2172,2172.0,0202020L0AAA1A1,Furosemide,Furosemide_Susp 80mg/5ml,Furosemide,,80 mg/5 ml,diuretic,False,True
2173,2173.0,0202020L0AAA2A2,Furosemide,Furosemide_Inj 40mg/ml 2ml Amp,Furosemide,,40 mg/mL,diuretic,False,True
2174,2174.0,0202020L0AAA3A3,Furosemide,Furosemide_Mix 50mg/5ml,Furosemide,,50 mg/5 ml,diuretic,False,True
2175,2175.0,0202020L0AAA4A4,Furosemide,Furosemide_Susp 10mg/5ml,Furosemide,,10 mg/5 ml,diuretic,False,True
2176,2176.0,0202020L0AAA5A5,Furosemide,Furosemide_Elix 20mg/5ml             @gn,Furosemide,,20 mg/5 ml,diuretic,False,True
2177,2177.0,0202020L0AAA6A6,Furosemide,Furosemide_Susp 50mg/5ml,Furosemide,,50 mg/5 ml,diuretic,False,True
2178,2178.0,0202020L0AAA7A7,Furosemide,Furosemide_Susp 20mg/5ml,Furosemide,,20 mg/5 ml,diuretic,False,True
2179,2179.0,0202020L0AAA8A8,Furosemide,Furosemide_Susp 40mg/5ml,Furosemide,,40 mg/5 ml,diuretic,False,True
2180,2180.0,0202020L0AAA9A9,Furosemide,Furosemide_Susp 125mg/5ml,Furosemide,,125 mg/5 ml,diuretic,False,True
2181,2181.0,0202020L0AAAAAA,Furosemide,Furosemide_Inj 10mg/ml 2ml Amp,Furosemide,,10 mg/mL,diuretic,False,True
2182,2182.0,0202020L0AAABAB,Furosemide,Furosemide_Inj 10mg/ml 5ml Amp,Furosemide,,10 mg/mL,diuretic,False,True
2183,2183.0,0202020L0AAACAC,Furosemide,Furosemide_Inj 10mg/ml 8ml Amp,Furosemide,,10 mg/mL,diuretic,False,True
2184,2184.0,0202020L0AAADAD,Furosemide,Furosemide_Inj 10mg/ml 25ml Amp,Furosemide,,10 mg/mL,diuretic,False,True
2185,2185.0,0202020L0AAAEAE,Furosemide,Furosemide_Inj 10mg/ml 2ml Vl,Furosemide,,10 mg/mL,diuretic,False,True
2186,2186.0,0202020L0AAAFAF,Furosemide,Furosemide_Inj 50mg/2ml Amp,Furosemide,,50 mg/2 ml,diuretic,False,True
2187,2187.0,0202020L0AAAGAG,Furosemide,Furosemide_Inj 500mg/5ml Amp,Furosemide,,500 mg/5 ml,diuretic,False,True
2188,2188.0,0202020L0AAAHAH,Furosemide,Furosemide_Inj 20mg/ml 2ml Amp,Furosemide,,20 mg/mL,diuretic,False,True
2189,2189.0,0202020L0AAAIAI,Furosemide,Furosemide_Susp 5mg/5ml,Furosemide,,5 mg/5 ml,diuretic,False,True
2190,2190.0,0202020L0AAAJAJ,Furosemide,Furosemide_Susp 7mg/5ml,Furosemide,,7 mg/5 ml,diuretic,False,True
2191,2191.0,0202020L0AAAKAK,Furosemide,Furosemide_Syr 2mg/5ml,Furosemide,,2 mg/5 ml,diuretic,False,True
2192,2192.0,0202020L0AAALAL,Furosemide,Furosemide_Syr 5mg/5ml,Furosemide,,5 mg/5 ml,diuretic,False,True
2193,2193.0,0202020L0AAAMAM,Furosemide,Furosemide_Syr 10mg/5ml,Furosemide,,10 mg/5 ml,diuretic,False,True
2194,2194.0,0202020L0AAANAN,Furosemide,Furosemide_Syr 25mg/5ml,Furosemide,,25 mg/5 ml,diuretic,False,True
2195,2195.0,0202020L0AAAPAP,Furosemide,Furosemide_Syr 30mg/5ml,Furosemide,,30 mg/5 ml,diuretic,False,True
2196,2196.0,0202020L0AAAQAQ,Furosemide,Furosemide_Syr 40mg/5ml,Furosemide,,40 mg/5 ml,diuretic,False,True
2197,2197.0,0202020L0AAARAR,Furosemide,Furosemide_Syr 50mg/5ml,Furosemide,,50 mg/5 ml,diuretic,False,True
2198,2198.0,0202020L0AAASAS,Furosemide,Furosemide_Syr 20mg/5ml,Furosemide,,20 mg/5 ml,diuretic,False,True
2199,2199.0,0202020L0AAATAT,Furosemide,Furosemide_Oral Soln 5mg/5ml S/F,Furosemide,,5 mg/5 ml,diuretic,False,True
2200,2200.0,0202020L0AAAUAU,Furosemide,Furosemide_Mix 10mg/5ml,Furosemide,,10 mg/5 ml,diuretic,False,True
2201,2201.0,0202020L0AAAVAV,Furosemide,Furosemide_Mix 20mg/5ml,Furosemide,,20 mg/5 ml,diuretic,False,True
2202,2202.0,0202020L0AAAWAW,Furosemide,Furosemide_Mix 40mg/5ml,Furosemide,,40 mg/5 ml,diuretic,False,True
2203,2203.0,0202020L0AAAXAX,Furosemide,Furosemide_Inj 20mg/5ml Amp,Furosemide,,20 mg/5 ml,diuretic,False,True
2204,2204.0,0202020L0AAAYAY,Furosemide,Furosemide_Elix 40mg/5ml             @gn,Furosemide,,40 mg/5 ml,diuretic,False,True
2205,2205.0,0202020L0AAAZAZ,Furosemide,Furosemide_Elix 50mg/5ml             @gn,Furosemide,,50 mg/5 ml,diuretic,False,True
2206,2206.0,0202020L0AABABA,Furosemide,Furosemide_Pdrs 10mg,Furosemide,,10 mg,diuretic,False,True
2207,2207.0,0202020L0AABBBB,Furosemide,Furosemide_Tab 20mg,Furosemide,,20 mg,diuretic,False,True
2208,2208.0,0202020L0AABCBC,Furosemide,Furosemide_Tab 30mg,Furosemide,,30 mg,diuretic,False,True
2209,2209.0,0202020L0AABDBD,Furosemide,Furosemide_Tab 40mg,Furosemide,,40 mg,diuretic,False,True
2210,2210.0,0202020L0AABEBE,Furosemide,Furosemide_Tab 50mg,Furosemide,,50 mg,diuretic,False,True
2211,2211.0,0202020L0AABFBF,Furosemide,Furosemide_Tab 80mg,Furosemide,,80 mg,diuretic,False,True
2212,2212.0,0202020L0AABGBG,Furosemide,Furosemide_Tab 120mg,Furosemide,,120 mg,diuretic,False,True
2213,2213.0,0202020L0AABHBH,Furosemide,Furosemide_Tab 250mg,Furosemide,,250 mg,diuretic,False,True
2214,2214.0,0202020L0AABIBI,Furosemide,Furosemide_Tab 500mg,Furosemide,,500 mg,diuretic,False,True
2215,2215.0,0202020L0AABJBJ,Furosemide,Furosemide_Tab 5mg,Furosemide,,5 mg,diuretic,False,True
2216,2216.0,0202020L0AABKBK,Furosemide,Furosemide_Pdr,Furosemide,,,diuretic,False,True
2217,2217.0,0202020L0AABLBL,Furosemide,Furosemide_Pdrs 5mg,Furosemide,,5 mg,diuretic,False,True
2218,2218.0,0202020L0AABMBM,Furosemide,Furosemide_Mix 15mg/5ml,Furosemide,,15 mg/5 ml,diuretic,False,True
2219,2219.0,0202020L0AABNBN,Furosemide,Furosemide_Oral Soln 40mg/5ml S/F,Furosemide,,40 mg/5 ml,diuretic,False,True
2220,2220.0,0202020L0AABPBP,Furosemide,Furosemide_Oral Soln 50mg/5ml S/F,Furosemide,,50 mg/5 ml,diuretic,False,True
2221,2221.0,0202020L0AABQBQ,Furosemide,Furosemide_Oral Soln 20mg/5ml S/F,Furosemide,,20 mg/5 ml,diuretic,False,True
2222,2222.0,0202020L0AABRBR,Furosemide,Furosemide_Susp 3mg/5ml,Furosemide,,3 mg/5 ml,diuretic,False,True
2223,2223.0,0202020L0AABSBS,Furosemide,Furosemide_Inj 10mg/ml 8ml Pfs,Furosemide,,10 mg/mL,diuretic,False,True
2224,2224.0,0202020L0AABTBT,Furosemide,Furosemide_Inj 10mg/ml 25ml Pfs,Furosemide,,10 mg/mL,diuretic,False,True
2225,2225.0,0202020L0AABUBU,Furosemide,Furosemide_Susp 8mg/5ml,Furosemide,,8 mg/5 ml,diuretic,False,True
2226,2226.0,0202020L0AABVBV,Furosemide,Furosemide_Susp 25mg/5ml,Furosemide,,25 mg/5 ml,diuretic,False,True
2227,2227.0,0202020L0AABWBW,Furosemide,Furosemide_Oral Liq @spec,Furosemide,,,diuretic,False,True
2228,2228.0,0202020L0AABXBX,Furosemide,Furosemide_Liq Spec 50mg/5ml,Furosemide,,50 mg/5 ml,diuretic,False,True
2229,2229.0,0202020L0AABYBY,Furosemide,Furosemide_Liq Spec 40mg/5ml,Furosemide,,40 mg/5 ml,diuretic,False,True
2230,2230.0,0202020L0AABZBZ,Furosemide,Furosemide_Liq Spec 20mg/5ml,Furosemide,,20 mg/5 ml,diuretic,False,True
2231,2231.0,0202020L0AACACA,Furosemide,Furosemide_Liq Spec 5mg/5ml,Furosemide,,5 mg/5 ml,diuretic,False,True
2232,2232.0,0202020L0AACBCB,Furosemide,Furosemide_Liq Spec 80mg/5ml,Furosemide,,80 mg/5 ml,diuretic,False,True
2233,2233.0,0202020L0AACCCC,Furosemide,Furosemide_Liq Spec 30mg/5ml,Furosemide,,30 mg/5 ml,diuretic,False,True
2234,2234.0,0202020L0AACDCD,Furosemide,Furosemide_Liq Spec 10mg/5ml,Furosemide,,10 mg/5 ml,diuretic,False,True
2235,2235.0,0202020L0AACECE,Furosemide,Furosemide_Liq Spec 60mg/5ml,Furosemide,,60 mg/5 ml,diuretic,False,True
2236,2236.0,0202020L0AACFCF,Furosemide,Furosemide_Liq Spec 120mg/5ml,Furosemide,,120 mg/5 ml,diuretic,False,True
2237,2237.0,0202020L0AACGCG,Furosemide,Furosemide_Liq Spec 12.5mg/5ml,Furosemide,,5 mg/5 ml,diuretic,False,True
2238,2238.0,0202020L0AACHCH,Furosemide,Furosemide_Liq Spec 250mg/5ml,Furosemide,,250 mg/5 ml,diuretic,False,True
2239,2239.0,0202020L0AACICI,Furosemide,Furosemide_Liq Spec 6.5mg/5ml,Furosemide,,5 mg/5 ml,diuretic,False,True
2240,2240.0,0202020L0AACJCJ,Furosemide,Furosemide_Liq Spec 15mg/5ml,Furosemide,,15 mg/5 ml,diuretic,False,True
2241,2241.0,0202020L0AACKCK,Furosemide,Furosemide_Liq Spec 2mg/5ml,Furosemide,,2 mg/5 ml,diuretic,False,True
2242,2242.0,0202020L0AACLCL,Furosemide,Furosemide_Liq Spec 1mg/5ml,Furosemide,,1 mg/5 ml,diuretic,False,True
2243,2243.0,0202020L0AACMCM,Furosemide,Furosemide_Liq Spec 3mg/5ml,Furosemide,,3 mg/5 ml,diuretic,False,True
2244,2244.0,0202020L0AACNCN,Furosemide,Furosemide_Liq Spec 100mg/5ml,Furosemide,,100 mg/5 ml,diuretic,False,True
2245,2245.0,0202020L0AACPCP,Furosemide,Furosemide_Liq Spec 25mg/5ml,Furosemide,,25 mg/5 ml,diuretic,False,True
2246,2246.0,0202020L0AACQCQ,Furosemide,Furosemide_Inj 100mg/ml 1ml Amp,Furosemide,,100 mg/mL,diuretic,False,True
2247,2247.0,0202020L0AACRCR,Furosemide,Furosemide_Liq Spec 500mg/5ml,Furosemide,,500 mg/5 ml,diuretic,False,True
2248,2248.0,0202020L0AACSCS,Furosemide,Furosemide_Liq Spec 35mg/5ml,Furosemide,,35 mg/5 ml,diuretic,False,True
2249,2249.0,0202020L0AACTCT,Furosemide,Furosemide_Liq Spec 4.5mg/5ml,Furosemide,,5 mg/5 ml,diuretic,False,True
2250,2250.0,0202020L0AACUCU,Furosemide,Furosemide_Cap 20mg,Furosemide,,20 mg,diuretic,False,True
2251,2251.0,0202020L0AACVCV,Furosemide,Furosemide_Cap 30mg,Furosemide,,30 mg,diuretic,False,True
2252,2252.0,0202020L0AACWCW,Furosemide,Furosemide_Cap 40mg,Furosemide,,40 mg,diuretic,False,True
2253,2253.0,0202020L0AACXCX,Furosemide,Furosemide_Liq Spec 200mg/5ml,Furosemide,,200 mg/5 ml,diuretic,False,True
2254,2254.0,0202020L0AACYCY,Furosemide,Furosemide_Liq Spec 37.5mg/5ml,Furosemide,,5 mg/5 ml,diuretic,False,True
2255,2255.0,0202020L0AACZCZ,Furosemide,Furosemide_Cap 15mg,Furosemide,,15 mg,diuretic,False,True
2256,2256.0,0202020L0AADADA,Furosemide,Furosemide_Liq Spec 330mg/5ml,Furosemide,,330 mg/5 ml,diuretic,False,True
2257,2257.0,0202020L0AADBDB,Furosemide,Furosemide_Oral Soln 50mg/5ml S/F    @gn,Furosemide,,50 mg/5 ml,diuretic,False,True
2258,2258.0,0202020L0AADCDC,Furosemide,Furosemide_Oral Soln 20mg/5ml S/F    @gn,Furosemide,,20 mg/5 ml,diuretic,False,True
2259,2259.0,0202020L0AADDDD,Furosemide,Furosemide_Liq Spec 8mg/5ml,Furosemide,,8 mg/5 ml,diuretic,False,True
2260,2260.0,0202020L0AADEDE,Furosemide,Furosemide_Liq Spec 4mg/5ml,Furosemide,,4 mg/5 ml,diuretic,False,True
2261,2261.0,0202020L0AADFDF,Furosemide,Furosemide_Liq Spec 3.4mg/5ml,Furosemide,,4 mg/5 ml,diuretic,False,True
2262,2262.0,0202020L0AADGDG,Furosemide,Furosemide_Oral Soln 5mg/5ml S/F     @gn,Furosemide,,5 mg/5 ml,diuretic,False,True
2263,2263.0,0202020L0AADHDH,Furosemide,Furosemide_Inj 50mg/ml 5ml Vl,Furosemide,,50 mg/mL,diuretic,False,True
2264,2264.0,0202020L0AADIDI,Furosemide,Furosemide_Inj 10mg/ml 25ml Vl,Furosemide,,10 mg/mL,diuretic,False,True
2265,2265.0,0202020L0AADJDJ,Furosemide,Furosemide_Oral Soln 5mg/5ml,Furosemide,,5 mg/5 ml,diuretic,False,True
2266,2266.0,0202020L0AADKDK,Furosemide,Furosemide_Oral Susp 5mg/5ml,Furosemide,,5 mg/5 ml,diuretic,False,True
2267,2267.0,0202020L0BCAAAA,Diuresal,Diuresal_Inj 10mg/ml 2ml Amp,Furosemide,,10 mg/mL,diuretic,False,True
2268,2268.0,0202020L0BCABAB,Diuresal,Diuresal_Inj 10mg/ml 5ml Amp,Furosemide,,10 mg/mL,diuretic,False,True
2269,2269.0,0202020L0BCACBD,Diuresal,Diuresal_Tab 40mg,Furosemide,,40 mg,diuretic,False,True
2270,2270.0,0202020L0BCADBI,Diuresal,Diuresal_Tab 500mg,Furosemide,,500 mg,diuretic,False,True
2271,2271.0,0202020L0BDAAAA,Dryptal,Dryptal_Inj 10mg/ml 2ml Amp,Furosemide,,10 mg/mL,diuretic,False,True
2272,2272.0,0202020L0BDABAB,Dryptal,Dryptal_Inj 10mg/ml 5ml Amp,Furosemide,,10 mg/mL,diuretic,False,True
2273,2273.0,0202020L0BDACAD,Dryptal,Dryptal_Inj 10mg/ml 25ml Amp,Furosemide,,10 mg/mL,diuretic,False,True
2274,2274.0,0202020L0BDADBD,Dryptal,Dryptal_Tab 40mg,Furosemide,,40 mg,diuretic,False,True
2275,2275.0,0202020L0BDAEBI,Dryptal,Dryptal_Tab 500mg,Furosemide,,500 mg,diuretic,False,True
2276,2276.0,0202020L0BDAFBB,Dryptal,Dryptal_Tab 20mg,Furosemide,,20 mg,diuretic,False,True
2277,2277.0,0202020L0BGAAAT,Lasix,Lasix_Gran For Paed Liq 1mg/1ml S/F,Furosemide,,1 mg/1 ml,diuretic,False,True
2278,2278.0,0202020L0BGABAA,Lasix,Lasix_Inj Soln 10mg/ml 2ml Amp,Furosemide,,10 mg/mL,diuretic,False,True
2279,2279.0,0202020L0BGADAB,Lasix,Lasix_Inj Soln 10mg/ml 5ml Amp,Furosemide,,10 mg/mL,diuretic,False,True
2280,2280.0,0202020L0BGAEAD,Lasix,Lasix_Inj Soln 10mg/ml 25ml Amp,Furosemide,,10 mg/mL,diuretic,False,True
2281,2281.0,0202020L0BGAFA0,Lasix,Lasix Ret_Cap 30mg (Import),Furosemide,,30 mg,diuretic,False,True
2282,2282.0,0202020L0BGAGBB,Lasix,Lasix_Tab 20mg,Furosemide,,20 mg,diuretic,False,True
2283,2283.0,0202020L0BGAHBD,Lasix,Lasix_Tab 40mg,Furosemide,,40 mg,diuretic,False,True
2284,2284.0,0202020L0BGAIBI,Lasix,Lasix_Tab 500mg,Furosemide,,500 mg,diuretic,False,True
2285,2285.0,0202020L0BIAAA0,Minjet Furosemide,Minjet_Furosemide 10mg/ml 12ml Pfs,Furosemide,,10 mg/mL,diuretic,False,True
2286,2286.0,0202020L0BIACA0,Minjet Furosemide,Minjet_Furosemide 10mg/ml 4ml Pfs,Furosemide,,10 mg/mL,diuretic,False,True
2287,2287.0,0202020L0BIAEA0,Minjet Furosemide,Minjet_Furosemide 10mg/ml 10ml Pfs,Furosemide,,10 mg/mL,diuretic,False,True
2288,2288.0,0202020L0BIAFBT,Minjet Furosemide,Minjet_Furosemide 10mg/ml 25ml Pfs,Furosemide,,10 mg/mL,diuretic,False,True
2289,2289.0,0202020L0BIAGBS,Minjet Furosemide,Minjet_Furosemide 10mg/ml 8ml Pfs,Furosemide,,10 mg/mL,diuretic,False,True
2290,2290.0,0202020L0BLAAAB,Frumil (Parent),Frumil_Inj 10mg/ml 5ml Amp,Furosemide,,10 mg/mL,diuretic,False,False
2291,2291.0,0202020L0BMAABB,Aluzine,Aluzine 20_Tab 20mg,Furosemide,,20 mg,diuretic,False,True
2292,2292.0,0202020L0BMABBD,Aluzine,Aluzine 40_Tab 40mg,Furosemide,,40 mg,diuretic,False,True
2293,2293.0,0202020L0BMACBI,Aluzine,Aluzine 500_Tab 500mg,Furosemide,,500 mg,diuretic,False,True
2294,2294.0,0202020L0BNAABD,Frusetic,Frusetic_Tab 40mg,Furosemide,,40 mg,diuretic,False,True
2295,2295.0,0202020L0BPAABD,Frusid,Frusid_Tab 40mg,Furosemide,,40 mg,diuretic,False,True
2296,2296.0,0202020L0BQAABD,Gx Furosemide,Gx Furosemide_Tab 40mg,Furosemide,,40 mg,diuretic,False,True
2297,2297.0,0202020L0BRAABD,Sarfrusemide,Sarfrusemide_Tab 40mg,Furosemide,,40 mg,diuretic,False,True
2298,2298.0,0202020L0BSAABD,Hydroled,Hydroled_Tab 40mg,Furosemide,,40 mg,diuretic,False,True
2299,2299.0,0202020L0BTAABB,Rusyde,Rusyde_Tab 20mg,Furosemide,,20 mg,diuretic,False,True
2300,2300.0,0202020L0BTABBD,Rusyde,Rusyde_Tab 40mg,Furosemide,,40 mg,diuretic,False,True
2301,2301.0,0202020L0BUAABD,Frumax,Frumax_Tab 40mg,Furosemide,,40 mg,diuretic,False,True
2302,2302.0,0202020L0BVAABB,Nu-Cross Furosemide,Nu-Cross_Furosemide Tab 20mg,Furosemide,,20 mg,diuretic,False,True
2303,2303.0,0202020L0BWAABD,Froop,Froop_Tab 40mg,Furosemide,,40 mg,diuretic,False,True
2304,2304.0,0202020L0BXAAAR,Tenkofruse,Tenkofruse_Tab 20mg,Furosemide,,20 mg,diuretic,False,True
2305,2305.0,0202020L0BXABBD,Tenkofruse,Tenkofruse_Tab 40mg,Furosemide,,40 mg,diuretic,False,True
2306,2306.0,0202020L0BZAABQ,Frusol,Frusol_Oral Soln 20mg/5ml S/F,Furosemide,,20 mg/5 ml,diuretic,False,True
2307,2307.0,0202020L0BZABBN,Frusol,Frusol_Oral Soln 40mg/5ml S/F,Furosemide,,40 mg/5 ml,diuretic,False,True
2308,2308.0,0202020L0BZACBP,Frusol,Frusol_Oral Soln 50mg/5ml S/F,Furosemide,,50 mg/5 ml,diuretic,False,True
2309,2309.0,0202020S0AAAAAA,Piretanide,Piretanide_Cap 6mg M/R,Piretanide,,6 mg,diuretic,False,True
2310,2310.0,0202020S0BBAAAA,Arelix,Arelix_Cap 6mg,Piretanide,,6 mg,diuretic,False,True
2311,2311.0,0202020U0AAAAAA,Torasemide,Torasemide_Tab 2.5mg,Torasemide,,2.5 mg,diuretic,False,True
2312,2312.0,0202020U0AAABAB,Torasemide,Torasemide_Tab 5mg,Torasemide,,5 mg,diuretic,False,True
2313,2313.0,0202020U0AAACAC,Torasemide,Torasemide_Tab 10mg,Torasemide,,10 mg,diuretic,False,True
2314,2314.0,0202020U0AAADAD,Torasemide,Torasemide_Inj 5mg/ml 2ml Amp,Torasemide,,5 mg/mL,diuretic,False,True
2315,2315.0,0202020U0AAAEAE,Torasemide,Torasemide_Inj 5mg/ml 4ml Amp,Torasemide,,5 mg/mL,diuretic,False,True
2316,2316.0,0202020U0BBAAAA,Torem,Torem 2.5_Tab 2.5mg,Torasemide,,2.5 mg,diuretic,False,True
2317,2317.0,0202020U0BBABAB,Torem,Torem 5_Tab 5mg,Torasemide,,5 mg,diuretic,False,True
2318,2318.0,0202020U0BBACAC,Torem,Torem 10_Tab 10mg,Torasemide,,10 mg,diuretic,False,True
2319,2319.0,0202020U0BBADAD,Torem,Torem_Inj 5mg/ml 2ml Amp,Torasemide,,5 mg/mL,diuretic,False,True
2320,2320.0,0202020U0BBAEAE,Torem,Torem_Inj 5mg/ml 4ml Amp,Torasemide,,5 mg/mL,diuretic,False,True
2321,2321.0,0202030C0AAA1A1,Amiloride HCl,Amiloride HCl_Liq Spec 1mg/5ml,Amiloride Hydrochloride,,1 mg/5 ml,diuretic,False,True
2322,2322.0,0202030C0AAA2A2,Amiloride HCl,Amiloride HCl_Liq Spec 3mg/5ml,Amiloride Hydrochloride,,3 mg/5 ml,diuretic,False,True
2323,2323.0,0202030C0AAA3A3,Amiloride HCl,Amiloride HCl_Liq Spec 4mg/5ml,Amiloride Hydrochloride,,4 mg/5 ml,diuretic,False,True
2324,2324.0,0202030C0AAA4A4,Amiloride HCl,Amiloride HCl_Liq Spec 2.5mg/5ml,Amiloride Hydrochloride,,5 mg/5 ml,diuretic,False,True
2325,2325.0,0202030C0AAA5A5,Amiloride HCl,Amiloride HCl_Liq Spec 300mcg/5ml,Amiloride Hydrochloride,,,diuretic,False,True
2326,2326.0,0202030C0AAA6A6,Amiloride HCl,Amiloride HCl_Liq Spec 2mg/5ml,Amiloride Hydrochloride,,2 mg/5 ml,diuretic,False,True
2327,2327.0,0202030C0AAA7A7,Amiloride HCl,Amiloride HCl_Pdrs 600mcg,Amiloride Hydrochloride,,,diuretic,False,True
2328,2328.0,0202030C0AAA8A8,Amiloride HCl,Amiloride HCl_Liq Spec 1.5mg/5ml,Amiloride Hydrochloride,,5 mg/5 ml,diuretic,False,True
2329,2329.0,0202030C0AAA9A9,Amiloride HCl,Amiloride HCl_Oral Soln 5mg/5ml,Amiloride Hydrochloride,,5 mg/5 ml,diuretic,False,True
2330,2330.0,0202030C0AAAAAA,Amiloride HCl,Amiloride HCl_Cap,Amiloride Hydrochloride,,,diuretic,False,True
2331,2331.0,0202030C0AAABAB,Amiloride HCl,Amiloride HCl_Elix,Amiloride Hydrochloride,,,diuretic,False,True
2332,2332.0,0202030C0AAACAC,Amiloride HCl,Amiloride HCl_Tab 5mg,Amiloride Hydrochloride,,5 mg,diuretic,False,True
2333,2333.0,0202030C0AAADAD,Amiloride HCl,Amiloride HCl_Tab 10mg,Amiloride Hydrochloride,,10 mg,diuretic,False,True
2334,2334.0,0202030C0AAAFAF,Amiloride HCl,Amiloride HCl_Tab,Amiloride Hydrochloride,,,diuretic,False,True
2335,2335.0,0202030C0AAAGAG,Amiloride HCl,Amiloride HCl_Susp 5mg/5ml,Amiloride Hydrochloride,,5 mg/5 ml,diuretic,False,True
2336,2336.0,0202030C0AAAHAH,Amiloride HCl,Amiloride HCl_Susp 400mcg/5ml,Amiloride Hydrochloride,,,diuretic,False,True
2337,2337.0,0202030C0AAAIAI,Amiloride HCl,Amiloride HCl_Soln 5mg/5ml S/F,Amiloride Hydrochloride,,5 mg/5 ml,diuretic,False,True
2338,2338.0,0202030C0AAAJAJ,Amiloride HCl,Amiloride HCl_Pdrs 1mg,Amiloride Hydrochloride,,1 mg,diuretic,False,True
2339,2339.0,0202030C0AAAKAK,Amiloride HCl,Amiloride HCl_Susp 2mg/5ml,Amiloride Hydrochloride,,2 mg/5 ml,diuretic,False,True
2340,2340.0,0202030C0AAALAL,Amiloride HCl,Amiloride HCl_Syr 2mg/5ml,Amiloride Hydrochloride,,2 mg/5 ml,diuretic,False,True
2341,2341.0,0202030C0AAAMAM,Amiloride HCl,Amiloride HCl_Susp 4mg/5ml,Amiloride Hydrochloride,,4 mg/5 ml,diuretic,False,True
2342,2342.0,0202030C0AAANAN,Amiloride HCl,Amiloride HCl_Susp 2.5mg/5ml,Amiloride Hydrochloride,,5 mg/5 ml,diuretic,False,True
2343,2343.0,0202030C0AAAPAP,Amiloride HCl,Amiloride HCl_Susp 5mg/5ml S/F,Amiloride Hydrochloride,,5 mg/5 ml,diuretic,False,True
2344,2344.0,0202030C0AAAQAQ,Amiloride HCl,Amiloride HCl_Syr 5mg/5ml,Amiloride Hydrochloride,,5 mg/5 ml,diuretic,False,True
2345,2345.0,0202030C0AAARAR,Amiloride HCl,Amiloride HCl_Susp 1mg/5ml,Amiloride Hydrochloride,,1 mg/5 ml,diuretic,False,True
2346,2346.0,0202030C0AAASAS,Amiloride HCl,Amiloride HCl_Oral Soln 5mg/5ml S/F,Amiloride Hydrochloride,,5 mg/5 ml,diuretic,False,True
2347,2347.0,0202030C0AAATAT,Amiloride HCl,Amiloride HCl_Syr 2.5mg/5ml,Amiloride Hydrochloride,,5 mg/5 ml,diuretic,False,True
2348,2348.0,0202030C0AAAUAU,Amiloride HCl,Amiloride HCl_Susp 500mcg/5ml,Amiloride Hydrochloride,,,diuretic,False,True
2349,2349.0,0202030C0AAAVAV,Amiloride HCl,Amiloride HCl_Soln 1.5mg/5ml,Amiloride Hydrochloride,,5 mg/5 ml,diuretic,False,True
2350,2350.0,0202030C0AAAWAW,Amiloride HCl,Amiloride HCl_Oral Liq @spec,Amiloride Hydrochloride,,,diuretic,False,True
2351,2351.0,0202030C0AAAXAX,Amiloride HCl,Amiloride HCl_Liq Spec 5mg/5ml,Amiloride Hydrochloride,,5 mg/5 ml,diuretic,False,True
2352,2352.0,0202030C0AAAYAY,Amiloride HCl,Amiloride HCl_Liq Spec 400mcg/5ml,Amiloride Hydrochloride,,,diuretic,False,True
2353,2353.0,0202030C0AAAZAZ,Amiloride HCl,Amiloride HCl_Liq Spec 10mg/5ml,Amiloride Hydrochloride,,10 mg/5 ml,diuretic,False,True
2354,2354.0,0202030C0AABABA,Amiloride HCl,Amiloride HCl_Liq Spec 12.5mg/5ml,Amiloride Hydrochloride,,5 mg/5 ml,diuretic,False,True
2355,2355.0,0202030C0AABBBB,Amiloride HCl,Amiloride HCl_Liq Spec 1.7mg/5ml,Amiloride Hydrochloride,,7 mg/5 ml,diuretic,False,True
2356,2356.0,0202030C0AABCBC,Amiloride HCl,Amiloride HCl_Liq Spec 800mcg/5ml,Amiloride Hydrochloride,,,diuretic,False,True
2357,2357.0,0202030C0AABDBD,Amiloride HCl,Amiloride HCl_Liq Spec 500mcg/5ml,Amiloride Hydrochloride,,,diuretic,False,True
2358,2358.0,0202030C0AABEBE,Amiloride HCl,Amiloride HCl_Liq Spec 2.3mg/5ml,Amiloride Hydrochloride,,3 mg/5 ml,diuretic,False,True
2359,2359.0,0202030C0BBAAAC,Midamor,Midamor_Tab 5mg,Amiloride Hydrochloride,,5 mg,diuretic,False,True
2360,2360.0,0202030C0BCAAAC,Berkamil,Berkamil_Tab 5mg,Amiloride Hydrochloride,,5 mg,diuretic,False,True
2361,2361.0,0202030C0BDAAAC,Amilospare,Amilospare 5_Tab 5mg,Amiloride Hydrochloride,,5 mg,diuretic,False,True
2362,2362.0,0202030C0BEAAAC,Amoride,Amoride_Tab 5mg,Amiloride Hydrochloride,,5 mg,diuretic,False,True
2363,2363.0,0202030C0BFAAAS,Amilamont,Amilamont_Oral Soln 5mg/5ml S/F,Amiloride Hydrochloride,,5 mg/5 ml,diuretic,False,True
2364,2364.0,0202030M0AAAAAA,Pot Canrenoate,Pot Canrenoate_Inj 10mg/ml 20ml Amp,Potassium Canrenoate,,10 mg/mL,diuretic,False,True
2365,2365.0,0202030M0AAABAB,Pot Canrenoate,Pot Canrenoate_Inj 20mg/ml 10ml Amp,Potassium Canrenoate,,20 mg/mL,diuretic,False,True
2366,2366.0,0202030M0AAACAC,Pot Canrenoate,Pot Canrenoate_Inj Pdr 200mg Vl,Potassium Canrenoate,,200 mg,diuretic,False,True
2367,2367.0,0202030M0BBAAAB,Spiroctan-M,Spiroctan-M_Inj 20mg/ml 10ml Amp,Potassium Canrenoate,,20 mg/mL,diuretic,False,True
2368,2368.0,0202030M0BCAAAC,Soldactone,Soldactone_Inj Pdr 200mg Vl,Potassium Canrenoate,,200 mg,diuretic,False,True
2369,2369.0,0202030S0AAA1A1,Spironol,Spironol_Susp 18mg/5ml,Spironolactone,,18 mg/5 ml,diuretic,False,True
2370,2370.0,0202030S0AAA2A2,Spironol,Spironol_Susp 250mg/5ml,Spironolactone,,250 mg/5 ml,diuretic,False,True
2371,2371.0,0202030S0AAA3A3,Spironol,Spironol_Susp 25mg/5ml S/F,Spironolactone,,25 mg/5 ml,diuretic,False,True
2372,2372.0,0202030S0AAA4A4,Spironol,Spironol_Susp 5mg/5ml S/F,Spironolactone,,5 mg/5 ml,diuretic,False,True
2373,2373.0,0202030S0AAA5A5,Spironol,Spironol_Susp 10mg/5ml S/F,Spironolactone,,10 mg/5 ml,diuretic,False,True
2374,2374.0,0202030S0AAA6A6,Spironol,Spironol_Susp 50mg/5ml S/F,Spironolactone,,50 mg/5 ml,diuretic,False,True
2375,2375.0,0202030S0AAA7A7,Spironol,Spironol_Susp 11mg/5ml,Spironolactone,,11 mg/5 ml,diuretic,False,True
2376,2376.0,0202030S0AAA8A8,Spironol,Spironol_Pdrs 20mg,Spironolactone,,20 mg,diuretic,False,True
2377,2377.0,0202030S0AAA9A9,Spironol,Spironol_Cap 4mg,Spironolactone,,4 mg,diuretic,False,True
2378,2378.0,0202030S0AAAAAA,Spironol,Spironol_Cap 6mg,Spironolactone,,6 mg,diuretic,False,True
2379,2379.0,0202030S0AAABAB,Spironol,Spironol_Cap 100mg,Spironolactone,,100 mg,diuretic,False,True
2380,2380.0,0202030S0AAACAC,Spironol,Spironol_Cap 5mg,Spironolactone,,5 mg,diuretic,False,True
2381,2381.0,0202030S0AAADAD,Spironol,Spironol_Pdrs 20mg,Spironolactone,,20 mg,diuretic,False,True
2382,2382.0,0202030S0AAAGAG,Spironol,Spironol_Pdrs 5mg,Spironolactone,,5 mg,diuretic,False,True
2383,2383.0,0202030S0AAAHAH,Spironol,Spironol_Pdrs 6mg,Spironolactone,,6 mg,diuretic,False,True
2384,2384.0,0202030S0AAAIAI,Spironol,Spironol_Pdrs 3mg,Spironolactone,,3 mg,diuretic,False,True
2385,2385.0,0202030S0AAAJAJ,Spironol,Spironol_Pdrs 2mg,Spironolactone,,2 mg,diuretic,False,True
2386,2386.0,0202030S0AAAKAK,Spironol,Spironol_Tab 25mg S/C,Spironolactone,,25 mg,diuretic,False,True
2387,2387.0,0202030S0AAALAL,Spironol,Spironol_Tab 50mg S/C,Spironolactone,,50 mg,diuretic,False,True
2388,2388.0,0202030S0AAAMAM,Spironol,Spironol_Tab 100mg S/C,Spironolactone,,100 mg,diuretic,False,True
2389,2389.0,0202030S0AAANAN,Spironol,Spironol_Cap 10mg,Spironolactone,,10 mg,diuretic,False,True
2390,2390.0,0202030S0AAAPAP,Spironol,Spironol_Cap 2mg,Spironolactone,,2 mg,diuretic,False,True
2391,2391.0,0202030S0AAAQAQ,Spironol,Spironol_Tab 20mg,Spironolactone,,20 mg,diuretic,False,True
2392,2392.0,0202030S0AAARAR,Spironol,Spironol_Tab E/C 25mg,Spironolactone,,25 mg,diuretic,False,True
2393,2393.0,0202030S0AAASAS,Spironol,Spironol_Tab 10mg,Spironolactone,,10 mg,diuretic,False,True
2394,2394.0,0202030S0AAATAT,Spironol,Spironol_Tab 25mg,Spironolactone,,25 mg,diuretic,False,True
2395,2395.0,0202030S0AAAUAU,Spironol,Spironol_Tab 50mg,Spironolactone,,50 mg,diuretic,False,True
2396,2396.0,0202030S0AAAVAV,Spironol,Spironol_Tab 100mg,Spironolactone,,100 mg,diuretic,False,True
2397,2397.0,0202030S0AAAWAW,Spironol,Spironol_Tab 200mg,Spironolactone,,200 mg,diuretic,False,True
2398,2398.0,0202030S0AAAXAX,Spironol,Spironol_Pdrs 10mg,Spironolactone,,10 mg,diuretic,False,True
2399,2399.0,0202030S0AAAZAZ,Spironol,Spironol_Pdrs 4mg,Spironolactone,,4 mg,diuretic,False,True
2400,2400.0,0202030S0AABABA,Spironol,Spironol_Susp 3.75mg/5ml,Spironolactone,,75 mg/5 ml,diuretic,False,True
2401,2401.0,0202030S0AABBBB,Spironol,Spironol_Susp 62.5mg/5ml,Spironolactone,,5 mg/5 ml,diuretic,False,True
2402,2402.0,0202030S0AABCBC,Spironol,Spironol_Susp 3mg/5ml,Spironolactone,,3 mg/5 ml,diuretic,False,True
2403,2403.0,0202030S0AABDBD,Spironol,Spironol_Susp 30mg/5ml,Spironolactone,,30 mg/5 ml,diuretic,False,True
2404,2404.0,0202030S0AABEBE,Spironol,Spironol_Syr 10mg/5ml,Spironolactone,,10 mg/5 ml,diuretic,False,True
2405,2405.0,0202030S0AABFBF,Spironol,Spironol_Susp 8mg/5ml,Spironolactone,,8 mg/5 ml,diuretic,False,True
2406,2406.0,0202030S0AABGBG,Spironol,Spironol_Susp 2.5mg/5ml,Spironolactone,,5 mg/5 ml,diuretic,False,True
2407,2407.0,0202030S0AABHBH,Spironol,Spironol_Susp 20mg/5ml,Spironolactone,,20 mg/5 ml,diuretic,False,True
2408,2408.0,0202030S0AABIBI,Spironol,Spironol_Susp 60mg/5ml,Spironolactone,,60 mg/5 ml,diuretic,False,True
2409,2409.0,0202030S0AABJBJ,Spironol,Spironol_Susp 4mg/5ml,Spironolactone,,4 mg/5 ml,diuretic,False,True
2410,2410.0,0202030S0AABKBK,Spironol,Spironol_Susp 1mg/5ml,Spironolactone,,1 mg/5 ml,diuretic,False,True
2411,2411.0,0202030S0AABLBL,Spironol,Spironol_Syr 50mg/5ml,Spironolactone,,50 mg/5 ml,diuretic,False,True
2412,2412.0,0202030S0AABMBM,Spironol,Spironol_Susp 25mg/5ml               @gn,Spironolactone,,25 mg/5 ml,diuretic,False,True
2413,2413.0,0202030S0AABNBN,Spironol,Spironol_Susp 5mg/5ml                @gn,Spironolactone,,5 mg/5 ml,diuretic,False,True
2414,2414.0,0202030S0AABPBP,Spironol,Spironol_Susp 12mg/5ml,Spironolactone,,12 mg/5 ml,diuretic,False,True
2415,2415.0,0202030S0AABQBQ,Spironol,Spironol_Susp 10mg/5ml               @gn,Spironolactone,,10 mg/5 ml,diuretic,False,True
2416,2416.0,0202030S0AABRBR,Spironol,Spironol_Susp 15mg/5ml,Spironolactone,,15 mg/5 ml,diuretic,False,True
2417,2417.0,0202030S0AABSBS,Spironol,Spironol_Syr 25mg/5ml,Spironolactone,,25 mg/5 ml,diuretic,False,True
2418,2418.0,0202030S0AABTBT,Spironol,Spironol_Susp 6mg/5ml,Spironolactone,,6 mg/5 ml,diuretic,False,True
2419,2419.0,0202030S0AABUBU,Spironol,Spironol_Syr 62.5mg/5ml,Spironolactone,,5 mg/5 ml,diuretic,False,True
2420,2420.0,0202030S0AABVBV,Spironol,Spironol_Susp 50mg/5ml               @gn,Spironolactone,,50 mg/5 ml,diuretic,False,True
2421,2421.0,0202030S0AABWBW,Spironol,Spironol_Susp 7mg/5ml,Spironolactone,,7 mg/5 ml,diuretic,False,True
2422,2422.0,0202030S0AABXBX,Spironol,Spironol_Syr 6.25mg/5ml,Spironolactone,,25 mg/5 ml,diuretic,False,True
2423,2423.0,0202030S0AABYBY,Spironol,Spironol_Liq 15mg/5ml,Spironolactone,,15 mg/5 ml,diuretic,False,True
2424,2424.0,0202030S0AABZBZ,Spironol,Spironol_Susp 2mg/5ml,Spironolactone,,2 mg/5 ml,diuretic,False,True
2425,2425.0,0202030S0AACACA,Spironol,Spironol_Susp 31.25mg/5ml,Spironolactone,,25 mg/5 ml,diuretic,False,True
2426,2426.0,0202030S0AACBCB,Spironol,Spironol_Syr 5mg/5ml,Spironolactone,,5 mg/5 ml,diuretic,False,True
2427,2427.0,0202030S0AACCCC,Spironol,Spironol_Susp 7.5mg/5ml,Spironolactone,,5 mg/5 ml,diuretic,False,True
2428,2428.0,0202030S0AACDCD,Spironol,Spironol_Susp 40mg/5ml,Spironolactone,,40 mg/5 ml,diuretic,False,True
2429,2429.0,0202030S0AACECE,Spironol,Spironol_Susp 10mg/1.5ml,Spironolactone,,10 mg,diuretic,False,True
2430,2430.0,0202030S0AACFCF,Spironol,Spironol_Susp 6.25mg/5ml,Spironolactone,,25 mg/5 ml,diuretic,False,True
2431,2431.0,0202030S0AACGCG,Spironol,Spironol_Susp 100mg/5ml,Spironolactone,,100 mg/5 ml,diuretic,False,True
2432,2432.0,0202030S0AACHCH,Spironol,Spironol_Susp 12.5mg/5ml,Spironolactone,,5 mg/5 ml,diuretic,False,True
2433,2433.0,0202030S0AACICI,Spironol,Spironol_Susp 125mg/5ml,Spironolactone,,125 mg/5 ml,diuretic,False,True
2434,2434.0,0202030S0AACJCJ,Spironol,Spironol_Susp 75mg/5ml,Spironolactone,,75 mg/5 ml,diuretic,False,True
2435,2435.0,0202030S0AACKCK,Spironol,Spironol_Oral Liq @spec,Spironolactone,,,diuretic,False,True
2436,2436.0,0202030S0AACLCL,Spironol,Spironol_Cap 3mg,Spironolactone,,3 mg,diuretic,False,True
2437,2437.0,0202030S0AACMCM,Spironol,Spironol_Oral Soln 5mg/5ml,Spironolactone,,5 mg/5 ml,diuretic,False,True
2438,2438.0,0202030S0AACNCN,Spironol,Spironol_Oral Soln 25mg/5ml,Spironolactone,,25 mg/5 ml,diuretic,False,True
2439,2439.0,0202030S0AACPCP,Spironol,Spironol_Oral Soln 50mg/5ml,Spironolactone,,50 mg/5 ml,diuretic,False,True
2440,2440.0,0202030S0AACQCQ,Spironol,Spironol_Oral Soln 10mg/5ml,Spironolactone,,10 mg/5 ml,diuretic,False,True
2441,2441.0,0202030S0AACRCR,Spironol,Spironol_Liq Spec 100mg/5ml,Spironolactone,,100 mg/5 ml,diuretic,False,True
2442,2442.0,0202030S0AACTCT,Spironol,Spironol_Liq Spec 6.25mg/5ml,Spironolactone,,25 mg/5 ml,diuretic,False,True
2443,2443.0,0202030S0AACUCU,Spironol,Spironol_Liq Spec 30mg/5ml,Spironolactone,,30 mg/5 ml,diuretic,False,True
2444,2444.0,0202030S0AACVCV,Spironol,Spironol_Liq Spec 7.5mg/5ml,Spironolactone,,5 mg/5 ml,diuretic,False,True
2445,2445.0,0202030S0AACWCW,Spironol,Spironol_Liq Spec 4mg/5ml,Spironolactone,,4 mg/5 ml,diuretic,False,True
2446,2446.0,0202030S0AACXCX,Spironol,Spironol_Liq Spec 125mg/5ml,Spironolactone,,125 mg/5 ml,diuretic,False,True
2447,2447.0,0202030S0AACYCY,Spironol,Spironol_Liq Spec 7mg/5ml,Spironolactone,,7 mg/5 ml,diuretic,False,True
2448,2448.0,0202030S0AACZCZ,Spironol,Spironol_Liq Spec 250mg/5ml,Spironolactone,,250 mg/5 ml,diuretic,False,True
2449,2449.0,0202030S0AADADA,Spironol,Spironol_Liq Spec 2.5mg/5ml,Spironolactone,,5 mg/5 ml,diuretic,False,True
2450,2450.0,0202030S0AADBDB,Spironol,Spironol_Liq Spec 8mg/5ml,Spironolactone,,8 mg/5 ml,diuretic,False,True
2451,2451.0,0202030S0AADCDC,Spironol,Spironol_Liq Spec 15mg/5ml,Spironolactone,,15 mg/5 ml,diuretic,False,True
2452,2452.0,0202030S0AADDDD,Spironol,Spironol_Liq Spec 20mg/5ml,Spironolactone,,20 mg/5 ml,diuretic,False,True
2453,2453.0,0202030S0AADEDE,Spironol,Spironol_Liq Spec 75mg/5ml,Spironolactone,,75 mg/5 ml,diuretic,False,True
2454,2454.0,0202030S0AADFDF,Spironol,Spironol_Cap 8mg,Spironolactone,,8 mg,diuretic,False,True
2455,2455.0,0202030S0AADGDG,Spironol,Spironol_Liq Spec 35mg/5ml,Spironolactone,,35 mg/5 ml,diuretic,False,True
2456,2456.0,0202030S0AADHDH,Spironol,Spironol_Liq Spec 200mg/5ml,Spironolactone,,200 mg/5 ml,diuretic,False,True
2457,2457.0,0202030S0AADIDI,Spironol,Spironol_Liq Spec 40mg/5ml,Spironolactone,,40 mg/5 ml,diuretic,False,True
2458,2458.0,0202030S0AADJDJ,Spironol,Spironol_Liq Spec 13.5mg/5ml,Spironolactone,,5 mg/5 ml,diuretic,False,True
2459,2459.0,0202030S0AADKDK,Spironol,Spironol_Liq Spec 12.5mg/5ml,Spironolactone,,5 mg/5 ml,diuretic,False,True
2460,2460.0,0202030S0AADLDL,Spironol,Spironol_Liq Spec 4.5mg/5ml,Spironolactone,,5 mg/5 ml,diuretic,False,True
2461,2461.0,0202030S0AADMDM,Spironol,Spironol_Liq Spec 3mg/5ml,Spironolactone,,3 mg/5 ml,diuretic,False,True
2462,2462.0,0202030S0AADNDN,Spironol,Spironol_Susp 100mg/5ml S/F,Spironolactone,,100 mg/5 ml,diuretic,False,True
2463,2463.0,0202030S0AADPDP,Spironol,Spironol_Liq Spec 1.25mg/5ml,Spironolactone,,25 mg/5 ml,diuretic,False,True
2464,2464.0,0202030S0AADQDQ,Spironol,Spironol_Liq Spec 6mg/5ml,Spironolactone,,6 mg/5 ml,diuretic,False,True
2465,2465.0,0202030S0AADRDR,Spironol,Spironol_Pdrs 1.5mg,Spironolactone,,1.5 mg,diuretic,False,True
2466,2466.0,0202030S0AADSDS,Spironol,Spironol_Liq Spec 12mg/5ml,Spironolactone,,12 mg/5 ml,diuretic,False,True
2467,2467.0,0202030S0AADTDT,Spironol,Spironol_Liq Spec 3.5mg/5ml,Spironolactone,,5 mg/5 ml,diuretic,False,True
2468,2468.0,0202030S0AADUDU,Spironol,Spironol_Liq Spec 2mg/5ml,Spironolactone,,2 mg/5 ml,diuretic,False,True
2469,2469.0,0202030S0AADVDV,Spironol,Spironol_Liq Spec 8.3mg/5ml,Spironolactone,,3 mg/5 ml,diuretic,False,True
2470,2470.0,0202030S0AADWDW,Spironol,Spironol_Cap 100mg                   @gn,Spironolactone,,100 mg,diuretic,False,True
2471,2471.0,0202030S0AADXDX,Spironol,Spironol_Liq Spec 3.3mg/5ml,Spironolactone,,3 mg/5 ml,diuretic,False,True
2472,2472.0,0202030S0AADYDY,Spironol,Spironol_Pdrs 8mg,Spironolactone,,8 mg,diuretic,False,True
2473,2473.0,0202030S0AADZDZ,Spironol,Spironol_Cap 50mg,Spironolactone,,50 mg,diuretic,False,True
2474,2474.0,0202030S0AAEAEA,Spironol,Spironol_Oral Susp 25mg/5ml,Spironolactone,,25 mg/5 ml,diuretic,False,True
2475,2475.0,0202030S0AAEBEB,Spironol,Spironol_Oral Susp 50mg/5ml,Spironolactone,,50 mg/5 ml,diuretic,False,True
2476,2476.0,0202030S0AAECEC,Spironol,Spironol_Oral Susp 5mg/5ml,Spironolactone,,5 mg/5 ml,diuretic,False,True
2477,2477.0,0202030S0AAEDED,Spironol,Spironol_Oral Susp 10mg/5ml,Spironolactone,,10 mg/5 ml,diuretic,False,True
2478,2478.0,0202030S0AAEEEE,Spironol,Spironol_Oral Susp 100mg/5ml,Spironolactone,,100 mg/5 ml,diuretic,False,True
2479,2479.0,0202030S0BBAAAT,Aldactone,Aldactone_Tab 25mg,Spironolactone,,25 mg,diuretic,False,True
2480,2480.0,0202030S0BBABAU,Aldactone,Aldactone_Tab 50mg,Spironolactone,,50 mg,diuretic,False,True
2481,2481.0,0202030S0BBACAV,Aldactone,Aldactone_Tab 100mg,Spironolactone,,100 mg,diuretic,False,True
2482,2482.0,0202030S0BCAAAU,Diatensec,Diatensec_Tab 50mg,Spironolactone,,50 mg,diuretic,False,True
2483,2483.0,0202030S0BDAAAT,Laractone,Laractone_Tab 25mg,Spironolactone,,25 mg,diuretic,False,True
2484,2484.0,0202030S0BDABAV,Laractone,Laractone_Tab 100mg,Spironolactone,,100 mg,diuretic,False,True
2485,2485.0,0202030S0BDACAS,Laractone,Laractone_Tab 10mg,Spironolactone,,10 mg,diuretic,False,True
2486,2486.0,0202030S0BDADAU,Laractone,Laractone_Tab 50mg,Spironolactone,,50 mg,diuretic,False,True
2487,2487.0,0202030S0BEAAAT,Spiretic,Spiretic_Tab 25mg,Spironolactone,,25 mg,diuretic,False,True
2488,2488.0,0202030S0BEABAV,Spiretic,Spiretic_Tab 100mg,Spironolactone,,100 mg,diuretic,False,True
2489,2489.0,0202030S0BFAAAT,Spiroctan,Spiroctan 25_Tab 25mg,Spironolactone,,25 mg,diuretic,False,True
2490,2490.0,0202030S0BFABAU,Spiroctan,Spiroctan 50_Tab 50mg,Spironolactone,,50 mg,diuretic,False,True
2491,2491.0,0202030S0BFACAB,Spiroctan,Spiroctan 100_Cap 100mg,Spironolactone,,100 mg,diuretic,False,True
2492,2492.0,0202030S0BGAAAT,Spirolone,Spirolone_Tab 25mg,Spironolactone,,25 mg,diuretic,False,True
2493,2493.0,0202030S0BGABAU,Spirolone,Spirolone_Tab 50mg,Spironolactone,,50 mg,diuretic,False,True
2494,2494.0,0202030S0BGACAV,Spirolone,Spirolone_Tab 100mg,Spironolactone,,100 mg,diuretic,False,True
2495,2495.0,0202030S0BHAAAT,Gx Spironol,Gx Spironol_Tab 25mg,Spironolactone,,25 mg,diuretic,False,True
2496,2496.0,0202030S0BHABAV,Gx Spironol,Gx Spironol_Tab 100mg,Spironolactone,,100 mg,diuretic,False,True
2497,2497.0,0202030S0BIAAAT,Abbolactone,Abbolactone_Tab 25mg,Spironolactone,,25 mg,diuretic,False,True
2498,2498.0,0202030S0BIABAV,Abbolactone,Abbolactone_Tab 100mg,Spironolactone,,100 mg,diuretic,False,True
2499,2499.0,0202030S0BJABAT,Spirospare,Spirospare 25_Tab 25mg,Spironolactone,,25 mg,diuretic,False,True
2500,2500.0,0202030S0BJACAV,Spirospare,Spirospare 100_Tab 100mg,Spironolactone,,100 mg,diuretic,False,True
2501,2501.0,0202030W0AAAAAA,Triamterene,Triamterene_Cap 50mg,Triamterene,,50 mg,diuretic,False,True
2502,2502.0,0202030W0BBAAAA,Dytac,Dytac_Cap 50mg,Triamterene,,50 mg,diuretic,False,True
2503,2503.0,0202030X0AAAAAA,Eplerenone,Eplerenone_Tab 25mg,Eplerenone,,25 mg,diuretic,False,True
2504,2504.0,0202030X0AAABAB,Eplerenone,Eplerenone_Tab 50mg,Eplerenone,,50 mg,diuretic,False,True
2505,2505.0,0202030X0BBAAAA,Inspra,Inspra_Tab 25mg,Eplerenone,,25 mg,diuretic,False,True
2506,2506.0,0202030X0BBABAB,Inspra,Inspra_Tab 50mg,Eplerenone,,50 mg,diuretic,False,True
2507,2507.0,0202040A0AAAAAA,Amiloride HCl/Cyclopenth,Amiloride HCl/Cyclopenth_Tab 2.5/0.25mg,Amiloride Hydrochloride With Thiazides,,0.25 mg,diuretic,False,True
2508,2508.0,0202040A0BBAAAA,Navispare,Navispare_Tab,Amiloride Hydrochloride With Thiazides,,,diuretic,False,True
2509,2509.0,0202040B0AAAAAA,Co-Amilofruse,Co-Amilofruse_Tab 5mg/40mg,Co-Amilofruse (Amiloride HCl/Frusemide),,5 mg,diuretic,False,True
2510,2510.0,0202040B0AAABAB,Co-Amilofruse,Co-Amilofruse_Tab 2.5mg/20mg,Co-Amilofruse (Amiloride HCl/Frusemide),,2.5 mg,diuretic,False,True
2511,2511.0,0202040B0AAACAC,Co-Amilofruse,Co-Amilofruse_Tab 10mg/80mg,Co-Amilofruse (Amiloride HCl/Frusemide),,10 mg,diuretic,False,True
2512,2512.0,0202040B0AAADAD,Co-Amilofruse,Co-Amilofruse_Susp 5mg/40mg/5ml,Co-Amilofruse (Amiloride HCl/Frusemide),,40 mg/5 ml,diuretic,False,True
2513,2513.0,0202040B0AAAEAE,Co-Amilofruse,Co-Amilofruse_Tab 5mg/40mg           @gn,Co-Amilofruse (Amiloride HCl/Frusemide),,5 mg,diuretic,False,True
2514,2514.0,0202040B0AAAFAF,Co-Amilofruse,Co-Amilofruse_Oral Liq @spec,Co-Amilofruse (Amiloride HCl/Frusemide),,,diuretic,False,True
2515,2515.0,0202040B0AAAGAG,Co-Amilofruse,Co-Amilofruse_Tab 2.5mg/20mg         @gn,Co-Amilofruse (Amiloride HCl/Frusemide),,2.5 mg,diuretic,False,True
2516,2516.0,0202040B0AAAHAH,Co-Amilofruse,Co-Amilofruse_Liq Spec 5mg/40mg/5ml,Co-Amilofruse (Amiloride HCl/Frusemide),,40 mg/5 ml,diuretic,False,True
2517,2517.0,0202040B0AAAIAI,Co-Amilofruse,Co-Amilofruse_Liq Spec 10mg/80mg/5ml,Co-Amilofruse (Amiloride HCl/Frusemide),,80 mg/5 ml,diuretic,False,True
2518,2518.0,0202040B0AAAJAJ,Co-Amilofruse,Co-Amilofruse_Liq Spec 2.5mg/20mg/5ml,Co-Amilofruse (Amiloride HCl/Frusemide),,20 mg/5 ml,diuretic,False,True
2519,2519.0,0202040B0AAAKAK,Co-Amilofruse,Co-Amilofruse_Liq Spec 5mg/50mg/5ml,Co-Amilofruse (Amiloride HCl/Frusemide),,50 mg/5 ml,diuretic,False,True
2520,2520.0,0202040B0AAALAL,Co-Amilofruse,Amiloride/Furosemide_LiqSpec10/125mg/5ml,Co-Amilofruse (Amiloride HCl/Frusemide),,125 mg/5 ml,diuretic,False,True
2521,2521.0,0202040B0AAAMAM,Co-Amilofruse,Co-Amilofruse_Liq Spec 1.25mg/10mg/5ml,Co-Amilofruse (Amiloride HCl/Frusemide),,10 mg/5 ml,diuretic,False,True
2522,2522.0,0202040B0BBAAAA,Frumil (Systemic),Frumil_Tab 40mg/5mg,Co-Amilofruse (Amiloride HCl/Frusemide),,40 mg,diuretic,False,False
2523,2523.0,0202040B0BBABAB,Frumil (Systemic),Frumil L.S._Tab 20mg/2.5mg,Co-Amilofruse (Amiloride HCl/Frusemide),,20 mg,diuretic,False,False
2524,2524.0,0202040B0BBACAC,Frumil (Systemic),Frumil Fte_Tab 10mg/80mg,Co-Amilofruse (Amiloride HCl/Frusemide),,10 mg,diuretic,False,False
2525,2525.0,0202040B0BCAAAA,Lasoride,Lasoride_Tab 5mg/40mg,Co-Amilofruse (Amiloride HCl/Frusemide),,5 mg,diuretic,False,True
2526,2526.0,0202040B0BDAAAA,Fru-Co,Fru-Co_Tab 5mg/40mg,Co-Amilofruse (Amiloride HCl/Frusemide),,5 mg,diuretic,False,True
2527,2527.0,0202040B0BEAAAA,Frusemek,Frusemek_Tab 5mg/40mg,Co-Amilofruse (Amiloride HCl/Frusemide),,5 mg,diuretic,False,True
2528,2528.0,0202040B0BFAAAB,Aridil,Aridil_Tab 2.5mg/20mg,Co-Amilofruse (Amiloride HCl/Frusemide),,2.5 mg,diuretic,False,True
2529,2529.0,0202040B0BFABAC,Aridil,Aridil_Tab 10mg/80mg,Co-Amilofruse (Amiloride HCl/Frusemide),,10 mg,diuretic,False,True
2530,2530.0,0202040B0BGAAAA,Froop Co,Froop Co_Tab 5mg/40mg,Co-Amilofruse (Amiloride HCl/Frusemide),,5 mg,diuretic,False,True
2531,2531.0,0202040B0BHAAAA,Komil,Komil_Tab 5mg/40mg,Co-Amilofruse (Amiloride HCl/Frusemide),,5 mg,diuretic,False,True
2532,2532.0,0202040C0AAAAAA,Co-Amilozide,Co-Amilozide_Tab 5mg/50mg,Co-Amilozide (Amiloride HCl/Hydchloroth),,5 mg,diuretic,False,True
2533,2533.0,0202040C0AAABAB,Co-Amilozide,Co-Amilozide_Tab 2.5mg/25mg,Co-Amilozide (Amiloride HCl/Hydchloroth),,2.5 mg,diuretic,False,True
2534,2534.0,0202040C0AAACAC,Co-Amilozide,Co-Amilozide_Oral Soln 5mg/50mg/5ml,Co-Amilozide (Amiloride HCl/Hydchloroth),,50 mg/5 ml,diuretic,False,True
2535,2535.0,0202040C0AAADAD,Co-Amilozide,Co-Amilozide_Oral Soln 5mg/50mg/5ml  @gn,Co-Amilozide (Amiloride HCl/Hydchloroth),,50 mg/5 ml,diuretic,False,True
2536,2536.0,0202040C0BBAAAA,Amil-Co,Amil-Co_Tab 5mg/50mg,Co-Amilozide (Amiloride HCl/Hydchloroth),,5 mg,diuretic,False,True
2537,2537.0,0202040C0BCAAAA,Hypertane 50,Hypertane 50_Tab 5mg/50mg,Co-Amilozide (Amiloride HCl/Hydchloroth),,5 mg,diuretic,False,True
2538,2538.0,0202040C0BDAAAA,Moduretic,Moduretic_Tab 5mg/50mg,Co-Amilozide (Amiloride HCl/Hydchloroth),,5 mg,diuretic,False,True
2539,2539.0,0202040C0BDABAC,Moduretic,Moduretic_Soln 5mg/50mg/5ml,Co-Amilozide (Amiloride HCl/Hydchloroth),,50 mg/5 ml,diuretic,False,True
2540,2540.0,0202040C0BEAAAA,Normetic,Normetic_Tab 5mg/50mg,Co-Amilozide (Amiloride HCl/Hydchloroth),,5 mg,diuretic,False,True
2541,2541.0,0202040C0BFAAAA,Synuretic,Synuretic_Tab 5mg/50mg,Co-Amilozide (Amiloride HCl/Hydchloroth),,5 mg,diuretic,False,True
2542,2542.0,0202040C0BFABAB,Synuretic,Synuretic_Tab 2.5mg/25mg,Co-Amilozide (Amiloride HCl/Hydchloroth),,2.5 mg,diuretic,False,True
2543,2543.0,0202040C0BGAAAA,Amilmaxco,Amilmaxco 5/50_Tab 5mg/50mg,Co-Amilozide (Amiloride HCl/Hydchloroth),,5 mg,diuretic,False,True
2544,2544.0,0202040C0BHAAAA,Vasetic,Vasetic_Tab 5mg/50mg,Co-Amilozide (Amiloride HCl/Hydchloroth),,5 mg,diuretic,False,True
2545,2545.0,0202040C0BIAAAB,Moduret 25,Moduret 25_Tab 2.5mg/25mg,Co-Amilozide (Amiloride HCl/Hydchloroth),,2.5 mg,diuretic,False,True
2546,2546.0,0202040C0BJAAAA,Delvas,Delvas_Tab 5mg/50mg,Co-Amilozide (Amiloride HCl/Hydchloroth),,5 mg,diuretic,False,True
2547,2547.0,0202040C0BKAAAA,Zida-Co,Zida-Co 5/50_Tab 5mg/50mg,Co-Amilozide (Amiloride HCl/Hydchloroth),,5 mg,diuretic,False,True
2548,2548.0,0202040C0BLAAAA,Amizide,Amizide_Tab 5mg/50mg,Co-Amilozide (Amiloride HCl/Hydchloroth),,5 mg,diuretic,False,True
2549,2549.0,0202040D0AAAAAA,Amiloride HCl + Loop Diuretic,Amiloride HCl/Bumetanide_Tab 5mg/1mg,Amiloride HCl With Loop Diuretics,,5 mg,diuretic,False,True
2550,2550.0,0202040D0AAABAB,Amiloride HCl + Loop Diuretic,Amiloride/Furosemide_Liq Spec 5/50mg/5ml,Amiloride HCl With Loop Diuretics,,50 mg/5 ml,diuretic,False,True
2551,2551.0,0202040D0BBAAAA,Burinex-A,Burinex-A_Tab,Amiloride HCl With Loop Diuretics,,,diuretic,False,True
2552,2552.0,0202040G0AAAAAA,Co-Flumactone,Co-Flumactone_Tab 25mg/25mg,Co-Flumactone (Hydroflumeth/Spironol),,25 mg,diuretic,False,True
2553,2553.0,0202040G0AAABAB,Co-Flumactone,Co-Flumactone_Tab 50mg/50mg,Co-Flumactone (Hydroflumeth/Spironol),,50 mg,diuretic,False,True
2554,2554.0,0202040G0BBAAAA,Aldactide,Aldactide 25_Tab 25mg/25mg,Co-Flumactone (Hydroflumeth/Spironol),,25 mg,diuretic,False,True
2555,2555.0,0202040G0BBABAB,Aldactide,Aldactide 50_Tab 50mg/50mg,Co-Flumactone (Hydroflumeth/Spironol),,50 mg,diuretic,False,True
2556,2556.0,0202040G0BCAAAA,Spiro-Co,Spiro-Co 25_Tab 25mg/25mg,Co-Flumactone (Hydroflumeth/Spironol),,25 mg,diuretic,False,True
2557,2557.0,0202040G0BCABAB,Spiro-Co,Spiro-Co 50_Tab 50mg/50mg,Co-Flumactone (Hydroflumeth/Spironol),,50 mg,diuretic,False,True
2558,2558.0,0202040H0AAAAAA,Triamterene/Hydchloroth,Co-Triamterzide_Tab 50mg/25mg,Co-Triamterzide(Triamterene/Hydchloroth),,50 mg,diuretic,False,False
2559,2559.0,0202040H0AAABAB,Triamterene/Hydchloroth,Triamterene/Hydchloroth_Tab 50mg/25mg,Co-Triamterzide(Triamterene/Hydchloroth),,50 mg,diuretic,False,True
2560,2560.0,0202040H0BBAAAA,Dyazide,Dyazide_Tab,Co-Triamterzide(Triamterene/Hydchloroth),,,diuretic,False,True
2561,2561.0,0202040H0BCAAAA,Triam-Co,Triam-Co_Tab,Co-Triamterzide(Triamterene/Hydchloroth),,,diuretic,False,True
2562,2562.0,0202040H0BDAAAA,Triamaxco 50/25,Triamaxco 50/25_Tab,Co-Triamterzide(Triamterene/Hydchloroth),,,diuretic,False,True
2563,2563.0,0202040S0AAAAAA,Chloroth/Spironol,Spironol/Chloroth_Cap 1mg/10mg,Spironolactone With Thiazides,,1 mg,diuretic,False,True
2564,2564.0,0202040S0AAABAB,Chloroth/Spironol,Spironol/Chloroth_Pdrs 1mg/10mg,Spironolactone With Thiazides,,1 mg,diuretic,False,True
2565,2565.0,0202040S0AAACAC,Chloroth/Spironol,Chloroth/Spironol_Soln 10mg/1mg,Spironolactone With Thiazides,,10 mg,diuretic,False,True
2566,2566.0,0202040S0AAAEAE,Chloroth/Spironol,Chloroth/Spironol_Oral Liq @spec,Spironolactone With Thiazides,,,diuretic,False,True
2567,2567.0,0202040S0AAAFAF,Chloroth/Spironol,Spironol/Chloroth_Liq Spec 20/200mg/5ml,Spironolactone With Thiazides,,200 mg/5 ml,diuretic,False,True
2568,2568.0,0202040S0AAAGAG,Chloroth/Spironol,Chloroth/Spironol_Pdrs 20mg/3mg,Spironolactone With Thiazides,,20 mg,diuretic,False,True
2569,2569.0,0202040S0AAAHAH,Chloroth/Spironol,Chloroth/Spironol_Cap 40mg/4mg,Spironolactone With Thiazides,,40 mg,diuretic,False,True
2570,2570.0,0202040S0AAAIAI,Chloroth/Spironol,Spironol/Chloroth_Liq Spec 10/250mg/5ml,Spironolactone With Thiazides,,250 mg/5 ml,diuretic,False,True
2571,2571.0,0202040S0AAAJAJ,Chloroth/Spironol,Spironol/Chloroth_Liq Spec 10/100mg/5ml,Spironolactone With Thiazides,,100 mg/5 ml,diuretic,False,True
2572,2572.0,0202040S0AAAKAK,Chloroth/Spironol,Spironol/Chloroth_Liq Spec 5/50mg/5ml,Spironolactone With Thiazides,,50 mg/5 ml,diuretic,False,True
2573,2573.0,0202040S0AAALAL,Chloroth/Spironol,Chloroth/Spironol_Cap 250mg/25mg,Spironolactone With Thiazides,,250 mg,diuretic,False,True
2574,2574.0,0202040S0AAAMAM,Chloroth/Spironol,Chloroth/Spironol_Cap 30mg/3mg,Spironolactone With Thiazides,,30 mg,diuretic,False,True
2575,2575.0,0202040S0AAANAN,Chloroth/Spironol,Chloroth/Spironol_Cap 100mg/10mg,Spironolactone With Thiazides,,100 mg,diuretic,False,True
2576,2576.0,0202040S0AAAPAP,Chloroth/Spironol,Spironol/Chloroth_Cap 5mg/50mg,Spironolactone With Thiazides,,5 mg,diuretic,False,True
2577,2577.0,0202040S0AAAQAQ,Chloroth/Spironol,Chloroth/Spironol_Cap 160mg/16mg,Spironolactone With Thiazides,,160 mg,diuretic,False,True
2578,2578.0,0202040S0AAARAR,Chloroth/Spironol,Spironol/Chloroth_Cap 6mg/60mg,Spironolactone With Thiazides,,6 mg,diuretic,False,True
2579,2579.0,0202040T0AAAAAA,Spironol/Furosemide,Spironol/Furosemide_Cap 50mg/20mg,Spironolactone With Loop Diuretics,,50 mg,diuretic,False,True
2580,2580.0,0202040T0BBAAAA,Lasilactone,Lasilactone_Cap 50mg/20mg,Spironolactone With Loop Diuretics,,50 mg,diuretic,False,True
2581,2581.0,0202040U0AAAAAA,Triamterene/Furosemide,Triamterene/Furosemide_Tab 50mg/40mg,Triamterene With Loop Diuretics,,50 mg,diuretic,False,True
2582,2582.0,0202040U0BBAAAA,Frusene,Frusene_Tab,Triamterene With Loop Diuretics,,,diuretic,False,True
2583,2583.0,0202040V0AAAAAA,Triamterene + Thiazides,Triamterene/Chlortalidone_Tab 50mg/50mg,Triamterene With Thiazides,,50 mg,diuretic,False,True
2584,2584.0,0202040V0AAACAC,Triamterene + Thiazides,Triamterene/Benzthiazide_Cap 50mg/25mg,Triamterene With Thiazides,,50 mg,diuretic,False,True
2585,2585.0,0202040V0AAAEAE,Triamterene + Thiazides,Triamterene/Chlortalidone_Tab 50mg/25mg,Triamterene With Thiazides,,50 mg,diuretic,False,True
2586,2586.0,0202040V0BBAAAA,Kalspare,Kalspare_Tab,Triamterene With Thiazides,,,diuretic,False,True
2587,2587.0,0202040V0BBABAE,Kalspare,Kalspare LS_Tab,Triamterene With Thiazides,,,diuretic,False,True
2588,2588.0,0202040V0BDAAAC,Dytide,Dytide_Cap,Triamterene With Thiazides,,,diuretic,False,True
2589,2589.0,0202050I0AAAAAA,Isosorbide,Isosorbide_(S),Isosorbide,,,diuretic,False,True
2590,2590.0,0202050I0AAABAB,Isosorbide,Isosorbide_Pdrs 6g,Isosorbide,,,diuretic,False,True
2591,2591.0,0202050I0AAACAC,Isosorbide,Isosorbide_Pdrs 5g,Isosorbide,,,diuretic,False,True
2592,2592.0,0202050I0AAADAD,Isosorbide,Isosorbide_Soln 5g/5ml,Isosorbide,,,diuretic,False,True
2593,2593.0,0202050M0AAAAAA,Mannitol (Osmotic Diuretic),Mannitol_I/V Inf 10% 500ml,Mannitol,,,diuretic,False,True
2594,2594.0,0202050M0AAABAB,Mannitol (Osmotic Diuretic),Mannitol_I/V Inf 20% 500ml,Mannitol,,,diuretic,False,True
2595,2595.0,0202050M0AAACAC,Mannitol (Osmotic Diuretic),Mannitol_I/V Inf 20% 1L,Mannitol,,,diuretic,False,True
2596,2596.0,0202050M0AAAEAE,Mannitol (Osmotic Diuretic),Mannitol_I/V Inf 20% 250ml,Mannitol,,,diuretic,False,True
2597,2597.0,0202050M0BBAAA0,Minjet Mannitol,Minjet_Mannitol 25% 50ml,Mannitol,,,diuretic,False,True
2598,2598.0,0202050M0BCACAB,Baxter Mannitol,Baxter_Viaflex Mannitol I/V Inf 20%500ml,Mannitol,,,diuretic,False,True
2599,2599.0,0202050M0BCADAA,Baxter Mannitol,Baxter_Viaflex Mannitol I/V Inf 10%500ml,Mannitol,,,diuretic,False,True
2600,2600.0,0202050M0BCAEAC,Baxter Mannitol,Baxter_Mannitol I/V Inf 20% 1L,Mannitol,,,diuretic,False,True
2601,2601.0,0202050M0BCAFAE,Baxter Mannitol,Baxter_Viaflo Mannitol I/V Inf 20% 250ml,Mannitol,,,diuretic,False,True
2602,2602.0,0202050M0BCAGAA,Baxter Mannitol,Baxter_Viaflo Mannitol I/V Inf 10% 500ml,Mannitol,,,diuretic,False,True
2603,2603.0,0202050M0BCAHAB,Baxter Mannitol,Baxter_Viaflo Mannitol I/V Inf 20% 500ml,Mannitol,,,diuretic,False,True
2604,2604.0,0202050M0BCAIAE,Baxter Mannitol,Baxter_Viaflex Mannitol I/V Inf 20%250ml,Mannitol,,,diuretic,False,True
2605,2605.0,0202050M0BDAAAB,Polyfusor Mannitol,Polyfusor_Mannitol I/V Inf 20% 500ml,Mannitol,,,diuretic,False,True
2606,2606.0,0202050M0BDABAA,Polyfusor Mannitol,Polyfusor_Mannitol I/V Inf 10% 500ml,Mannitol,,,diuretic,False,True
2607,2607.0,0202080B0AAAAAA,Bendroflumeth/Pot,Bendroflumeth/Pot_Tab 2.5mg/573mg M/R,Bendroflumethiazide/Potassium,,2.5 mg,diuretic,False,True
2608,2608.0,0202080B0AAABAB,Bendroflumeth/Pot,Bendroflumeth/Pot_Tab 2.5mg/8.4mmol M/R,Bendroflumethiazide/Potassium,,2.5 mg,diuretic,False,True
2609,2609.0,0202080B0BBAAAA,Centyl-K,Centyl-K_Tab,Bendroflumethiazide/Potassium,,,diuretic,False,True
2610,2610.0,0202080B0BCAAAB,Neo-Naclex-K,Neo-Naclex-K_Tab,Bendroflumethiazide/Potassium,,,diuretic,False,True
2611,2611.0,0202080C0AAAAAA,Bumetanide/Pot,Bumetanide/Slow Pot_Tab 500mcg/7.7mmol,Bumetanide/Potassium,,,diuretic,False,True
2612,2612.0,0202080C0BBAAAA,Burinex-K,Burinex-K_Tab,Bumetanide/Potassium,,,diuretic,False,True
2613,2613.0,0202080D0AAAAAA,Bumetanide/Amiloride HCl,Bumetanide/Amiloride HCl_Tab 1mg/5mg,Bumetanide/Amiloride Hydrochloride,,1 mg,diuretic,False,True
2614,2614.0,0202080E0AAAAAA,Chlortalidone/Pot,Chlortalidone/Pot_Tab 25mg/6.7mmol M/R,Chlortalidone/Potassium,,25 mg,diuretic,False,True
2615,2615.0,0202080E0BBAAAA,Hygroton-K,Hygroton-K_Tab,Chlortalidone/Potassium,,,diuretic,False,True
2616,2616.0,0202080F0AAAAAA,Clopamide/Pot,Clopamide/Pot_Tab Eff 20mg/12mmol,Clopamide/Potassium,,20 mg,diuretic,False,True
2617,2617.0,0202080F0BBAAAA,Brinaldix-K,Brinaldix-K_Tab Eff,Clopamide/Potassium,,,diuretic,False,True
2618,2618.0,0202080G0AAAAAA,Cyclopenth/Pot,Cyclopenth/Pot_Tab 250mcg/8.1mmol M/R,Cyclopenthiazide/Potassium,,,diuretic,False,True
2619,2619.0,0202080G0BBAAAA,Navidrex-K,Navidrex-K_Tab,Cyclopenthiazide/Potassium,,,diuretic,False,True
2620,2620.0,0202080H0AAAAAA,Cyclopenth/Amiloride HCl,Cyclopenth/Amiloride HCl_Tab 0.25/2.5mg,Cyclopenthiazide/Amiloride Hydrochloride,,2.5 mg,diuretic,False,True
2621,2621.0,0202080K0AAAAAA,Furosemide/Pot,Furosemide/Pot_Tab 20mg/10mmol M/R,Furosemide/Potassium,,20 mg,diuretic,False,True
2622,2622.0,0202080K0AAABAB,Furosemide/Pot,Furosemide/Pot_Tab 40mg/8mmol M/R,Furosemide/Potassium,,40 mg,diuretic,False,True
2623,2623.0,0202080K0AAACAC,Furosemide/Pot,Furosemide/Pot_Tab 40mg/10mmol M/R,Furosemide/Potassium,,40 mg,diuretic,False,True
2624,2624.0,0202080K0BBAAAA,Lasikal,Lasikal_Tab,Furosemide/Potassium,,,diuretic,False,True
2625,2625.0,0202080K0BCAAAB,Diumide-K Continus,Diumide-K Continus_Tab,Furosemide/Potassium,,,diuretic,False,True
2626,2626.0,0202080K0BDAAAC,Lasix + K,Lasix + K_C/Pk Tab 30 Lasix 40mg + K,Furosemide/Potassium,,40 mg,diuretic,False,True
2627,2627.0,0202080M0AAAAAA,Hydchloroth/Pot,Hydchloroth/Pot_Tab 12.5mg/8.1mmol M/R,Hydrochlorothiazide/Potassium,,12.5 mg,diuretic,False,True
2628,2628.0,0202080M0AAABAB,Hydchloroth/Pot,Hydchloroth/Pot Chlor_Tab 25mg/572mg,Hydrochlorothiazide/Potassium,,25 mg,diuretic,False,True
2629,2629.0,0202080M0BBAAAA,Esidrex-K,Esidrex-K_Tab,Hydrochlorothiazide/Potassium,,,diuretic,False,True
2630,2630.0,0202080M0BCAAAB,Hydrosaluric-K,Hydrosaluric-K_Tab,Hydrochlorothiazide/Potassium,,,diuretic,False,True
2631,2631.0,021200000BHAAA0,Proprietary Co Prepn Bnf 0212000,Solgar_EPA/GLA Soft Gel OAD,Other Lipid-Regulating Preps,,,statin,False,False
2632,2632.0,021200000BHACA0,Proprietary Co Prepn Bnf 0212000,Lipostabil 300 Fte_Cap 300mg,Other Lipid-Regulating Preps,,300 mg,statin,False,False
2633,2633.0,021200000BHBAA0,Proprietary Co Prepn Bnf 0212000,Lamb_EPA Mari Lipid Conc Cap 180mg(8506),Other Lipid-Regulating Preps,,180 mg,statin,False,False
2634,2634.0,021200000BHBCA0,Proprietary Co Prepn Bnf 0212000,Lamb_High-Pot EPA Cap 310mg,Other Lipid-Regulating Preps,,310 mg,statin,False,False
2635,2635.0,021200000BHBEA0,Proprietary Co Prepn Bnf 0212000,Lanes_Lanepa Fish Cap,Other Lipid-Regulating Preps,,,statin,False,False
2636,2636.0,021200000BHBFA0,Proprietary Co Prepn Bnf 0212000,Lanepa_Liq Conc Fish Oil,Other Lipid-Regulating Preps,,,statin,False,False
2637,2637.0,021200000BHBGA0,Proprietary Co Prepn Bnf 0212000,Lanepa_Fish Oil Cap,Other Lipid-Regulating Preps,,,statin,False,False
2638,2638.0,021200000BHBHA0,Proprietary Co Prepn Bnf 0212000,Pure Fish Oil_Cap,Other Lipid-Regulating Preps,,,statin,False,False
2639,2639.0,021200000BHBIA0,Proprietary Co Prepn Bnf 0212000,Vasolastine_Inj 2ml Amp,Other Lipid-Regulating Preps,,,statin,False,False
2640,2640.0,021200000BHBJA0,Proprietary Co Prepn Bnf 0212000,Metabolics_Omega Plus Cap,Other Lipid-Regulating Preps,,,statin,False,False
2641,2641.0,021200000BHBKA0,Proprietary Co Prepn Bnf 0212000,Seven Seas_Pulse Triomega High Strgh Cap,Other Lipid-Regulating Preps,,,statin,False,False
2642,2642.0,021200010AAAAAA,Ciprofibrate,Ciprofibrate_Tab 100mg,Ciprofibrate,,100 mg,statin,False,False
2643,2643.0,021200010BBAAAA,Modalim,Modalim_Tab 100mg,Ciprofibrate,,100 mg,statin,False,False
2644,2644.0,0212000A0AAAAAA,Acipimox,Acipimox_Cap 250mg,Acipimox,,250 mg,statin,False,False
2645,2645.0,0212000A0BBAAAA,Olbetam,Olbetam_Cap 250mg,Acipimox,,250 mg,statin,False,False
2646,2646.0,0212000AAAAAAAA,Rosuvastatin Calc,Rosuvastatin Calc_Tab 10mg,Rosuvastatin Calcium,,10 mg,statin,False,False
2647,2647.0,0212000AAAAABAB,Rosuvastatin Calc,Rosuvastatin Calc_Tab 20mg,Rosuvastatin Calcium,,20 mg,statin,False,False
2648,2648.0,0212000AAAAACAC,Rosuvastatin Calc,Rosuvastatin Calc_Tab 40mg,Rosuvastatin Calcium,,40 mg,statin,False,False
2649,2649.0,0212000AAAAADAD,Rosuvastatin Calc,Rosuvastatin Calc_Tab 5mg,Rosuvastatin Calcium,,5 mg,statin,False,False
2650,2650.0,0212000AAAAAEAE,Rosuvastatin Calc,Rosuvastatin Calc_Liq Spec 20mg/5ml,Rosuvastatin Calcium,,20 mg/5 ml,statin,False,False
2651,2651.0,0212000AABBAAAA,Crestor,Crestor_Tab 10mg,Rosuvastatin Calcium,,10 mg,statin,False,False
2652,2652.0,0212000AABBABAB,Crestor,Crestor_Tab 20mg,Rosuvastatin Calcium,,20 mg,statin,False,False
2653,2653.0,0212000AABBACAC,Crestor,Crestor_Tab 40mg,Rosuvastatin Calcium,,40 mg,statin,False,False
2654,2654.0,0212000AABBADAD,Crestor,Crestor_Tab 5mg,Rosuvastatin Calcium,,5 mg,statin,False,False
2655,2655.0,0212000ABAAAAAA,Omega-3-Acid Ethyl Esters,EPA/DHA_Cap 460mg/380mg,Omega-3-Acid Ethyl Esters,,460 mg,statin,False,False
2656,2656.0,0212000ABBBAAAA,Omacor,Omacor_Cap,Omega-3-Acid Ethyl Esters,,,statin,False,False
2657,2657.0,0212000ABBCAAAA,Teromeg,Teromeg_Cap 1g,Omega-3-Acid Ethyl Esters,,,statin,False,False
2658,2658.0,0212000ABBDAAAA,Prestylon,Prestylon_Cap 1g,Omega-3-Acid Ethyl Esters,,,statin,False,False
2659,2659.0,0212000ABBEAAAA,Omega-3-Acid Ethyl Esters (Glenmark),Omega 3-Acid-Ethyl Esters_Cap 1g,Omega-3-Acid Ethyl Esters,,,statin,False,False
2660,2660.0,0212000ABBFAAAA,Nebbaro,Nebbaro_Cap 1000mg,Omega-3-Acid Ethyl Esters,,1000 mg,statin,False,False
2661,2661.0,0212000ABBGAAAA,Omega 3,Omega 3_Cap 1000mg,Omega-3-Acid Ethyl Esters,,1000 mg,statin,False,False
2662,2662.0,0212000ABBHAAAA,Dualtis,Dualtis_Cap 1000mg,Omega-3-Acid Ethyl Esters,,1000 mg,statin,False,False
2663,2663.0,0212000ABBIAAAA,G & G Omega 3,G & G_Omega 3 Softgels Cap 1000mg,Omega-3-Acid Ethyl Esters,,1000 mg,statin,False,False
2664,2664.0,0212000ACAAAAAA,Simvastatin & Ezetimibe,Simvastatin/Ezetimibe_Tab 20mg/10mg,Simvastatin & Ezetimibe,,20 mg,statin,False,False
2665,2665.0,0212000ACAAABAB,Simvastatin & Ezetimibe,Simvastatin/Ezetimibe_Tab 40mg/10mg,Simvastatin & Ezetimibe,,40 mg,statin,False,False
2666,2666.0,0212000ACAAACAC,Simvastatin & Ezetimibe,Simvastatin/Ezetimibe_Tab 80mg/10mg,Simvastatin & Ezetimibe,,80 mg,statin,False,False
2667,2667.0,0212000ACBBAAAA,Inegy,Inegy_Tab 10mg/20mg,Simvastatin & Ezetimibe,,10 mg,statin,False,False
2668,2668.0,0212000ACBBABAB,Inegy,Inegy_Tab 10mg/40mg,Simvastatin & Ezetimibe,,10 mg,statin,False,False
2669,2669.0,0212000ACBBACAC,Inegy,Inegy_Tab 10mg/80mg,Simvastatin & Ezetimibe,,10 mg,statin,False,False
2670,2670.0,0212000ADAAAAAA,Colesevelam HCl,Colesevelam HCl_Tab 625mg,Colesevelam Hydrochloride,,625 mg,statin,False,False
2671,2671.0,0212000ADBBAAAA,Cholestagel,Cholestagel_Tab 625mg,Colesevelam Hydrochloride,,625 mg,statin,False,False
2672,2672.0,0212000AEAAAAAA,Nicotinic Acid/Laropiprant,Nicotinic Acid/Laropiprant_Tab1g/20mgM/R,Nicotinic Acid/Laropiprant,,,statin,False,False
2673,2673.0,0212000AEBBAAAA,Tredaptive,Tredaptive_Tab 1g/20mg M/R,Nicotinic Acid/Laropiprant,,20 mg,statin,False,False
2674,2674.0,0212000AFAAAAAA,Lomitapide,Lomitapide_Cap 5mg,Lomitapide,,5 mg,statin,False,False
2675,2675.0,0212000AFAAABAB,Lomitapide,Lomitapide_Cap 10mg,Lomitapide,,10 mg,statin,False,False
2676,2676.0,0212000AFAAACAC,Lomitapide,Lomitapide_Cap 20mg,Lomitapide,,20 mg,statin,False,False
2677,2677.0,0212000AFBBAAAA,Lojuxta,Lojuxta_Cap 5mg,Lomitapide,,5 mg,statin,False,False
2678,2678.0,0212000AFBBABAB,Lojuxta,Lojuxta_Cap 10mg,Lomitapide,,10 mg,statin,False,False
2679,2679.0,0212000AFBBACAC,Lojuxta,Lojuxta_Cap 20mg,Lomitapide,,20 mg,statin,False,False
2680,2680.0,0212000AGAAAAAA,Policosanol,Policosanol_Cap 10mg,Policosanol,,10 mg,statin,False,False
2681,2681.0,0212000AGBBAAAA,Biovea Policosanol,Biovea Policosanol_Cap 10mg,Policosanol,,10 mg,statin,False,False
2682,2682.0,0212000AHAAAAAA,Evolocumab,Evolocumab_Inj 140mg/ml 1ml Pf Dev,Evolocumab,,140 mg/mL,statin,False,False
2683,2683.0,0212000AHAAABAB,Evolocumab,Evolocumab_Inj 140mg/ml 1ml Pfs,Evolocumab,,140 mg/mL,statin,False,False
2684,2684.0,0212000AHBBAAAA,Repatha,Repatha SureClick_Inj 140mg/ml 1ml PfPen,Evolocumab,,140 mg/mL,statin,False,False
2685,2685.0,0212000AHBBABAB,Repatha,Repatha_Inj 140mg/ml 1ml Pfs,Evolocumab,,140 mg/mL,statin,False,False
2686,2686.0,0212000AIAAAAAA,Alirocumab,Alirocumab_Inj 75mg/1ml PF Dev,Alirocumab,,75 mg/1 ml,statin,False,False
2687,2687.0,0212000AIAAABAB,Alirocumab,Alirocumab_Inj 150mg/1ml PF Dev,Alirocumab,,150 mg/1 ml,statin,False,False
2688,2688.0,0212000AIBBAAAA,Praluent,Praluent_Inj 75mg/1ml PF Pen,Alirocumab,,75 mg/1 ml,statin,False,False
2689,2689.0,0212000AIBBABAB,Praluent,Praluent_Inj 150mg/1ml PF Pen,Alirocumab,,150 mg/1 ml,statin,False,False
2690,2690.0,0212000AJAAAAAA,Fenofibrate/Simvastatin,Fenofibrate/Simvastatin_Tab 145mg/20mg,Fenofibrate/Simvastatin,,145 mg,statin,False,False
2691,2691.0,0212000AJAAABAB,Fenofibrate/Simvastatin,Fenofibrate/Simvastatin_Tab 145mg/40mg,Fenofibrate/Simvastatin,,145 mg,statin,False,False
2692,2692.0,0212000AJBBAAAA,Cholib,Cholib_Tab 145mg/20mg,Fenofibrate/Simvastatin,,145 mg,statin,False,False
2693,2693.0,0212000AJBBABAB,Cholib,Cholib_Tab 145mg/40mg,Fenofibrate/Simvastatin,,145 mg,statin,False,False
2694,2694.0,0212000B0AAAAAA,Atorvastatin,Atorvastatin_Tab 10mg,Atorvastatin,,10 mg,statin,False,False
2695,2695.0,0212000B0AAABAB,Atorvastatin,Atorvastatin_Tab 20mg,Atorvastatin,,20 mg,statin,False,False
2696,2696.0,0212000B0AAACAC,Atorvastatin,Atorvastatin_Tab 40mg,Atorvastatin,,40 mg,statin,False,False
2697,2697.0,0212000B0AAADAD,Atorvastatin,Atorvastatin_Tab 80mg,Atorvastatin,,80 mg,statin,False,False
2698,2698.0,0212000B0AAAEAE,Atorvastatin,Atorvastatin_Tab 20mg                @gn,Atorvastatin,,20 mg,statin,False,False
2699,2699.0,0212000B0AAAFAF,Atorvastatin,Atorvastatin_Oral Soln 20mg/5ml,Atorvastatin,,20 mg/5 ml,statin,False,False
2700,2700.0,0212000B0AAAGAG,Atorvastatin,Atorvastatin_Liq Spec 40mg/5ml,Atorvastatin,,40 mg/5 ml,statin,False,False
2701,2701.0,0212000B0AAAHAH,Atorvastatin,Atorvastatin_Liq Spec 10mg/5ml,Atorvastatin,,10 mg/5 ml,statin,False,False
2702,2702.0,0212000B0AAAIAI,Atorvastatin,Atorvastatin_Oral Susp 80mg/5ml,Atorvastatin,,80 mg/5 ml,statin,False,False
2703,2703.0,0212000B0AAAJAJ,Atorvastatin,Atorvastatin_Pdr Sach 10mg,Atorvastatin,,10 mg,statin,False,False
2704,2704.0,0212000B0AAAKAK,Atorvastatin,Atorvastatin_Pdr Sach 20mg,Atorvastatin,,20 mg,statin,False,False
2705,2705.0,0212000B0AAALAL,Atorvastatin,Atorvastatin_Tab Chble 10mg S/F,Atorvastatin,,10 mg,statin,False,False
2706,2706.0,0212000B0AAAMAM,Atorvastatin,Atorvastatin_Tab Chble 20mg S/F,Atorvastatin,,20 mg,statin,False,False
2707,2707.0,0212000B0AAANAN,Atorvastatin,Atorvastatin_Tab 30mg,Atorvastatin,,30 mg,statin,False,False
2708,2708.0,0212000B0AAAPAP,Atorvastatin,Atorvastatin_Tab 60mg,Atorvastatin,,60 mg,statin,False,False
2709,2709.0,0212000B0AAAQAQ,Atorvastatin,Atorvastatin_Oral Susp 20mg/5ml,Atorvastatin,,20 mg/5 ml,statin,False,False
2710,2710.0,0212000B0BBAAAA,Lipitor,Lipitor_Tab 10mg,Atorvastatin,,10 mg,statin,False,False
2711,2711.0,0212000B0BBABAB,Lipitor,Lipitor_Tab 20mg,Atorvastatin,,20 mg,statin,False,False
2712,2712.0,0212000B0BBACAC,Lipitor,Lipitor_Tab 40mg,Atorvastatin,,40 mg,statin,False,False
2713,2713.0,0212000B0BBADAD,Lipitor,Lipitor_Tab 80mg,Atorvastatin,,80 mg,statin,False,False
2714,2714.0,0212000B0BBAEAL,Lipitor,Lipitor_Tab Chble 10mg,Atorvastatin,,10 mg,statin,False,False
2715,2715.0,0212000B0BBAFAM,Lipitor,Lipitor_Tab Chble 20mg,Atorvastatin,,20 mg,statin,False,False
2716,2716.0,0212000B0BCAAAA,Cardyl,Cardyl_Tab 10mg,Atorvastatin,,10 mg,statin,False,False
2717,2717.0,0212000B0BDAAAA,Prevencor,Prevencor_Tab 10mg,Atorvastatin,,10 mg,statin,False,False
2718,2718.0,0212000B0BEAAAA,Tahor,Tahor_Tab 10mg,Atorvastatin,,10 mg,statin,False,False
2719,2719.0,0212000B0BFAAAB,Sortis,Sortis_Tab 20mg,Atorvastatin,,20 mg,statin,False,False
2720,2720.0,0212000B0BFABAA,Sortis,Sortis_Tab 10mg,Atorvastatin,,10 mg,statin,False,False
2721,2721.0,0212000B0BGAAAA,Zarator,Zarator_Tab 10mg,Atorvastatin,,10 mg,statin,False,False
2722,2722.0,0212000C0AAAAAA,Cerivastatin,Cerivastatin_Tab 100mcg,Cerivastatin,,,statin,False,False
2723,2723.0,0212000C0AAABAB,Cerivastatin,Cerivastatin_Tab 200mcg,Cerivastatin,,,statin,False,False
2724,2724.0,0212000C0AAACAC,Cerivastatin,Cerivastatin_Tab 300mcg,Cerivastatin,,,statin,False,False
2725,2725.0,0212000C0AAADAD,Cerivastatin,Cerivastatin_Tab 400mcg,Cerivastatin,,,statin,False,False
2726,2726.0,0212000C0AAAEAE,Cerivastatin,Cerivastatin_Tab 800mcg,Cerivastatin,,,statin,False,False
2727,2727.0,0212000C0BBAAAA,Lipobay,Lipobay_Tab 100mcg,Cerivastatin,,,statin,False,False
2728,2728.0,0212000C0BBABAB,Lipobay,Lipobay_Tab 200mcg,Cerivastatin,,,statin,False,False
2729,2729.0,0212000C0BBACAC,Lipobay,Lipobay_Tab 300mcg,Cerivastatin,,,statin,False,False
2730,2730.0,0212000C0BBADAD,Lipobay,Lipobay_Tab 400mcg,Cerivastatin,,,statin,False,False
2731,2731.0,0212000C0BBAEAE,Lipobay,Lipobay_Tab 800mcg,Cerivastatin,,,statin,False,False
2732,2732.0,0212000D0AAAAAA,Bezafibrate,Bezafibrate_Tab 200mg,Bezafibrate,,200 mg,statin,False,False
2733,2733.0,0212000D0AAABAB,Bezafibrate,Bezafibrate_Tab 400mg M/R,Bezafibrate,,400 mg,statin,False,False
2734,2734.0,0212000D0AAACAC,Bezafibrate,Bezafibrate_Liq Spec 200mg/5ml,Bezafibrate,,200 mg/5 ml,statin,False,False
2735,2735.0,0212000D0BBAAAA,Bezalip,Bezalip_Tab 200mg,Bezafibrate,,200 mg,statin,False,False
2736,2736.0,0212000D0BBABAB,Bezalip,Bezalip-Mono_Tab 400mg,Bezafibrate,,400 mg,statin,False,False
2737,2737.0,0212000D0BCAAAB,Bezagen,Bezagen XL_Tab 400mg,Bezafibrate,,400 mg,statin,False,False
2738,2738.0,0212000D0BDAAAB,Liparol,Liparol XL_Tab 400mg,Bezafibrate,,400 mg,statin,False,False
2739,2739.0,0212000D0BEAAAB,Zimbacol,Zimbacol XL_Tab 400mg,Bezafibrate,,400 mg,statin,False,False
2740,2740.0,0212000D0BFAAAB,Fibrazate,Fibrazate XL_Tab 400mg M/R,Bezafibrate,,400 mg,statin,False,False
2741,2741.0,0212000F0AAAAAA,Colestyramine (Lipid Lowering),Colestyramine_Cap 325mg,Colestyramine,,325 mg,statin,False,False
2742,2742.0,0212000F0AAABAB,Colestyramine (Lipid Lowering),Colestyramine_Pdr Sach 4g,Colestyramine,,,statin,False,False
2743,2743.0,0212000F0AAADAD,Colestyramine (Lipid Lowering),Colestyramine_Cap 375mg,Colestyramine,,375 mg,statin,False,False
2744,2744.0,0212000F0AAAEAE,Colestyramine (Lipid Lowering),Colestyramine/Aspartame_Pdr Sach 4g S/F,Colestyramine,,,statin,False,False
2745,2745.0,0212000F0AAAFAF,Colestyramine (Lipid Lowering),Colestyramine_Oral Liq @spec,Colestyramine,,,statin,False,False
2746,2746.0,0212000F0AAAGAG,Colestyramine (Lipid Lowering),Colestyramine_Liq Spec 500mg/5ml,Colestyramine,,500 mg/5 ml,statin,False,False
2747,2747.0,0212000F0AAAHAH,Colestyramine (Lipid Lowering),Colestyramine_Pdrs 900mg,Colestyramine,,900 mg,statin,False,False
2748,2748.0,0212000F0AAAIAI,Colestyramine (Lipid Lowering),Colestyramine_Pdrs 1g,Colestyramine,,,statin,False,False
2749,2749.0,0212000F0AAAJAJ,Colestyramine (Lipid Lowering),Colestyramine_Pdrs 500mg,Colestyramine,,500 mg,statin,False,False
2750,2750.0,0212000F0AAAKAK,Colestyramine (Lipid Lowering),Colestyramine_Cap 625mg,Colestyramine,,625 mg,statin,False,False
2751,2751.0,0212000F0AAALAL,Colestyramine (Lipid Lowering),Colestyramine_Pdrs 550mg,Colestyramine,,550 mg,statin,False,False
2752,2752.0,0212000F0AAAMAM,Colestyramine (Lipid Lowering),Colestyramine_Pdr Sach 4g           @gn,Colestyramine,,,statin,False,False
2753,2753.0,0212000F0AAANAN,Colestyramine (Lipid Lowering),Colestyramine_Pdrs 270mg,Colestyramine,,270 mg,statin,False,False
2754,2754.0,0212000F0AAAPAP,Colestyramine (Lipid Lowering),Colestyramine_Pdrs 400mg,Colestyramine,,400 mg,statin,False,False
2755,2755.0,0212000F0AAAQAQ,Colestyramine (Lipid Lowering),Colestyramine_Pdrs 100mg,Colestyramine,,100 mg,statin,False,False
2756,2756.0,0212000F0AAARAR,Colestyramine (Lipid Lowering),Colestyramine_Pdrs 10g,Colestyramine,,,statin,False,False
2757,2757.0,0212000F0AAASAS,Colestyramine (Lipid Lowering),Gppe Sach_Questran Light 9g,Colestyramine,,,statin,False,False
2758,2758.0,0212000F0BBAAAB,Questran,Questran_Sach 9g (4g Of Ingredient),Colestyramine,,,statin,False,False
2759,2759.0,0212000F0BBABA0,Questran,Questran_S/Pack,Colestyramine,,,statin,False,False
2760,2760.0,0212000F0BBACAE,Questran,Questran Light_Sach 9g (4g Of Ingredient,Colestyramine,,,statin,False,False
2761,2761.0,0212000F0BCAAAB,Cholemin,Cholemin_Pdr Sach 4g,Colestyramine,,,statin,False,False
2762,2762.0,0212000G0BBAAA0,Condrosulf,Condrosulf_Cap 400mg,Chondroitin  Sulphate A,,400 mg,statin,False,False
2763,2763.0,0212000I0AAAAAA,Clofibrate,Clofibrate_Cap 500mg BP,Clofibrate,,500 mg,statin,False,False
2764,2764.0,0212000I0BBAAAA,Atromid-S,Atromid-S_Cap 500mg,Clofibrate,,500 mg,statin,False,False
2765,2765.0,0212000J0AAAAAA,Ispag Husk (Lipid Lowering),Ispag Husk_Gran Eff G/F S/F,Ispaghula Husk,,,statin,False,False
2766,2766.0,0212000J0BBAAAA,Fybozest,Fybozest_Gran Eff S/F,Ispaghula Husk,,,statin,False,False
2767,2767.0,0212000J0BCAAAA,Fybogel (Lipid Lowering),Fybogel_Gran Eff S/F,Ispaghula Husk,,,statin,False,False
2768,2768.0,0212000K0AAAAAA,Colestipol HCl,Colestipol HCl_Gran Sach 0.2% 5g S/F,Colestipol Hydrochloride,,,statin,False,False
2769,2769.0,0212000K0AAABAB,Colestipol HCl,Colestipol HCl_Pdr Sach 0.2% 5g,Colestipol Hydrochloride,,,statin,False,False
2770,2770.0,0212000K0AAACAC,Colestipol HCl,Colestipol HCl_Tab 1g,Colestipol Hydrochloride,,,statin,False,False
2771,2771.0,0212000K0BBAAAA,Colestid,Colestid_Gran Sach 0.2% 5g,Colestipol Hydrochloride,,,statin,False,False
2772,2772.0,0212000K0BBABAB,Colestid,Colestid Orange_Pdr Sach 0.2% 5g,Colestipol Hydrochloride,,,statin,False,False
2773,2773.0,0212000K0BBACAC,Colestid,Colestid_Tab 1g,Colestipol Hydrochloride,,,statin,False,False
2774,2774.0,0212000L0AAAAAA,Ezetimibe,Ezetimibe_Tab 10mg,Ezetimibe,,10 mg,statin,False,False
2775,2775.0,0212000L0BBAAAA,Ezetrol,Ezetrol_Tab 10mg,Ezetimibe,,10 mg,statin,False,False
2776,2776.0,0212000M0AAAAAA,Fluvastatin Sod,Fluvastatin Sod_Cap 20mg,Fluvastatin Sodium,,20 mg,statin,False,False
2777,2777.0,0212000M0AAABAB,Fluvastatin Sod,Fluvastatin Sod_Cap 40mg,Fluvastatin Sodium,,40 mg,statin,False,False
2778,2778.0,0212000M0AAACAC,Fluvastatin Sod,Fluvastatin Sod_Liq Spec 10mg/5ml,Fluvastatin Sodium,,10 mg/5 ml,statin,False,False
2779,2779.0,0212000M0AAADAD,Fluvastatin Sod,Fluvastatin Sod_Tab 80mg M/R,Fluvastatin Sodium,,80 mg,statin,False,False
2780,2780.0,0212000M0AAAEAE,Fluvastatin Sod,Fluvastatin Sod_Tab 80mg M/R         @gn,Fluvastatin Sodium,,80 mg,statin,False,False
2781,2781.0,0212000M0BBAAAA,Lescol,Lescol_Cap 20mg,Fluvastatin Sodium,,20 mg,statin,False,False
2782,2782.0,0212000M0BBABAB,Lescol,Lescol_Cap 40mg,Fluvastatin Sodium,,40 mg,statin,False,False
2783,2783.0,0212000M0BBACAD,Lescol,Lescol XL_Tab 80mg,Fluvastatin Sodium,,80 mg,statin,False,False
2784,2784.0,0212000M0BCAAAD,Luvinsta,Luvinsta XL_Tab 80mg,Fluvastatin Sodium,,80 mg,statin,False,False
2785,2785.0,0212000M0BDAAAD,Pinmactil,Pinmactil_Tab 80mg M/R,Fluvastatin Sodium,,80 mg,statin,False,False
2786,2786.0,0212000M0BEAAAD,Dorisin,Dorisin XL_Tab 80mg,Fluvastatin Sodium,,80 mg,statin,False,False
2787,2787.0,0212000M0BFAAAD,Stefluvin,Stefluvin XL_Tab 80mg,Fluvastatin Sodium,,80 mg,statin,False,False
2788,2788.0,0212000M0BGAAAD,Nandovar XL,Nandovar XL_Tab 80mg,Fluvastatin Sodium,,80 mg,statin,False,False
2789,2789.0,0212000N0AAAAAA,Dextrothyroxine Sod,Dextrothyroxine Sod_Tab 2mg,Dextrothyroxine Sodium,,2 mg,statin,False,False
2790,2790.0,0212000N0BBAAAA,Choloxin,Choloxin_Tab 2mg,Dextrothyroxine Sodium,,2 mg,statin,False,False
2791,2791.0,0212000P0AAAAAA,Fenofibrate,Fenofibrate_Cap 100mg,Fenofibrate,,100 mg,statin,False,False
2792,2792.0,0212000P0AAABAB,Fenofibrate,Fenofibrate_Cap 200mg (Micronised),Fenofibrate,,200 mg,statin,False,False
2793,2793.0,0212000P0AAACAC,Fenofibrate,Fenofibrate_Cap 67mg (Micronised),Fenofibrate,,67 mg,statin,False,False
2794,2794.0,0212000P0AAADAD,Fenofibrate,Fenofibrate_Cap 267mg (Micronised),Fenofibrate,,267 mg,statin,False,False
2795,2795.0,0212000P0AAAEAE,Fenofibrate,Fenofibrate_Tab 160mg (Micronised),Fenofibrate,,160 mg,statin,False,False
2796,2796.0,0212000P0AAAFAF,Fenofibrate,Fenofibrate_Cap 200mg,Fenofibrate,,200 mg,statin,False,False
2797,2797.0,0212000P0AAAGAG,Fenofibrate,Fenofibrate_Oral Soln 160mg/5ml,Fenofibrate,,160 mg/5 ml,statin,False,False
2798,2798.0,0212000P0BBAAAA,Lipantil,Lipantil_Cap 100mg,Fenofibrate,,100 mg,statin,False,False
2799,2799.0,0212000P0BBABAB,Lipantil,Lipantil Micro 200_Cap 200mg,Fenofibrate,,200 mg,statin,False,False
2800,2800.0,0212000P0BBACAC,Lipantil,Lipantil Micro 67_Cap 67mg,Fenofibrate,,67 mg,statin,False,False
2801,2801.0,0212000P0BBADAD,Lipantil,Lipantil Micro 267_Cap 267mg,Fenofibrate,,267 mg,statin,False,False
2802,2802.0,0212000P0BCAAAE,Supralip,Supralip 160_Tab 160mg,Fenofibrate,,160 mg,statin,False,False
2803,2803.0,0212000P0BDAAAF,Fenogal,Fenogal_Cap 200mg,Fenofibrate,,200 mg,statin,False,False
2804,2804.0,0212000Q0AAAAAA,Gemfibrozil,Gemfibrozil_Cap 300mg,Gemfibrozil,,300 mg,statin,False,False
2805,2805.0,0212000Q0AAABAB,Gemfibrozil,Gemfibrozil_Tab 600mg,Gemfibrozil,,600 mg,statin,False,False
2806,2806.0,0212000Q0BBAAAA,Lopid,Lopid_Cap 300mg,Gemfibrozil,,300 mg,statin,False,False
2807,2807.0,0212000Q0BBABAB,Lopid,Lopid_Tab 600mg,Gemfibrozil,,600 mg,statin,False,False
2808,2808.0,0212000Q0BCAAAA,Emfib,Emfib_Cap 300mg,Gemfibrozil,,300 mg,statin,False,False
2809,2809.0,0212000R0AAAAAA,Lovastatin,Lovastatin_Tab 20mg,Lovastatin,,20 mg,statin,False,False
2810,2810.0,0212000R0AAABAB,Lovastatin,Lovastatin_Tab 10mg,Lovastatin,,10 mg,statin,False,False
2811,2811.0,0212000R0AAACAC,Lovastatin,Lovastatin_Tab 40mg,Lovastatin,,40 mg,statin,False,False
2812,2812.0,0212000R0BBAAAA,Mevacor,Mevacor_Tab 20mg,Lovastatin,,20 mg,statin,False,False
2813,2813.0,0212000R0BCAAAA,Mevinacor,Mevinacor_Tab 20mg,Lovastatin,,20 mg,statin,False,False
2814,2814.0,0212000R0BCABAB,Mevinacor,Mevinacor 10_Tab 10mg,Lovastatin,,10 mg,statin,False,False
2815,2815.0,0212000R0BCACAC,Mevinacor,Mevinacor 40_Tab 40mg,Lovastatin,,40 mg,statin,False,False
2816,2816.0,0212000S0AAAAAA,Nicofuranose,Nicofuranose_Tab 250mg,Nicofuranose,,250 mg,statin,False,False
2817,2817.0,0212000S0BBAAAA,Bradilan,Bradilan_Tab 250mg,Nicofuranose,,250 mg,statin,False,False
2818,2818.0,0212000U0AAAAAA,Nicotinic Acid,Nicotinic Acid_Tab 25mg,Nicotinic Acid,,25 mg,statin,False,False
2819,2819.0,0212000U0AAABAB,Nicotinic Acid,Nicotinic Acid_Tab 50mg,Nicotinic Acid,,50 mg,statin,False,False
2820,2820.0,0212000U0AAACAC,Nicotinic Acid,Nicotinic Acid_Tab 100mg             @gn,Nicotinic Acid,,100 mg,statin,False,False
2821,2821.0,0212000U0AAADAD,Nicotinic Acid,Nicotinic Acid_Tab 5mg,Nicotinic Acid,,5 mg,statin,False,False
2822,2822.0,0212000U0AAAEAE,Nicotinic Acid,Nicotinic Acid_Tab 500mg             @gn,Nicotinic Acid,,500 mg,statin,False,False
2823,2823.0,0212000U0AAAGAG,Nicotinic Acid,Nicotinic Acid_Cap 500mg,Nicotinic Acid,,500 mg,statin,False,False
2824,2824.0,0212000U0AAAHAH,Nicotinic Acid,Nicotinic Acid_Tab Eff 1g,Nicotinic Acid,,,statin,False,False
2825,2825.0,0212000U0AAAIAI,Nicotinic Acid,Nicotinic Acid_Cap 25mg,Nicotinic Acid,,25 mg,statin,False,False
2826,2826.0,0212000U0AAAJAJ,Nicotinic Acid,Nicotinic Acid_Tab 250mg,Nicotinic Acid,,250 mg,statin,False,False
2827,2827.0,0212000U0AAALAL,Nicotinic Acid,Nicotinic Acid_Tab 1g,Nicotinic Acid,,,statin,False,False
2828,2828.0,0212000U0AAAMAM,Nicotinic Acid,Nicotinic Acid_Cap 300mg,Nicotinic Acid,,300 mg,statin,False,False
2829,2829.0,0212000U0AAANAN,Nicotinic Acid,Nicotinic Acid_Pdrs 15mg,Nicotinic Acid,,15 mg,statin,False,False
2830,2830.0,0212000U0AAAPAP,Nicotinic Acid,Nicotinic Acid_Cap 1g,Nicotinic Acid,,,statin,False,False
2831,2831.0,0212000U0AAAQAQ,Nicotinic Acid,Nicotinic Acid_Tab 100mg,Nicotinic Acid,,100 mg,statin,False,False
2832,2832.0,0212000U0AAARAR,Nicotinic Acid,Nicotinic Acid_Tab 500mg,Nicotinic Acid,,500 mg,statin,False,False
2833,2833.0,0212000U0AAASAS,Nicotinic Acid,Nicotinic Acid_Cap 100mg,Nicotinic Acid,,100 mg,statin,False,False
2834,2834.0,0212000U0AAATAT,Nicotinic Acid,Nicotinic Acid_Cap 50mg,Nicotinic Acid,,50 mg,statin,False,False
2835,2835.0,0212000U0AAAUAU,Nicotinic Acid,Nicotinic Acid_Inj 50mg/ml 1ml Amp,Nicotinic Acid,,50 mg/mL,statin,False,False
2836,2836.0,0212000U0AAAVAV,Nicotinic Acid,Nicotinic Acid_Tab 500mg M/R,Nicotinic Acid,,500 mg,statin,False,False
2837,2837.0,0212000U0AAAWAW,Nicotinic Acid,Nicotinic Acid_Tab 750mg M/R,Nicotinic Acid,,750 mg,statin,False,False
2838,2838.0,0212000U0AAAXAX,Nicotinic Acid,Nicotinic Acid_Tab 1g M/R,Nicotinic Acid,,,statin,False,False
2839,2839.0,0212000U0AAAYAY,Nicotinic Acid,Nicotinic Acid_Titration Pack Tab M/R,Nicotinic Acid,,,statin,False,False
2840,2840.0,0212000U0AAAZAZ,Nicotinic Acid,Nicotinic Acid_Pdr Sach 500mg,Nicotinic Acid,,500 mg,statin,False,False
2841,2841.0,0212000U0BBAAAH,Nicangin,Nicangin_Tab Eff 1g,Nicotinic Acid,,,statin,False,False
2842,2842.0,0212000U0BCAAAR,Nicotinic Acid (Larkhall),Nicotinic Acid_Tab 500mg,Nicotinic Acid,,500 mg,statin,False,False
2843,2843.0,0212000U0BCABAQ,Nicotinic Acid (Larkhall),Nicotinic Acid_Tab 100mg,Nicotinic Acid,,100 mg,statin,False,False
2844,2844.0,0212000U0BDAAAR,Niacor,Niacor_Tab 500mg,Nicotinic Acid,,500 mg,statin,False,False
2845,2845.0,0212000U0BEAAAB,Select Pharma Nicotinic Acid,Select Pharma_Nicotinic Acid Tab 50mg,Nicotinic Acid,,50 mg,statin,False,False
2846,2846.0,0212000U0BFAAAV,Niaspan,Niaspan_Tab 500mg M/R,Nicotinic Acid,,500 mg,statin,False,False
2847,2847.0,0212000U0BFABAW,Niaspan,Niaspan_Tab 750mg M/R,Nicotinic Acid,,750 mg,statin,False,False
2848,2848.0,0212000U0BFACAX,Niaspan,Niaspan_Tab 1g M/R,Nicotinic Acid,,,statin,False,False
2849,2849.0,0212000U0BFADAY,Niaspan,Niaspan_Titration Pack Tab M/R,Nicotinic Acid,,,statin,False,False
2850,2850.0,0212000V0AAAAAA,EPA/DHA,EPA/DHA_Liq,Omega-3 Marine Triglycerides,,,statin,False,False
2851,2851.0,0212000V0AAABAB,EPA/DHA,EPA/DHA_Cap 170mg/115mg,Omega-3 Marine Triglycerides,,170 mg,statin,False,False
2852,2852.0,0212000V0AAACAC,EPA/DHA,EPA_Cap,Omega-3 Marine Triglycerides,,,statin,False,False
2853,2853.0,0212000V0AAADAD,EPA/DHA,EPA/DHA_Emuls,Omega-3 Marine Triglycerides,,,statin,False,False
2854,2854.0,0212000V0BBAAAA,Maxepa,Maxepa_Liq,Omega-3 Marine Triglycerides,,,statin,False,False
2855,2855.0,0212000V0BBABAB,Maxepa,Maxepa_Cap 1g,Omega-3 Marine Triglycerides,,,statin,False,False
2856,2856.0,0212000V0BBACAD,Maxepa,Maxepa_Emuls,Omega-3 Marine Triglycerides,,,statin,False,False
2857,2857.0,0212000W0AAAAAA,Probucol,Probucol_Tab 250mg,Probucol,,250 mg,statin,False,False
2858,2858.0,0212000W0BBAAAA,Lurselle,Lurselle_Tab 250mg,Probucol,,250 mg,statin,False,False
2859,2859.0,0212000X0AAAAAA,Pravastatin Sod,Pravastatin Sod_Tab 10mg,Pravastatin Sodium,,10 mg,statin,False,False
2860,2860.0,0212000X0AAABAB,Pravastatin Sod,Pravastatin Sod_Tab 20mg,Pravastatin Sodium,,20 mg,statin,False,False
2861,2861.0,0212000X0AAACAC,Pravastatin Sod,Pravastatin Sod_Tab 20mg(Parallel Import,Pravastatin Sodium,,20 mg,statin,False,False
2862,2862.0,0212000X0AAADAD,Pravastatin Sod,Pravastatin Sod_Tab 40mg,Pravastatin Sodium,,40 mg,statin,False,False
2863,2863.0,0212000X0AAAEAE,Pravastatin Sod,Pravastatin Sod_Tab 10mg             @gn,Pravastatin Sodium,,10 mg,statin,False,False
2864,2864.0,0212000X0AAAFAF,Pravastatin Sod,Pravastatin Sod_Tab 20mg             @gn,Pravastatin Sodium,,20 mg,statin,False,False
2865,2865.0,0212000X0AAAGAG,Pravastatin Sod,Pravastatin Sod_Oral Soln 20mg/5ml S/F,Pravastatin Sodium,,20 mg/5 ml,statin,False,False
2866,2866.0,0212000X0AAAHAH,Pravastatin Sod,Pravastatin Sod_Liq Spec 40mg/5ml,Pravastatin Sodium,,40 mg/5 ml,statin,False,False
2867,2867.0,0212000X0AAAIAI,Pravastatin Sod,Pravastatin Sod_Pdr Sach 10mg,Pravastatin Sodium,,10 mg,statin,False,False
2868,2868.0,0212000X0AAAJAJ,Pravastatin Sod,Pravastatin Sod_Pdr Sach 2.5mg,Pravastatin Sodium,,2.5 mg,statin,False,False
2869,2869.0,0212000X0AAAKAK,Pravastatin Sod,Pravastatin Sod_Liq Spec 5mg/5ml,Pravastatin Sodium,,5 mg/5 ml,statin,False,False
2870,2870.0,0212000X0AAALAL,Pravastatin Sod,Pravastatin Sod_Liq Spec 20mg/5ml,Pravastatin Sodium,,20 mg/5 ml,statin,False,False
2871,2871.0,0212000X0AAAMAM,Pravastatin Sod,Pravastatin Sod_Pdr Sach 5mg,Pravastatin Sodium,,5 mg,statin,False,False
2872,2872.0,0212000X0BBAAAA,Lipostat,Lipostat_Tab 10mg,Pravastatin Sodium,,10 mg,statin,False,False
2873,2873.0,0212000X0BBABAB,Lipostat,Lipostat_Tab 20mg,Pravastatin Sodium,,20 mg,statin,False,False
2874,2874.0,0212000X0BBACAD,Lipostat,Lipostat_Tab 40mg,Pravastatin Sodium,,40 mg,statin,False,False
2875,2875.0,0212000X0BCAAAB,Elisor,Elisor_Tab 20mg,Pravastatin Sodium,,20 mg,statin,False,False
2876,2876.0,0212000X0BDAAAA,Lipemol,Lipemol_Tab 10mg,Pravastatin Sodium,,10 mg,statin,False,False
2877,2877.0,0212000X0BDABAB,Lipemol,Lipemol_Tab 20mg,Pravastatin Sodium,,20 mg,statin,False,False
2878,2878.0,0212000X0BEAAAA,Liplat,Liplat_Tab 10mg,Pravastatin Sodium,,10 mg,statin,False,False
2879,2879.0,0212000Y0AAAAAA,Simvastatin,Simvastatin_Tab 10mg,Simvastatin,,10 mg,statin,False,False
2880,2880.0,0212000Y0AAABAB,Simvastatin,Simvastatin_Tab 20mg,Simvastatin,,20 mg,statin,False,False
2881,2881.0,0212000Y0AAACAC,Simvastatin,Simvastatin_Tab 10mg                 @gn,Simvastatin,,10 mg,statin,False,False
2882,2882.0,0212000Y0AAADAD,Simvastatin,Simvastatin_Tab 40mg,Simvastatin,,40 mg,statin,False,False
2883,2883.0,0212000Y0AAAEAE,Simvastatin,Simvastatin_Tab 20mg                 @gn,Simvastatin,,20 mg,statin,False,False
2884,2884.0,0212000Y0AAAFAF,Simvastatin,Simvastatin_Liq Spec 10mg/5ml,Simvastatin,,10 mg/5 ml,statin,False,False
2885,2885.0,0212000Y0AAAGAG,Simvastatin,Simvastatin_Liq Spec 20mg/5ml,Simvastatin,,20 mg/5 ml,statin,False,False
2886,2886.0,0212000Y0AAAHAH,Simvastatin,Simvastatin_Tab 80mg,Simvastatin,,80 mg,statin,False,False
2887,2887.0,0212000Y0AAAIAI,Simvastatin,Simvastatin_Liq Spec 5mg/5ml,Simvastatin,,5 mg/5 ml,statin,False,False
2888,2888.0,0212000Y0AAAJAJ,Simvastatin,Simvastatin_Cap 5mg,Simvastatin,,5 mg,statin,False,False
2889,2889.0,0212000Y0AAAKAK,Simvastatin,Simvastatin_Oral Susp 20mg/5ml S/F,Simvastatin,,20 mg/5 ml,statin,False,False
2890,2890.0,0212000Y0AAALAL,Simvastatin,Simvastatin_Oral Susp 40mg/5ml S/F,Simvastatin,,40 mg/5 ml,statin,False,False
2891,2891.0,0212000Y0AAAMAM,Simvastatin,Simvastatin_Liq Spec 40mg/5ml,Simvastatin,,40 mg/5 ml,statin,False,False
2892,2892.0,0212000Y0AAANAN,Simvastatin,Simvastatin_Liq Spec 80mg/5ml,Simvastatin,,80 mg/5 ml,statin,False,False
2893,2893.0,0212000Y0AAAPAP,Simvastatin,Simvastatin_Liq Spec 25mg/5ml,Simvastatin,,25 mg/5 ml,statin,False,False
2894,2894.0,0212000Y0BBAAAA,Zocor,Zocor_Tab 10mg,Simvastatin,,10 mg,statin,False,False
2895,2895.0,0212000Y0BBABAB,Zocor,Zocor_Tab 20mg,Simvastatin,,20 mg,statin,False,False
2896,2896.0,0212000Y0BBACAD,Zocor,Zocor_Tab 40mg,Simvastatin,,40 mg,statin,False,False
2897,2897.0,0212000Y0BBADAH,Zocor,Zocor_Tab 80mg,Simvastatin,,80 mg,statin,False,False
2898,2898.0,0212000Y0BBAEAA,Zocor,Zocor Heart-Pro_Tab 10mg,Simvastatin,,10 mg,statin,False,False
2899,2899.0,0212000Y0BCAAAB,Lacersa,Lacersa_Tab 20mg,Simvastatin,,20 mg,statin,False,False
2900,2900.0,0212000Y0BDAAAA,Simvador,Simvador_Tab 10mg,Simvastatin,,10 mg,statin,False,False
2901,2901.0,0212000Y0BDABAB,Simvador,Simvador_Tab 20mg,Simvastatin,,20 mg,statin,False,False
2902,2902.0,0212000Y0BDACAD,Simvador,Simvador_Tab 40mg,Simvastatin,,40 mg,statin,False,False
2903,2903.0,0212000Y0BDADAH,Simvador,Simvador_Tab 80mg,Simvastatin,,80 mg,statin,False,False
2904,2904.0,0212000Y0BEAAAA,Ranzolont,Ranzolont_Tab 10mg,Simvastatin,,10 mg,statin,False,False
2905,2905.0,0212000Y0BEABAB,Ranzolont,Ranzolont_Tab 20mg,Simvastatin,,20 mg,statin,False,False
2906,2906.0,0212000Y0BEACAD,Ranzolont,Ranzolont_Tab 40mg,Simvastatin,,40 mg,statin,False,False
2907,2907.0,0212000Y0BFAAAA,Lloyds (Simvastatin),Lloyds_Cholesterol Lowering Tab 10mg,Simvastatin,,10 mg,statin,False,False
2908,2908.0,0212000Z0BBAAA0,Sitosterol-B,Sitosterol-B_Tab,Sitosterol,,,statin,False,False
2909,,020400010AAAAAA,Pindolol/Clopamide,Pindolol/Clopamide_Tab 10mg/5mg,Pindolol With Diuretic,,10 mg,beta blockers,False,False
2910,,020400010BBAAAA,Viskaldix,Viskaldix_Tab,Pindolol With Diuretic,,,beta blockers,False,False
2911,,020400020AAAAAA,Sotalol HCl/Hydchloroth,Sotalol HCl/Hydchloroth_Tab 160mg/25mg,Sotalol Hydrochloride With Diuretic,,160 mg,beta blockers,False,True
2912,,020400020AAABAB,Sotalol HCl/Hydchloroth,Sotalol HCl/Hydchloroth_Tab 80mg/12.5mg,Sotalol Hydrochloride With Diuretic,,80 mg,beta blockers,False,True
2913,,020400020BBAAAA,Sotazide,Sotazide_Tab,Sotalol Hydrochloride With Diuretic,,,beta blockers,False,False
2914,,020400020BCAAAB,Tolerzide,Tolerzide_Tab,Sotalol Hydrochloride With Diuretic,,,beta blockers,False,False
2915,,020400030AAAAAA,Timolol + Diuretic,Gppe Tab_Moducren,Timolol With Diuretic,,,beta blockers,False,False
2916,,020400030AAABAB,Timolol + Diuretic,Gppe Tab_Prestim,Timolol With Diuretic,,,beta blockers,False,False
2917,,020400030AAACAC,Timolol + Diuretic,Timolol/Bendroflumeth_Tab 20mg/5mg,Timolol With Diuretic,,20 mg,beta blockers,False,False
2918,,020400030AAADAD,Timolol + Diuretic,Timolol/Amilo/Hydchloroth_Tab10/2.5/25mg,Timolol With Diuretic,,25 mg,beta blockers,False,True
2919,,020400030AAAEAE,Timolol + Diuretic,Timolol/Bendroflumeth_Tab 10mg/2.5mg,Timolol With Diuretic,,10 mg,beta blockers,False,False
2920,,020400030BBAAAA,Moducren,Moducren_Tab,Timolol With Diuretic,,,beta blockers,False,False
2921,,020400030BCAAAB,Prestim,Prestim_Tab,Timolol With Diuretic,,,beta blockers,False,False
2922,,020400030BCABAC,Prestim,Prestim Fte_Tab,Timolol With Diuretic,,,beta blockers,False,False
2923,,020400040AAAAAA,Co-Tenidone,Co-Tenidone_Tab 50mg/12.5mg,Co-Tenidone (Atenolol/Chlortalidone),,50 mg,beta blockers,False,False
2924,,020400040AAABAB,Co-Tenidone,Co-Tenidone_Tab 100mg/25mg,Co-Tenidone (Atenolol/Chlortalidone),,100 mg,beta blockers,False,False
2925,,020400040AAACAC,Co-Tenidone,Co-Tenidone_Liq Spec 100mg/25mg/5ml,Co-Tenidone (Atenolol/Chlortalidone),,25 mg/5 ml,beta blockers,False,False
2926,,020400040BBAAAA,Tenoret,Tenoret_Tab 50mg/12.5mg,Co-Tenidone (Atenolol/Chlortalidone),,50 mg,beta blockers,False,False
2927,,020400040BCAAAB,Tenoretic,Tenoretic_Tab 100mg/25mg,Co-Tenidone (Atenolol/Chlortalidone),,100 mg,beta blockers,False,False
2928,,020400040BDAAAA,Atenix Co,Atenix Co 50_Tab 50mg/12.5mg,Co-Tenidone (Atenolol/Chlortalidone),,50 mg,beta blockers,False,False
2929,,020400040BDABAB,Atenix Co,Atenix Co 100_Tab 100mg/25mg,Co-Tenidone (Atenolol/Chlortalidone),,100 mg,beta blockers,False,False
2930,,020400040BEAAAA,Tenchlor,Tenchlor_Tab 50mg/12.5mg,Co-Tenidone (Atenolol/Chlortalidone),,50 mg,beta blockers,False,False
2931,,020400040BEABAB,Tenchlor,Tenchlor_Tab 100mg/25mg,Co-Tenidone (Atenolol/Chlortalidone),,100 mg,beta blockers,False,False
2932,,020400040BFAAAA,Totaretic,Totaretic 50_Tab 50mg/12.5mg,Co-Tenidone (Atenolol/Chlortalidone),,50 mg,beta blockers,False,False
2933,,020400040BFABAB,Totaretic,Totaretic 100_Tab 100mg/25mg,Co-Tenidone (Atenolol/Chlortalidone),,100 mg,beta blockers,False,False
2934,,020400050AAAAAA,Tertatolol,Tertatolol_Tab 5mg,Tertatolol,,5 mg,beta blockers,False,False
2935,,020400050BBAAAA,Artex,Artex_Tab 5mg,Tertatolol,,5 mg,beta blockers,False,False
2936,,020400060AAAAAA,Celiprolol HCl,Celiprolol HCl_Tab 200mg,Celiprolol Hydrochloride,,200 mg,beta blockers,False,False
2937,,020400060AAABAB,Celiprolol HCl,Celiprolol HCl_Tab 400mg,Celiprolol Hydrochloride,,400 mg,beta blockers,False,False
2938,,020400060AAACAC,Celiprolol HCl,Celiprolol HCl_Liq Spec 200mg/5ml,Celiprolol Hydrochloride,,200 mg/5 ml,beta blockers,False,False
2939,,020400060BBAAAA,Celectol,Celectol_Tab 200mg,Celiprolol Hydrochloride,,200 mg,beta blockers,False,False
2940,,020400060BBABAB,Celectol,Celectol_Tab 400mg,Celiprolol Hydrochloride,,400 mg,beta blockers,False,False
2941,,020400070AAAAAA,Esmolol HCl,Esmolol HCl_I/V Inf 10mg/ml 10ml Vl,Esmolol Hydrochloride,,10 mg/mL,beta blockers,False,False
2942,,020400070AAABAB,Esmolol HCl,Esmolol HCl_I/V Inf 250mg/ml 10ml Amp,Esmolol Hydrochloride,,250 mg/mL,beta blockers,False,False
2943,,020400070BBAAAA,Brevibloc,Brevibloc_I/V Inf 10mg/ml 10ml Vl,Esmolol Hydrochloride,,10 mg/mL,beta blockers,False,False
2944,,020400080AAAAAA,Carvedilol,Carvedilol_Cap 25mg,Carvedilol,,25 mg,beta blockers,False,False
2945,,020400080AAABAB,Carvedilol,Carvedilol_Tab 12.5mg,Carvedilol,,12.5 mg,beta blockers,False,False
2946,,020400080AAACAC,Carvedilol,Carvedilol_Tab 25mg,Carvedilol,,25 mg,beta blockers,False,False
2947,,020400080AAADAD,Carvedilol,Carvedilol_Liq Spec 3.125mg/5ml,Carvedilol,,125 mg/5 ml,beta blockers,False,False
2948,,020400080AAAEAE,Carvedilol,Carvedilol_Tab 3.125mg,Carvedilol,,3.125 mg,beta blockers,False,False
2949,,020400080AAAFAF,Carvedilol,Carvedilol_Tab 6.25mg,Carvedilol,,6.25 mg,beta blockers,False,False
2950,,020400080AAAGAG,Carvedilol,Carvedilol_Liq Spec 5mg/5ml,Carvedilol,,5 mg/5 ml,beta blockers,False,False
2951,,020400080AAAHAH,Carvedilol,Carvedilol_Liq Spec 4mg/5ml,Carvedilol,,4 mg/5 ml,beta blockers,False,False
2952,,020400080AAAIAI,Carvedilol,Carvedilol_Liq Spec 1.7mg/5ml,Carvedilol,,7 mg/5 ml,beta blockers,False,False
2953,,020400080AAAJAJ,Carvedilol,Carvedilol_Liq Spec 1mg/5ml,Carvedilol,,1 mg/5 ml,beta blockers,False,False
2954,,020400080AAAKAK,Carvedilol,Carvedilol_Liq Spec 13mg/5ml,Carvedilol,,13 mg/5 ml,beta blockers,False,False
2955,,020400080AAALAL,Carvedilol,Carvedilol_Liq Spec 75mg/5ml,Carvedilol,,75 mg/5 ml,beta blockers,False,False
2956,,020400080AAAMAM,Carvedilol,Carvedilol_Liq Spec 1.5mg/5ml,Carvedilol,,5 mg/5 ml,beta blockers,False,False
2957,,020400080AAANAN,Carvedilol,Carvedilol_Suppos 3.5mg,Carvedilol,,3.5 mg,beta blockers,False,False
2958,,020400080AAAPAP,Carvedilol,Carvedilol_Oral Susp 5mg/5ml,Carvedilol,,5 mg/5 ml,beta blockers,False,False
2959,,020400080BBAAAB,Eucardic,Eucardic 12.5_Tab 12.5mg,Carvedilol,,12.5 mg,beta blockers,False,False
2960,,020400080BBABAC,Eucardic,Eucardic 25_Tab 25mg,Carvedilol,,25 mg,beta blockers,False,False
2961,,020400080BBACAE,Eucardic,Eucardic 3.125_Tab 3.125mg,Carvedilol,,3.125 mg,beta blockers,False,False
2962,,020400080BBADAF,Eucardic,Eucardic 6.25_Tab 6.25mg,Carvedilol,,6.25 mg,beta blockers,False,False
2963,,020400090AAAAAA,Gppe Tab,Gppe Tab_Monozide 10,Bisoprolol Fumarate With Diuretic,,,beta blockers,False,False
2964,,020400090BBAAAA,Monozide 10,Monozide 10_Tab,Bisoprolol Fumarate With Diuretic,,,beta blockers,False,False
2965,,0204000A0AAAAAA,Atenolol/Bendroflumethiazide,Atenolol/Bendroflumeth_Cap 25mg/1.25mg,Atenolol with Thiazides,,25 mg,beta blockers,False,False
2966,,0204000A0BBAAAA,Tenben,Tenben_Cap,Atenolol with Thiazides,,,beta blockers,False,False
2967,,0204000AAAAAAAA,Penbutolol Sulf,Penbutolol Sulf_Tab 40mg,Penbutolol Sulfate,,40 mg,beta blockers,False,False
2968,,0204000AABBAAAA,Betapressin,Betapressin_Tab 40mg,Penbutolol Sulfate,,40 mg,beta blockers,False,False
2969,,0204000ABAAAAAA,Nebivolol,Nebivolol_Tab 5mg,Nebivolol,,5 mg,beta blockers,False,False
2970,,0204000ABAAABAB,Nebivolol,Nebivolol_Tab 2.5mg,Nebivolol,,2.5 mg,beta blockers,False,False
2971,,0204000ABAAACAC,Nebivolol,Nebivolol_Tab 10mg,Nebivolol,,10 mg,beta blockers,False,False
2972,,0204000ABBBAAAA,Nebilet,Nebilet_Tab 5mg,Nebivolol,,5 mg,beta blockers,False,False
2973,,0204000ABBCAAAA,Hypoloc,Hypoloc_Tab 5mg,Nebivolol,,5 mg,beta blockers,False,False
2974,,0204000ACAAAAAA,Bisoprolol Fumarate/Aspirin,Bisoprolol/Aspirin_Cap 5mg/75mg,Bisoprolol Fumarate/Aspirin,,5 mg,beta blockers,False,False
2975,,0204000ACAAABAB,Bisoprolol Fumarate/Aspirin,Bisoprolol/Aspirin_Cap 10mg/75mg,Bisoprolol Fumarate/Aspirin,,10 mg,beta blockers,False,False
2976,,0204000ACAAACAC,Bisoprolol Fumarate/Aspirin,Bisoprolol/Aspirin_Cap 10mg/100mg,Bisoprolol Fumarate/Aspirin,,10 mg,beta blockers,False,False
2977,,0204000ACAAADAD,Bisoprolol Fumarate/Aspirin,Bisoprolol/Aspirin_Cap 5mg/100mg,Bisoprolol Fumarate/Aspirin,,5 mg,beta blockers,False,False
2978,,0204000B0AAAAAA,Acebut HCl/Hydchloroth,Acebut HCl/Hydchloroth_Tab 200mg/12.5mg,Acebutolol Hydrochloride With Diuretic,,200 mg,beta blockers,False,True
2979,,0204000B0BBAAAA,Secadrex,Secadrex_Tab,Acebutolol Hydrochloride With Diuretic,,,beta blockers,False,False
2980,,0204000C0AAAAAA,Acebut HCl,Acebut HCl_Cap 100mg,Acebutolol Hydrochloride,,100 mg,beta blockers,False,False
2981,,0204000C0AAABAB,Acebut HCl,Acebut HCl_Cap 200mg,Acebutolol Hydrochloride,,200 mg,beta blockers,False,False
2982,,0204000C0AAACAC,Acebut HCl,Acebut HCl_Inj 5mg/ml 2ml Amp,Acebutolol Hydrochloride,,5 mg/mL,beta blockers,False,False
2983,,0204000C0AAADAD,Acebut HCl,Acebut HCl_Tab 400mg,Acebutolol Hydrochloride,,400 mg,beta blockers,False,False
2984,,0204000C0BBAAAA,Sectral,Sectral_Cap 100mg,Acebutolol Hydrochloride,,100 mg,beta blockers,False,False
2985,,0204000C0BBABAB,Sectral,Sectral 200_Cap 200mg,Acebutolol Hydrochloride,,200 mg,beta blockers,False,False
2986,,0204000C0BBACAC,Sectral,Sectral_Inj 5mg/ml 2ml Amp,Acebutolol Hydrochloride,,5 mg/mL,beta blockers,False,False
2987,,0204000C0BBADAD,Sectral,Sectral 400_Tab 400mg,Acebutolol Hydrochloride,,400 mg,beta blockers,False,False
2988,,0204000D0AAAAAA,Practolol,Practolol_Inj 2mg/ml 5ml Amp,Practolol,,2 mg/mL,beta blockers,False,False
2989,,0204000D0BBAAAA,Eraldin,Eraldin_Inj 10mg/5ml Amp,Practolol,,10 mg/5 ml,beta blockers,False,False
2990,,0204000E0AAAAAA,Atenolol,Atenolol_Oral Soln 25mg/5ml S/F,Atenolol,,25 mg/5 ml,beta blockers,False,False
2991,,0204000E0AAABAB,Atenolol,Atenolol_Tab 50mg,Atenolol,,50 mg,beta blockers,False,False
2992,,0204000E0AAACAC,Atenolol,Atenolol_Tab 100mg,Atenolol,,100 mg,beta blockers,False,False
2993,,0204000E0AAADAD,Atenolol,Atenolol_Inj 500mcg/ml 10ml Amp,Atenolol,,,beta blockers,False,False
2994,,0204000E0AAAEAE,Atenolol,Atenolol_Pdrs 15mg,Atenolol,,15 mg,beta blockers,False,False
2995,,0204000E0AAAFAF,Atenolol,Atenolol_Pdrs 20mg,Atenolol,,20 mg,beta blockers,False,False
2996,,0204000E0AAAGAG,Atenolol,Atenolol_Tab 25mg,Atenolol,,25 mg,beta blockers,False,False
2997,,0204000E0AAAHAH,Atenolol,Atenolol_Cap 100mg,Atenolol,,100 mg,beta blockers,False,False
2998,,0204000E0AAAIAI,Atenolol,Atenolol_Syr 125mg/5ml,Atenolol,,125 mg/5 ml,beta blockers,False,False
2999,,0204000E0AAAJAJ,Atenolol,Atenolol_Tab 50mg C/F,Atenolol,,50 mg,beta blockers,False,False
3000,,0204000E0AAAKAK,Atenolol,Atenolol_Oral Liq @spec,Atenolol,,,beta blockers,False,False
3001,,0204000E0AAALAL,Atenolol,Atenolol_Tab 25mg C/F,Atenolol,,25 mg,beta blockers,False,False
3002,,0204000E0AAAMAM,Atenolol,Atenolol_Liq Spec 3.125mg/5ml,Atenolol,,125 mg/5 ml,beta blockers,False,False
3003,,0204000E0AAANAN,Atenolol,Atenolol_Liq Spec 25mg/5ml,Atenolol,,25 mg/5 ml,beta blockers,False,False
3004,,0204000E0AAAPAP,Atenolol,Atenolol_Liq Spec 3mg/5ml,Atenolol,,3 mg/5 ml,beta blockers,False,False
3005,,0204000E0AAAQAQ,Atenolol,Atenolol_Liq Spec 12.5mg/5ml,Atenolol,,5 mg/5 ml,beta blockers,False,False
3006,,0204000E0AAARAR,Atenolol,Atenolol_Liq Spec 50mg/5ml,Atenolol,,50 mg/5 ml,beta blockers,False,False
3007,,0204000E0AAASAS,Atenolol,Atenolol_Liq Spec 10mg/5ml,Atenolol,,10 mg/5 ml,beta blockers,False,False
3008,,0204000E0BBAAAD,Tenormin,Tenormin_Inj 500mcg/ml 10ml Amp,Atenolol,,,beta blockers,False,False
3009,,0204000E0BBABAA,Tenormin,Tenormin_Syr 25mg/5ml S/F,Atenolol,,25 mg/5 ml,beta blockers,False,False
3010,,0204000E0BBACAC,Tenormin,Tenormin_Tab 100mg,Atenolol,,100 mg,beta blockers,False,False
3011,,0204000E0BBAEAG,Tenormin,Tenormin 25_Tab 25mg,Atenolol,,25 mg,beta blockers,False,False
3012,,0204000E0BBAFAB,Tenormin,Tenormin L.S._Tab 50mg,Atenolol,,50 mg,beta blockers,False,False
3013,,0204000E0BBAGA0,Tenormin,Tenormin_Tab 100mg (Wte),Atenolol,,100 mg,beta blockers,False,False
3014,,0204000E0BBAHA0,Tenormin,Tenormin L.S._Tab 50mg (Wte),Atenolol,,50 mg,beta blockers,False,False
3015,,0204000E0BCACAB,Atenix,Atenix-50_Tab 50mg,Atenolol,,50 mg,beta blockers,False,False
3016,,0204000E0BCADAC,Atenix,Atenix-100_Tab 100mg,Atenolol,,100 mg,beta blockers,False,False
3017,,0204000E0BCAEAG,Atenix,Atenix-25_Tab 25mg,Atenolol,,25 mg,beta blockers,False,False
3018,,0204000E0BEAAAB,Antipressan,Antipressan_Tab 50mg,Atenolol,,50 mg,beta blockers,False,False
3019,,0204000E0BEABAC,Antipressan,Antipressan_Tab 100mg,Atenolol,,100 mg,beta blockers,False,False
3020,,0204000E0BEACAG,Antipressan,Antipressan_Tab 25mg,Atenolol,,25 mg,beta blockers,False,False
3021,,0204000E0BFAAAB,Vasaten,Vasaten_Tab 50mg,Atenolol,,50 mg,beta blockers,False,False
3022,,0204000E0BFABAC,Vasaten,Vasaten_Tab 100mg,Atenolol,,100 mg,beta blockers,False,False
3023,,0204000E0BGAAAB,Totamol,Totamol_Tab 50mg,Atenolol,,50 mg,beta blockers,False,False
3024,,0204000E0BGABAC,Totamol,Totamol_Tab 100mg,Atenolol,,100 mg,beta blockers,False,False
3025,,0204000E0BGACAG,Totamol,Totamol_Tab 25mg,Atenolol,,25 mg,beta blockers,False,False
3026,,0204000E0BHAAAC,Kentol,Kentol_Tab 100mg,Atenolol,,100 mg,beta blockers,False,False
3027,,0204000E0BHABAB,Kentol,Kentol_Tab 50mg,Atenolol,,50 mg,beta blockers,False,False
3028,,0204000E0BHACAG,Kentol,Kentol_Tab 25mg,Atenolol,,25 mg,beta blockers,False,False
3029,,0204000E0BIAAAG,Atenamin,Atenamin_Tab 25mg,Atenolol,,25 mg,beta blockers,False,False
3030,,0204000E0BIABAB,Atenamin,Atenamin_Tab 50mg,Atenolol,,50 mg,beta blockers,False,False
3031,,0204000E0BIACAC,Atenamin,Atenamin_Tab 100mg,Atenolol,,100 mg,beta blockers,False,False
3032,,0204000F0AAAAAA,Gppe Cap,Gppe Cap_Kalten,Atenolol With Diuretic,,,beta blockers,False,False
3033,,0204000F0BBAAAA,Kalten,Kalten_Cap,Atenolol With Diuretic,,,beta blockers,False,False
3034,,0204000G0AAAAAA,Betaxolol HCl,Betaxolol HCl_Tab 20mg,Betaxolol Hydrochloride,,20 mg,beta blockers,False,False
3035,,0204000G0BBAAAA,Kerlone,Kerlone_Tab 20mg,Betaxolol Hydrochloride,,20 mg,beta blockers,False,False
3036,,0204000H0AAAAAA,Bisoprolol Fumar,Bisoprolol Fumar_Tab 5mg,Bisoprolol Fumarate,,5 mg,beta blockers,False,False
3037,,0204000H0AAABAB,Bisoprolol Fumar,Bisoprolol Fumar_Tab 10mg,Bisoprolol Fumarate,,10 mg,beta blockers,False,False
3038,,0204000H0AAACAC,Bisoprolol Fumar,Hydchloroth/Bisoprolol_Tab 12.5mg/5mg,Bisoprolol Fumarate,,12.5 mg,beta blockers,False,True
3039,,0204000H0AAADAD,Bisoprolol Fumar,Bisoprolol Fumar_Pdrs 1mg,Bisoprolol Fumarate,,1 mg,beta blockers,False,False
3040,,0204000H0AAAEAE,Bisoprolol Fumar,Bisoprolol Fumar_Liq Spec 1mg/5ml,Bisoprolol Fumarate,,1 mg/5 ml,beta blockers,False,False
3041,,0204000H0AAAFAF,Bisoprolol Fumar,Bisoprolol Fumar_Tab 10mg            @gn,Bisoprolol Fumarate,,10 mg,beta blockers,False,False
3042,,0204000H0AAAGAG,Bisoprolol Fumar,Bisoprolol Fumar_Tab 5mg             @gn,Bisoprolol Fumarate,,5 mg,beta blockers,False,False
3043,,0204000H0AAAHAH,Bisoprolol Fumar,Bisoprolol Fumar_Tab 1.25mg          @gn,Bisoprolol Fumarate,,1.25 mg,beta blockers,False,False
3044,,0204000H0AAAIAI,Bisoprolol Fumar,Bisoprolol Fumar_Pdrs 1.2mg,Bisoprolol Fumarate,,1.2 mg,beta blockers,False,False
3045,,0204000H0AAAJAJ,Bisoprolol Fumar,Bisoprolol Fumar_Tab 2.5mg,Bisoprolol Fumarate,,2.5 mg,beta blockers,False,False
3046,,0204000H0AAAKAK,Bisoprolol Fumar,Bisoprolol Fumar_Tab 3.75mg,Bisoprolol Fumarate,,3.75 mg,beta blockers,False,False
3047,,0204000H0AAALAL,Bisoprolol Fumar,Bisoprolol Fumar_Tab 7.5mg,Bisoprolol Fumarate,,7.5 mg,beta blockers,False,False
3048,,0204000H0AAAMAM,Bisoprolol Fumar,Bisoprolol Fumar_Tab 1.25mg,Bisoprolol Fumarate,,1.25 mg,beta blockers,False,False
3049,,0204000H0AAANAN,Bisoprolol Fumar,Bisoprolol Fumar_Pdrs 3mg,Bisoprolol Fumarate,,3 mg,beta blockers,False,False
3050,,0204000H0AAAPAP,Bisoprolol Fumar,Bisoprolol Fumar_Liq Spec 2.5mg/5ml,Bisoprolol Fumarate,,5 mg/5 ml,beta blockers,False,False
3051,,0204000H0AAAQAQ,Bisoprolol Fumar,Bisoprolol Fumar_Liq Spec 5mg/5ml,Bisoprolol Fumarate,,5 mg/5 ml,beta blockers,False,False
3052,,0204000H0AAARAR,Bisoprolol Fumar,Bisoprolol Fumar_Liq Spec 10mg/5ml,Bisoprolol Fumarate,,10 mg/5 ml,beta blockers,False,False
3053,,0204000H0AAASAS,Bisoprolol Fumar,Bisoprolol Fumar_Liq Spec 1.667mg/5ml,Bisoprolol Fumarate,,667 mg/5 ml,beta blockers,False,False
3054,,0204000H0AAATAT,Bisoprolol Fumar,Bisoprolol Fumar_Pdrs 5mg,Bisoprolol Fumarate,,5 mg,beta blockers,False,False
3055,,0204000H0AAAUAU,Bisoprolol Fumar,Bisoprolol Fumar_OralSoln1.25mg/5ml(Old),Bisoprolol Fumarate,,25 mg/5 ml,beta blockers,False,False
3056,,0204000H0AAAVAV,Bisoprolol Fumar,Bisoprolol Fumar_Tab 2.5mg           @gn,Bisoprolol Fumarate,,2.5 mg,beta blockers,False,False
3057,,0204000H0AAAWAW,Bisoprolol Fumar,Bisoprolol Fumar_Tab 3.75mg          @gn,Bisoprolol Fumarate,,3.75 mg,beta blockers,False,False
3058,,0204000H0AAAXAX,Bisoprolol Fumar,Bisoprolol Fumar_Tab 7.5mg           @gn,Bisoprolol Fumarate,,7.5 mg,beta blockers,False,False
3059,,0204000H0AAAYAY,Bisoprolol Fumar,Bisoprolol Fumar_Pdr Sach 10mg,Bisoprolol Fumarate,,10 mg,beta blockers,False,False
3060,,0204000H0AAAZAZ,Bisoprolol Fumar,Bisoprolol Fumar_Pdr Sach 1.5mg,Bisoprolol Fumarate,,1.5 mg,beta blockers,False,False
3061,,0204000H0AABABA,Bisoprolol Fumar,Bisoprolol Fumar_Liq Spec 1.5mg/5ml,Bisoprolol Fumarate,,5 mg/5 ml,beta blockers,False,False
3062,,0204000H0AABBBB,Bisoprolol Fumar,Bisoprolol Fumar_Liq Spec 7.5mg/5ml,Bisoprolol Fumarate,,5 mg/5 ml,beta blockers,False,False
3063,,0204000H0AABCBC,Bisoprolol Fumar,Bisoprolol Fumar_Pdr Sach 2.5mg,Bisoprolol Fumarate,,2.5 mg,beta blockers,False,False
3064,,0204000H0AABDBD,Bisoprolol Fumar,Bisoprolol Fumar_Liq Spec 625mcg/5ml,Bisoprolol Fumarate,,,beta blockers,False,False
3065,,0204000H0AABEBE,Bisoprolol Fumar,Bisoprolol Fumar_Oral Soln 2.5mg/5ml,Bisoprolol Fumarate,,5 mg/5 ml,beta blockers,False,False
3066,,0204000H0AABFBF,Bisoprolol Fumar,Bisoprolol Fumar_Oral Susp 2.5mg/5ml,Bisoprolol Fumarate,,5 mg/5 ml,beta blockers,False,False
3067,,0204000H0AABGBG,Bisoprolol Fumar,Bisoprolol Fumar_Oral Soln 5mg/5ml,Bisoprolol Fumarate,,5 mg/5 ml,beta blockers,False,False
3068,,0204000H0AABHBH,Bisoprolol Fumar,Bisoprolol Fumar_Oral Susp 5mg/5ml,Bisoprolol Fumarate,,5 mg/5 ml,beta blockers,False,False
3069,,0204000H0AABIBI,Bisoprolol Fumar,Bisoprolol Fumar_Oral Susp 1.25mg/5ml,Bisoprolol Fumarate,,25 mg/5 ml,beta blockers,False,False
3070,,0204000H0AABJBJ,Bisoprolol Fumar,Bisoprolol Fumar_Oral Soln 1.25mg/5ml,Bisoprolol Fumarate,,25 mg/5 ml,beta blockers,False,False
3071,,0204000H0BBAAAA,Monocor,Monocor_Tab 5mg,Bisoprolol Fumarate,,5 mg,beta blockers,False,False
3072,,0204000H0BBABAB,Monocor,Monocor_Tab 10mg,Bisoprolol Fumarate,,10 mg,beta blockers,False,False
3073,,0204000H0BCAAAA,Emcor,Emcor LS_Tab 5mg,Bisoprolol Fumarate,,5 mg,beta blockers,False,False
3074,,0204000H0BCABAB,Emcor,Emcor_Tab 10mg,Bisoprolol Fumarate,,10 mg,beta blockers,False,False
3075,,0204000H0BDAAAA,Isoten Mitis,Isoten Mitis_Tab 5mg,Bisoprolol Fumarate,,5 mg,beta blockers,False,False
3076,,0204000H0BEAAAB,Soprol,Soprol_Tab 10mg,Bisoprolol Fumarate,,10 mg,beta blockers,False,False
3077,,0204000H0BFAAAM,Cardicor,Cardicor_Tab 1.25mg,Bisoprolol Fumarate,,1.25 mg,beta blockers,False,False
3078,,0204000H0BFABAJ,Cardicor,Cardicor_Tab 2.5mg,Bisoprolol Fumarate,,2.5 mg,beta blockers,False,False
3079,,0204000H0BFACAK,Cardicor,Cardicor_Tab 3.75mg,Bisoprolol Fumarate,,3.75 mg,beta blockers,False,False
3080,,0204000H0BFADAA,Cardicor,Cardicor_Tab 5mg,Bisoprolol Fumarate,,5 mg,beta blockers,False,False
3081,,0204000H0BFAEAL,Cardicor,Cardicor_Tab 7.5mg,Bisoprolol Fumarate,,7.5 mg,beta blockers,False,False
3082,,0204000H0BFAFAB,Cardicor,Cardicor_Tab 10mg,Bisoprolol Fumarate,,10 mg,beta blockers,False,False
3083,,0204000H0BGAAAA,Bipranix,Bipranix_Tab 5mg,Bisoprolol Fumarate,,5 mg,beta blockers,False,False
3084,,0204000H0BGABAB,Bipranix,Bipranix_Tab 10mg,Bisoprolol Fumarate,,10 mg,beta blockers,False,False
3085,,0204000H0BHAAAB,Concor,Concor_Tab 10mg,Bisoprolol Fumarate,,10 mg,beta blockers,False,False
3086,,0204000H0BIAAAA,Soloc,Soloc_Tab 5mg,Bisoprolol Fumarate,,5 mg,beta blockers,False,False
3087,,0204000H0BIABAB,Soloc,Soloc_Tab 10mg,Bisoprolol Fumarate,,10 mg,beta blockers,False,False
3088,,0204000H0BJAAAA,Vivacor,Vivacor_Tab 5mg,Bisoprolol Fumarate,,5 mg,beta blockers,False,False
3089,,0204000H0BJABAB,Vivacor,Vivacor_Tab 10mg,Bisoprolol Fumarate,,10 mg,beta blockers,False,False
3090,,0204000H0BKAAAM,Congescor,Congescor_Tab 1.25mg (Tillomed),Bisoprolol Fumarate,,1.25 mg,beta blockers,False,False
3091,,0204000H0BKABAJ,Congescor,Congescor_Tab 2.5mg (Tillomed),Bisoprolol Fumarate,,2.5 mg,beta blockers,False,False
3092,,0204000H0BKACAM,Congescor,Congescor_Tab 1.25mg (Teva),Bisoprolol Fumarate,,1.25 mg,beta blockers,False,False
3093,,0204000H0BKADAJ,Congescor,Congescor_Tab 2.5mg (Teva),Bisoprolol Fumarate,,2.5 mg,beta blockers,False,False
3094,,0204000I0AAAAAA,Labetalol HCl,Labetalol HCl_Inj 5mg/ml 20ml Amp,Labetalol Hydrochloride,,5 mg/mL,beta blockers,False,False
3095,,0204000I0AAABAB,Labetalol HCl,Labetalol HCl_Tab 50mg,Labetalol Hydrochloride,,50 mg,beta blockers,False,False
3096,,0204000I0AAACAC,Labetalol HCl,Labetalol HCl_Tab 100mg,Labetalol Hydrochloride,,100 mg,beta blockers,False,False
3097,,0204000I0AAADAD,Labetalol HCl,Labetalol HCl_Tab 200mg,Labetalol Hydrochloride,,200 mg,beta blockers,False,False
3098,,0204000I0AAAEAE,Labetalol HCl,Labetalol HCl_Tab 400mg,Labetalol Hydrochloride,,400 mg,beta blockers,False,False
3099,,0204000I0AAAFAF,Labetalol HCl,Labetalol HCl_Susp 20mg/5ml,Labetalol Hydrochloride,,20 mg/5 ml,beta blockers,False,False
3100,,0204000I0AAAGAG,Labetalol HCl,Labetalol HCl_Susp 25mg/5ml,Labetalol Hydrochloride,,25 mg/5 ml,beta blockers,False,False
3101,,0204000I0AAAHAH,Labetalol HCl,Labetalol HCl_Susp 35mg/5ml,Labetalol Hydrochloride,,35 mg/5 ml,beta blockers,False,False
3102,,0204000I0AAAIAI,Labetalol HCl,Labetalol HCl_Liq Spec 50mg/5ml,Labetalol Hydrochloride,,50 mg/5 ml,beta blockers,False,False
3103,,0204000I0AAAJAJ,Labetalol HCl,Labetalol HCl_Liq Spec 200mg/5ml,Labetalol Hydrochloride,,200 mg/5 ml,beta blockers,False,False
3104,,0204000I0AAAKAK,Labetalol HCl,Labetalol HCl_Liq Spec 25mg/5ml,Labetalol Hydrochloride,,25 mg/5 ml,beta blockers,False,False
3105,,0204000I0AAALAL,Labetalol HCl,Labetalol HCl_Liq Spec 100mg/5ml,Labetalol Hydrochloride,,100 mg/5 ml,beta blockers,False,False
3106,,0204000I0AAAMAM,Labetalol HCl,Labetalol HCl_Liq Spec 10mg/5ml,Labetalol Hydrochloride,,10 mg/5 ml,beta blockers,False,False
3107,,0204000I0AAANAN,Labetalol HCl,Labetalol HCl_Liq Spec 1.5mg/5ml,Labetalol Hydrochloride,,5 mg/5 ml,beta blockers,False,False
3108,,0204000I0AAAPAP,Labetalol HCl,Labetalol HCl_Inj 50mg/10ml Pfs,Labetalol Hydrochloride,,50 mg/10 ml,beta blockers,False,False
3109,,0204000I0AAAQAQ,Labetalol HCl,Labetalol HCl_Liq Spec 75mg/5ml,Labetalol Hydrochloride,,75 mg/5 ml,beta blockers,False,False
3110,,0204000I0AAARAR,Labetalol HCl,Labetalol HCl_Liq Spec 5mg/5ml,Labetalol Hydrochloride,,5 mg/5 ml,beta blockers,False,False
3111,,0204000I0BBAAAC,Labrocol,Labrocol_Tab 100mg,Labetalol Hydrochloride,,100 mg,beta blockers,False,False
3112,,0204000I0BBABAD,Labrocol,Labrocol_Tab 200mg,Labetalol Hydrochloride,,200 mg,beta blockers,False,False
3113,,0204000I0BBACAE,Labrocol,Labrocol_Tab 400mg,Labetalol Hydrochloride,,400 mg,beta blockers,False,False
3114,,0204000I0BCAAAB,Trandate,Trandate_Tab 50mg,Labetalol Hydrochloride,,50 mg,beta blockers,False,False
3115,,0204000I0BCABAC,Trandate,Trandate_Tab 100mg,Labetalol Hydrochloride,,100 mg,beta blockers,False,False
3116,,0204000I0BCACAD,Trandate,Trandate_Tab 200mg,Labetalol Hydrochloride,,200 mg,beta blockers,False,False
3117,,0204000I0BCADAE,Trandate,Trandate_Tab 400mg,Labetalol Hydrochloride,,400 mg,beta blockers,False,False
3118,,0204000I0BCAEAA,Trandate,Trandate_Inj 5mg/ml 20ml Amp,Labetalol Hydrochloride,,5 mg/mL,beta blockers,False,False
3119,,0204000J0AAAAAA,Metoprolol Fumar,Metoprolol Fumar_Tab 190mg M/R,Metoprolol Fumarate,,190 mg,beta blockers,False,False
3120,,0204000J0AAABAB,Metoprolol Fumar,Metoprolol Fumar_Tab 95mg M/R,Metoprolol Fumarate,,95 mg,beta blockers,False,False
3121,,0204000J0BBAAAA,Metoros,Metoros_Tab 190mg,Metoprolol Fumarate,,190 mg,beta blockers,False,False
3122,,0204000J0BBABAB,Metoros,Metoros LS_Tab 95mg,Metoprolol Fumarate,,95 mg,beta blockers,False,False
3123,,0204000K0AAAAAA,Metoprolol Tart,Metoprolol Tart_Inj 1mg/ml 5ml Amp,Metoprolol Tartrate,,1 mg/mL,beta blockers,False,False
3124,,0204000K0AAABAB,Metoprolol Tart,Metoprolol Tart_Tab 50mg,Metoprolol Tartrate,,50 mg,beta blockers,False,False
3125,,0204000K0AAACAC,Metoprolol Tart,Metoprolol Tart_Tab 100mg,Metoprolol Tartrate,,100 mg,beta blockers,False,False
3126,,0204000K0AAADAD,Metoprolol Tart,Metoprolol Tart_Tab 200mg M/R,Metoprolol Tartrate,,200 mg,beta blockers,False,False
3127,,0204000K0AAAFAF,Metoprolol Tart,Metoprolol Tart_Cap 12.5mg,Metoprolol Tartrate,,12.5 mg,beta blockers,False,False
3128,,0204000K0AAAGAG,Metoprolol Tart,Metoprolol Tart In Dextrose_Cap 12.5mg,Metoprolol Tartrate,,12.5 mg,beta blockers,False,False
3129,,0204000K0AAAHAH,Metoprolol Tart,Metoprolol Tart_Tab 25mg,Metoprolol Tartrate,,25 mg,beta blockers,False,False
3130,,0204000K0AAAIAI,Metoprolol Tart,Metoprolol Tart_Cap 25mg,Metoprolol Tartrate,,25 mg,beta blockers,False,False
3131,,0204000K0AAAJAJ,Metoprolol Tart,Metoprolol Tart_Susp 10mg/5ml,Metoprolol Tartrate,,10 mg/5 ml,beta blockers,False,False
3132,,0204000K0AAAKAK,Metoprolol Tart,Metoprolol Tart_Susp 50mg/5ml,Metoprolol Tartrate,,50 mg/5 ml,beta blockers,False,False
3133,,0204000K0AAALAL,Metoprolol Tart,Metoprolol Tart_Oral Liq @spec,Metoprolol Tartrate,,,beta blockers,False,False
3134,,0204000K0AAAMAM,Metoprolol Tart,Metoprolol Tart_Liq Spec 10mg/5ml,Metoprolol Tartrate,,10 mg/5 ml,beta blockers,False,False
3135,,0204000K0AAANAN,Metoprolol Tart,Metoprolol Tart_Liq Spec 5mg/5ml,Metoprolol Tartrate,,5 mg/5 ml,beta blockers,False,False
3136,,0204000K0AAAPAP,Metoprolol Tart,Metoprolol Tart_Liq Spec 2.5mg/5ml,Metoprolol Tartrate,,5 mg/5 ml,beta blockers,False,False
3137,,0204000K0AAAQAQ,Metoprolol Tart,Metoprolol Tart_Liq Spec 100mg/5ml,Metoprolol Tartrate,,100 mg/5 ml,beta blockers,False,False
3138,,0204000K0AAARAR,Metoprolol Tart,Metoprolol Tart_Liq Spec 40mg/5ml,Metoprolol Tartrate,,40 mg/5 ml,beta blockers,False,False
3139,,0204000K0AAASAS,Metoprolol Tart,Metoprolol Tart_Liq Spec 25mg/5ml,Metoprolol Tartrate,,25 mg/5 ml,beta blockers,False,False
3140,,0204000K0AAATAT,Metoprolol Tart,Metoprolol Tart_Oral Susp 50mg/5ml,Metoprolol Tartrate,,50 mg/5 ml,beta blockers,False,False
3141,,0204000K0AAAUAU,Metoprolol Tart,Metoprolol Tart_Liq Spec 12.5mg/5ml,Metoprolol Tartrate,,5 mg/5 ml,beta blockers,False,False
3142,,0204000K0AAAVAV,Metoprolol Tart,Metoprolol Tart_Cap 5mg,Metoprolol Tartrate,,5 mg,beta blockers,False,False
3143,,0204000K0AAAWAW,Metoprolol Tart,Metoprolol Tart_Liq Spec 125mg/5ml,Metoprolol Tartrate,,125 mg/5 ml,beta blockers,False,False
3144,,0204000K0AAAXAX,Metoprolol Tart,Metoprolol Tart_Tab 50mg M/R,Metoprolol Tartrate,,50 mg,beta blockers,False,False
3145,,0204000K0AAAYAY,Metoprolol Tart,Metoprolol Tart_Liq Spec 15mg/5ml,Metoprolol Tartrate,,15 mg/5 ml,beta blockers,False,False
3146,,0204000K0AAAZAZ,Metoprolol Tart,Metoprolol Tart_Liq Spec 20mg/5ml,Metoprolol Tartrate,,20 mg/5 ml,beta blockers,False,False
3147,,0204000K0AABABA,Metoprolol Tart,Metoprolol Tart_Liq Spec 3.33mg/5ml,Metoprolol Tartrate,,33 mg/5 ml,beta blockers,False,False
3148,,0204000K0AABBBB,Metoprolol Tart,Metoprolol Tart_Liq Spec 6.25mg/5ml,Metoprolol Tartrate,,25 mg/5 ml,beta blockers,False,False
3149,,0204000K0AABCBC,Metoprolol Tart,Metoprolol Tart_Liq Spec 62.5mg/5ml,Metoprolol Tartrate,,5 mg/5 ml,beta blockers,False,False
3150,,0204000K0AABDBD,Metoprolol Tart,Metoprolol Tart_Cap 6.25mg,Metoprolol Tartrate,,6.25 mg,beta blockers,False,False
3151,,0204000K0AABEBE,Metoprolol Tart,Metoprolol Tart_Tab 10mg,Metoprolol Tartrate,,10 mg,beta blockers,False,False
3152,,0204000K0AABFBF,Metoprolol Tart,Metoprolol Tart_Liq Spec 16mg/5ml,Metoprolol Tartrate,,16 mg/5 ml,beta blockers,False,False
3153,,0204000K0AABGBG,Metoprolol Tart,Metoprolol Tart_Liq Spec 8mg/5ml,Metoprolol Tartrate,,8 mg/5 ml,beta blockers,False,False
3154,,0204000K0AABHBH,Metoprolol Tart,Metoprolol Tart_Liq Spec 30mg/5ml,Metoprolol Tartrate,,30 mg/5 ml,beta blockers,False,False
3155,,0204000K0AABIBI,Metoprolol Tart,Metoprolol Tart_Liq Spec 31.25mg/5ml,Metoprolol Tartrate,,25 mg/5 ml,beta blockers,False,False
3156,,0204000K0AABJBJ,Metoprolol Tart,Metoprolol Tart_Liq Spec 17mg/5ml,Metoprolol Tartrate,,17 mg/5 ml,beta blockers,False,False
3157,,0204000K0AABKBK,Metoprolol Tart,Metoprolol Tart_Oral Soln 12.5mg/5ml,Metoprolol Tartrate,,5 mg/5 ml,beta blockers,False,False
3158,,0204000K0AABLBL,Metoprolol Tart,Metoprolol Tart_Oral Susp 12.5mg/5ml,Metoprolol Tartrate,,5 mg/5 ml,beta blockers,False,False
3159,,0204000K0AABMBM,Metoprolol Tart,Metoprolol Tart_Oral Soln 50mg/5ml,Metoprolol Tartrate,,50 mg/5 ml,beta blockers,False,False
3160,,0204000K0AABNBN,Metoprolol Tart,Metoprolol Tart_Oral Susp 50mg/5ml (Old),Metoprolol Tartrate,,50 mg/5 ml,beta blockers,False,False
3161,,0204000K0BBAAAB,Betaloc,Betaloc_Tab 50mg,Metoprolol Tartrate,,50 mg,beta blockers,False,False
3162,,0204000K0BBABAC,Betaloc,Betaloc_Tab 100mg,Metoprolol Tartrate,,100 mg,beta blockers,False,False
3163,,0204000K0BBACAA,Betaloc,Betaloc_Inj 1mg/ml 5ml Amp,Metoprolol Tartrate,,1 mg/mL,beta blockers,False,False
3164,,0204000K0BBADAD,Betaloc,Betaloc S.A._Tab 200mg,Metoprolol Tartrate,,200 mg,beta blockers,False,False
3165,,0204000K0BDAAAB,Lopresor,Lopresor_Tab 50mg,Metoprolol Tartrate,,50 mg,beta blockers,False,False
3166,,0204000K0BDABAC,Lopresor,Lopresor_Tab 100mg,Metoprolol Tartrate,,100 mg,beta blockers,False,False
3167,,0204000K0BDACAD,Lopresor,Lopresor Sr_Tab 200mg,Metoprolol Tartrate,,200 mg,beta blockers,False,False
3168,,0204000K0BEAAAB,Mepranix,Mepranix 50_Tab 50mg,Metoprolol Tartrate,,50 mg,beta blockers,False,False
3169,,0204000K0BEABAC,Mepranix,Mepranix 100_Tab 100mg,Metoprolol Tartrate,,100 mg,beta blockers,False,False
3170,,0204000K0BGAAAB,Arbralene,Arbralene_Tab 50mg,Metoprolol Tartrate,,50 mg,beta blockers,False,False
3171,,0204000K0BGABAC,Arbralene,Arbralene_Tab 100mg,Metoprolol Tartrate,,100 mg,beta blockers,False,False
3172,,0204000K0BHAAAX,Toprol,Toprol XL_Tab 50mg,Metoprolol Tartrate,,50 mg,beta blockers,False,False
3173,,0204000K0BIAABE,Beloc Cor,Beloc Cor_Tab 10mg,Metoprolol Tartrate,,10 mg,beta blockers,False,False
3174,,0204000K0BJAAAC,Tensomex,Tensomex_Tab 100mg,Metoprolol Tartrate,,100 mg,beta blockers,False,False
3175,,0204000L0AAAAAA,Carteolol HCl (Systemic),Carteolol HCl_Tab 10mg,Carteolol Hydrochloride,,10 mg,beta blockers,False,False
3176,,0204000L0BBAAAA,Cartrol,Cartrol_Tab 10mg,Carteolol Hydrochloride,,10 mg,beta blockers,False,False
3177,,0204000M0AAAAAA,Nadolol,Nadolol_Tab 40mg,Nadolol,,40 mg,beta blockers,False,False
3178,,0204000M0AAABAB,Nadolol,Nadolol_Tab 80mg,Nadolol,,80 mg,beta blockers,False,False
3179,,0204000M0AAACAC,Nadolol,Nadolol_Oral Soln 40mg/5ml,Nadolol,,40 mg/5 ml,beta blockers,False,False
3180,,0204000M0AAADAD,Nadolol,Nadolol_Liq Spec 10mg/5ml,Nadolol,,10 mg/5 ml,beta blockers,False,False
3181,,0204000M0AAAEAE,Nadolol,Nadolol_Liq Spec 80mg/5ml,Nadolol,,80 mg/5 ml,beta blockers,False,False
3182,,0204000M0AAAFAF,Nadolol,Nadolol_Oral Soln 30mg/5ml,Nadolol,,30 mg/5 ml,beta blockers,False,False
3183,,0204000M0AAAGAG,Nadolol,Nadolol_Oral Soln 20mg/5ml,Nadolol,,20 mg/5 ml,beta blockers,False,False
3184,,0204000M0AAAHAH,Nadolol,Nadolol_Oral Susp 20mg/5ml,Nadolol,,20 mg/5 ml,beta blockers,False,False
3185,,0204000M0AAAIAI,Nadolol,Nadolol_Oral Susp 30mg/5ml,Nadolol,,30 mg/5 ml,beta blockers,False,False
3186,,0204000M0AAAJAJ,Nadolol,Nadolol_Oral Susp 40mg/5ml,Nadolol,,40 mg/5 ml,beta blockers,False,False
3187,,0204000M0AAAKAK,Nadolol,Nadolol_Oral Soln 25mg/5ml,Nadolol,,25 mg/5 ml,beta blockers,False,False
3188,,0204000M0AAALAL,Nadolol,Nadolol_Oral Susp 100mg/5ml,Nadolol,,100 mg/5 ml,beta blockers,False,False
3189,,0204000M0BBAAAA,Corgard,Corgard_Tab 40mg,Nadolol,,40 mg,beta blockers,False,False
3190,,0204000M0BBABAB,Corgard,Corgard_Tab 80mg,Nadolol,,80 mg,beta blockers,False,False
3191,,0204000M0BCAAAA,Solgol,Solgol_Tab 40mg,Nadolol,,40 mg,beta blockers,False,False
3192,,0204000N0AAAAAA,Oxprenolol HCl,Oxprenolol HCl_Inj 2mg Amp,Oxprenolol Hydrochloride,,2 mg,beta blockers,False,False
3193,,0204000N0AAABAB,Oxprenolol HCl,Oxprenolol HCl_Tab 20mg,Oxprenolol Hydrochloride,,20 mg,beta blockers,False,False
3194,,0204000N0AAACAC,Oxprenolol HCl,Oxprenolol HCl_Tab 40mg,Oxprenolol Hydrochloride,,40 mg,beta blockers,False,False
3195,,0204000N0AAADAD,Oxprenolol HCl,Oxprenolol HCl_Tab 80mg,Oxprenolol Hydrochloride,,80 mg,beta blockers,False,False
3196,,0204000N0AAAEAE,Oxprenolol HCl,Oxprenolol HCl_Tab 160mg,Oxprenolol Hydrochloride,,160 mg,beta blockers,False,False
3197,,0204000N0AAAFAF,Oxprenolol HCl,Oxprenolol HCl_Tab 160mg M/R,Oxprenolol Hydrochloride,,160 mg,beta blockers,False,False
3198,,0204000N0AAAGAG,Oxprenolol HCl,Oxprenolol HCl_Tab 10mg,Oxprenolol Hydrochloride,,10 mg,beta blockers,False,False
3199,,0204000N0AAAHAH,Oxprenolol HCl,Oxprenolol HCl_Susp 160mg/5ml,Oxprenolol Hydrochloride,,160 mg/5 ml,beta blockers,False,False
3200,,0204000N0AAAIAI,Oxprenolol HCl,Oxprenolol HCl_Tab 160mg M/R (P.I.),Oxprenolol Hydrochloride,,160 mg,beta blockers,False,False
3201,,0204000N0AAAJAJ,Oxprenolol HCl,Oxprenolol HCl_Oral Liq @spec,Oxprenolol Hydrochloride,,,beta blockers,False,False
3202,,0204000N0AAAKAK,Oxprenolol HCl,Oxprenolol HCl_Tab 160mg M/R         @gn,Oxprenolol Hydrochloride,,160 mg,beta blockers,False,False
3203,,0204000N0AAALAL,Oxprenolol HCl,Oxprenolol HCl_Liq Spec 80mg/5ml,Oxprenolol Hydrochloride,,80 mg/5 ml,beta blockers,False,False
3204,,0204000N0BBAAAB,Apsolox,Apsolox_Tab 20mg,Oxprenolol Hydrochloride,,20 mg,beta blockers,False,False
3205,,0204000N0BBABAC,Apsolox,Apsolox_Tab 40mg,Oxprenolol Hydrochloride,,40 mg,beta blockers,False,False
3206,,0204000N0BBACAD,Apsolox,Apsolox_Tab 80mg,Oxprenolol Hydrochloride,,80 mg,beta blockers,False,False
3207,,0204000N0BBADAE,Apsolox,Apsolox_Tab 160mg,Oxprenolol Hydrochloride,,160 mg,beta blockers,False,False
3208,,0204000N0BCAAAB,Laracor,Laracor_Tab 20mg,Oxprenolol Hydrochloride,,20 mg,beta blockers,False,False
3209,,0204000N0BCABAC,Laracor,Laracor_Tab 40mg,Oxprenolol Hydrochloride,,40 mg,beta blockers,False,False
3210,,0204000N0BCACAD,Laracor,Laracor_Tab 80mg,Oxprenolol Hydrochloride,,80 mg,beta blockers,False,False
3211,,0204000N0BCADAE,Laracor,Laracor_Tab 160mg,Oxprenolol Hydrochloride,,160 mg,beta blockers,False,False
3212,,0204000N0BDAAAF,Slow-Pren,Slow-Pren_Tab 160mg,Oxprenolol Hydrochloride,,160 mg,beta blockers,False,False
3213,,0204000N0BEAAAF,Slow-Trasicor,Slow-Trasicor_Tab 160mg,Oxprenolol Hydrochloride,,160 mg,beta blockers,False,False
3214,,0204000N0BFAAAB,Trasicor,Trasicor_Tab 20mg,Oxprenolol Hydrochloride,,20 mg,beta blockers,False,False
3215,,0204000N0BFABAC,Trasicor,Trasicor_Tab 40mg,Oxprenolol Hydrochloride,,40 mg,beta blockers,False,False
3216,,0204000N0BFACAD,Trasicor,Trasicor_Tab 80mg,Oxprenolol Hydrochloride,,80 mg,beta blockers,False,False
3217,,0204000N0BFADAE,Trasicor,Trasicor_Tab 160mg,Oxprenolol Hydrochloride,,160 mg,beta blockers,False,False
3218,,0204000N0BFAEAA,Trasicor,Trasicor_Inj 2mg Amp,Oxprenolol Hydrochloride,,2 mg,beta blockers,False,False
3219,,0204000N0BGAAAB,Paritane,Paritane_Tab 20mg,Oxprenolol Hydrochloride,,20 mg,beta blockers,False,False
3220,,0204000N0BGABAC,Paritane,Paritane_Tab 40mg,Oxprenolol Hydrochloride,,40 mg,beta blockers,False,False
3221,,0204000N0BGACAD,Paritane,Paritane_Tab 80mg,Oxprenolol Hydrochloride,,80 mg,beta blockers,False,False
3222,,0204000N0BGADAE,Paritane,Paritane_Tab 160mg,Oxprenolol Hydrochloride,,160 mg,beta blockers,False,False
3223,,0204000N0BHAAAF,Oxyprenix Sr-160,Oxyprenix Excel 160_Tab 160mg,Oxprenolol Hydrochloride,,160 mg,beta blockers,False,False
3224,,0204000N0BIAAAF,Trasicor Ret,Trasicor Ret_Tab 160mg,Oxprenolol Hydrochloride,,160 mg,beta blockers,False,False
3225,,0204000P0AAAAAA,Pindolol,Pindolol_Tab 5mg,Pindolol,,5 mg,beta blockers,False,False
3226,,0204000P0AAABAB,Pindolol,Pindolol_Tab 15mg,Pindolol,,15 mg,beta blockers,False,False
3227,,0204000P0BBAAAA,Visken,Visken_Tab 5mg,Pindolol,,5 mg,beta blockers,False,False
3228,,0204000P0BBABAB,Visken,Visken_Tab 15mg,Pindolol,,15 mg,beta blockers,False,False
3229,,0204000P0BCAAAB,Betadren,Betadren_Tab 15mg,Pindolol,,15 mg,beta blockers,False,False
3230,,0204000P0BCABAA,Betadren,Betadren_Tab 5mg,Pindolol,,5 mg,beta blockers,False,False
3231,,0204000Q0AAAAAA,Propranol HCl + Diuretic,Gppe Cap_Inderetic,Propranolol Hydrochloride With Diuretic,,,beta blockers,False,False
3232,,0204000Q0AAABAB,Propranol HCl + Diuretic,Gppe Cap_Inderex,Propranolol Hydrochloride With Diuretic,,,beta blockers,False,False
3233,,0204000Q0AAACAC,Propranol HCl + Diuretic,Propranolol HCl/Spironol_Tab 80mg/50mg,Propranolol Hydrochloride With Diuretic,,80 mg,beta blockers,False,True
3234,,0204000Q0BBAAAA,Inderetic,Inderetic_Cap,Propranolol Hydrochloride With Diuretic,,,beta blockers,False,False
3235,,0204000Q0BCAAAB,Inderex,Inderex_Cap,Propranolol Hydrochloride With Diuretic,,,beta blockers,False,False
3236,,0204000Q0BDAAAC,Spiroprop,Spiroprop_Tab,Propranolol Hydrochloride With Diuretic,,,beta blockers,False,False
3237,,0204000R0AAA1A1,Propranolol HCl,Propranolol HCl_Pdrs 7mg,Propranolol Hydrochloride,,7 mg,beta blockers,False,False
3238,,0204000R0AAA2A2,Propranolol HCl,Propranolol HCl_Liq 6mg/5ml,Propranolol Hydrochloride,,6 mg/5 ml,beta blockers,False,False
3239,,0204000R0AAA3A3,Propranolol HCl,Propranolol HCl_Susp 2.5mg/5ml,Propranolol Hydrochloride,,5 mg/5 ml,beta blockers,False,False
3240,,0204000R0AAA4A4,Propranolol HCl,Propranolol HCl_Susp 10mg/5ml,Propranolol Hydrochloride,,10 mg/5 ml,beta blockers,False,False
3241,,0204000R0AAA5A5,Propranolol HCl,Propranolol HCl_Susp 8mg/5ml,Propranolol Hydrochloride,,8 mg/5 ml,beta blockers,False,False
3242,,0204000R0AAA6A6,Propranolol HCl,Propranolol HCl_Syr 6mg/5ml,Propranolol Hydrochloride,,6 mg/5 ml,beta blockers,False,False
3243,,0204000R0AAA7A7,Propranolol HCl,Propranolol HCl_Susp 4mg/5ml,Propranolol Hydrochloride,,4 mg/5 ml,beta blockers,False,False
3244,,0204000R0AAA8A8,Propranolol HCl,Propranolol HCl_Pdrs 9mg,Propranolol Hydrochloride,,9 mg,beta blockers,False,False
3245,,0204000R0AAA9A9,Propranolol HCl,Propranolol HCl_Syr 20mg/5ml,Propranolol Hydrochloride,,20 mg/5 ml,beta blockers,False,False
3246,,0204000R0AAAAAA,Propranolol HCl,Propranolol HCl_Cap 80mg M/R,Propranolol Hydrochloride,,80 mg,beta blockers,False,False
3247,,0204000R0AAABAB,Propranolol HCl,Propranolol HCl_Cap 160mg M/R,Propranolol Hydrochloride,,160 mg,beta blockers,False,False
3248,,0204000R0AAACAC,Propranolol HCl,Propranolol HCl_Inj 1mg/ml 1ml Amp,Propranolol Hydrochloride,,1 mg/mL,beta blockers,False,False
3249,,0204000R0AAADAD,Propranolol HCl,Propranolol HCl_Liq 1mg/5ml,Propranolol Hydrochloride,,1 mg/5 ml,beta blockers,False,False
3250,,0204000R0AAAFAF,Propranolol HCl,Propranolol HCl_Oral Soln 5mg/5ml,Propranolol Hydrochloride,,5 mg/5 ml,beta blockers,False,False
3251,,0204000R0AAAGAG,Propranolol HCl,Propranolol HCl_Oral Soln 50mg/5ml,Propranolol Hydrochloride,,50 mg/5 ml,beta blockers,False,False
3252,,0204000R0AAAHAH,Propranolol HCl,Propranolol HCl_Tab 10mg,Propranolol Hydrochloride,,10 mg,beta blockers,False,False
3253,,0204000R0AAAIAI,Propranolol HCl,Propranolol HCl_Tab 20mg,Propranolol Hydrochloride,,20 mg,beta blockers,False,False
3254,,0204000R0AAAJAJ,Propranolol HCl,Propranolol HCl_Tab 40mg,Propranolol Hydrochloride,,40 mg,beta blockers,False,False
3255,,0204000R0AAAKAK,Propranolol HCl,Propranolol HCl_Tab 80mg,Propranolol Hydrochloride,,80 mg,beta blockers,False,False
3256,,0204000R0AAALAL,Propranolol HCl,Propranolol HCl_Tab 160mg,Propranolol Hydrochloride,,160 mg,beta blockers,False,False
3257,,0204000R0AAAMAM,Propranolol HCl,Propranolol HCl_Susp 18mg/5ml,Propranolol Hydrochloride,,18 mg/5 ml,beta blockers,False,False
3258,,0204000R0AAANAN,Propranolol HCl,Propranolol HCl_Susp 5mg/5ml,Propranolol Hydrochloride,,5 mg/5 ml,beta blockers,False,False
3259,,0204000R0AAAPAP,Propranolol HCl,Propranolol HCl_Pdrs 10mg,Propranolol Hydrochloride,,10 mg,beta blockers,False,False
3260,,0204000R0AAAQAQ,Propranolol HCl,Propranolol HCl_Mix 10mg/5ml,Propranolol Hydrochloride,,10 mg/5 ml,beta blockers,False,False
3261,,0204000R0AAARAR,Propranolol HCl,Propranolol HCl_Susp 12mg/5ml,Propranolol Hydrochloride,,12 mg/5 ml,beta blockers,False,False
3262,,0204000R0AAASAS,Propranolol HCl,Propranolol HCl_Syr 4mg/5ml,Propranolol Hydrochloride,,4 mg/5 ml,beta blockers,False,False
3263,,0204000R0AAATAT,Propranolol HCl,Propranolol HCl_Pdrs 6mg,Propranolol Hydrochloride,,6 mg,beta blockers,False,False
3264,,0204000R0AAAUAU,Propranolol HCl,Propranolol HCl_Oral Soln 80mg/5ml,Propranolol Hydrochloride,,80 mg/5 ml,beta blockers,False,False
3265,,0204000R0AAAVAV,Propranolol HCl,Propranolol HCl_Pdrs 12mg,Propranolol Hydrochloride,,12 mg,beta blockers,False,False
3266,,0204000R0AAAWAW,Propranolol HCl,Propranolol HCl_Pdrs 15mg,Propranolol Hydrochloride,,15 mg,beta blockers,False,False
3267,,0204000R0AAAXAX,Propranolol HCl,Propranolol HCl_Syr 3mg/5ml,Propranolol Hydrochloride,,3 mg/5 ml,beta blockers,False,False
3268,,0204000R0AAAYAY,Propranolol HCl,Propranolol HCl_Oral Soln 10mg/5ml,Propranolol Hydrochloride,,10 mg/5 ml,beta blockers,False,False
3269,,0204000R0AAAZAZ,Propranolol HCl,Propranolol HCl_Oral Soln 40mg/5ml,Propranolol Hydrochloride,,40 mg/5 ml,beta blockers,False,False
3270,,0204000R0AABABA,Propranolol HCl,Propranolol HCl_Susp 80mg/5ml,Propranolol Hydrochloride,,80 mg/5 ml,beta blockers,False,False
3271,,0204000R0AABBBB,Propranolol HCl,Propranolol HCl_Elix 3mg/5ml,Propranolol Hydrochloride,,3 mg/5 ml,beta blockers,False,False
3272,,0204000R0AABCBC,Propranolol HCl,Propranolol HCl_Cap 80mg C/R,Propranolol Hydrochloride,,80 mg,beta blockers,False,False
3273,,0204000R0AABDBD,Propranolol HCl,Propranolol HCl_Cap 80mg C/R         @gn,Propranolol Hydrochloride,,80 mg,beta blockers,False,False
3274,,0204000R0AABEBE,Propranolol HCl,Propranolol HCl_Susp 9mg/5ml,Propranolol Hydrochloride,,9 mg/5 ml,beta blockers,False,False
3275,,0204000R0AABFBF,Propranolol HCl,Propranolol HCl_Oral Liq @spec,Propranolol Hydrochloride,,,beta blockers,False,False
3276,,0204000R0AABGBG,Propranolol HCl,Propranolol HCl_Pdrs 8mg,Propranolol Hydrochloride,,8 mg,beta blockers,False,False
3277,,0204000R0AABHBH,Propranolol HCl,Propranolol HCl_Tab 120mg,Propranolol Hydrochloride,,120 mg,beta blockers,False,False
3278,,0204000R0AABIBI,Propranolol HCl,Propranolol HCl_Susp 70mg/5ml,Propranolol Hydrochloride,,70 mg/5 ml,beta blockers,False,False
3279,,0204000R0AABJBJ,Propranolol HCl,Propranolol HCl_Pdrs 4mg,Propranolol Hydrochloride,,4 mg,beta blockers,False,False
3280,,0204000R0AABKBK,Propranolol HCl,Propranolol HCl_Susp 25mg/5ml,Propranolol Hydrochloride,,25 mg/5 ml,beta blockers,False,False
3281,,0204000R0AABLBL,Propranolol HCl,Propranolol HCl/Lacto_Pdrs 2mg/200mg,Propranolol Hydrochloride,,2 mg,beta blockers,False,False
3282,,0204000R0AABMBM,Propranolol HCl,Propranolol HCl/Lacto_Pdrs 3mg/200mg,Propranolol Hydrochloride,,3 mg,beta blockers,False,False
3283,,0204000R0AABNBN,Propranolol HCl,Propranolol HCl/Lacto_Pdrs 6mg/200mg,Propranolol Hydrochloride,,6 mg,beta blockers,False,False
3284,,0204000R0AABPBP,Propranolol HCl,Propranolol HCl_Mix 5mg/5ml,Propranolol Hydrochloride,,5 mg/5 ml,beta blockers,False,False
3285,,0204000R0AABQBQ,Propranolol HCl,Propranolol HCl_Pdrs 5mg,Propranolol Hydrochloride,,5 mg,beta blockers,False,False
3286,,0204000R0AABRBR,Propranolol HCl,Propranolol HCl_Syr 7mg/5ml,Propranolol Hydrochloride,,7 mg/5 ml,beta blockers,False,False
3287,,0204000R0AABSBS,Propranolol HCl,Propranolol HCl_Syr 15mg/5ml,Propranolol Hydrochloride,,15 mg/5 ml,beta blockers,False,False
3288,,0204000R0AABTBT,Propranolol HCl,Propranolol HCl_Syr 9mg/5ml,Propranolol Hydrochloride,,9 mg/5 ml,beta blockers,False,False
3289,,0204000R0AABUBU,Propranolol HCl,Propranolol HCl_Liq 5mg/5ml,Propranolol Hydrochloride,,5 mg/5 ml,beta blockers,False,False
3290,,0204000R0AABVBV,Propranolol HCl,Propranolol HCl_Liq 2.85mg/5ml,Propranolol Hydrochloride,,85 mg/5 ml,beta blockers,False,False
3291,,0204000R0AABWBW,Propranolol HCl,Propranolol HCl_Susp 90mg/5ml,Propranolol Hydrochloride,,90 mg/5 ml,beta blockers,False,False
3292,,0204000R0AABXBX,Propranolol HCl,Propranolol HCl_Syr 8mg/5ml,Propranolol Hydrochloride,,8 mg/5 ml,beta blockers,False,False
3293,,0204000R0AABYBY,Propranolol HCl,Propranolol HCl_Susp 40mg/5ml,Propranolol Hydrochloride,,40 mg/5 ml,beta blockers,False,False
3294,,0204000R0AABZBZ,Propranolol HCl,Propranolol HCl_Susp 50mg/5ml,Propranolol Hydrochloride,,50 mg/5 ml,beta blockers,False,False
3295,,0204000R0AACACA,Propranolol HCl,Propranolol HCl_Susp 20mg/5ml,Propranolol Hydrochloride,,20 mg/5 ml,beta blockers,False,False
3296,,0204000R0AACBCB,Propranolol HCl,Propranolol HCl_Susp 15mg/5ml,Propranolol Hydrochloride,,15 mg/5 ml,beta blockers,False,False
3297,,0204000R0AACCCC,Propranolol HCl,Propranolol HCl_Cap 160mg C/R,Propranolol Hydrochloride,,160 mg,beta blockers,False,False
3298,,0204000R0AACDCD,Propranolol HCl,Propranolol HCl_Cap 160mg M/R (P.I.),Propranolol Hydrochloride,,160 mg,beta blockers,False,False
3299,,0204000R0AACECE,Propranolol HCl,Propranolol HCl_Cap 8mg,Propranolol Hydrochloride,,8 mg,beta blockers,False,False
3300,,0204000R0AACFCF,Propranolol HCl,Propranolol HCl_Susp 3mg/5ml S/F,Propranolol Hydrochloride,,3 mg/5 ml,beta blockers,False,False
3301,,0204000R0AACGCG,Propranolol HCl,Propranolol HCl_Cap 10mg,Propranolol Hydrochloride,,10 mg,beta blockers,False,False
3302,,0204000R0AACHCH,Propranolol HCl,Propranolol HCl_Liq Spec 50mg/5ml,Propranolol Hydrochloride,,50 mg/5 ml,beta blockers,False,False
3303,,0204000R0AACICI,Propranolol HCl,Propranolol HCl_Liq Spec 5mg/5ml,Propranolol Hydrochloride,,5 mg/5 ml,beta blockers,False,False
3304,,0204000R0AACJCJ,Propranolol HCl,Propranolol HCl_Liq Spec 10mg/5ml,Propranolol Hydrochloride,,10 mg/5 ml,beta blockers,False,False
3305,,0204000R0AACKCK,Propranolol HCl,Propranolol HCl_Liq Spec 25mg/5ml,Propranolol Hydrochloride,,25 mg/5 ml,beta blockers,False,False
3306,,0204000R0AACLCL,Propranolol HCl,Propranolol HCl_Liq Spec 40mg/5ml,Propranolol Hydrochloride,,40 mg/5 ml,beta blockers,False,False
3307,,0204000R0AACMCM,Propranolol HCl,Propranolol HCl_Liq Spec 1.67mg/5ml,Propranolol Hydrochloride,,67 mg/5 ml,beta blockers,False,False
3308,,0204000R0AACNCN,Propranolol HCl,Propranolol HCl_Liq Spec 80mg/5ml,Propranolol Hydrochloride,,80 mg/5 ml,beta blockers,False,False
3309,,0204000R0AACPCP,Propranolol HCl,Propranolol HCl_Liq Spec 20mg/5ml,Propranolol Hydrochloride,,20 mg/5 ml,beta blockers,False,False
3310,,0204000R0AACQCQ,Propranolol HCl,Propranolol HCl_Liq Spec 2.75mg/5ml,Propranolol Hydrochloride,,75 mg/5 ml,beta blockers,False,False
3311,,0204000R0AACRCR,Propranolol HCl,Propranolol HCl_Liq Spec 15mg/5ml,Propranolol Hydrochloride,,15 mg/5 ml,beta blockers,False,False
3312,,0204000R0AACSCS,Propranolol HCl,Propranolol HCl_Liq Spec 2.5mg/5ml,Propranolol Hydrochloride,,5 mg/5 ml,beta blockers,False,False
3313,,0204000R0AACTCT,Propranolol HCl,Propranolol HCl_Liq Spec 3mg/5ml,Propranolol Hydrochloride,,3 mg/5 ml,beta blockers,False,False
3314,,0204000R0AACUCU,Propranolol HCl,Propranolol HCl_Liq Spec 2mg/5ml,Propranolol Hydrochloride,,2 mg/5 ml,beta blockers,False,False
3315,,0204000R0AACVCV,Propranolol HCl,Propranolol HCl_Cap 160mg,Propranolol Hydrochloride,,160 mg,beta blockers,False,False
3316,,0204000R0AACWCW,Propranolol HCl,Propranolol HCl_Oral Soln 5mg/5ml S/F,Propranolol Hydrochloride,,5 mg/5 ml,beta blockers,False,False
3317,,0204000R0AACXCX,Propranolol HCl,Propranolol HCl_Oral Soln 10mg/5ml S/F,Propranolol Hydrochloride,,10 mg/5 ml,beta blockers,False,False
3318,,0204000R0AACYCY,Propranolol HCl,Propranolol HCl_Oral Soln 50mg/5ml S/F,Propranolol Hydrochloride,,50 mg/5 ml,beta blockers,False,False
3319,,0204000R0AACZCZ,Propranolol HCl,Propranolol HCl_Liq Spec 3.5mg/5ml,Propranolol Hydrochloride,,5 mg/5 ml,beta blockers,False,False
3320,,0204000R0AADADA,Propranolol HCl,Propranolol HCl_Liq Spec 32mg/5ml,Propranolol Hydrochloride,,32 mg/5 ml,beta blockers,False,False
3321,,0204000R0AADBDB,Propranolol HCl,Propranolol HCl_Oral Soln 40mg/5ml S/F,Propranolol Hydrochloride,,40 mg/5 ml,beta blockers,False,False
3322,,0204000R0AADCDC,Propranolol HCl,Propranolol HCl_Oral Soln 80mg/5ml S/F,Propranolol Hydrochloride,,80 mg/5 ml,beta blockers,False,False
3323,,0204000R0AADDDD,Propranolol HCl,Propranolol HCl_Liq Spec 6mg/5ml,Propranolol Hydrochloride,,6 mg/5 ml,beta blockers,False,False
3324,,0204000R0AADEDE,Propranolol HCl,Propranolol HCl_Liq Spec 16mg/5ml,Propranolol Hydrochloride,,16 mg/5 ml,beta blockers,False,False
3325,,0204000R0AADFDF,Propranolol HCl,Propranolol HCl_Cap 20mg,Propranolol Hydrochloride,,20 mg,beta blockers,False,False
3326,,0204000R0AADGDG,Propranolol HCl,Propranolol HCl_Liq Spec 22.5mg/5ml,Propranolol Hydrochloride,,5 mg/5 ml,beta blockers,False,False
3327,,0204000R0AADHDH,Propranolol HCl,Propranolol HCl_Liq Spec 4mg/5ml,Propranolol Hydrochloride,,4 mg/5 ml,beta blockers,False,False
3328,,0204000R0AADIDI,Propranolol HCl,Propranolol HCl_Liq Spec 80mg/5ml,Propranolol Hydrochloride,,80 mg/5 ml,beta blockers,False,False
3329,,0204000R0AADJDJ,Propranolol HCl,Propranolol HCl_Cap 40mg,Propranolol Hydrochloride,,40 mg,beta blockers,False,False
3330,,0204000R0BBAAAH,Angilol,Angilol_Tab 10mg,Propranolol Hydrochloride,,10 mg,beta blockers,False,False
3331,,0204000R0BBABAJ,Angilol,Angilol_Tab 40mg,Propranolol Hydrochloride,,40 mg,beta blockers,False,False
3332,,0204000R0BBACAK,Angilol,Angilol_Tab 80mg,Propranolol Hydrochloride,,80 mg,beta blockers,False,False
3333,,0204000R0BBADAL,Angilol,Angilol_Tab 160mg,Propranolol Hydrochloride,,160 mg,beta blockers,False,False
3334,,0204000R0BCABAJ,Apsolol,Apsolol_Tab 40mg,Propranolol Hydrochloride,,40 mg,beta blockers,False,False
3335,,0204000R0BCACAH,Apsolol,Apsolol_Tab 10mg,Propranolol Hydrochloride,,10 mg,beta blockers,False,False
3336,,0204000R0BCADAK,Apsolol,Apsolol_Tab 80mg,Propranolol Hydrochloride,,80 mg,beta blockers,False,False
3337,,0204000R0BCAEAL,Apsolol,Apsolol_Tab 160mg,Propranolol Hydrochloride,,160 mg,beta blockers,False,False
3338,,0204000R0BDAAAH,Bedranol,Bedranol_Tab 10mg (Sandoz),Propranolol Hydrochloride,,10 mg,beta blockers,False,False
3339,,0204000R0BDABAJ,Bedranol,Bedranol_Tab 40mg (Sandoz),Propranolol Hydrochloride,,40 mg,beta blockers,False,False
3340,,0204000R0BDACAB,Bedranol,Bedranol S.R._Cap 160mg (Sandoz),Propranolol Hydrochloride,,160 mg,beta blockers,False,False
3341,,0204000R0BDADAA,Bedranol,Bedranol S.R._Cap 80mg (Sandoz),Propranolol Hydrochloride,,80 mg,beta blockers,False,False
3342,,0204000R0BDAEAB,Bedranol,Bedranol S.R._Cap 160mg (Almus),Propranolol Hydrochloride,,160 mg,beta blockers,False,False
3343,,0204000R0BDAFAA,Bedranol,Bedranol S.R._Cap 80mg (Almus),Propranolol Hydrochloride,,80 mg,beta blockers,False,False
3344,,0204000R0BDAGAH,Bedranol,Bedranol_Tab 10mg,Propranolol Hydrochloride,,10 mg,beta blockers,False,False
3345,,0204000R0BDAHAL,Bedranol,Bedranol_Tab 160mg,Propranolol Hydrochloride,,160 mg,beta blockers,False,False
3346,,0204000R0BDAIAJ,Bedranol,Bedranol_Tab 40mg,Propranolol Hydrochloride,,40 mg,beta blockers,False,False
3347,,0204000R0BDAJAK,Bedranol,Bedranol_Tab 80mg,Propranolol Hydrochloride,,80 mg,beta blockers,False,False
3348,,0204000R0BEAAAH,Berkolol,Berkolol_Tab 10mg,Propranolol Hydrochloride,,10 mg,beta blockers,False,False
3349,,0204000R0BEABAJ,Berkolol,Berkolol_Tab 40mg,Propranolol Hydrochloride,,40 mg,beta blockers,False,False
3350,,0204000R0BEACAK,Berkolol,Berkolol_Tab 80mg,Propranolol Hydrochloride,,80 mg,beta blockers,False,False
3351,,0204000R0BEADAL,Berkolol,Berkolol_Tab 160mg,Propranolol Hydrochloride,,160 mg,beta blockers,False,False
3352,,0204000R0BGAAAH,Inderal,Inderal_Tab 10mg,Propranolol Hydrochloride,,10 mg,beta blockers,False,False
3353,,0204000R0BGABAJ,Inderal,Inderal_Tab 40mg,Propranolol Hydrochloride,,40 mg,beta blockers,False,False
3354,,0204000R0BGACAK,Inderal,Inderal_Tab 80mg,Propranolol Hydrochloride,,80 mg,beta blockers,False,False
3355,,0204000R0BGADAL,Inderal,Inderal_Tab 160mg,Propranolol Hydrochloride,,160 mg,beta blockers,False,False
3356,,0204000R0BGAEAC,Inderal,Inderal_Inj 1mg/ml 1ml Amp,Propranolol Hydrochloride,,1 mg/mL,beta blockers,False,False
3357,,0204000R0BGAFAA,Inderal,Half-Inderal LA_Cap 80mg,Propranolol Hydrochloride,,80 mg,beta blockers,False,False
3358,,0204000R0BGAGAB,Inderal,Inderal LA_Cap 160mg,Propranolol Hydrochloride,,160 mg,beta blockers,False,False
3359,,0204000R0BIAAAB,Sloprolol,Sloprolol_Cap 160mg,Propranolol Hydrochloride,,160 mg,beta blockers,False,False
3360,,0204000R0BJAAAH,Lederpronol,Lederpronol_Tab 10mg,Propranolol Hydrochloride,,10 mg,beta blockers,False,False
3361,,0204000R0BJABAJ,Lederpronol,Lederpronol_Tab 40mg,Propranolol Hydrochloride,,40 mg,beta blockers,False,False
3362,,0204000R0BJACAK,Lederpronol,Lederpronol_Tab 80mg,Propranolol Hydrochloride,,80 mg,beta blockers,False,False
3363,,0204000R0BJADAL,Lederpronol,Lederpronol_Tab 160mg,Propranolol Hydrochloride,,160 mg,beta blockers,False,False
3364,,0204000R0BKAAAH,Cardinol,Cardinol_Tab 10mg,Propranolol Hydrochloride,,10 mg,beta blockers,False,False
3365,,0204000R0BKABAJ,Cardinol,Cardinol_Tab 40mg,Propranolol Hydrochloride,,40 mg,beta blockers,False,False
3366,,0204000R0BKACAK,Cardinol,Cardinol_Tab 80mg,Propranolol Hydrochloride,,80 mg,beta blockers,False,False
3367,,0204000R0BKADAL,Cardinol,Cardinol_Tab 160mg,Propranolol Hydrochloride,,160 mg,beta blockers,False,False
3368,,0204000R0BLAAAB,Slo-Blok,Slo-Blok_Cap 160mg,Propranolol Hydrochloride,,160 mg,beta blockers,False,False
3369,,0204000R0BMAAAH,Propanix,Propanix-10_Tab 10mg,Propranolol Hydrochloride,,10 mg,beta blockers,False,False
3370,,0204000R0BMABAJ,Propanix,Propanix-40_Tab 40mg,Propranolol Hydrochloride,,40 mg,beta blockers,False,False
3371,,0204000R0BMACAK,Propanix,Propanix-80_Tab 80mg,Propranolol Hydrochloride,,80 mg,beta blockers,False,False
3372,,0204000R0BMADAL,Propanix,Propanix-160_Tab 160mg,Propranolol Hydrochloride,,160 mg,beta blockers,False,False
3373,,0204000R0BMAEAB,Propanix,Propanix-160 SR_Cap 160mg,Propranolol Hydrochloride,,160 mg,beta blockers,False,False
3374,,0204000R0BMAFAB,Propanix,Propanix LA_Cap 160mg,Propranolol Hydrochloride,,160 mg,beta blockers,False,False
3375,,0204000R0BMAGAA,Propanix,Half Propanix LA_Cap 80mg,Propranolol Hydrochloride,,80 mg,beta blockers,False,False
3376,,0204000R0BNAAAB,Beta-Prograne,Beta-Prograne MR_Cap 160mg,Propranolol Hydrochloride,,160 mg,beta blockers,False,False
3377,,0204000R0BNABAA,Beta-Prograne,Half Beta-Prograne MR_Cap 80mg,Propranolol Hydrochloride,,80 mg,beta blockers,False,False
3378,,0204000R0BNACAB,Beta-Prograne,Beta-Prograne MR_Cap 160mg (Teva),Propranolol Hydrochloride,,160 mg,beta blockers,False,False
3379,,0204000R0BNADAA,Beta-Prograne,Half Beta-Prograne MR_Cap 80mg (Teva),Propranolol Hydrochloride,,80 mg,beta blockers,False,False
3380,,0204000R0BNAEAA,Beta-Prograne,Half Beta-Prograne MR_Cap 80mg (Actavis),Propranolol Hydrochloride,,80 mg,beta blockers,False,False
3381,,0204000R0BNAFAB,Beta-Prograne,Beta-Prograne MR_Cap 160mg (Actavis),Propranolol Hydrochloride,,160 mg,beta blockers,False,False
3382,,0204000R0BPAAAB,Betadur,Betadur CR_Cap 160mg,Propranolol Hydrochloride,,160 mg,beta blockers,False,False
3383,,0204000R0BPABAA,Betadur,Half-Betadur CR_Cap 80mg,Propranolol Hydrochloride,,80 mg,beta blockers,False,False
3384,,0204000R0BQAAAB,Avlocardyl,Avlocardyl_Cap 160mg,Propranolol Hydrochloride,,160 mg,beta blockers,False,False
3385,,0204000R0BRAAAB,Probeta,Probeta LA_Cap 160mg,Propranolol Hydrochloride,,160 mg,beta blockers,False,False
3386,,0204000R0BSAAAB,Lopranol,Lopranol LA_Cap 160mg,Propranolol Hydrochloride,,160 mg,beta blockers,False,False
3387,,0204000R0BTAAAA,Propatard,Half Propatard LA_Cap 80mg,Propranolol Hydrochloride,,80 mg,beta blockers,False,False
3388,,0204000R0BTABAB,Propatard,Propatard LA_Cap 160mg,Propranolol Hydrochloride,,160 mg,beta blockers,False,False
3389,,0204000R0BUAAAB,Slo-Pro,Slo-Pro_Cap 160mg,Propranolol Hydrochloride,,160 mg,beta blockers,False,False
3390,,0204000R0BVAACW,Syprol,Syprol_Oral Soln 5mg/5ml S/F,Propranolol Hydrochloride,,5 mg/5 ml,beta blockers,False,False
3391,,0204000R0BVABCX,Syprol,Syprol_Oral Soln 10mg/5ml S/F,Propranolol Hydrochloride,,10 mg/5 ml,beta blockers,False,False
3392,,0204000R0BVACCY,Syprol,Syprol_Oral Soln 50mg/5ml S/F,Propranolol Hydrochloride,,50 mg/5 ml,beta blockers,False,False
3393,,0204000R0BVADDB,Syprol,Syprol_Oral Soln 40mg/5ml S/F,Propranolol Hydrochloride,,40 mg/5 ml,beta blockers,False,False
3394,,0204000R0BWAAAH,Dupromex,Dupromex_Tab 10mg,Propranolol Hydrochloride,,10 mg,beta blockers,False,False
3395,,0204000R0BXAAAA,Rapranol,Rapranol SR_Cap 80mg,Propranolol Hydrochloride,,80 mg,beta blockers,False,False
3396,,0204000R0BXABAB,Rapranol,Rapranol SR_Cap 160mg,Propranolol Hydrochloride,,160 mg,beta blockers,False,False
3397,,0204000R0BYAAAA,Beprane,Half-Beprane CR_Cap 80mg,Propranolol Hydrochloride,,80 mg,beta blockers,False,False
3398,,0204000T0AAAAAA,Sotalol HCl,Sotalol HCl_Inj 2mg/ml 5ml Amp,Sotalol Hydrochloride,,2 mg/mL,beta blockers,False,False
3399,,0204000T0AAABAB,Sotalol HCl,Sotalol HCl_Tab 40mg,Sotalol Hydrochloride,,40 mg,beta blockers,False,False
3400,,0204000T0AAACAC,Sotalol HCl,Sotalol HCl_Tab 80mg,Sotalol Hydrochloride,,80 mg,beta blockers,False,False
3401,,0204000T0AAAEAE,Sotalol HCl,Sotalol HCl_Tab 160mg,Sotalol Hydrochloride,,160 mg,beta blockers,False,False
3402,,0204000T0AAAFAF,Sotalol HCl,Sotalol HCl_Tab 200mg,Sotalol Hydrochloride,,200 mg,beta blockers,False,False
3403,,0204000T0AAAGAG,Sotalol HCl,Sotalol HCl_Tab 160mg (Import),Sotalol Hydrochloride,,160 mg,beta blockers,False,False
3404,,0204000T0AAAHAH,Sotalol HCl,Sotalol HCl_Inj 10mg/ml 4ml Amp,Sotalol Hydrochloride,,10 mg/mL,beta blockers,False,False
3405,,0204000T0AAAIAI,Sotalol HCl,Sotalol HCl_Susp 9mg/5ml,Sotalol Hydrochloride,,9 mg/5 ml,beta blockers,False,False
3406,,0204000T0AAAJAJ,Sotalol HCl,Sotalol HCl_Cap 60mg,Sotalol Hydrochloride,,60 mg,beta blockers,False,False
3407,,0204000T0AAAKAK,Sotalol HCl,Sotalol HCl_Pdrs 20mg,Sotalol Hydrochloride,,20 mg,beta blockers,False,False
3408,,0204000T0AAALAL,Sotalol HCl,Sotalol HCl_Oral Liq @spec,Sotalol Hydrochloride,,,beta blockers,False,False
3409,,0204000T0AAAMAM,Sotalol HCl,Sotalol HCl_Liq Spec 40mg/5ml,Sotalol Hydrochloride,,40 mg/5 ml,beta blockers,False,False
3410,,0204000T0AAANAN,Sotalol HCl,Sotalol HCl_Liq Spec 20mg/5ml,Sotalol Hydrochloride,,20 mg/5 ml,beta blockers,False,False
3411,,0204000T0AAAPAP,Sotalol HCl,Sotalol HCl_Oral Soln 50mg/5ml,Sotalol Hydrochloride,,50 mg/5 ml,beta blockers,False,False
3412,,0204000T0AAAQAQ,Sotalol HCl,Sotalol HCl_Pdrs 6mg,Sotalol Hydrochloride,,6 mg,beta blockers,False,False
3413,,0204000T0AAARAR,Sotalol HCl,Sotalol HCl_Liq Spec 30mg/5ml,Sotalol Hydrochloride,,30 mg/5 ml,beta blockers,False,False
3414,,0204000T0AAASAS,Sotalol HCl,Sotalol HCl_Liq Spec 10mg/5ml,Sotalol Hydrochloride,,10 mg/5 ml,beta blockers,False,False
3415,,0204000T0AAATAT,Sotalol HCl,Sotalol HCl_Oral Soln 25mg/5ml,Sotalol Hydrochloride,,25 mg/5 ml,beta blockers,False,False
3416,,0204000T0AAAUAU,Sotalol HCl,Sotalol HCl_Liq Spec 80mg/5ml,Sotalol Hydrochloride,,80 mg/5 ml,beta blockers,False,False
3417,,0204000T0AAAVAV,Sotalol HCl,Sotalol HCl_Liq Spec 35mg/5ml,Sotalol Hydrochloride,,35 mg/5 ml,beta blockers,False,False
3418,,0204000T0AAAWAW,Sotalol HCl,Sotalol HCl_Liq Spec 5mg/5ml,Sotalol Hydrochloride,,5 mg/5 ml,beta blockers,False,False
3419,,0204000T0AAAXAX,Sotalol HCl,Sotalol HCl_Cap 4mg,Sotalol Hydrochloride,,4 mg,beta blockers,False,False
3420,,0204000T0AAAYAY,Sotalol HCl,Sotalol HCl_Pdrs 10mg,Sotalol Hydrochloride,,10 mg,beta blockers,False,False
3421,,0204000T0AAAZAZ,Sotalol HCl,Sotalol HCl_Cap 6mg,Sotalol Hydrochloride,,6 mg,beta blockers,False,False
3422,,0204000T0AABABA,Sotalol HCl,Sotalol HCl_Liq Spec 8mg/5ml,Sotalol Hydrochloride,,8 mg/5 ml,beta blockers,False,False
3423,,0204000T0AABBBB,Sotalol HCl,Sotalol HCl_Liq Spec 18mg/5ml,Sotalol Hydrochloride,,18 mg/5 ml,beta blockers,False,False
3424,,0204000T0AABCBC,Sotalol HCl,Sotalol HCl_Oral Susp 25mg/5ml,Sotalol Hydrochloride,,25 mg/5 ml,beta blockers,False,False
3425,,0204000T0AABDBD,Sotalol HCl,Sotalol HCl_Oral Susp 50mg/5ml,Sotalol Hydrochloride,,50 mg/5 ml,beta blockers,False,False
3426,,0204000T0BBAAAB,Beta-Cardone,Beta-Cardone_Tab 40mg,Sotalol Hydrochloride,,40 mg,beta blockers,False,False
3427,,0204000T0BBABAC,Beta-Cardone,Beta-Cardone_Tab 80mg,Sotalol Hydrochloride,,80 mg,beta blockers,False,False
3428,,0204000T0BBACAF,Beta-Cardone,Beta-Cardone_Tab 200mg,Sotalol Hydrochloride,,200 mg,beta blockers,False,False
3429,,0204000T0BCAAAC,Sotacor,Sotacor_Tab 80mg,Sotalol Hydrochloride,,80 mg,beta blockers,False,False
3430,,0204000T0BCABAE,Sotacor,Sotacor_Tab 160mg,Sotalol Hydrochloride,,160 mg,beta blockers,False,False
3431,,0204000T0BCACAA,Sotacor,Sotacor_Inj 2mg/ml 5ml Amp,Sotalol Hydrochloride,,2 mg/mL,beta blockers,False,False
3432,,0204000T0BCADAH,Sotacor,Sotacor_Inj 10mg/ml 4ml Amp,Sotalol Hydrochloride,,10 mg/mL,beta blockers,False,False
3433,,0204000T0BDAAAE,Sotalex,Sotalex_Tab 160mg,Sotalol Hydrochloride,,160 mg,beta blockers,False,False
3434,,0204000U0AAAAAA,Atenolol/Nifedipine,Atenolol/Nifedipine_Cap 50mg/20mg M/R,Atenolol With Calcium Channel Blocker,,50 mg,beta blockers,True,False
3435,,0204000U0BBAAAA,Beta-Adalat,Beta-Adalat_Cap,Atenolol With Calcium Channel Blocker,,,beta blockers,True,False
3436,,0204000U0BCAAAA,Tenif,Tenif_Cap 50mg/20mg M/R,Atenolol With Calcium Channel Blocker,,50 mg,beta blockers,False,False
3437,,0204000V0AAAAAA,Timolol (Systemic),Timolol_Tab 10mg,Timolol,,10 mg,beta blockers,False,False
3438,,0204000V0AAABAB,Timolol (Systemic),Timolol_Tab 10mg                 @gn,Timolol,,10 mg,beta blockers,False,False
3439,,0204000V0BBAAAA,Betim,Betim_Tab 10mg,Timolol,,10 mg,beta blockers,False,False
3440,,0204000V0BCAAAA,Blocadren,Blocadren_Tab 10mg,Timolol,,10 mg,beta blockers,False,False
3441,,0204000W0AAAAAA,Gppe Tab,Gppe Tab_Co-Betaloc,Metoprolol Tartrate With Diuretic,,,beta blockers,False,False
3442,,0204000W0AAABAB,Gppe Tab,Gppe Tab_Co-Betaloc Sa,Metoprolol Tartrate With Diuretic,,,beta blockers,False,False
3443,,0204000W0AAACAC,Gppe Tab,Gppe Tab_Lopresoretic,Metoprolol Tartrate With Diuretic,,,beta blockers,False,False
3444,,0204000W0BBAAAA,Co-Betaloc,Co-Betaloc_Tab,Metoprolol Tartrate With Diuretic,,,beta blockers,False,False
3445,,0204000W0BBABAB,Co-Betaloc,Co-Betaloc SA_Tab,Metoprolol Tartrate With Diuretic,,,beta blockers,False,False
3446,,0204000W0BCAAAC,Lopresoretic,Lopresoretic_Tab,Metoprolol Tartrate With Diuretic,,,beta blockers,False,False
3447,,0204000X0AAAAAA,Nadolol/Bendroflumethiazide,Nadolol/Bendroflumethiazide_Tab 40mg/5mg,Nadolol With Diuretic,,40 mg,beta blockers,False,True
3448,,0204000X0AAABAB,Nadolol/Bendroflumethiazide,Nadolol/Bendroflumethiazide_Tab 80mg/5mg,Nadolol With Diuretic,,80 mg,beta blockers,False,True
3449,,0204000X0BBAAAA,Corgaretic,Corgaretic 40_Tab,Nadolol With Diuretic,,,beta blockers,False,False
3450,,0204000X0BBABAB,Corgaretic,Corgaretic 80_Tab,Nadolol With Diuretic,,,beta blockers,False,False
3451,,0204000Y0AAAAAA,Co-Prenozide,Co-Prenozide_Tab 160mg/250mcg M/R,Co-Prenozide (Oxprenolol HCl/Cyclopenth),,160 mg,beta blockers,False,False
3452,,0204000Y0BBAAAA,Trasidrex,Trasidrex_Tab 160mg/250mcg,Co-Prenozide (Oxprenolol HCl/Cyclopenth),,160 mg,beta blockers,False,False
3453,,0204000Z0AAAAAA,Frusemide/Penbutolol,Frusemide/Penbutolol_Tab 20mg/40mg,Penbutolol Sulphate With Diuretic,,20 mg,beta blockers,False,False
3454,,0204000Z0BBAAAA,Lasipressin,Lasipressin_Tab,Penbutolol Sulphate With Diuretic,,,beta blockers,False,False
3455,,0205010AAAAAAAA,Macitentan,Macitentan_Tab 10mg,Macitentan,,10 mg,Vasodilator Antihypertensive Drugs,False,False
3456,,0205010AABBAAAA,Opsumit,Opsumit_Tab 10mg,Macitentan,,10 mg,Vasodilator Antihypertensive Drugs,False,False
3457,,0205010ABAAAAAA,Riociguat,Riociguat_Tab 500mcg,Riociguat,,,Vasodilator Antihypertensive Drugs,False,False
3458,,0205010ABAAABAB,Riociguat,Riociguat_Tab 1mg,Riociguat,,1 mg,Vasodilator Antihypertensive Drugs,False,False
3459,,0205010ABAAACAC,Riociguat,Riociguat_Tab 1.5mg,Riociguat,,1.5 mg,Vasodilator Antihypertensive Drugs,False,False
3460,,0205010ABAAADAD,Riociguat,Riociguat_Tab 2mg,Riociguat,,2 mg,Vasodilator Antihypertensive Drugs,False,False
3461,,0205010ABAAAEAE,Riociguat,Riociguat_Tab 2.5mg,Riociguat,,2.5 mg,Vasodilator Antihypertensive Drugs,False,False
3462,,0205010ABBBAAAA,Adempas,Adempas_Tab 0.5mg,Riociguat,,0.5 mg,Vasodilator Antihypertensive Drugs,False,False
3463,,0205010ABBBABAB,Adempas,Adempas_Tab 1mg,Riociguat,,1 mg,Vasodilator Antihypertensive Drugs,False,False
3464,,0205010ABBBACAC,Adempas,Adempas_Tab 1.5mg,Riociguat,,1.5 mg,Vasodilator Antihypertensive Drugs,False,False
3465,,0205010ABBBADAD,Adempas,Adempas_Tab 2mg,Riociguat,,2 mg,Vasodilator Antihypertensive Drugs,False,False
3466,,0205010ABBBAEAE,Adempas,Adempas_Tab 2.5mg,Riociguat,,2.5 mg,Vasodilator Antihypertensive Drugs,False,False
3467,,0205010E0AAAAAA,Diazoxide (Parent),Diazoxide_Inj 15mg/ml 20ml Amp,Diazoxide,,15 mg/mL,Vasodilator Antihypertensive Drugs,False,False
3468,,0205010E0BBAAAA,Eudemine (Parent),Eudemine_Inj 300mg/20ml Amp,Diazoxide,,300 mg/20 ml,Vasodilator Antihypertensive Drugs,False,False
3469,,0205010J0AAA1A1,Hydralazine HCl,Hydralazine HCl_Pdrs 5mg,Hydralazine Hydrochloride,,5 mg,Vasodilator Antihypertensive Drugs,False,False
3470,,0205010J0AAA2A2,Hydralazine HCl,Hydralazine HCl_Pdrs 2.5mg,Hydralazine Hydrochloride,,2.5 mg,Vasodilator Antihypertensive Drugs,False,False
3471,,0205010J0AAA3A3,Hydralazine HCl,Hydralazine HCl_Liq Spec 10mg/5ml,Hydralazine Hydrochloride,,10 mg/5 ml,Vasodilator Antihypertensive Drugs,False,False
3472,,0205010J0AAA4A4,Hydralazine HCl,Hydralazine HCl_Liq Spec 50mg/5ml,Hydralazine Hydrochloride,,50 mg/5 ml,Vasodilator Antihypertensive Drugs,False,False
3473,,0205010J0AAA5A5,Hydralazine HCl,Hydralazine HCl_Liq Spec 5mg/5ml,Hydralazine Hydrochloride,,5 mg/5 ml,Vasodilator Antihypertensive Drugs,False,False
3474,,0205010J0AAA6A6,Hydralazine HCl,Hydralazine HCl_Liq Spec 75mg/5ml,Hydralazine Hydrochloride,,75 mg/5 ml,Vasodilator Antihypertensive Drugs,False,False
3475,,0205010J0AAA7A7,Hydralazine HCl,Hydralazine HCl_Liq Spec 7.5mg/5ml,Hydralazine Hydrochloride,,5 mg/5 ml,Vasodilator Antihypertensive Drugs,False,False
3476,,0205010J0AAA8A8,Hydralazine HCl,Hydralazine HCl_Liq Spec 25mg/5ml,Hydralazine Hydrochloride,,25 mg/5 ml,Vasodilator Antihypertensive Drugs,False,False
3477,,0205010J0AAA9A9,Hydralazine HCl,Hydralazine HCl_Liq Spec 20mg/5ml,Hydralazine Hydrochloride,,20 mg/5 ml,Vasodilator Antihypertensive Drugs,False,False
3478,,0205010J0AAAAAA,Hydralazine HCl,Hydralazine HCl_Mix 35mg/5ml,Hydralazine Hydrochloride,,35 mg/5 ml,Vasodilator Antihypertensive Drugs,False,False
3479,,0205010J0AAABAB,Hydralazine HCl,Hydralazine HCl_Pdr,Hydralazine Hydrochloride,,,Vasodilator Antihypertensive Drugs,False,False
3480,,0205010J0AAACAC,Hydralazine HCl,Hydralazine HCl_Syr 6.25mg/5ml,Hydralazine Hydrochloride,,25 mg/5 ml,Vasodilator Antihypertensive Drugs,False,False
3481,,0205010J0AAADAD,Hydralazine HCl,Hydralazine HCl_Tab 3.125mg,Hydralazine Hydrochloride,,3.125 mg,Vasodilator Antihypertensive Drugs,False,False
3482,,0205010J0AAAEAE,Hydralazine HCl,Hydralazine HCl_Pdrs 7mg,Hydralazine Hydrochloride,,7 mg,Vasodilator Antihypertensive Drugs,False,False
3483,,0205010J0AAAFAF,Hydralazine HCl,Hydralazine HCl_Tab 12.5mg           @gn,Hydralazine Hydrochloride,,12.5 mg,Vasodilator Antihypertensive Drugs,False,False
3484,,0205010J0AAAGAG,Hydralazine HCl,Hydralazine HCl_Tab 25mg,Hydralazine Hydrochloride,,25 mg,Vasodilator Antihypertensive Drugs,False,False
3485,,0205010J0AAAHAH,Hydralazine HCl,Hydralazine HCl_Tab 50mg,Hydralazine Hydrochloride,,50 mg,Vasodilator Antihypertensive Drugs,False,False
3486,,0205010J0AAAIAI,Hydralazine HCl,Hydralazine HCl_Tab 100mg,Hydralazine Hydrochloride,,100 mg,Vasodilator Antihypertensive Drugs,False,False
3487,,0205010J0AAAJAJ,Hydralazine HCl,Hydralazine HCl_Syr 5mg/5ml,Hydralazine Hydrochloride,,5 mg/5 ml,Vasodilator Antihypertensive Drugs,False,False
3488,,0205010J0AAAKAK,Hydralazine HCl,Hydralazine HCl_Inj 20mg Amp,Hydralazine Hydrochloride,,20 mg,Vasodilator Antihypertensive Drugs,False,False
3489,,0205010J0AAALAL,Hydralazine HCl,Hydralazine HCl_Liq 5mg/5ml,Hydralazine Hydrochloride,,5 mg/5 ml,Vasodilator Antihypertensive Drugs,False,False
3490,,0205010J0AAAMAM,Hydralazine HCl,Hydralazine HCl_Susp 5mg/5ml,Hydralazine Hydrochloride,,5 mg/5 ml,Vasodilator Antihypertensive Drugs,False,False
3491,,0205010J0AAANAN,Hydralazine HCl,Hydralazine HCl_Syr 10mg/5ml,Hydralazine Hydrochloride,,10 mg/5 ml,Vasodilator Antihypertensive Drugs,False,False
3492,,0205010J0AAAPAP,Hydralazine HCl,Hydralazine HCl_Susp 10mg/5ml,Hydralazine Hydrochloride,,10 mg/5 ml,Vasodilator Antihypertensive Drugs,False,False
3493,,0205010J0AAAQAQ,Hydralazine HCl,Hydralazine HCl_Susp 20mg/5ml,Hydralazine Hydrochloride,,20 mg/5 ml,Vasodilator Antihypertensive Drugs,False,False
3494,,0205010J0AAARAR,Hydralazine HCl,Hydralazine HCl_Susp 25mg/5ml,Hydralazine Hydrochloride,,25 mg/5 ml,Vasodilator Antihypertensive Drugs,False,False
3495,,0205010J0AAASAS,Hydralazine HCl,Hydralazine HCl_Cap 12.5mg,Hydralazine Hydrochloride,,12.5 mg,Vasodilator Antihypertensive Drugs,False,False
3496,,0205010J0AAATAT,Hydralazine HCl,Hydralazine HCl_Susp 6.25mg/5ml,Hydralazine Hydrochloride,,25 mg/5 ml,Vasodilator Antihypertensive Drugs,False,False
3497,,0205010J0AAAUAU,Hydralazine HCl,Hydralazine HCl_Cap 6.25mg,Hydralazine Hydrochloride,,6.25 mg,Vasodilator Antihypertensive Drugs,False,False
3498,,0205010J0AAAVAV,Hydralazine HCl,Hydralazine HCl_Susp 50mg/5ml,Hydralazine Hydrochloride,,50 mg/5 ml,Vasodilator Antihypertensive Drugs,False,False
3499,,0205010J0AAAWAW,Hydralazine HCl,Hydralazine HCl_Tab 12.5mg,Hydralazine Hydrochloride,,12.5 mg,Vasodilator Antihypertensive Drugs,False,False
3500,,0205010J0AAAXAX,Hydralazine HCl,Hydralazine HCl_Susp 15mg/5ml,Hydralazine Hydrochloride,,15 mg/5 ml,Vasodilator Antihypertensive Drugs,False,False
3501,,0205010J0AAAYAY,Hydralazine HCl,Hydralazine HCl_Susp 9mg/5ml,Hydralazine Hydrochloride,,9 mg/5 ml,Vasodilator Antihypertensive Drugs,False,False
3502,,0205010J0AAAZAZ,Hydralazine HCl,Hydralazine HCl_Oral Liq @spec,Hydralazine Hydrochloride,,,Vasodilator Antihypertensive Drugs,False,False
3503,,0205010J0AABABA,Hydralazine HCl,Hydralazine HCl_Liq Spec 62.5mg/5ml,Hydralazine Hydrochloride,,5 mg/5 ml,Vasodilator Antihypertensive Drugs,False,False
3504,,0205010J0AABBBB,Hydralazine HCl,Hydralazine HCl_Liq Spec 12.5mg/5ml,Hydralazine Hydrochloride,,5 mg/5 ml,Vasodilator Antihypertensive Drugs,False,False
3505,,0205010J0AABCBC,Hydralazine HCl,Hydralazine HCl_Pdrs 10mg,Hydralazine Hydrochloride,,10 mg,Vasodilator Antihypertensive Drugs,False,False
3506,,0205010J0AABDBD,Hydralazine HCl,Hydralazine HCl_Pdrs 7.5mg,Hydralazine Hydrochloride,,7.5 mg,Vasodilator Antihypertensive Drugs,False,False
3507,,0205010J0AABEBE,Hydralazine HCl,Hydralazine HCl_Liq Spec 100mg/5ml,Hydralazine Hydrochloride,,100 mg/5 ml,Vasodilator Antihypertensive Drugs,False,False
3508,,0205010J0AABFBF,Hydralazine HCl,Hydralazine HCl_Liq Spec 4mg/5ml,Hydralazine Hydrochloride,,4 mg/5 ml,Vasodilator Antihypertensive Drugs,False,False
3509,,0205010J0AABGBG,Hydralazine HCl,Hydralazine HCl_Cap 37.5mg,Hydralazine Hydrochloride,,37.5 mg,Vasodilator Antihypertensive Drugs,False,False
3510,,0205010J0AABHBH,Hydralazine HCl,Hydralazine HCl_Liq Spec 3mg/5ml,Hydralazine Hydrochloride,,3 mg/5 ml,Vasodilator Antihypertensive Drugs,False,False
3511,,0205010J0AABIBI,Hydralazine HCl,Hydralazine HCl_Liq Spec 2mg/5ml,Hydralazine Hydrochloride,,2 mg/5 ml,Vasodilator Antihypertensive Drugs,False,False
3512,,0205010J0AABJBJ,Hydralazine HCl,Hydralazine HCl_Tab Disper 10mg,Hydralazine Hydrochloride,,10 mg,Vasodilator Antihypertensive Drugs,False,False
3513,,0205010J0AABKBK,Hydralazine HCl,Hydralazine HCl_Tab 10mg,Hydralazine Hydrochloride,,10 mg,Vasodilator Antihypertensive Drugs,False,False
3514,,0205010J0AABLBL,Hydralazine HCl,Hydralazine HCl_Liq Spec 15mg/5ml,Hydralazine Hydrochloride,,15 mg/5 ml,Vasodilator Antihypertensive Drugs,False,False
3515,,0205010J0AABMBM,Hydralazine HCl,Hydralazine HCl_Cap 20mg,Hydralazine Hydrochloride,,20 mg,Vasodilator Antihypertensive Drugs,False,False
3516,,0205010J0AABNBN,Hydralazine HCl,Hydralazine HCl_Cap 10mg,Hydralazine Hydrochloride,,10 mg,Vasodilator Antihypertensive Drugs,False,False
3517,,0205010J0AABPBP,Hydralazine HCl,Hydralazine HCl_Liq Spec 1.25mg/5ml,Hydralazine Hydrochloride,,25 mg/5 ml,Vasodilator Antihypertensive Drugs,False,False
3518,,0205010J0AABQBQ,Hydralazine HCl,Hydralazine HCl_Liq Spec 2.5mg/5ml,Hydralazine Hydrochloride,,5 mg/5 ml,Vasodilator Antihypertensive Drugs,False,False
3519,,0205010J0AABRBR,Hydralazine HCl,Hydralazine HCl_Liq Spec 1mg/5ml,Hydralazine Hydrochloride,,1 mg/5 ml,Vasodilator Antihypertensive Drugs,False,False
3520,,0205010J0AABSBS,Hydralazine HCl,Hydralazine HCl_Liq Spec 35mg/5ml,Hydralazine Hydrochloride,,35 mg/5 ml,Vasodilator Antihypertensive Drugs,False,False
3521,,0205010J0BBAAAG,Apresoline,Apresoline_Tab 25mg,Hydralazine Hydrochloride,,25 mg,Vasodilator Antihypertensive Drugs,False,False
3522,,0205010J0BBABAH,Apresoline,Apresoline_Tab 50mg,Hydralazine Hydrochloride,,50 mg,Vasodilator Antihypertensive Drugs,False,False
3523,,0205010J0BBACAK,Apresoline,Apresoline_Inj 20mg (Dry) Amp,Hydralazine Hydrochloride,,20 mg,Vasodilator Antihypertensive Drugs,False,False
3524,,0205010J0BBADAW,Apresoline,Apresoline_Tab 12.5mg,Hydralazine Hydrochloride,,12.5 mg,Vasodilator Antihypertensive Drugs,False,False
3525,,0205010J0BBAEBK,Apresoline,Apresoline_Tab 10mg (Import),Hydralazine Hydrochloride,,10 mg,Vasodilator Antihypertensive Drugs,False,False
3526,,0205010J0BCAABK,Apo-Hydralazine,Apo-Hydralazine_Tab 10mg,Hydralazine Hydrochloride,,10 mg,Vasodilator Antihypertensive Drugs,False,False
3527,,0205010N0AAAAAA,Minoxidil (Systemic),Minoxidil_Tab 2.5mg,Minoxidil,,2.5 mg,Vasodilator Antihypertensive Drugs,False,False
3528,,0205010N0AAABAB,Minoxidil (Systemic),Minoxidil_Tab 5mg,Minoxidil,,5 mg,Vasodilator Antihypertensive Drugs,False,False
3529,,0205010N0AAACAC,Minoxidil (Systemic),Minoxidil_Tab 10mg,Minoxidil,,10 mg,Vasodilator Antihypertensive Drugs,False,False
3530,,0205010N0AAADAD,Minoxidil (Systemic),Minoxidil_Oral Liq @spec,Minoxidil,,,Vasodilator Antihypertensive Drugs,False,False
3531,,0205010N0BBAAAA,Loniten,Loniten_Tab 2.5mg,Minoxidil,,2.5 mg,Vasodilator Antihypertensive Drugs,False,False
3532,,0205010N0BBABAB,Loniten,Loniten_Tab 5mg,Minoxidil,,5 mg,Vasodilator Antihypertensive Drugs,False,False
3533,,0205010N0BBACAC,Loniten,Loniten_Tab 10mg,Minoxidil,,10 mg,Vasodilator Antihypertensive Drugs,False,False
3534,,0205010N0BCAAAA,Lonolox,Lonolox_Tab 2.5mg,Minoxidil,,2.5 mg,Vasodilator Antihypertensive Drugs,False,False
3535,,0205010T0AAAAAA,Sod Nitroprusside,Sod Nitroprusside_Inj 50mg Vl (Dry),Sodium Nitroprusside,,50 mg,Vasodilator Antihypertensive Drugs,False,False
3536,,0205010U0AAAAAA,Bosentan,Bosentan_Tab 62.5mg,Bosentan,,62.5 mg,Vasodilator Antihypertensive Drugs,False,False
3537,,0205010U0AAABAB,Bosentan,Bosentan_Tab 125mg,Bosentan,,125 mg,Vasodilator Antihypertensive Drugs,False,False
3538,,0205010U0BBAAAA,Tracleer,Tracleer_Tab 62.5mg,Bosentan,,62.5 mg,Vasodilator Antihypertensive Drugs,False,False
3539,,0205010U0BBABAB,Tracleer,Tracleer_Tab 125mg,Bosentan,,125 mg,Vasodilator Antihypertensive Drugs,False,False
3540,,0205010U0BCAAAA,Stayveer,Stayveer_Tab 62.5mg,Bosentan,,62.5 mg,Vasodilator Antihypertensive Drugs,False,False
3541,,0205010U0BCABAB,Stayveer,Stayveer_Tab 125mg,Bosentan,,125 mg,Vasodilator Antihypertensive Drugs,False,False
3542,,0205010V0AAAAAA,Iloprost,Iloprost_I/V Inf 100mcg/ml 1ml Amp,Iloprost,,,Vasodilator Antihypertensive Drugs,False,False
3543,,0205010V0AAABAB,Iloprost,Iloprost_I/V Inf 100mcg/ml 0.5ml Amp,Iloprost,,,Vasodilator Antihypertensive Drugs,False,False
3544,,0205010V0AAACAC,Iloprost,Iloprost_Neb Soln 10mcg/1ml Amp,Iloprost,,,Vasodilator Antihypertensive Drugs,False,False
3545,,0205010V0AAADAD,Iloprost,Iloprost_Neb Soln 20mcg/1ml Amp,Iloprost,,,Vasodilator Antihypertensive Drugs,False,False
3546,,0205010V0BBAAAC,Ventavis,Ventavis_Neb Soln 10mcg/ml 1ml Amp,Iloprost,,,Vasodilator Antihypertensive Drugs,False,False
3547,,0205010V0BBABAD,Ventavis,Ventavis_Neb Soln 20mcg/ml 1ml Amp,Iloprost,,,Vasodilator Antihypertensive Drugs,False,False
3548,,0205010W0AAAAAA,Sitaxentan Sod,Sitaxentan Sod_Tab 100mg,Sitaxentan Sodium,,100 mg,Vasodilator Antihypertensive Drugs,False,False
3549,,0205010W0BBAAAA,Thelin,Thelin_Tab 100mg,Sitaxentan Sodium,,100 mg,Vasodilator Antihypertensive Drugs,False,False
3550,,0205010X0AAAAAA,Ambrisentan,Ambrisentan_Tab 5mg,Ambrisentan,,5 mg,Vasodilator Antihypertensive Drugs,False,False
3551,,0205010X0AAABAB,Ambrisentan,Ambrisentan_Tab 10mg,Ambrisentan,,10 mg,Vasodilator Antihypertensive Drugs,False,False
3552,,0205010X0BBAAAA,Volibris,Volibris_Tab 5mg,Ambrisentan,,5 mg,Vasodilator Antihypertensive Drugs,False,False
3553,,0205010X0BBABAB,Volibris,Volibris_Tab 10mg,Ambrisentan,,10 mg,Vasodilator Antihypertensive Drugs,False,False
3554,,0205010Y0AAAAAA,Sildenafil(Vasodilator Antihypertensive),Sildenafil_Tab 20mg,Sildenafil(Vasodilator Antihypertensive),,20 mg,Vasodilator Antihypertensive Drugs,False,False
3555,,0205010Y0AAABAB,Sildenafil(Vasodilator Antihypertensive),Sildenafil_Oral Susp 10mg/ml S/F,Sildenafil(Vasodilator Antihypertensive),,10 mg/mL,Vasodilator Antihypertensive Drugs,False,False
3556,,0205010Y0AAACAC,Sildenafil(Vasodilator Antihypertensive),Sildenafil_Inj 800mcg/ml 12.5ml Vl,Sildenafil(Vasodilator Antihypertensive),,,Vasodilator Antihypertensive Drugs,False,False
3557,,0205010Y0BBAAAA,Revatio,Revatio_Tab 20mg,Sildenafil(Vasodilator Antihypertensive),,20 mg,Vasodilator Antihypertensive Drugs,False,False
3558,,0205010Y0BBABAB,Revatio,Revatio_Oral Susp 10mg/ml,Sildenafil(Vasodilator Antihypertensive),,10 mg/mL,Vasodilator Antihypertensive Drugs,False,False
3559,,0205010Y0BBACAC,Revatio,Revatio_Inj 800mcg/ml 12.5ml Vl,Sildenafil(Vasodilator Antihypertensive),,,Vasodilator Antihypertensive Drugs,False,False
3560,,0205010Y0BCAAAA,Granpidam,Granpidam_Tab 20mg,Sildenafil(Vasodilator Antihypertensive),,20 mg,Vasodilator Antihypertensive Drugs,False,False
3561,,0205010Z0AAAAAA,Tadalafil (Vasodilator Antihypertensive),Tadalafil_Tab 20mg,Tadalafil (Vasodilator Antihypertensive),,20 mg,Vasodilator Antihypertensive Drugs,False,False
3562,,0205010Z0BBAAAA,Adcirca,Adcirca_Tab 20mg,Tadalafil (Vasodilator Antihypertensive),,20 mg,Vasodilator Antihypertensive Drugs,False,False
3563,,020502000BPAAA0,Proprietary Co Prepn Bnf 0205020,Brinerdin_Tab,Other Antihypertensive Preps,,,Centrally-Acting Antihypertensive Drugs,False,False
3564,,0205020E0AAAAAA,Clonidine HCl (Vasodilator),Clonidine HCl_Cap 250mcg M/R,Clonidine Hydrochloride,,,Centrally-Acting Antihypertensive Drugs,False,False
3565,,0205020E0AAABAB,Clonidine HCl (Vasodilator),Clonidine HCl_Inj 150mcg/ml 1ml Amp,Clonidine Hydrochloride,,,Centrally-Acting Antihypertensive Drugs,False,False
3566,,0205020E0AAACAC,Clonidine HCl (Vasodilator),Clonidine HCl_Tab 100mcg,Clonidine Hydrochloride,,,Centrally-Acting Antihypertensive Drugs,False,False
3567,,0205020E0AAADAD,Clonidine HCl (Vasodilator),Clonidine HCl_Tab 300mcg,Clonidine Hydrochloride,,,Centrally-Acting Antihypertensive Drugs,False,False
3568,,0205020E0AAAEAE,Clonidine HCl (Vasodilator),Clonidine HCl_Skin Patch 2.5mg,Clonidine Hydrochloride,,2.5 mg,Centrally-Acting Antihypertensive Drugs,False,False
3569,,0205020E0AAAFAF,Clonidine HCl (Vasodilator),Clonidine HCl_Skin Patch 100mcg/24hrs,Clonidine Hydrochloride,,,Centrally-Acting Antihypertensive Drugs,False,False
3570,,0205020E0AAAGAG,Clonidine HCl (Vasodilator),Clonidine HCl_Skin Patch 200mcg/24hrs,Clonidine Hydrochloride,,,Centrally-Acting Antihypertensive Drugs,False,False
3571,,0205020E0AAAHAH,Clonidine HCl (Vasodilator),Clonidine HCl_Skin Patch 300mcg/24hrs,Clonidine Hydrochloride,,,Centrally-Acting Antihypertensive Drugs,False,False
3572,,0205020E0AAAIAI,Clonidine HCl (Vasodilator),Clonidine HCl_Inf 7.787mg/100ml(Paragon),Clonidine Hydrochloride,,787 mg/100 ml,Centrally-Acting Antihypertensive Drugs,False,False
3573,,0205020E0AAAJAJ,Clonidine HCl (Vasodilator),Clonidine HCl_Inf 6.750mg/100ml(Paragon),Clonidine Hydrochloride,,750 mg/100 ml,Centrally-Acting Antihypertensive Drugs,False,False
3574,,0205020E0BBAAAC,Catapres,Catapres_Tab 0.1mg,Clonidine Hydrochloride,,0.1 mg,Centrally-Acting Antihypertensive Drugs,False,False
3575,,0205020E0BBABAD,Catapres,Catapres_Tab 0.3mg,Clonidine Hydrochloride,,0.3 mg,Centrally-Acting Antihypertensive Drugs,False,False
3576,,0205020E0BBACAA,Catapres,Catapres P.L._Perlongets 0.25mg,Clonidine Hydrochloride,,0.25 mg,Centrally-Acting Antihypertensive Drugs,False,False
3577,,0205020E0BBADAB,Catapres,Catapres_Inj 0.15mg/ml 1ml Amp,Clonidine Hydrochloride,,15 mg/mL,Centrally-Acting Antihypertensive Drugs,False,False
3578,,0205020E0BBAEAF,Catapres,Catapres TTS 1_Patch 100mcg/24hrs,Clonidine Hydrochloride,,,Centrally-Acting Antihypertensive Drugs,False,False
3579,,0205020E0BBAFAG,Catapres,Catapres TTS 2_Patch 200mcg/24hrs,Clonidine Hydrochloride,,,Centrally-Acting Antihypertensive Drugs,False,False
3580,,0205020E0BBAGAH,Catapres,Catapres TTS 3_Patch 300mcg/24hrs,Clonidine Hydrochloride,,,Centrally-Acting Antihypertensive Drugs,False,False
3581,,0205020G0AAAAAA,Guanfacine HCl,Guanfacine HCl_Tab 1mg (Old),Guanfacine Hydrochloride,,1 mg,Centrally-Acting Antihypertensive Drugs,False,False
3582,,0205020G0AAABAB,Guanfacine HCl,Guanfacine HCl_Tab 1mg (Import),Guanfacine Hydrochloride,,1 mg,Centrally-Acting Antihypertensive Drugs,False,False
3583,,0205020G0AAACAC,Guanfacine HCl,Guanfacine HCl_Tab 1mg,Guanfacine Hydrochloride,,1 mg,Centrally-Acting Antihypertensive Drugs,False,False
3584,,0205020G0BBAAAA,Estulic,Estulic_Tab 1mg,Guanfacine Hydrochloride,,1 mg,Centrally-Acting Antihypertensive Drugs,False,False
3585,,0205020G0BCAAAA,Akfen,Akfen_Tab 1mg,Guanfacine Hydrochloride,,1 mg,Centrally-Acting Antihypertensive Drugs,False,False
3586,,0205020G0BDAAAA,Tenex,Tenex_Tab 1mg,Guanfacine Hydrochloride,,1 mg,Centrally-Acting Antihypertensive Drugs,False,False
3587,,0205020H0AAAAAA,Methyldopa,Methyldopa_Cap 250mg,Methyldopa,,250 mg,Centrally-Acting Antihypertensive Drugs,False,False
3588,,0205020H0AAABAB,Methyldopa,Methyldopa_Susp 250mg/5ml,Methyldopa,,250 mg/5 ml,Centrally-Acting Antihypertensive Drugs,False,False
3589,,0205020H0AAACAC,Methyldopa,Methyldopa_Tab 125mg,Methyldopa,,125 mg,Centrally-Acting Antihypertensive Drugs,False,False
3590,,0205020H0AAADAD,Methyldopa,Methyldopa_Tab 250mg,Methyldopa,,250 mg,Centrally-Acting Antihypertensive Drugs,False,False
3591,,0205020H0AAAEAE,Methyldopa,Methyldopa_Tab 500mg,Methyldopa,,500 mg,Centrally-Acting Antihypertensive Drugs,False,False
3592,,0205020H0AAAFAF,Methyldopa,Methyldopa_Inj 50mg/ml 5ml Amp,Methyldopa,,50 mg/mL,Centrally-Acting Antihypertensive Drugs,False,False
3593,,0205020H0AAAGAG,Methyldopa,Methyldopa_Oral Liq @spec,Methyldopa,,,Centrally-Acting Antihypertensive Drugs,False,False
3594,,0205020H0AAAHAH,Methyldopa,Methyldopa_Liq Spec 500mg/5ml,Methyldopa,,500 mg/5 ml,Centrally-Acting Antihypertensive Drugs,False,False
3595,,0205020H0AAAIAI,Methyldopa,Methyldopa_Liq Spec 250mg/5ml,Methyldopa,,250 mg/5 ml,Centrally-Acting Antihypertensive Drugs,False,False
3596,,0205020H0AAAJAJ,Methyldopa,Methyldopa_Liq Spec 50mg/5ml,Methyldopa,,50 mg/5 ml,Centrally-Acting Antihypertensive Drugs,False,False
3597,,0205020H0AAAKAK,Methyldopa,Methyldopa_Liq Spec 60mg/5ml,Methyldopa,,60 mg/5 ml,Centrally-Acting Antihypertensive Drugs,False,False
3598,,0205020H0AAALAL,Methyldopa,Methyldopa_Liq Spec 125mg/5ml,Methyldopa,,125 mg/5 ml,Centrally-Acting Antihypertensive Drugs,False,False
3599,,0205020H0BBAAAC,Aldomet (Oral),Aldomet_Tab 125mg,Methyldopa,,125 mg,Centrally-Acting Antihypertensive Drugs,False,False
3600,,0205020H0BBABAD,Aldomet (Oral),Aldomet_Tab 250mg,Methyldopa,,250 mg,Centrally-Acting Antihypertensive Drugs,False,False
3601,,0205020H0BBACAE,Aldomet (Oral),Aldomet_Tab 500mg,Methyldopa,,500 mg,Centrally-Acting Antihypertensive Drugs,False,False
3602,,0205020H0BBADAB,Aldomet (Oral),Aldomet_Susp 250mg/5ml,Methyldopa,,250 mg/5 ml,Centrally-Acting Antihypertensive Drugs,False,False
3603,,0205020H0BCAAAC,Dopamet,Dopamet_Tab 125mg,Methyldopa,,125 mg,Centrally-Acting Antihypertensive Drugs,False,False
3604,,0205020H0BCABAD,Dopamet,Dopamet_Tab 250mg,Methyldopa,,250 mg,Centrally-Acting Antihypertensive Drugs,False,False
3605,,0205020H0BCACAE,Dopamet,Dopamet_Tab 500mg,Methyldopa,,500 mg,Centrally-Acting Antihypertensive Drugs,False,False
3606,,0205020H0BDAAAA,Medomet,Medomet_Cap 250mg,Methyldopa,,250 mg,Centrally-Acting Antihypertensive Drugs,False,False
3607,,0205020H0BDABAD,Medomet,Medomet_Tab 250mg,Methyldopa,,250 mg,Centrally-Acting Antihypertensive Drugs,False,False
3608,,0205020H0BDACAE,Medomet,Medomet_Tab 500mg,Methyldopa,,500 mg,Centrally-Acting Antihypertensive Drugs,False,False
3609,,0205020H0BFAAAC,Lederdopa,Lederdopa_Tab 125mg,Methyldopa,,125 mg,Centrally-Acting Antihypertensive Drugs,False,False
3610,,0205020H0BFABAD,Lederdopa,Lederdopa_Tab 250mg,Methyldopa,,250 mg,Centrally-Acting Antihypertensive Drugs,False,False
3611,,0205020H0BFACAE,Lederdopa,Lederdopa_Tab 500mg,Methyldopa,,500 mg,Centrally-Acting Antihypertensive Drugs,False,False
3612,,0205020H0BGAAAA,Co-Caps Methyldopa,Co-Caps_Methyldopa 250mg,Methyldopa,,250 mg,Centrally-Acting Antihypertensive Drugs,False,False
3613,,0205020H0BHAAAD,Metalpha,Metalpha 250_Tab 250mg,Methyldopa,,250 mg,Centrally-Acting Antihypertensive Drugs,False,False
3614,,0205020H0BHABAE,Metalpha,Metalpha 500_Tab 500mg,Methyldopa,,500 mg,Centrally-Acting Antihypertensive Drugs,False,False
3615,,0205020I0AAAAAA,Methyldopa/Hydchloroth,Methyldopa/Hydchloroth_Tab 250mg/15mg,Methyldopa,,250 mg,Centrally-Acting Antihypertensive Drugs,False,True
3616,,0205020I0BBAAAA,Hydromet,Hydromet_Tab,Methyldopa,,,Centrally-Acting Antihypertensive Drugs,False,True
3617,,0205020J0AAAAAA,Methyldopate HCl,Methyldopate HCl_Inj 50mg/ml 5ml Amp,Methyldopa,,50 mg/mL,Centrally-Acting Antihypertensive Drugs,False,False
3618,,0205020J0BBAAAA,Aldomet (Parent),Aldomet_Inj 50mg/ml 5ml Amp,Methyldopa,,50 mg/mL,Centrally-Acting Antihypertensive Drugs,False,False
3619,,0205020M0AAAAAA,Moxonidine,Moxonidine_Tab 200mcg,Moxonidine,,,Centrally-Acting Antihypertensive Drugs,False,False
3620,,0205020M0AAABAB,Moxonidine,Moxonidine_Tab 400mcg,Moxonidine,,,Centrally-Acting Antihypertensive Drugs,False,False
3621,,0205020M0AAACAC,Moxonidine,Moxonidine_Tab 300mcg,Moxonidine,,,Centrally-Acting Antihypertensive Drugs,False,False
3622,,0205020M0AAADAD,Moxonidine,Moxonidine_Tab 400mcg                @gn,Moxonidine,,,Centrally-Acting Antihypertensive Drugs,False,False
3623,,0205020M0AAAEAE,Moxonidine,Moxonidine_Tab 200mcg                @gn,Moxonidine,,,Centrally-Acting Antihypertensive Drugs,False,False
3624,,0205020M0AAAFAF,Moxonidine,Moxonidine_Tab 300mcg                @gn,Moxonidine,,,Centrally-Acting Antihypertensive Drugs,False,False
3625,,0205020M0BBAAAA,Physiotens,Physiotens_Tab 200mcg (Mylan),Moxonidine,,,Centrally-Acting Antihypertensive Drugs,False,False
3626,,0205020M0BBABAB,Physiotens,Physiotens_Tab 400mcg (Mylan),Moxonidine,,,Centrally-Acting Antihypertensive Drugs,False,False
3627,,0205020M0BBACAC,Physiotens,Physiotens_Tab 300mcg (Mylan),Moxonidine,,,Centrally-Acting Antihypertensive Drugs,False,False
3628,,0205020M0BBADAA,Physiotens,Physiotens_Tab 200mcg (Actavis),Moxonidine,,,Centrally-Acting Antihypertensive Drugs,False,False
3629,,0205020M0BBAEAB,Physiotens,Physiotens_Tab 400mcg (Actavis),Moxonidine,,,Centrally-Acting Antihypertensive Drugs,False,False
3630,,0205020M0BBAFAC,Physiotens,Physiotens_Tab 300mcg (Actavis),Moxonidine,,,Centrally-Acting Antihypertensive Drugs,False,False
3631,,0205020M0BCAAAA,Fisiotens,Fisiotens_Tab 200mcg,Moxonidine,,,Centrally-Acting Antihypertensive Drugs,False,False
3632,,0205020M0BDAAAB,Normatens,Normatens_Tab 400mcg,Moxonidine,,,Centrally-Acting Antihypertensive Drugs,False,False
3633,,0205020N0AAAAAA,Reserpine & Rauwolfia Alkaloids,Reserpine_Tab 100mcg,Reserpine And Rauwolfia Alkaloids,,,Centrally-Acting Antihypertensive Drugs,False,False
3634,,0205020N0AAABAB,Reserpine & Rauwolfia Alkaloids,Reserpine_Tab 250mcg,Reserpine And Rauwolfia Alkaloids,,,Centrally-Acting Antihypertensive Drugs,False,False
3635,,0205020N0AAACAC,Reserpine & Rauwolfia Alkaloids,Methoserp_Tab 5mg,Reserpine And Rauwolfia Alkaloids,,5 mg,Centrally-Acting Antihypertensive Drugs,False,False
3636,,0205020N0AAADAD,Reserpine & Rauwolfia Alkaloids,Methoserp_Tab 10mg,Reserpine And Rauwolfia Alkaloids,,10 mg,Centrally-Acting Antihypertensive Drugs,False,False
3637,,0205020N0AAAEAE,Reserpine & Rauwolfia Alkaloids,Rauwol Alkaloids_Tab 2mg,Reserpine And Rauwolfia Alkaloids,,2 mg,Centrally-Acting Antihypertensive Drugs,False,False
3638,,0205020N0AAAFAF,Reserpine & Rauwolfia Alkaloids,Alseroxylon_Tab 2mg,Reserpine And Rauwolfia Alkaloids,,2 mg,Centrally-Acting Antihypertensive Drugs,False,False
3639,,0205020N0AAAGAG,Reserpine & Rauwolfia Alkaloids,Deserpidine_Tab 250mcg,Reserpine And Rauwolfia Alkaloids,,,Centrally-Acting Antihypertensive Drugs,False,False
3640,,0205020N0AAAHAH,Reserpine & Rauwolfia Alkaloids,Reserpine_Tab 250mcg (Import),Reserpine And Rauwolfia Alkaloids,,,Centrally-Acting Antihypertensive Drugs,False,False
3641,,0205020N0AAAIAI,Reserpine & Rauwolfia Alkaloids,Reserpine_Tab 500mcg,Reserpine And Rauwolfia Alkaloids,,,Centrally-Acting Antihypertensive Drugs,False,False
3642,,0205020N0BBAAAA,Serpasil,Serpasil_Tab 100mcg,Reserpine And Rauwolfia Alkaloids,,,Centrally-Acting Antihypertensive Drugs,False,False
3643,,0205020N0BBABAB,Serpasil,Serpasil_Tab 250mcg,Reserpine And Rauwolfia Alkaloids,,,Centrally-Acting Antihypertensive Drugs,False,False
3644,,0205020N0BCAAAC,Decaserpyl,Decaserpyl_Tab 5mg,Reserpine And Rauwolfia Alkaloids,,5 mg,Centrally-Acting Antihypertensive Drugs,False,False
3645,,0205020N0BCABAD,Decaserpyl,Decaserpyl_Tab 10mg,Reserpine And Rauwolfia Alkaloids,,10 mg,Centrally-Acting Antihypertensive Drugs,False,False
3646,,0205020N0BDAAAE,Hypercal,Hypercal_Tab,Reserpine And Rauwolfia Alkaloids,,,Centrally-Acting Antihypertensive Drugs,False,False
3647,,0205020N0BEAAAF,Rauwiloid,Rauwiloid_Tab 2mg,Reserpine And Rauwolfia Alkaloids,,2 mg,Centrally-Acting Antihypertensive Drugs,False,False
3648,,0205020N0BFAAAG,Harmonyl,Harmonyl_Tab 250mcg,Reserpine And Rauwolfia Alkaloids,,,Centrally-Acting Antihypertensive Drugs,False,False
3649,,0205020P0AAAAAA,Alkavervir,Alkavervir/Alseroxylon_Tab 3mg/1mg,Reserpine And Rauwolfia Alkaloids,,3 mg,Centrally-Acting Antihypertensive Drugs,False,False
3650,,0205020P0AAABAB,Alkavervir,Alkavervir/Epitizide_Tab 4mg/4mg,Reserpine And Rauwolfia Alkaloids,,4 mg,Centrally-Acting Antihypertensive Drugs,False,False
3651,,0205020P0BBAAAA,Rauwiloid Plus Veriloid,Rauwiloid Plus Veriloid_Tab,Reserpine And Rauwolfia Alkaloids,,,Centrally-Acting Antihypertensive Drugs,False,False
3652,,0205020P0BCAAAB,Thiaver,Thiaver_Tab,Reserpine And Rauwolfia Alkaloids,,,Centrally-Acting Antihypertensive Drugs,False,False
3653,,0205020Q0AAAAAA,Reserp & Rauwalk + Barbiturate,Rauwol Alkaloids/Amobarb_Tab 2mg/15mg,Reserpine And Rauwolfia Alkaloids,,2 mg,Centrally-Acting Antihypertensive Drugs,False,False
3654,,0205020Q0AAABAB,Reserp & Rauwalk + Barbiturate,Gppe Tab_Seominal,Reserpine And Rauwolfia Alkaloids,,,Centrally-Acting Antihypertensive Drugs,False,False
3655,,0205020Q0BBAAAA,Hypercal B,Hypercal B_Tab,Reserpine And Rauwolfia Alkaloids,,,Centrally-Acting Antihypertensive Drugs,False,False
3656,,0205020Q0BCAAAB,Seominal,Seominal_Tab,Reserpine And Rauwolfia Alkaloids,,,Centrally-Acting Antihypertensive Drugs,False,False
3657,,0205020R0AAAAAA,Reserp & Rauwalk + Diuretic,Methoserp/Benzthiazide_Tab 10mg/20mg,Reserpine And Rauwolfia Alkaloids,,10 mg,Centrally-Acting Antihypertensive Drugs,False,True
3658,,0205020R0AAABAB,Reserp & Rauwalk + Diuretic,Reserpine/Hydchloroth_Tab 150mcg/10mg,Reserpine And Rauwolfia Alkaloids,,10 mg,Centrally-Acting Antihypertensive Drugs,False,True
3659,,0205020R0AAACAC,Reserp & Rauwalk + Diuretic,Gppe Tab_Abicol,Reserpine And Rauwolfia Alkaloids,,,Centrally-Acting Antihypertensive Drugs,False,True
3660,,0205020R0AAADAD,Reserp & Rauwalk + Diuretic,Gppe Tab_Rautrax,Reserpine And Rauwolfia Alkaloids,,,Centrally-Acting Antihypertensive Drugs,False,True
3661,,0205020R0BBAAAA,Decaserpyl Plus,Decaserpyl Plus_Tab,Reserpine And Rauwolfia Alkaloids,,,Centrally-Acting Antihypertensive Drugs,False,True
3662,,0205020R0BCAAAB,Serpasil-Esidrex,Serpasil-Esidrex_Tab,Reserpine And Rauwolfia Alkaloids,,,Centrally-Acting Antihypertensive Drugs,False,True
3663,,0205020R0BDAAAC,Abicol,Abicol_Tab,Reserpine And Rauwolfia Alkaloids,,,Centrally-Acting Antihypertensive Drugs,False,True
3664,,0205020R0BEAAAD,Rautrax,Rautrax_Tab 50mg,Reserpine And Rauwolfia Alkaloids,,50 mg,Centrally-Acting Antihypertensive Drugs,False,True
3665,,0205030C0AAAAAA,Betanidine Sulf,Betanidine Sulf_Tab 10mg,Betanidine Sulfate,,10 mg,Adrenergic Neurone Blocking Drugs,False,False
3666,,0205030C0AAABAB,Betanidine Sulf,Betanidine Sulf_Tab 50mg BP,Betanidine Sulfate,,50 mg,Adrenergic Neurone Blocking Drugs,False,False
3667,,0205030C0AAACAC,Betanidine Sulf,Betanidine Sulf_Tab 10mg           @gn,Betanidine Sulfate,,10 mg,Adrenergic Neurone Blocking Drugs,False,False
3668,,0205030C0BBAAAA,Bendogen,Bendogen_Tab 10mg,Betanidine Sulfate,,10 mg,Adrenergic Neurone Blocking Drugs,False,False
3669,,0205030C0BBABAB,Bendogen,Bendogen_Tab 50mg,Betanidine Sulfate,,50 mg,Adrenergic Neurone Blocking Drugs,False,False
3670,,0205030C0BCAAAA,Esbatal,Esbatal_Tab 10mg,Betanidine Sulfate,,10 mg,Adrenergic Neurone Blocking Drugs,False,False
3671,,0205030C0BCABAB,Esbatal,Esbatal_Tab 50mg,Betanidine Sulfate,,50 mg,Adrenergic Neurone Blocking Drugs,False,False
3672,,0205030H0AAAAAA,Debrisoquine Sulf,Debrisoquine Sulf_Tab 10mg,Debrisoquine Sulfate,,10 mg,Adrenergic Neurone Blocking Drugs,False,False
3673,,0205030H0AAABAB,Debrisoquine Sulf,Debrisoquine Sulf_Tab 20mg,Debrisoquine Sulfate,,20 mg,Adrenergic Neurone Blocking Drugs,False,False
3674,,0205030H0BBAAAA,Declinax,Declinax_Tab 10mg,Debrisoquine Sulfate,,10 mg,Adrenergic Neurone Blocking Drugs,False,False
3675,,0205030H0BBABAB,Declinax,Declinax_Tab 20mg,Debrisoquine Sulfate,,20 mg,Adrenergic Neurone Blocking Drugs,False,False
3676,,0205030N0AAAAAA,Guaneth Monosulf (Systemic),Guaneth Monosulf_Inj 10mg/ml 1ml Amp,Guanethidine Monosulfate,,10 mg/mL,Adrenergic Neurone Blocking Drugs,False,False
3677,,0205030N0AAABAB,Guaneth Monosulf (Systemic),Guaneth Monosulf_Tab 10mg,Guanethidine Monosulfate,,10 mg,Adrenergic Neurone Blocking Drugs,False,False
3678,,0205030N0AAACAC,Guaneth Monosulf (Systemic),Guaneth Monosulf_Tab 25mg,Guanethidine Monosulfate,,25 mg,Adrenergic Neurone Blocking Drugs,False,False
3679,,0205030N0BBAAAB,Ismelin (Systemic),Ismelin_Tab 10mg,Guanethidine Monosulfate,,10 mg,Adrenergic Neurone Blocking Drugs,False,False
3680,,0205030N0BBABAC,Ismelin (Systemic),Ismelin_Tab 25mg,Guanethidine Monosulfate,,25 mg,Adrenergic Neurone Blocking Drugs,False,False
3681,,0205030N0BBACAA,Ismelin (Systemic),Ismelin_Inj 10mg/ml 1ml Amp,Guanethidine Monosulfate,,10 mg/mL,Adrenergic Neurone Blocking Drugs,False,False
3682,,0205030N0BCAAAB,Lotens,Lotens_Tab 10mg,Guanethidine Monosulfate,,10 mg,Adrenergic Neurone Blocking Drugs,False,False
3683,,0205040D0AAAAAA,Doxazosin Mesil (Hypertension),Doxazosin Mesil_Tab 1mg,Doxazosin Mesilate,,1 mg,Alpha-Adrenoceptor Blocking Drugs,False,False
3684,,0205040D0AAABAB,Doxazosin Mesil (Hypertension),Doxazosin Mesil_Tab 2mg,Doxazosin Mesilate,,2 mg,Alpha-Adrenoceptor Blocking Drugs,False,False
3685,,0205040D0AAACAC,Doxazosin Mesil (Hypertension),Doxazosin Mesil_Tab 4mg,Doxazosin Mesilate,,4 mg,Alpha-Adrenoceptor Blocking Drugs,False,False
3686,,0205040D0AAADAD,Doxazosin Mesil (Hypertension),Doxazosin Mesil_Oral Liq @spec,Doxazosin Mesilate,,,Alpha-Adrenoceptor Blocking Drugs,False,False
3687,,0205040D0AAAEAE,Doxazosin Mesil (Hypertension),Doxazosin Mesil_Cap 1mg,Doxazosin Mesilate,,1 mg,Alpha-Adrenoceptor Blocking Drugs,False,False
3688,,0205040D0AAAFAF,Doxazosin Mesil (Hypertension),Doxazosin Mesil_Cap 4mg,Doxazosin Mesilate,,4 mg,Alpha-Adrenoceptor Blocking Drugs,False,False
3689,,0205040D0AAAGAG,Doxazosin Mesil (Hypertension),Doxazosin Mesil_Cap 2mg,Doxazosin Mesilate,,2 mg,Alpha-Adrenoceptor Blocking Drugs,False,False
3690,,0205040D0AAAHAH,Doxazosin Mesil (Hypertension),Doxazosin Mesil_Liq Spec 8mg/5ml,Doxazosin Mesilate,,8 mg/5 ml,Alpha-Adrenoceptor Blocking Drugs,False,False
3691,,0205040D0AAAIAI,Doxazosin Mesil (Hypertension),Doxazosin Mesil_Liq Spec 2mg/5ml,Doxazosin Mesilate,,2 mg/5 ml,Alpha-Adrenoceptor Blocking Drugs,False,False
3692,,0205040D0AAAJAJ,Doxazosin Mesil (Hypertension),Doxazosin Mesil_Tab 4mg              @gn,Doxazosin Mesilate,,4 mg,Alpha-Adrenoceptor Blocking Drugs,False,False
3693,,0205040D0AAAKAK,Doxazosin Mesil (Hypertension),Doxazosin Mesil_Liq Spec 5mg/5ml,Doxazosin Mesilate,,5 mg/5 ml,Alpha-Adrenoceptor Blocking Drugs,False,False
3694,,0205040D0AAALAL,Doxazosin Mesil (Hypertension),Doxazosin Mesil_Liq Spec 4mg/5ml,Doxazosin Mesilate,,4 mg/5 ml,Alpha-Adrenoceptor Blocking Drugs,False,False
3695,,0205040D0AAAMAM,Doxazosin Mesil (Hypertension),Doxazosin Mesil_Liq Spec 1mg/5ml,Doxazosin Mesilate,,1 mg/5 ml,Alpha-Adrenoceptor Blocking Drugs,False,False
3696,,0205040D0AAANAN,Doxazosin Mesil (Hypertension),Doxazosin Mesil_Tab 2mg              @gn,Doxazosin Mesilate,,2 mg,Alpha-Adrenoceptor Blocking Drugs,False,False
3697,,0205040D0AAAPAP,Doxazosin Mesil (Hypertension),Doxazosin Mesil_Liq Spec 3mg/5ml,Doxazosin Mesilate,,3 mg/5 ml,Alpha-Adrenoceptor Blocking Drugs,False,False
3698,,0205040D0AAAQAQ,Doxazosin Mesil (Hypertension),Doxazosin Mesil_Tab 4mg M/R,Doxazosin Mesilate,,4 mg,Alpha-Adrenoceptor Blocking Drugs,False,False
3699,,0205040D0AAARAR,Doxazosin Mesil (Hypertension),Doxazosin Mesil_Tab 8mg M/R,Doxazosin Mesilate,,8 mg,Alpha-Adrenoceptor Blocking Drugs,False,False
3700,,0205040D0AAASAS,Doxazosin Mesil (Hypertension),Doxazosin Mesil_Liq Spec 6mg/5ml,Doxazosin Mesilate,,6 mg/5 ml,Alpha-Adrenoceptor Blocking Drugs,False,False
3701,,0205040D0AAATAT,Doxazosin Mesil (Hypertension),Doxazosin Mesil_Liq Spec 2.5mg/5ml,Doxazosin Mesilate,,5 mg/5 ml,Alpha-Adrenoceptor Blocking Drugs,False,False
3702,,0205040D0AAAUAU,Doxazosin Mesil (Hypertension),Doxazosin Mesil_Liq Spec 500mcg/5ml,Doxazosin Mesilate,,,Alpha-Adrenoceptor Blocking Drugs,False,False
3703,,0205040D0AAAVAV,Doxazosin Mesil (Hypertension),Doxazosin Mesil_Liq Spec 80mg/5ml,Doxazosin Mesilate,,80 mg/5 ml,Alpha-Adrenoceptor Blocking Drugs,False,False
3704,,0205040D0AAAWAW,Doxazosin Mesil (Hypertension),Doxazosin Mesil_Liq Spec 16mg/5ml,Doxazosin Mesilate,,16 mg/5 ml,Alpha-Adrenoceptor Blocking Drugs,False,False
3705,,0205040D0AAAXAX,Doxazosin Mesil (Hypertension),Doxazosin Mesil_Oral Soln 4mg/5ml,Doxazosin Mesilate,,4 mg/5 ml,Alpha-Adrenoceptor Blocking Drugs,False,False
3706,,0205040D0AAAYAY,Doxazosin Mesil (Hypertension),Doxazosin Mesil_Oral Susp 4mg/5ml,Doxazosin Mesilate,,4 mg/5 ml,Alpha-Adrenoceptor Blocking Drugs,False,False
3707,,0205040D0AAAZAZ,Doxazosin Mesil (Hypertension),Doxazosin Mesil_Oral Soln 1mg/5ml,Doxazosin Mesilate,,1 mg/5 ml,Alpha-Adrenoceptor Blocking Drugs,False,False
3708,,0205040D0AABABA,Doxazosin Mesil (Hypertension),Doxazosin Mesil_Oral Susp 1mg/5ml,Doxazosin Mesilate,,1 mg/5 ml,Alpha-Adrenoceptor Blocking Drugs,False,False
3709,,0205040D0AABBBB,Doxazosin Mesil (Hypertension),Doxazosin Mesil_Tab 8mg,Doxazosin Mesilate,,8 mg,Alpha-Adrenoceptor Blocking Drugs,False,False
3710,,0205040D0BBAAAA,Cardura (Hypertension),Cardura_Tab 1mg,Doxazosin Mesilate,,1 mg,Alpha-Adrenoceptor Blocking Drugs,False,False
3711,,0205040D0BBABAB,Cardura (Hypertension),Cardura_Tab 2mg,Doxazosin Mesilate,,2 mg,Alpha-Adrenoceptor Blocking Drugs,False,False
3712,,0205040D0BBACAC,Cardura (Hypertension),Cardura_Tab 4mg,Doxazosin Mesilate,,4 mg,Alpha-Adrenoceptor Blocking Drugs,False,False
3713,,0205040D0BBADAQ,Cardura (Hypertension),Cardura XL_Tab 4mg,Doxazosin Mesilate,,4 mg,Alpha-Adrenoceptor Blocking Drugs,False,False
3714,,0205040D0BBAEAR,Cardura (Hypertension),Cardura XL_Tab 8mg,Doxazosin Mesilate,,8 mg,Alpha-Adrenoceptor Blocking Drugs,False,False
3715,,0205040D0BCAAAB,Cascor (Hypertension),Cascor_Tab 2mg,Doxazosin Mesilate,,2 mg,Alpha-Adrenoceptor Blocking Drugs,False,False
3716,,0205040D0BCABAC,Cascor (Hypertension),Cascor_Tab 4mg,Doxazosin Mesilate,,4 mg,Alpha-Adrenoceptor Blocking Drugs,False,False
3717,,0205040D0BDAAAA,Doxadura (Hypertension),Doxadura_Tab 1mg,Doxazosin Mesilate,,1 mg,Alpha-Adrenoceptor Blocking Drugs,False,False
3718,,0205040D0BDABAB,Doxadura (Hypertension),Doxadura_Tab 2mg,Doxazosin Mesilate,,2 mg,Alpha-Adrenoceptor Blocking Drugs,False,False
3719,,0205040D0BDACAC,Doxadura (Hypertension),Doxadura_Tab 4mg,Doxazosin Mesilate,,4 mg,Alpha-Adrenoceptor Blocking Drugs,False,False
3720,,0205040D0BDADAQ,Doxadura (Hypertension),Doxadura_XL Tab 4mg,Doxazosin Mesilate,,4 mg,Alpha-Adrenoceptor Blocking Drugs,False,False
3721,,0205040D0BEAAAQ,Slocinx,Slocinx XL_Tab 4mg,Doxazosin Mesilate,,4 mg,Alpha-Adrenoceptor Blocking Drugs,False,False
3722,,0205040D0BFAAAQ,Colixil,Colixil XL_Tab 4mg,Doxazosin Mesilate,,4 mg,Alpha-Adrenoceptor Blocking Drugs,False,False
3723,,0205040D0BGAAAQ,Cardozin,Cardozin XL_Tab 4mg,Doxazosin Mesilate,,4 mg,Alpha-Adrenoceptor Blocking Drugs,False,False
3724,,0205040D0BGABAQ,Cardozin,Cardozin XL_Tab 4mg (Almus),Doxazosin Mesilate,,4 mg,Alpha-Adrenoceptor Blocking Drugs,False,False
3725,,0205040D0BHAAAQ,Oxandosin,Oxandosin XL_Tab 4mg,Doxazosin Mesilate,,4 mg,Alpha-Adrenoceptor Blocking Drugs,False,False
3726,,0205040D0BIAAAQ,Doxzogen,Doxzogen XL_Tab 4mg,Doxazosin Mesilate,,4 mg,Alpha-Adrenoceptor Blocking Drugs,False,False
3727,,0205040D0BJAAAQ,Larbex,Larbex XL_Tab 4mg,Doxazosin Mesilate,,4 mg,Alpha-Adrenoceptor Blocking Drugs,False,False
3728,,0205040D0BKAAAQ,Raporsin,Raporsin XL_Tab 4mg,Doxazosin Mesilate,,4 mg,Alpha-Adrenoceptor Blocking Drugs,False,False
3729,,0205040D0BKABAQ,Raporsin,Raporsin XL_Tab 4mg (Arrow Generics Ltd),Doxazosin Mesilate,,4 mg,Alpha-Adrenoceptor Blocking Drugs,False,False
3730,,0205040I0AAAAAA,Indoramin (Hypertension),Indoramin_Tab 25mg,Indoramin,,25 mg,Alpha-Adrenoceptor Blocking Drugs,False,False
3731,,0205040I0AAABAB,Indoramin (Hypertension),Indoramin_Tab 50mg,Indoramin,,50 mg,Alpha-Adrenoceptor Blocking Drugs,False,False
3732,,0205040I0AAACAC,Indoramin (Hypertension),Indoramin_Tab 20mg,Indoramin,,20 mg,Alpha-Adrenoceptor Blocking Drugs,False,False
3733,,0205040I0BBAAAA,Baratol,Baratol_Tab 25mg,Indoramin,,25 mg,Alpha-Adrenoceptor Blocking Drugs,False,False
3734,,0205040I0BBABAB,Baratol,Baratol_Tab 50mg,Indoramin,,50 mg,Alpha-Adrenoceptor Blocking Drugs,False,False
3735,,0205040K0BBAAA0,Vadilex,Vadilex_Tab 20mg,Ifenprodil Tartrate,,20 mg,Alpha-Adrenoceptor Blocking Drugs,False,False
3736,,0205040M0AAAAAA,Phenoxybenz HCl,Phenoxybenz HCl_Cap 2.5mg,Phenoxybenzamine Hydrochloride,,2.5 mg,Alpha-Adrenoceptor Blocking Drugs,False,False
3737,,0205040M0AAABAB,Phenoxybenz HCl,Phenoxybenz HCl_Cap 5mg,Phenoxybenzamine Hydrochloride,,5 mg,Alpha-Adrenoceptor Blocking Drugs,False,False
3738,,0205040M0AAACAC,Phenoxybenz HCl,Phenoxybenz HCl_Cap 10mg,Phenoxybenzamine Hydrochloride,,10 mg,Alpha-Adrenoceptor Blocking Drugs,False,False
3739,,0205040M0AAADAD,Phenoxybenz HCl,Phenoxybenz HCl_Inj 50mg/ml 2ml Amp,Phenoxybenzamine Hydrochloride,,50 mg/mL,Alpha-Adrenoceptor Blocking Drugs,False,False
3740,,0205040M0AAAEAE,Phenoxybenz HCl,Phenoxybenz HCl_Tab 5mg,Phenoxybenzamine Hydrochloride,,5 mg,Alpha-Adrenoceptor Blocking Drugs,False,False
3741,,0205040M0AAAGAG,Phenoxybenz HCl,Phenoxybenz HCl_Pdrs 2.5mg,Phenoxybenzamine Hydrochloride,,2.5 mg,Alpha-Adrenoceptor Blocking Drugs,False,False
3742,,0205040M0AAAHAH,Phenoxybenz HCl,Phenoxybenz HCl_Cap 2mg,Phenoxybenzamine Hydrochloride,,2 mg,Alpha-Adrenoceptor Blocking Drugs,False,False
3743,,0205040M0AAAIAI,Phenoxybenz HCl,Phenoxybenz HCl_Tab 10mg,Phenoxybenzamine Hydrochloride,,10 mg,Alpha-Adrenoceptor Blocking Drugs,False,False
3744,,0205040M0AAAJAJ,Phenoxybenz HCl,Phenoxybenz HCl_Inj 100mg/ml 2ml Amp,Phenoxybenzamine Hydrochloride,,100 mg/mL,Alpha-Adrenoceptor Blocking Drugs,False,False
3745,,0205040M0AAAKAK,Phenoxybenz HCl,Phenoxybenz HCl_Pdrs 2mg,Phenoxybenzamine Hydrochloride,,2 mg,Alpha-Adrenoceptor Blocking Drugs,False,False
3746,,0205040M0AAALAL,Phenoxybenz HCl,Phenoxybenz HCl_Cap 6mg,Phenoxybenzamine Hydrochloride,,6 mg,Alpha-Adrenoceptor Blocking Drugs,False,False
3747,,0205040M0AAAMAM,Phenoxybenz HCl,Phenoxybenz HCl_Liq Spec 25mg/5ml,Phenoxybenzamine Hydrochloride,,25 mg/5 ml,Alpha-Adrenoceptor Blocking Drugs,False,False
3748,,0205040M0AAANAN,Phenoxybenz HCl,Phenoxybenz HCl_Liq Spec 10mg/5ml,Phenoxybenzamine Hydrochloride,,10 mg/5 ml,Alpha-Adrenoceptor Blocking Drugs,False,False
3749,,0205040M0AAAPAP,Phenoxybenz HCl,Phenoxybenz HCl_Liq Spec 5mg/5ml,Phenoxybenzamine Hydrochloride,,5 mg/5 ml,Alpha-Adrenoceptor Blocking Drugs,False,False
3750,,0205040M0AAAQAQ,Phenoxybenz HCl,Phenoxybenz HCl_Cap 8mg,Phenoxybenzamine Hydrochloride,,8 mg,Alpha-Adrenoceptor Blocking Drugs,False,False
3751,,0205040M0BBAAAC,Dibenyline,Dibenyline_Cap 10mg,Phenoxybenzamine Hydrochloride,,10 mg,Alpha-Adrenoceptor Blocking Drugs,False,False
3752,,0205040M0BBABAA,Dibenyline,Dibenyline_Cap 2.5mg,Phenoxybenzamine Hydrochloride,,2.5 mg,Alpha-Adrenoceptor Blocking Drugs,False,False
3753,,0205040M0BBACAB,Dibenyline,Dibenyline_Cap 5mg,Phenoxybenzamine Hydrochloride,,5 mg,Alpha-Adrenoceptor Blocking Drugs,False,False
3754,,0205040M0BBADAE,Dibenyline,Dibenyline_Tab 5mg,Phenoxybenzamine Hydrochloride,,5 mg,Alpha-Adrenoceptor Blocking Drugs,False,False
3755,,0205040M0BBAEAD,Dibenyline,Dibenyline_Inj 50mg/ml 2ml Amp,Phenoxybenzamine Hydrochloride,,50 mg/mL,Alpha-Adrenoceptor Blocking Drugs,False,False
3756,,0205040P0AAAAAA,Phentolam Mesil,Phentolam Mesil_Inj 10mg/ml 1ml Amp,Phentolamine Mesilate,,10 mg/mL,Alpha-Adrenoceptor Blocking Drugs,False,False
3757,,0205040P0AAABAB,Phentolam Mesil,Phentolam Mesil_Inj 10mg/ml 5ml Amp,Phentolamine Mesilate,,10 mg/mL,Alpha-Adrenoceptor Blocking Drugs,False,False
3758,,0205040P0BBAAAA,Rogitine,Rogitine_Inj 10mg/ml 1ml Amp,Phentolamine Mesilate,,10 mg/mL,Alpha-Adrenoceptor Blocking Drugs,False,False
3759,,0205040P0BBABAB,Rogitine,Rogitine_Inj 10mg/ml 5ml Amp,Phentolamine Mesilate,,10 mg/mL,Alpha-Adrenoceptor Blocking Drugs,False,False
3760,,0205040S0AAAAAA,Prazosin HCl,Prazosin HCl_Tt/Pack (500mcg/1mg Tab),Prazosin Hydrochloride,,1 mg,Alpha-Adrenoceptor Blocking Drugs,False,False
3761,,0205040S0AAABAB,Prazosin HCl,Prazosin HCl_Tab 500mcg,Prazosin Hydrochloride,,,Alpha-Adrenoceptor Blocking Drugs,False,False
3762,,0205040S0AAACAC,Prazosin HCl,Prazosin HCl_Tab 1mg,Prazosin Hydrochloride,,1 mg,Alpha-Adrenoceptor Blocking Drugs,False,False
3763,,0205040S0AAADAD,Prazosin HCl,Prazosin HCl_Tab 2mg,Prazosin Hydrochloride,,2 mg,Alpha-Adrenoceptor Blocking Drugs,False,False
3764,,0205040S0AAAEAE,Prazosin HCl,Prazosin HCl_Tab 5mg,Prazosin Hydrochloride,,5 mg,Alpha-Adrenoceptor Blocking Drugs,False,False
3765,,0205040S0AAAFAF,Prazosin HCl,Prazosin HCl_Tab 1mg (Parallel Import),Prazosin Hydrochloride,,1 mg,Alpha-Adrenoceptor Blocking Drugs,False,False
3766,,0205040S0AAAGAG,Prazosin HCl,Prazosin HCl_Tab 2mg (Parallel Import),Prazosin Hydrochloride,,2 mg,Alpha-Adrenoceptor Blocking Drugs,False,False
3767,,0205040S0AAAHAH,Prazosin HCl,Prazosin HCl_Mix 300mcg/5ml,Prazosin Hydrochloride,,,Alpha-Adrenoceptor Blocking Drugs,False,False
3768,,0205040S0AAAIAI,Prazosin HCl,Prazosin HCl_Liq Spec 500mcg/5ml,Prazosin Hydrochloride,,,Alpha-Adrenoceptor Blocking Drugs,False,False
3769,,0205040S0AAAJAJ,Prazosin HCl,Prazosin HCl_Liq Spec 250mcg/5ml,Prazosin Hydrochloride,,,Alpha-Adrenoceptor Blocking Drugs,False,False
3770,,0205040S0AAAKAK,Prazosin HCl,Prazosin HCl_Liq Spec 1mg/5ml,Prazosin Hydrochloride,,1 mg/5 ml,Alpha-Adrenoceptor Blocking Drugs,False,False
3771,,0205040S0AAALAL,Prazosin HCl,Prazosin HCl_Pdrs 150mg,Prazosin Hydrochloride,,150 mg,Alpha-Adrenoceptor Blocking Drugs,False,False
3772,,0205040S0AAAMAM,Prazosin HCl,Prazosin HCl_Cap 1mg,Prazosin Hydrochloride,,1 mg,Alpha-Adrenoceptor Blocking Drugs,False,False
3773,,0205040S0AAANAN,Prazosin HCl,Prazosin HCl_Liq Spec 2mg/5ml,Prazosin Hydrochloride,,2 mg/5 ml,Alpha-Adrenoceptor Blocking Drugs,False,False
3774,,0205040S0BBAAAB,Hypovase,Hypovase_Tab 500mcg,Prazosin Hydrochloride,,,Alpha-Adrenoceptor Blocking Drugs,False,False
3775,,0205040S0BBABAC,Hypovase,Hypovase_Tab 1mg,Prazosin Hydrochloride,,1 mg,Alpha-Adrenoceptor Blocking Drugs,False,False
3776,,0205040S0BBACAD,Hypovase,Hypovase_Tab 2mg,Prazosin Hydrochloride,,2 mg,Alpha-Adrenoceptor Blocking Drugs,False,False
3777,,0205040S0BBADAE,Hypovase,Hypovase_Tab 5mg,Prazosin Hydrochloride,,5 mg,Alpha-Adrenoceptor Blocking Drugs,False,False
3778,,0205040S0BBAEAA,Hypovase,Hypovase B.D._S/Pack (500mcg/1mg Tab),Prazosin Hydrochloride,,1 mg,Alpha-Adrenoceptor Blocking Drugs,False,False
3779,,0205040S0BCAAAC,Minipress,Minipress_Tab 1mg,Prazosin Hydrochloride,,1 mg,Alpha-Adrenoceptor Blocking Drugs,False,False
3780,,0205040S0BCABAD,Minipress,Minipress_Tab 2mg,Prazosin Hydrochloride,,2 mg,Alpha-Adrenoceptor Blocking Drugs,False,False
3781,,0205040S0BCACAE,Minipress,Minipress_Tab 5mg,Prazosin Hydrochloride,,5 mg,Alpha-Adrenoceptor Blocking Drugs,False,False
3782,,0205040S0BDAAAB,Kentovace,Kentovace_Tab 500mcg,Prazosin Hydrochloride,,,Alpha-Adrenoceptor Blocking Drugs,False,False
3783,,0205040S0BDABAC,Kentovace,Kentovace_Tab 1mg,Prazosin Hydrochloride,,1 mg,Alpha-Adrenoceptor Blocking Drugs,False,False
3784,,0205040S0BDACAE,Kentovace,Kentovace_Tab 5mg,Prazosin Hydrochloride,,5 mg,Alpha-Adrenoceptor Blocking Drugs,False,False
3785,,0205040S0BDADAD,Kentovace,Kentovace_Tab 2mg,Prazosin Hydrochloride,,2 mg,Alpha-Adrenoceptor Blocking Drugs,False,False
3786,,0205040S0BEAAAB,Alphavase,Alphavase 0.5_Tab 500mcg,Prazosin Hydrochloride,,,Alpha-Adrenoceptor Blocking Drugs,False,False
3787,,0205040S0BEABAC,Alphavase,Alphavase 1_Tab 1mg,Prazosin Hydrochloride,,1 mg,Alpha-Adrenoceptor Blocking Drugs,False,False
3788,,0205040S0BEACAD,Alphavase,Alphavase 2_Tab 2mg,Prazosin Hydrochloride,,2 mg,Alpha-Adrenoceptor Blocking Drugs,False,False
3789,,0205040S0BEADAE,Alphavase,Alphavase 5_Tab 5mg,Prazosin Hydrochloride,,5 mg,Alpha-Adrenoceptor Blocking Drugs,False,False
3790,,0205040V0AAAAAA,Terazosin HCl (Antihypertensive),Terazosin HCl_S/Pack (1mg/2mg) Tab,Terazosin Hydrochloride,,1 mg,Alpha-Adrenoceptor Blocking Drugs,False,False
3791,,0205040V0AAABAB,Terazosin HCl (Antihypertensive),Terazosin HCl_Tab 2mg,Terazosin Hydrochloride,,2 mg,Alpha-Adrenoceptor Blocking Drugs,False,False
3792,,0205040V0AAACAC,Terazosin HCl (Antihypertensive),Terazosin HCl_Tab 5mg,Terazosin Hydrochloride,,5 mg,Alpha-Adrenoceptor Blocking Drugs,False,False
3793,,0205040V0AAADAD,Terazosin HCl (Antihypertensive),Terazosin HCl_Tab 10mg,Terazosin Hydrochloride,,10 mg,Alpha-Adrenoceptor Blocking Drugs,False,False
3794,,0205040V0BBAAAA,Hytrin,Hytrin_S/Pack (1mg/2mg) Tab,Terazosin Hydrochloride,,1 mg,Alpha-Adrenoceptor Blocking Drugs,False,False
3795,,0205040V0BBABAB,Hytrin,Hytrin_Tab 2mg,Terazosin Hydrochloride,,2 mg,Alpha-Adrenoceptor Blocking Drugs,False,False
3796,,0205040V0BBACAC,Hytrin,Hytrin_Tab 5mg,Terazosin Hydrochloride,,5 mg,Alpha-Adrenoceptor Blocking Drugs,False,False
3797,,0205040V0BBADAD,Hytrin,Hytrin_Tab 10mg,Terazosin Hydrochloride,,10 mg,Alpha-Adrenoceptor Blocking Drugs,False,False
3798,,0205040V0BBAEAA,Hytrin,Hytrin_S/Pack (1mg/2mg) Tab,Terazosin Hydrochloride,,1 mg,Alpha-Adrenoceptor Blocking Drugs,False,False
3799,,0205040V0BCAAAB,Benph,Benph_Tab 2mg,Terazosin Hydrochloride,,2 mg,Alpha-Adrenoceptor Blocking Drugs,False,False
3800,,0205040V0BCABAC,Benph,Benph_Tab 5mg,Terazosin Hydrochloride,,5 mg,Alpha-Adrenoceptor Blocking Drugs,False,False
3801,,0205040W0AAAAAA,Metirosine,Metirosine_Cap 250mg,Metirosine,,250 mg,Alpha-Adrenoceptor Blocking Drugs,False,False
3802,,0205040W0BBAAAA,Demser,Demser_Cap 250mg,Metirosine,,250 mg,Alpha-Adrenoceptor Blocking Drugs,False,False
3803,,0205051AAAAAAAA,Perindopril Tosilate,Perindopril Tosilate_Tab 2.5mg,Perindopril,,2.5 mg,Angiotensin-Converting Enzyme Inhibitors,False,False
3804,,0205051AAAAABAB,Perindopril Tosilate,Perindopril Tosilate_Tab 5mg,Perindopril,,5 mg,Angiotensin-Converting Enzyme Inhibitors,False,False
3805,,0205051AAAAACAC,Perindopril Tosilate,Perindopril Tosilate_Tab 10mg,Perindopril,,10 mg,Angiotensin-Converting Enzyme Inhibitors,False,False
3806,,0205051ABAAAAAA,Perindopril Tosilate/Indapamide,Perindopril/Indapamide_Tab 5mg/1.25mg,Perindopril,,5 mg,Angiotensin-Converting Enzyme Inhibitors,False,True
3807,,0205051ACAAAAAA,Perindopril Erbumine + Amlodipine,Perindopril/Amlodipine_Tab 4mg/5mg,Perindopril,,4 mg,Angiotensin-Converting Enzyme Inhibitors,True,False
3808,,0205051ACAAABAB,Perindopril Erbumine + Amlodipine,Perindopril/Amlodipine_Tab 4mg/10mg,Perindopril,,4 mg,Angiotensin-Converting Enzyme Inhibitors,True,False
3809,,0205051ACAAACAC,Perindopril Erbumine + Amlodipine,Perindopril/Amlodipine_Tab 8mg/10mg,Perindopril,,8 mg,Angiotensin-Converting Enzyme Inhibitors,True,False
3810,,0205051ACAAADAD,Perindopril Erbumine + Amlodipine,Perindopril/Amlodipine_Tab 8mg/5mg,Perindopril,,8 mg,Angiotensin-Converting Enzyme Inhibitors,True,False
3811,,0205051C0AAAAAA,Moexipril HCl,Moexipril HCl_Tab 7.5mg,Moexipril Hydrochloride,,7.5 mg,Angiotensin-Converting Enzyme Inhibitors,False,False
3812,,0205051C0AAABAB,Moexipril HCl,Moexipril HCl_Tab 15mg,Moexipril Hydrochloride,,15 mg,Angiotensin-Converting Enzyme Inhibitors,False,False
3813,,0205051C0BBAAAA,Perdix,Perdix_Tab 7.5mg,Moexipril Hydrochloride,,7.5 mg,Angiotensin-Converting Enzyme Inhibitors,False,False
3814,,0205051C0BBABAB,Perdix,Perdix_Tab 15mg,Moexipril Hydrochloride,,15 mg,Angiotensin-Converting Enzyme Inhibitors,False,False
3815,,0205051E0AAAAAA,Cilazapril,Cilazapril_Tab 250mcg,Cilazapril,,,Angiotensin-Converting Enzyme Inhibitors,False,False
3816,,0205051E0AAABAB,Cilazapril,Cilazapril_Tab 500mcg,Cilazapril,,,Angiotensin-Converting Enzyme Inhibitors,False,False
3817,,0205051E0AAACAC,Cilazapril,Cilazapril_Tab 1mg,Cilazapril,,1 mg,Angiotensin-Converting Enzyme Inhibitors,False,False
3818,,0205051E0AAADAD,Cilazapril,Cilazapril_Tab 2.5mg,Cilazapril,,2.5 mg,Angiotensin-Converting Enzyme Inhibitors,False,False
3819,,0205051E0AAAEAE,Cilazapril,Cilazapril_Tab 5mg,Cilazapril,,5 mg,Angiotensin-Converting Enzyme Inhibitors,False,False
3820,,0205051E0BBAAAA,Vascace,Vascace_Tab 250mcg,Cilazapril,,,Angiotensin-Converting Enzyme Inhibitors,False,False
3821,,0205051E0BBABAB,Vascace,Vascace_Tab 500mcg,Cilazapril,,,Angiotensin-Converting Enzyme Inhibitors,False,False
3822,,0205051E0BBACAC,Vascace,Vascace_Tab 1mg,Cilazapril,,1 mg,Angiotensin-Converting Enzyme Inhibitors,False,False
3823,,0205051E0BBADAD,Vascace,Vascace_Tab 2.5mg,Cilazapril,,2.5 mg,Angiotensin-Converting Enzyme Inhibitors,False,False
3824,,0205051E0BBAEAE,Vascace,Vascace_Tab 5mg,Cilazapril,,5 mg,Angiotensin-Converting Enzyme Inhibitors,False,False
3825,,0205051F0AAA1A1,Captopril,Captopril_Tab 12.5mg Add Free,Captopril,,12.5 mg,Angiotensin-Converting Enzyme Inhibitors,False,False
3826,,0205051F0AAA2A2,Captopril,Captopril_Cap 4mg,Captopril,,4 mg,Angiotensin-Converting Enzyme Inhibitors,False,False
3827,,0205051F0AAA3A3,Captopril,Captopril_Cap 25mg Add Free,Captopril,,25 mg,Angiotensin-Converting Enzyme Inhibitors,False,False
3828,,0205051F0AAA4A4,Captopril,Captopril_Cap 8mg,Captopril,,8 mg,Angiotensin-Converting Enzyme Inhibitors,False,False
3829,,0205051F0AAA5A5,Captopril,Captopril_Cap 500mcg,Captopril,,,Angiotensin-Converting Enzyme Inhibitors,False,False
3830,,0205051F0AAA6A6,Captopril,Captopril_Cap 1mg,Captopril,,1 mg,Angiotensin-Converting Enzyme Inhibitors,False,False
3831,,0205051F0AAA7A7,Captopril,Captopril_Pdrs 1.5mg,Captopril,,1.5 mg,Angiotensin-Converting Enzyme Inhibitors,False,False
3832,,0205051F0AAA8A8,Captopril,Captopril_Cap 300mcg,Captopril,,,Angiotensin-Converting Enzyme Inhibitors,False,False
3833,,0205051F0AAA9A9,Captopril,Captopril_Susp 300mcg/5ml,Captopril,,,Angiotensin-Converting Enzyme Inhibitors,False,False
3834,,0205051F0AAAAAA,Captopril,Captopril_Pdrs 8mg,Captopril,,8 mg,Angiotensin-Converting Enzyme Inhibitors,False,False
3835,,0205051F0AAABAB,Captopril,Captopril_Tab 2mg,Captopril,,2 mg,Angiotensin-Converting Enzyme Inhibitors,False,False
3836,,0205051F0AAACAC,Captopril,Captopril_Tab 3mg,Captopril,,3 mg,Angiotensin-Converting Enzyme Inhibitors,False,False
3837,,0205051F0AAADAD,Captopril,Captopril_Tab 12.5mg,Captopril,,12.5 mg,Angiotensin-Converting Enzyme Inhibitors,False,False
3838,,0205051F0AAAEAE,Captopril,Captopril_Tab 25mg,Captopril,,25 mg,Angiotensin-Converting Enzyme Inhibitors,False,False
3839,,0205051F0AAAFAF,Captopril,Captopril_Tab 50mg,Captopril,,50 mg,Angiotensin-Converting Enzyme Inhibitors,False,False
3840,,0205051F0AAAGAG,Captopril,Captopril_Susp 6.25mg/5ml,Captopril,,25 mg/5 ml,Angiotensin-Converting Enzyme Inhibitors,False,False
3841,,0205051F0AAAHAH,Captopril,Captopril_Pdrs 3mg,Captopril,,3 mg,Angiotensin-Converting Enzyme Inhibitors,False,False
3842,,0205051F0AAAIAI,Captopril,Captopril_Tab 5mg,Captopril,,5 mg,Angiotensin-Converting Enzyme Inhibitors,False,False
3843,,0205051F0AAAJAJ,Captopril,Captopril_Pdr,Captopril,,,Angiotensin-Converting Enzyme Inhibitors,False,False
3844,,0205051F0AAAKAK,Captopril,Captopril_Cap 2mg,Captopril,,2 mg,Angiotensin-Converting Enzyme Inhibitors,False,False
3845,,0205051F0AAALAL,Captopril,Captopril_Tab 8mg,Captopril,,8 mg,Angiotensin-Converting Enzyme Inhibitors,False,False
3846,,0205051F0AAAMAM,Captopril,Captopril_Tab 1mg,Captopril,,1 mg,Angiotensin-Converting Enzyme Inhibitors,False,False
3847,,0205051F0AAANAN,Captopril,Captopril_Pdrs 5mg,Captopril,,5 mg,Angiotensin-Converting Enzyme Inhibitors,False,False
3848,,0205051F0AAAPAP,Captopril,Captopril_Cap 3.125mg,Captopril,,3.125 mg,Angiotensin-Converting Enzyme Inhibitors,False,False
3849,,0205051F0AAAQAQ,Captopril,Captopril_Tab 6.25mg,Captopril,,6.25 mg,Angiotensin-Converting Enzyme Inhibitors,False,False
3850,,0205051F0AAARAR,Captopril,Captopril_Pdrs 1mg,Captopril,,1 mg,Angiotensin-Converting Enzyme Inhibitors,False,False
3851,,0205051F0AAASAS,Captopril,Captopril_Cap 6.25mg,Captopril,,6.25 mg,Angiotensin-Converting Enzyme Inhibitors,False,False
3852,,0205051F0AAATAT,Captopril,Captopril_Cap 10mg,Captopril,,10 mg,Angiotensin-Converting Enzyme Inhibitors,False,False
3853,,0205051F0AAAUAU,Captopril,Captopril_Pdrs 1.25mg,Captopril,,1.25 mg,Angiotensin-Converting Enzyme Inhibitors,False,False
3854,,0205051F0AAAVAV,Captopril,Captopril_Cap 3mg,Captopril,,3 mg,Angiotensin-Converting Enzyme Inhibitors,False,False
3855,,0205051F0AAAWAW,Captopril,Captopril_Cap 4.5mg,Captopril,,4.5 mg,Angiotensin-Converting Enzyme Inhibitors,False,False
3856,,0205051F0AAAXAX,Captopril,Captopril_Tab 1.5mg,Captopril,,1.5 mg,Angiotensin-Converting Enzyme Inhibitors,False,False
3857,,0205051F0AAAYAY,Captopril,Captopril_Susp 5mg/5ml,Captopril,,5 mg/5 ml,Angiotensin-Converting Enzyme Inhibitors,False,False
3858,,0205051F0AAAZAZ,Captopril,Captopril_Pdrs 2mg,Captopril,,2 mg,Angiotensin-Converting Enzyme Inhibitors,False,False
3859,,0205051F0AABABA,Captopril,Captopril_Cap 880mcg,Captopril,,,Angiotensin-Converting Enzyme Inhibitors,False,False
3860,,0205051F0AABBBB,Captopril,Captopril_Pdrs 2.3mg,Captopril,,2.3 mg,Angiotensin-Converting Enzyme Inhibitors,False,False
3861,,0205051F0AABCBC,Captopril,Captopril_Pdrs 6mg,Captopril,,6 mg,Angiotensin-Converting Enzyme Inhibitors,False,False
3862,,0205051F0AABDBD,Captopril,Captopril_Pdrs 500mcg,Captopril,,,Angiotensin-Converting Enzyme Inhibitors,False,False
3863,,0205051F0AABEBE,Captopril,Captopril_Cap 12.5mg,Captopril,,12.5 mg,Angiotensin-Converting Enzyme Inhibitors,False,False
3864,,0205051F0AABFBF,Captopril,Captopril_Cap 700mcg,Captopril,,,Angiotensin-Converting Enzyme Inhibitors,False,False
3865,,0205051F0AABGBG,Captopril,Captopril_Susp 10mg/5ml,Captopril,,10 mg/5 ml,Angiotensin-Converting Enzyme Inhibitors,False,False
3866,,0205051F0AABHBH,Captopril,Captopril_Oral Liq @spec,Captopril,,,Angiotensin-Converting Enzyme Inhibitors,False,False
3867,,0205051F0AABIBI,Captopril,Captopril_Pdrs 300mcg,Captopril,,,Angiotensin-Converting Enzyme Inhibitors,False,False
3868,,0205051F0AABJBJ,Captopril,Captopril_Cap 400mcg,Captopril,,,Angiotensin-Converting Enzyme Inhibitors,False,False
3869,,0205051F0AABKBK,Captopril,Captopril_Cap 1.5mg,Captopril,,1.5 mg,Angiotensin-Converting Enzyme Inhibitors,False,False
3870,,0205051F0AABLBL,Captopril,Captopril_Cap 25mg,Captopril,,25 mg,Angiotensin-Converting Enzyme Inhibitors,False,False
3871,,0205051F0AABMBM,Captopril,Captopril_Cap 5mg,Captopril,,5 mg,Angiotensin-Converting Enzyme Inhibitors,False,False
3872,,0205051F0AABNBN,Captopril,Captopril_Liq Spec 5mg/5ml,Captopril,,5 mg/5 ml,Angiotensin-Converting Enzyme Inhibitors,False,False
3873,,0205051F0AABPBP,Captopril,Captopril_Liq Spec 20mg/5ml,Captopril,,20 mg/5 ml,Angiotensin-Converting Enzyme Inhibitors,False,False
3874,,0205051F0AABQBQ,Captopril,Captopril_Pdrs 2.5mg,Captopril,,2.5 mg,Angiotensin-Converting Enzyme Inhibitors,False,False
3875,,0205051F0AABRBR,Captopril,Captopril_Liq Spec 10mg/5ml,Captopril,,10 mg/5 ml,Angiotensin-Converting Enzyme Inhibitors,False,False
3876,,0205051F0AABSBS,Captopril,Captopril_Liq Spec 5.4mg/5ml,Captopril,,4 mg/5 ml,Angiotensin-Converting Enzyme Inhibitors,False,False
3877,,0205051F0AABTBT,Captopril,Captopril_Liq Spec 12.5mg/5ml,Captopril,,5 mg/5 ml,Angiotensin-Converting Enzyme Inhibitors,False,False
3878,,0205051F0AABUBU,Captopril,Captopril_Cap 6mg,Captopril,,6 mg,Angiotensin-Converting Enzyme Inhibitors,False,False
3879,,0205051F0AABVBV,Captopril,Captopril_Liq Spec 1.25mg/5ml,Captopril,,25 mg/5 ml,Angiotensin-Converting Enzyme Inhibitors,False,False
3880,,0205051F0AABWBW,Captopril,Captopril_Liq Spec 25mg/5ml,Captopril,,25 mg/5 ml,Angiotensin-Converting Enzyme Inhibitors,False,False
3881,,0205051F0AABXBX,Captopril,Captopril_Liq Spec 6.25mg/5ml,Captopril,,25 mg/5 ml,Angiotensin-Converting Enzyme Inhibitors,False,False
3882,,0205051F0AABYBY,Captopril,Captopril_Liq Spec 2.5mg/5ml,Captopril,,5 mg/5 ml,Angiotensin-Converting Enzyme Inhibitors,False,False
3883,,0205051F0AABZBZ,Captopril,Captopril_Liq Spec 2mg/5ml,Captopril,,2 mg/5 ml,Angiotensin-Converting Enzyme Inhibitors,False,False
3884,,0205051F0AACACA,Captopril,Captopril_Liq Spec 50mg/5ml,Captopril,,50 mg/5 ml,Angiotensin-Converting Enzyme Inhibitors,False,False
3885,,0205051F0AACBCB,Captopril,Captopril_Tab 12.5mg                 @gn,Captopril,,12.5 mg,Angiotensin-Converting Enzyme Inhibitors,False,False
3886,,0205051F0AACCCC,Captopril,Captopril_Liq Spec 100mcg/5ml,Captopril,,,Angiotensin-Converting Enzyme Inhibitors,False,False
3887,,0205051F0AACDCD,Captopril,Captopril_Liq Spec 3mg/5ml,Captopril,,3 mg/5 ml,Angiotensin-Converting Enzyme Inhibitors,False,False
3888,,0205051F0AACECE,Captopril,Captopril_Liq Spec 7.5mg/5ml,Captopril,,5 mg/5 ml,Angiotensin-Converting Enzyme Inhibitors,False,False
3889,,0205051F0AACFCF,Captopril,Captopril_Liq Spec 500mcg/5ml,Captopril,,,Angiotensin-Converting Enzyme Inhibitors,False,False
3890,,0205051F0AACGCG,Captopril,Captopril_Liq Spec 15mg/5ml,Captopril,,15 mg/5 ml,Angiotensin-Converting Enzyme Inhibitors,False,False
3891,,0205051F0AACHCH,Captopril,Captopril_Liq Spec 4mg/5ml,Captopril,,4 mg/5 ml,Angiotensin-Converting Enzyme Inhibitors,False,False
3892,,0205051F0AACICI,Captopril,Captopril_Liq Spec 3.125mg/5ml,Captopril,,125 mg/5 ml,Angiotensin-Converting Enzyme Inhibitors,False,False
3893,,0205051F0AACJCJ,Captopril,Captopril_Liq Spec 1mg/5ml,Captopril,,1 mg/5 ml,Angiotensin-Converting Enzyme Inhibitors,False,False
3894,,0205051F0AACKCK,Captopril,Captopril_Liq Spec 7mg/5ml,Captopril,,7 mg/5 ml,Angiotensin-Converting Enzyme Inhibitors,False,False
3895,,0205051F0AACLCL,Captopril,Captopril_Liq Spec 9mg/5ml,Captopril,,9 mg/5 ml,Angiotensin-Converting Enzyme Inhibitors,False,False
3896,,0205051F0AACMCM,Captopril,Captopril_Cap 9mg,Captopril,,9 mg,Angiotensin-Converting Enzyme Inhibitors,False,False
3897,,0205051F0AACNCN,Captopril,Captopril_Liq Spec 1.5mg/5ml,Captopril,,5 mg/5 ml,Angiotensin-Converting Enzyme Inhibitors,False,False
3898,,0205051F0AACPCP,Captopril,Captopril_Pdrs 400mcg,Captopril,,,Angiotensin-Converting Enzyme Inhibitors,False,False
3899,,0205051F0AACQCQ,Captopril,Captopril_Cap 3.5mg,Captopril,,3.5 mg,Angiotensin-Converting Enzyme Inhibitors,False,False
3900,,0205051F0AACRCR,Captopril,Captopril_Liq Spec 6mg/5ml,Captopril,,6 mg/5 ml,Angiotensin-Converting Enzyme Inhibitors,False,False
3901,,0205051F0AACSCS,Captopril,Captopril_Cap 15mg,Captopril,,15 mg,Angiotensin-Converting Enzyme Inhibitors,False,False
3902,,0205051F0AACTCT,Captopril,Captopril_Oral Soln 5mg/1ml S/F,Captopril,,5 mg/1 ml,Angiotensin-Converting Enzyme Inhibitors,False,False
3903,,0205051F0AACUCU,Captopril,Captopril_Liq Spec 3.5mg/5ml,Captopril,,5 mg/5 ml,Angiotensin-Converting Enzyme Inhibitors,False,False
3904,,0205051F0AACVCV,Captopril,Captopril_Pdrs 6.25mg,Captopril,,6.25 mg,Angiotensin-Converting Enzyme Inhibitors,False,False
3905,,0205051F0AACWCW,Captopril,Captopril_Pdrs 2.9mg,Captopril,,2.9 mg,Angiotensin-Converting Enzyme Inhibitors,False,False
3906,,0205051F0AACXCX,Captopril,Captopril_Liq Spec 15.625mg/5ml,Captopril,,625 mg/5 ml,Angiotensin-Converting Enzyme Inhibitors,False,False
3907,,0205051F0AACYCY,Captopril,Captopril_Liq Spec 30mg/5ml,Captopril,,30 mg/5 ml,Angiotensin-Converting Enzyme Inhibitors,False,False
3908,,0205051F0AACZCZ,Captopril,Captopril_Liq Spec 18.5mg/5ml,Captopril,,5 mg/5 ml,Angiotensin-Converting Enzyme Inhibitors,False,False
3909,,0205051F0AADADA,Captopril,Captopril_Liq Spec 3.25mg/5ml,Captopril,,25 mg/5 ml,Angiotensin-Converting Enzyme Inhibitors,False,False
3910,,0205051F0AADBDB,Captopril,Captopril_Pdrs 8.25mg,Captopril,,8.25 mg,Angiotensin-Converting Enzyme Inhibitors,False,False
3911,,0205051F0AADCDC,Captopril,Captopril_Liq Spec 100mg/5ml,Captopril,,100 mg/5 ml,Angiotensin-Converting Enzyme Inhibitors,False,False
3912,,0205051F0AADDDD,Captopril,Captopril_Liq Spec 1.6mg/5ml,Captopril,,6 mg/5 ml,Angiotensin-Converting Enzyme Inhibitors,False,False
3913,,0205051F0AADEDE,Captopril,Captopril_Liq Spec 8mg/5ml,Captopril,,8 mg/5 ml,Angiotensin-Converting Enzyme Inhibitors,False,False
3914,,0205051F0AADFDF,Captopril,Captopril_Liq Spec 12mg/5ml,Captopril,,12 mg/5 ml,Angiotensin-Converting Enzyme Inhibitors,False,False
3915,,0205051F0AADGDG,Captopril,Captopril_Liq Spec 1.75mg/5ml,Captopril,,75 mg/5 ml,Angiotensin-Converting Enzyme Inhibitors,False,False
3916,,0205051F0AADHDH,Captopril,Captopril_Cap 7.5mg,Captopril,,7.5 mg,Angiotensin-Converting Enzyme Inhibitors,False,False
3917,,0205051F0AADIDI,Captopril,Captopril_Pdrs 6.2mg,Captopril,,6.2 mg,Angiotensin-Converting Enzyme Inhibitors,False,False
3918,,0205051F0AADJDJ,Captopril,Captopril_Liq Spec 17.5mg/5ml,Captopril,,5 mg/5 ml,Angiotensin-Converting Enzyme Inhibitors,False,False
3919,,0205051F0AADKDK,Captopril,Captopril_Pdrs 3.125mg,Captopril,,3.125 mg,Angiotensin-Converting Enzyme Inhibitors,False,False
3920,,0205051F0AADLDL,Captopril,Captopril_Liq Spec 31.25mg/5ml,Captopril,,25 mg/5 ml,Angiotensin-Converting Enzyme Inhibitors,False,False
3921,,0205051F0AADMDM,Captopril,Captopril_Liq Spec 22.5mg/5ml,Captopril,,5 mg/5 ml,Angiotensin-Converting Enzyme Inhibitors,False,False
3922,,0205051F0AADNDN,Captopril,Captopril_Liq Spec 62.5mg/5ml,Captopril,,5 mg/5 ml,Angiotensin-Converting Enzyme Inhibitors,False,False
3923,,0205051F0AADPDP,Captopril,Captopril_Liq Spec 17mg/5ml,Captopril,,17 mg/5 ml,Angiotensin-Converting Enzyme Inhibitors,False,False
3924,,0205051F0AADQDQ,Captopril,Captopril_Liq Spec 11.25mg/5ml,Captopril,,25 mg/5 ml,Angiotensin-Converting Enzyme Inhibitors,False,False
3925,,0205051F0AADRDR,Captopril,Captopril_Cap 2.3mg,Captopril,,2.3 mg,Angiotensin-Converting Enzyme Inhibitors,False,False
3926,,0205051F0AADSDS,Captopril,Captopril_Liq Spec 6.5mg/5ml,Captopril,,5 mg/5 ml,Angiotensin-Converting Enzyme Inhibitors,False,False
3927,,0205051F0AADTDT,Captopril,Captopril_Pdr Sach 7mg,Captopril,,7 mg,Angiotensin-Converting Enzyme Inhibitors,False,False
3928,,0205051F0AADUDU,Captopril,Captopril_Cap 50mg,Captopril,,50 mg,Angiotensin-Converting Enzyme Inhibitors,False,False
3929,,0205051F0AADVDV,Captopril,Captopril_Oral Soln 5mg/5ml,Captopril,,5 mg/5 ml,Angiotensin-Converting Enzyme Inhibitors,False,False
3930,,0205051F0AADWDW,Captopril,Captopril_Oral Susp 5mg/5ml,Captopril,,5 mg/5 ml,Angiotensin-Converting Enzyme Inhibitors,False,False
3931,,0205051F0AADXDX,Captopril,Captopril_Oral Soln 25mg/5ml,Captopril,,25 mg/5 ml,Angiotensin-Converting Enzyme Inhibitors,False,False
3932,,0205051F0AADYDY,Captopril,Captopril_Oral Susp 25mg/5ml,Captopril,,25 mg/5 ml,Angiotensin-Converting Enzyme Inhibitors,False,False
3933,,0205051F0AADZDZ,Captopril,Captopril_Oral Soln 25mg/5ml S/F,Captopril,,25 mg/5 ml,Angiotensin-Converting Enzyme Inhibitors,False,False
3934,,0205051F0AAEAEA,Captopril,Captopril_Oral Soln 5mg/5ml S/F,Captopril,,5 mg/5 ml,Angiotensin-Converting Enzyme Inhibitors,False,False
3935,,0205051F0BBAAAD,Acepril,Acepril_Tab 12.5mg,Captopril,,12.5 mg,Angiotensin-Converting Enzyme Inhibitors,False,False
3936,,0205051F0BBABAE,Acepril,Acepril_Tab 25mg,Captopril,,25 mg,Angiotensin-Converting Enzyme Inhibitors,False,False
3937,,0205051F0BBACAF,Acepril,Acepril_Tab 50mg,Captopril,,50 mg,Angiotensin-Converting Enzyme Inhibitors,False,False
3938,,0205051F0BCABAE,Capoten,Capoten_Tab 25mg,Captopril,,25 mg,Angiotensin-Converting Enzyme Inhibitors,False,False
3939,,0205051F0BCACAF,Capoten,Capoten_Tab 50mg,Captopril,,50 mg,Angiotensin-Converting Enzyme Inhibitors,False,False
3940,,0205051F0BCADAD,Capoten,Capoten_Tab 12.5mg,Captopril,,12.5 mg,Angiotensin-Converting Enzyme Inhibitors,False,False
3941,,0205051F0BCAEAJ,Capoten,Capoten_Pdr,Captopril,,,Angiotensin-Converting Enzyme Inhibitors,False,False
3942,,0205051F0BCAFCT,Capoten,Capoten_Oral Soln 5mg/1ml (Import),Captopril,,5 mg/1 ml,Angiotensin-Converting Enzyme Inhibitors,False,False
3943,,0205051F0BDAAAD,Ecopace,Ecopace_Tab 12.5mg,Captopril,,12.5 mg,Angiotensin-Converting Enzyme Inhibitors,False,False
3944,,0205051F0BDABAE,Ecopace,Ecopace_Tab 25mg,Captopril,,25 mg,Angiotensin-Converting Enzyme Inhibitors,False,False
3945,,0205051F0BDACAF,Ecopace,Ecopace_Tab 50mg,Captopril,,50 mg,Angiotensin-Converting Enzyme Inhibitors,False,False
3946,,0205051F0BEAAAD,Tensopril,Tensopril_Tab 12.5mg,Captopril,,12.5 mg,Angiotensin-Converting Enzyme Inhibitors,False,False
3947,,0205051F0BEABAE,Tensopril,Tensopril_Tab 25mg,Captopril,,25 mg,Angiotensin-Converting Enzyme Inhibitors,False,False
3948,,0205051F0BEACAF,Tensopril,Tensopril_Tab 50mg,Captopril,,50 mg,Angiotensin-Converting Enzyme Inhibitors,False,False
3949,,0205051F0BFAAAD,Kaplon,Kaplon_Tab 12.5mg,Captopril,,12.5 mg,Angiotensin-Converting Enzyme Inhibitors,False,False
3950,,0205051F0BFABAE,Kaplon,Kaplon_Tab 25mg,Captopril,,25 mg,Angiotensin-Converting Enzyme Inhibitors,False,False
3951,,0205051F0BFACAF,Kaplon,Kaplon_Tab 50mg,Captopril,,50 mg,Angiotensin-Converting Enzyme Inhibitors,False,False
3952,,0205051F0BGAAAD,Hyteneze,Hyteneze 12.5_Tab 12.5mg,Captopril,,12.5 mg,Angiotensin-Converting Enzyme Inhibitors,False,False
3953,,0205051F0BGABAE,Hyteneze,Hyteneze 25_Tab 25mg,Captopril,,25 mg,Angiotensin-Converting Enzyme Inhibitors,False,False
3954,,0205051F0BGACAF,Hyteneze,Hyteneze 50_Tab 50mg,Captopril,,50 mg,Angiotensin-Converting Enzyme Inhibitors,False,False
3955,,0205051F0BHAAAD,Captomex,Captomex_Tab 12.5mg,Captopril,,12.5 mg,Angiotensin-Converting Enzyme Inhibitors,False,False
3956,,0205051F0BHABAF,Captomex,Captomex_Tab 50mg,Captopril,,50 mg,Angiotensin-Converting Enzyme Inhibitors,False,False
3957,,0205051F0BHACAE,Captomex,Captomex_Tab 25mg,Captopril,,25 mg,Angiotensin-Converting Enzyme Inhibitors,False,False
3958,,0205051F0BIAADZ,Noyada,Noyada_Oral Soln 25mg/5ml,Captopril,,25 mg/5 ml,Angiotensin-Converting Enzyme Inhibitors,False,False
3959,,0205051F0BIABEA,Noyada,Noyada_Oral Soln 5mg/5ml,Captopril,,5 mg/5 ml,Angiotensin-Converting Enzyme Inhibitors,False,False
3960,,0205051G0AAAAAA,Co-Zidocapt,Co-Zidocapt_Tab 25mg/50mg,Co-Zidocapt,,25 mg,Angiotensin-Converting Enzyme Inhibitors,False,True
3961,,0205051G0AAABAB,Co-Zidocapt,Co-Zidocapt_Tab 12.5mg/25mg,Co-Zidocapt,,12.5 mg,Angiotensin-Converting Enzyme Inhibitors,False,True
3962,,0205051G0BBAAAA,Acezide,Acezide_Tab 25mg/50mg,Co-Zidocapt,,25 mg,Angiotensin-Converting Enzyme Inhibitors,False,True
3963,,0205051G0BCAAAA,Capozide,Capozide_Tab 25mg/50mg,Co-Zidocapt,,25 mg,Angiotensin-Converting Enzyme Inhibitors,False,True
3964,,0205051G0BCABAB,Capozide,Capozide LS_Tab 12.5mg/25mg,Co-Zidocapt,,12.5 mg,Angiotensin-Converting Enzyme Inhibitors,False,True
3965,,0205051G0BDAAAB,Capto-Co,Capto-Co_Tab 12.5mg/25mg,Co-Zidocapt,,12.5 mg,Angiotensin-Converting Enzyme Inhibitors,False,True
3966,,0205051G0BDABAA,Capto-Co,Capto-Co_Tab 25mg/50mg,Co-Zidocapt,,25 mg,Angiotensin-Converting Enzyme Inhibitors,False,True
3967,,0205051H0AAAAAA,Enalapril/Hydchloroth,Enalapril/Hydchloroth_Tab 20mg/12.5mg,Enalapril Maleate,,20 mg,Angiotensin-Converting Enzyme Inhibitors,False,True
3968,,0205051H0BBAAAA,Innozide,Innozide_Tab,Enalapril Maleate,,,Angiotensin-Converting Enzyme Inhibitors,False,True
3969,,0205051I0AAAAAA,Enalapril Mal,Enalapril Mal_Tab 2.5mg,Enalapril Maleate,,2.5 mg,Angiotensin-Converting Enzyme Inhibitors,False,False
3970,,0205051I0AAABAB,Enalapril Mal,Enalapril Mal_Tab 5mg,Enalapril Maleate,,5 mg,Angiotensin-Converting Enzyme Inhibitors,False,False
3971,,0205051I0AAACAC,Enalapril Mal,Enalapril Mal_Tab 10mg,Enalapril Maleate,,10 mg,Angiotensin-Converting Enzyme Inhibitors,False,False
3972,,0205051I0AAADAD,Enalapril Mal,Enalapril Mal_Tab 20mg,Enalapril Maleate,,20 mg,Angiotensin-Converting Enzyme Inhibitors,False,False
3973,,0205051I0AAAEAE,Enalapril Mal,Enalapril Mal_Tab 5mg (Import),Enalapril Maleate,,5 mg,Angiotensin-Converting Enzyme Inhibitors,False,False
3974,,0205051I0AAAFAF,Enalapril Mal,Enalapril Mal_S/Pack Tab 2.5mg/5mg,Enalapril Maleate,,2.5 mg,Angiotensin-Converting Enzyme Inhibitors,False,False
3975,,0205051I0AAAGAG,Enalapril Mal,Enalapril Mal_Pdrs 1mg,Enalapril Maleate,,1 mg,Angiotensin-Converting Enzyme Inhibitors,False,False
3976,,0205051I0AAAHAH,Enalapril Mal,Enalapril Mal_Oral Liq @spec,Enalapril Maleate,,,Angiotensin-Converting Enzyme Inhibitors,False,False
3977,,0205051I0AAAIAI,Enalapril Mal,Enalapril Mal_Pdrs 1.5mg,Enalapril Maleate,,1.5 mg,Angiotensin-Converting Enzyme Inhibitors,False,False
3978,,0205051I0AAAJAJ,Enalapril Mal,Enalapril Mal_Liq Spec 2.5mg/5ml,Enalapril Maleate,,5 mg/5 ml,Angiotensin-Converting Enzyme Inhibitors,False,False
3979,,0205051I0AAAKAK,Enalapril Mal,Enalapril Mal_Cap 40mg,Enalapril Maleate,,40 mg,Angiotensin-Converting Enzyme Inhibitors,False,False
3980,,0205051I0AAALAL,Enalapril Mal,Enalapril Mal_Cap 1mg,Enalapril Maleate,,1 mg,Angiotensin-Converting Enzyme Inhibitors,False,False
3981,,0205051I0AAAMAM,Enalapril Mal,Enalapril Mal_Cap 3.5mg,Enalapril Maleate,,3.5 mg,Angiotensin-Converting Enzyme Inhibitors,False,False
3982,,0205051I0AAANAN,Enalapril Mal,Enalapril Mal_Liq Spec 5mg/5ml,Enalapril Maleate,,5 mg/5 ml,Angiotensin-Converting Enzyme Inhibitors,False,False
3983,,0205051I0AAAPAP,Enalapril Mal,Enalapril Mal_Liq Spec 20mg/5ml,Enalapril Maleate,,20 mg/5 ml,Angiotensin-Converting Enzyme Inhibitors,False,False
3984,,0205051I0AAAQAQ,Enalapril Mal,Enalapril Mal_Pdrs 2.5mg,Enalapril Maleate,,2.5 mg,Angiotensin-Converting Enzyme Inhibitors,False,False
3985,,0205051I0AAARAR,Enalapril Mal,Enalapril Mal_Liq Spec 600mcg/5ml,Enalapril Maleate,,,Angiotensin-Converting Enzyme Inhibitors,False,False
3986,,0205051I0AAASAS,Enalapril Mal,Enalapril Mal_Liq Spec 1mg/5ml,Enalapril Maleate,,1 mg/5 ml,Angiotensin-Converting Enzyme Inhibitors,False,False
3987,,0205051I0AAATAT,Enalapril Mal,Enalapril Mal_Liq Spec 3.5mg/5ml,Enalapril Maleate,,5 mg/5 ml,Angiotensin-Converting Enzyme Inhibitors,False,False
3988,,0205051I0AAAUAU,Enalapril Mal,Enalapril Mal_Oral Soln 10mg/5ml,Enalapril Maleate,,10 mg/5 ml,Angiotensin-Converting Enzyme Inhibitors,False,False
3989,,0205051I0AAAVAV,Enalapril Mal,Enalapril Mal_Liq Spec 500mcg/5ml,Enalapril Maleate,,,Angiotensin-Converting Enzyme Inhibitors,False,False
3990,,0205051I0AAAWAW,Enalapril Mal,Enalapril Mal_Liq Spec 2mg/5ml,Enalapril Maleate,,2 mg/5 ml,Angiotensin-Converting Enzyme Inhibitors,False,False
3991,,0205051I0AAAXAX,Enalapril Mal,Enalapril Mal_Liq Spec 3.75mg/5ml,Enalapril Maleate,,75 mg/5 ml,Angiotensin-Converting Enzyme Inhibitors,False,False
3992,,0205051I0AAAYAY,Enalapril Mal,Enalapril Mal_Liq Spec 3mg/5ml,Enalapril Maleate,,3 mg/5 ml,Angiotensin-Converting Enzyme Inhibitors,False,False
3993,,0205051I0AAAZAZ,Enalapril Mal,Enalapril Mal_Liq Spec 4mg/5ml,Enalapril Maleate,,4 mg/5 ml,Angiotensin-Converting Enzyme Inhibitors,False,False
3994,,0205051I0AABABA,Enalapril Mal,Enalapril Mal_Pdrs 1.2mg,Enalapril Maleate,,1.2 mg,Angiotensin-Converting Enzyme Inhibitors,False,False
3995,,0205051I0AABBBB,Enalapril Mal,Enalapril Mal_Liq Spec 25mg/5ml,Enalapril Maleate,,25 mg/5 ml,Angiotensin-Converting Enzyme Inhibitors,False,False
3996,,0205051I0AABCBC,Enalapril Mal,Enalapril Mal_Liq Spec 7mg/5ml,Enalapril Maleate,,7 mg/5 ml,Angiotensin-Converting Enzyme Inhibitors,False,False
3997,,0205051I0AABDBD,Enalapril Mal,Enalapril Mal_Pdrs 2mg,Enalapril Maleate,,2 mg,Angiotensin-Converting Enzyme Inhibitors,False,False
3998,,0205051I0AABEBE,Enalapril Mal,Enalapril Mal_Cap 2mg,Enalapril Maleate,,2 mg,Angiotensin-Converting Enzyme Inhibitors,False,False
3999,,0205051I0AABFBF,Enalapril Mal,Enalapril Mal_Oral Soln 1.25mg/5ml,Enalapril Maleate,,25 mg/5 ml,Angiotensin-Converting Enzyme Inhibitors,False,False
4000,,0205051I0AABGBG,Enalapril Mal,Enalapril Mal_Cap 3mg,Enalapril Maleate,,3 mg,Angiotensin-Converting Enzyme Inhibitors,False,False
4001,,0205051I0AABHBH,Enalapril Mal,Enalapril Mal_Wafer 2.5mg,Enalapril Maleate,,2.5 mg,Angiotensin-Converting Enzyme Inhibitors,False,False
4002,,0205051I0AABIBI,Enalapril Mal,Enalapril Mal_Wafer 5mg,Enalapril Maleate,,5 mg,Angiotensin-Converting Enzyme Inhibitors,False,False
4003,,0205051I0AABJBJ,Enalapril Mal,Enalapril Mal_Wafer 10mg,Enalapril Maleate,,10 mg,Angiotensin-Converting Enzyme Inhibitors,False,False
4004,,0205051I0AABKBK,Enalapril Mal,Enalapril Mal_Wafer 20mg,Enalapril Maleate,,20 mg,Angiotensin-Converting Enzyme Inhibitors,False,False
4005,,0205051I0AABLBL,Enalapril Mal,Enalapril Mal_Liq Spec 12.5mg/5ml,Enalapril Maleate,,5 mg/5 ml,Angiotensin-Converting Enzyme Inhibitors,False,False
4006,,0205051I0AABMBM,Enalapril Mal,Enalapril Mal_Pdrs 500mcg,Enalapril Maleate,,,Angiotensin-Converting Enzyme Inhibitors,False,False
4007,,0205051I0AABNBN,Enalapril Mal,Enalapril Mal_Liq Spec 15mg/5ml,Enalapril Maleate,,15 mg/5 ml,Angiotensin-Converting Enzyme Inhibitors,False,False
4008,,0205051I0AABPBP,Enalapril Mal,Enalapril Mal_Tab 10mg               @gn,Enalapril Maleate,,10 mg,Angiotensin-Converting Enzyme Inhibitors,False,False
4009,,0205051I0AABQBQ,Enalapril Mal,Enalapril Mal_Liq Spec 8mg/5ml,Enalapril Maleate,,8 mg/5 ml,Angiotensin-Converting Enzyme Inhibitors,False,False
4010,,0205051I0AABRBR,Enalapril Mal,Enalapril Mal_Tab 20mg               @gn,Enalapril Maleate,,20 mg,Angiotensin-Converting Enzyme Inhibitors,False,False
4011,,0205051I0AABSBS,Enalapril Mal,Enalapril Mal_Liq Spec 1.5mg/5ml,Enalapril Maleate,,5 mg/5 ml,Angiotensin-Converting Enzyme Inhibitors,False,False
4012,,0205051I0AABTBT,Enalapril Mal,Enalapril Mal_Liq Spec 1.2mg/5ml,Enalapril Maleate,,2 mg/5 ml,Angiotensin-Converting Enzyme Inhibitors,False,False
4013,,0205051I0AABUBU,Enalapril Mal,Enalapril Mal_Liq Spec 1.667mg/5ml,Enalapril Maleate,,667 mg/5 ml,Angiotensin-Converting Enzyme Inhibitors,False,False
4014,,0205051I0AABVBV,Enalapril Mal,Enalapril Mal_Liq Spec 40mg/5ml,Enalapril Maleate,,40 mg/5 ml,Angiotensin-Converting Enzyme Inhibitors,False,False
4015,,0205051I0AABWBW,Enalapril Mal,Enalapril Mal_Liq Spec 7.5mg/5ml,Enalapril Maleate,,5 mg/5 ml,Angiotensin-Converting Enzyme Inhibitors,False,False
4016,,0205051I0AABXBX,Enalapril Mal,Enalapril Mal_Cap 2.5mg,Enalapril Maleate,,2.5 mg,Angiotensin-Converting Enzyme Inhibitors,False,False
4017,,0205051I0AABYBY,Enalapril Mal,Enalapril Mal_Oral Soln 5mg/5ml,Enalapril Maleate,,5 mg/5 ml,Angiotensin-Converting Enzyme Inhibitors,False,False
4018,,0205051I0AABZBZ,Enalapril Mal,Enalapril Mal_Oral Susp 5mg/5ml,Enalapril Maleate,,5 mg/5 ml,Angiotensin-Converting Enzyme Inhibitors,False,False
4019,,0205051I0AACACA,Enalapril Mal,Enalapril Mal_Oral Susp 10mg/5ml,Enalapril Maleate,,10 mg/5 ml,Angiotensin-Converting Enzyme Inhibitors,False,False
4020,,0205051I0AACBCB,Enalapril Mal,Enalapril Mal_Oral Susp 1.25mg/5ml,Enalapril Maleate,,25 mg/5 ml,Angiotensin-Converting Enzyme Inhibitors,False,False
4021,,0205051I0BBAAAA,Innovace,Innovace_Tab 2.5mg,Enalapril Maleate,,2.5 mg,Angiotensin-Converting Enzyme Inhibitors,False,False
4022,,0205051I0BBABAB,Innovace,Innovace_Tab 5mg,Enalapril Maleate,,5 mg,Angiotensin-Converting Enzyme Inhibitors,False,False
4023,,0205051I0BBACAC,Innovace,Innovace_Tab 10mg,Enalapril Maleate,,10 mg,Angiotensin-Converting Enzyme Inhibitors,False,False
4024,,0205051I0BBADAD,Innovace,Innovace_Tab 20mg,Enalapril Maleate,,20 mg,Angiotensin-Converting Enzyme Inhibitors,False,False
4025,,0205051I0BBAEAF,Innovace,Innovace_Titration Pack (Tab 2.5mg/5mg),Enalapril Maleate,,2.5 mg,Angiotensin-Converting Enzyme Inhibitors,False,False
4026,,0205051I0BBAFBH,Innovace,Innovace_Melt Wafer 2.5mg,Enalapril Maleate,,2.5 mg,Angiotensin-Converting Enzyme Inhibitors,False,False
4027,,0205051I0BBAGBI,Innovace,Innovace_Melt Wafer 5mg,Enalapril Maleate,,5 mg,Angiotensin-Converting Enzyme Inhibitors,False,False
4028,,0205051I0BBAHBJ,Innovace,Innovace_Melt Wafer 10mg,Enalapril Maleate,,10 mg,Angiotensin-Converting Enzyme Inhibitors,False,False
4029,,0205051I0BBAIBK,Innovace,Innovace_Melt Wafer 20mg,Enalapril Maleate,,20 mg,Angiotensin-Converting Enzyme Inhibitors,False,False
4030,,0205051I0BCAAAB,Renitec,Renitec_Tab 5mg,Enalapril Maleate,,5 mg,Angiotensin-Converting Enzyme Inhibitors,False,False
4031,,0205051I0BCABAD,Renitec,Renitec_Tab 20mg,Enalapril Maleate,,20 mg,Angiotensin-Converting Enzyme Inhibitors,False,False
4032,,0205051I0BDAAAB,Enapren,Enapren_Tab 5mg,Enalapril Maleate,,5 mg,Angiotensin-Converting Enzyme Inhibitors,False,False
4033,,0205051I0BEAAAA,Pralenal,Pralenal 2.5_Tab 2.5mg,Enalapril Maleate,,2.5 mg,Angiotensin-Converting Enzyme Inhibitors,False,False
4034,,0205051I0BEABAB,Pralenal,Pralenal 5_Tab 5mg,Enalapril Maleate,,5 mg,Angiotensin-Converting Enzyme Inhibitors,False,False
4035,,0205051I0BEACAC,Pralenal,Pralenal 10_Tab 10mg,Enalapril Maleate,,10 mg,Angiotensin-Converting Enzyme Inhibitors,False,False
4036,,0205051I0BEADAD,Pralenal,Pralenal 20_Tab 20mg,Enalapril Maleate,,20 mg,Angiotensin-Converting Enzyme Inhibitors,False,False
4037,,0205051I0BFAAAA,Ednyt,Ednyt_Tab 2.5mg,Enalapril Maleate,,2.5 mg,Angiotensin-Converting Enzyme Inhibitors,False,False
4038,,0205051I0BFABAB,Ednyt,Ednyt_Tab 5mg,Enalapril Maleate,,5 mg,Angiotensin-Converting Enzyme Inhibitors,False,False
4039,,0205051I0BFACAC,Ednyt,Ednyt_Tab 10mg,Enalapril Maleate,,10 mg,Angiotensin-Converting Enzyme Inhibitors,False,False
4040,,0205051I0BFADAD,Ednyt,Ednyt_Tab 20mg,Enalapril Maleate,,20 mg,Angiotensin-Converting Enzyme Inhibitors,False,False
4041,,0205051J0AAAAAA,Fosinopril Sod,Fosinopril Sod_Tab 10mg,Fosinopril Sodium,,10 mg,Angiotensin-Converting Enzyme Inhibitors,False,False
4042,,0205051J0AAABAB,Fosinopril Sod,Fosinopril Sod_Tab 20mg,Fosinopril Sodium,,20 mg,Angiotensin-Converting Enzyme Inhibitors,False,False
4043,,0205051J0AAACAC,Fosinopril Sod,Fosinopril Sod_Liq Spec 20mg/5ml,Fosinopril Sodium,,20 mg/5 ml,Angiotensin-Converting Enzyme Inhibitors,False,False
4044,,0205051J0BBAAAA,Staril,Staril_Tab 10mg,Fosinopril Sodium,,10 mg,Angiotensin-Converting Enzyme Inhibitors,False,False
4045,,0205051J0BBABAB,Staril,Staril_Tab 20mg,Fosinopril Sodium,,20 mg,Angiotensin-Converting Enzyme Inhibitors,False,False
4046,,0205051J0BCAAAB,Fositens,Fositens_Tab 20mg,Fosinopril Sodium,,20 mg,Angiotensin-Converting Enzyme Inhibitors,False,False
4047,,0205051J0BDAAAA,Fozitec,Fozitec_Tab 10mg,Fosinopril Sodium,,10 mg,Angiotensin-Converting Enzyme Inhibitors,False,False
4048,,0205051K0AAAAAA,Lisinopril/Hydchloroth,Lisinopril/Hydchloroth_Tab 20mg/12.5mg,Lisinopril,,20 mg,Angiotensin-Converting Enzyme Inhibitors,False,True
4049,,0205051K0AAABAB,Lisinopril/Hydchloroth,Lisinopril/Hydchloroth_Tab 10mg/12.5mg,Lisinopril,,10 mg,Angiotensin-Converting Enzyme Inhibitors,False,True
4050,,0205051K0BBAAAA,Zestoretic,Zestoretic 20_Tab,Lisinopril,,,Angiotensin-Converting Enzyme Inhibitors,False,True
4051,,0205051K0BBABAB,Zestoretic,Zestoretic 10_Tab,Lisinopril,,,Angiotensin-Converting Enzyme Inhibitors,False,True
4052,,0205051K0BCAAAA,Carace Plus,Carace 20 Plus_Tab,Lisinopril,,,Angiotensin-Converting Enzyme Inhibitors,False,True
4053,,0205051K0BCABAB,Carace Plus,Carace 10 Plus_Tab,Lisinopril,,,Angiotensin-Converting Enzyme Inhibitors,False,True
4054,,0205051K0BDAAAB,Caralpha,Caralpha_Tab 10mg/12.5mg,Lisinopril,,10 mg,Angiotensin-Converting Enzyme Inhibitors,False,True
4055,,0205051K0BDABAA,Caralpha,Caralpha_Tab 20mg/12.5mg,Lisinopril,,20 mg,Angiotensin-Converting Enzyme Inhibitors,False,True
4056,,0205051K0BEAAAB,Lisicostad,Lisicostad_Tab 10mg/12.5mg,Lisinopril,,10 mg,Angiotensin-Converting Enzyme Inhibitors,False,True
4057,,0205051K0BEABAA,Lisicostad,Lisicostad_Tab 20mg/12.5mg,Lisinopril,,20 mg,Angiotensin-Converting Enzyme Inhibitors,False,True
4058,,0205051L0AAAAAA,Lisinopril,Lisinopril_Tab 2.5mg,Lisinopril,,2.5 mg,Angiotensin-Converting Enzyme Inhibitors,False,False
4059,,0205051L0AAABAB,Lisinopril,Lisinopril_Tab 5mg,Lisinopril,,5 mg,Angiotensin-Converting Enzyme Inhibitors,False,False
4060,,0205051L0AAACAC,Lisinopril,Lisinopril_Tab 10mg,Lisinopril,,10 mg,Angiotensin-Converting Enzyme Inhibitors,False,False
4061,,0205051L0AAADAD,Lisinopril,Lisinopril_Tab 20mg,Lisinopril,,20 mg,Angiotensin-Converting Enzyme Inhibitors,False,False
4062,,0205051L0AAAEAE,Lisinopril,Lisinopril_Oral Liq @spec,Lisinopril,,,Angiotensin-Converting Enzyme Inhibitors,False,False
4063,,0205051L0AAAFAF,Lisinopril,Lisinopril_Liq Spec 20mg/5ml,Lisinopril,,20 mg/5 ml,Angiotensin-Converting Enzyme Inhibitors,False,False
4064,,0205051L0AAAGAG,Lisinopril,Lisinopril_Liq Spec 5mg/5ml,Lisinopril,,5 mg/5 ml,Angiotensin-Converting Enzyme Inhibitors,False,False
4065,,0205051L0AAAHAH,Lisinopril,Lisinopril_Liq Spec 10mg/5ml,Lisinopril,,10 mg/5 ml,Angiotensin-Converting Enzyme Inhibitors,False,False
4066,,0205051L0AAAIAI,Lisinopril,Lisinopril_Liq Spec 2.5mg/5ml,Lisinopril,,5 mg/5 ml,Angiotensin-Converting Enzyme Inhibitors,False,False
4067,,0205051L0AAAJAJ,Lisinopril,Lisinopril_Liq Spec 30mg/5ml,Lisinopril,,30 mg/5 ml,Angiotensin-Converting Enzyme Inhibitors,False,False
4068,,0205051L0AAAKAK,Lisinopril,Lisinopril_Liq Spec 15mg/5ml,Lisinopril,,15 mg/5 ml,Angiotensin-Converting Enzyme Inhibitors,False,False
4069,,0205051L0AAALAL,Lisinopril,Lisinopril_Tab 5mg                   @gn,Lisinopril,,5 mg,Angiotensin-Converting Enzyme Inhibitors,False,False
4070,,0205051L0AAAMAM,Lisinopril,Lisinopril_Liq Spec 500mcg/5ml,Lisinopril,,,Angiotensin-Converting Enzyme Inhibitors,False,False
4071,,0205051L0AAANAN,Lisinopril,Lisinopril_Liq Spec 7.5mg/5ml,Lisinopril,,5 mg/5 ml,Angiotensin-Converting Enzyme Inhibitors,False,False
4072,,0205051L0AAAPAP,Lisinopril,Lisinopril_Tab 10mg                  @gn,Lisinopril,,10 mg,Angiotensin-Converting Enzyme Inhibitors,False,False
4073,,0205051L0AAAQAQ,Lisinopril,Lisinopril_Oral Soln 5mg/5ml S/F,Lisinopril,,5 mg/5 ml,Angiotensin-Converting Enzyme Inhibitors,False,False
4074,,0205051L0AAARAR,Lisinopril,Lisinopril_Liq Spec 40mg/5ml,Lisinopril,,40 mg/5 ml,Angiotensin-Converting Enzyme Inhibitors,False,False
4075,,0205051L0AAASAS,Lisinopril,Lisinopril_Liq Spec 37.5mg/5ml,Lisinopril,,5 mg/5 ml,Angiotensin-Converting Enzyme Inhibitors,False,False
4076,,0205051L0AAATAT,Lisinopril,Lisinopril_Liq Spec 14mg/5ml,Lisinopril,,14 mg/5 ml,Angiotensin-Converting Enzyme Inhibitors,False,False
4077,,0205051L0AAAUAU,Lisinopril,Lisinopril_Oral Soln 5mg/5ml,Lisinopril,,5 mg/5 ml,Angiotensin-Converting Enzyme Inhibitors,False,False
4078,,0205051L0AAAVAV,Lisinopril,Lisinopril_Oral Susp 5mg/5ml,Lisinopril,,5 mg/5 ml,Angiotensin-Converting Enzyme Inhibitors,False,False
4079,,0205051L0AAAWAW,Lisinopril,Lisinopril_Oral Soln 2.5mg/5ml,Lisinopril,,5 mg/5 ml,Angiotensin-Converting Enzyme Inhibitors,False,False
4080,,0205051L0AAAXAX,Lisinopril,Lisinopril_Oral Susp 2.5mg/5ml,Lisinopril,,5 mg/5 ml,Angiotensin-Converting Enzyme Inhibitors,False,False
4081,,0205051L0AAAYAY,Lisinopril,Lisinopril_Oral Soln 20mg/5ml,Lisinopril,,20 mg/5 ml,Angiotensin-Converting Enzyme Inhibitors,False,False
4082,,0205051L0AAAZAZ,Lisinopril,Lisinopril_Oral Susp 20mg/5ml,Lisinopril,,20 mg/5 ml,Angiotensin-Converting Enzyme Inhibitors,False,False
4083,,0205051L0BBAAAA,Zestril,Zestril_Tab 2.5mg,Lisinopril,,2.5 mg,Angiotensin-Converting Enzyme Inhibitors,False,False
4084,,0205051L0BBABAB,Zestril,Zestril_Tab 5mg,Lisinopril,,5 mg,Angiotensin-Converting Enzyme Inhibitors,False,False
4085,,0205051L0BBACAC,Zestril,Zestril_Tab 10mg,Lisinopril,,10 mg,Angiotensin-Converting Enzyme Inhibitors,False,False
4086,,0205051L0BBADAD,Zestril,Zestril_Tab 20mg,Lisinopril,,20 mg,Angiotensin-Converting Enzyme Inhibitors,False,False
4087,,0205051L0BCAAAA,Carace,Carace_Tab 2.5mg,Lisinopril,,2.5 mg,Angiotensin-Converting Enzyme Inhibitors,False,False
4088,,0205051L0BCABAB,Carace,Carace_Tab 5mg,Lisinopril,,5 mg,Angiotensin-Converting Enzyme Inhibitors,False,False
4089,,0205051L0BCACAC,Carace,Carace_Tab 10mg,Lisinopril,,10 mg,Angiotensin-Converting Enzyme Inhibitors,False,False
4090,,0205051L0BCADAD,Carace,Carace_Tab 20mg,Lisinopril,,20 mg,Angiotensin-Converting Enzyme Inhibitors,False,False
4091,,0205051L0BDAAAA,Acemin,Acemin_Tab 2.5mg,Lisinopril,,2.5 mg,Angiotensin-Converting Enzyme Inhibitors,False,False
4092,,0205051L0BEAAAA,Lisopress,Lisopress_Tab 2.5mg,Lisinopril,,2.5 mg,Angiotensin-Converting Enzyme Inhibitors,False,False
4093,,0205051L0BEABAB,Lisopress,Lisopress_Tab 5mg,Lisinopril,,5 mg,Angiotensin-Converting Enzyme Inhibitors,False,False
4094,,0205051L0BEACAC,Lisopress,Lisopress_Tab 10mg,Lisinopril,,10 mg,Angiotensin-Converting Enzyme Inhibitors,False,False
4095,,0205051L0BEADAD,Lisopress,Lisopress_Tab 20mg,Lisinopril,,20 mg,Angiotensin-Converting Enzyme Inhibitors,False,False
4096,,0205051M0AAAAAA,Perindopril Erbumine,Perindopril Erbumine_Tab 2mg,Perindopril,,2 mg,Angiotensin-Converting Enzyme Inhibitors,False,False
4097,,0205051M0AAABAB,Perindopril Erbumine,Perindopril Erbumine_Tab 4mg,Perindopril,,4 mg,Angiotensin-Converting Enzyme Inhibitors,False,False
4098,,0205051M0AAACAC,Perindopril Erbumine,Perindopril Erbumine_Liq Spec 1mg/5ml,Perindopril,,1 mg/5 ml,Angiotensin-Converting Enzyme Inhibitors,False,False
4099,,0205051M0AAADAD,Perindopril Erbumine,Perindopril Erbumine_Liq Spec 2mg/5ml,Perindopril,,2 mg/5 ml,Angiotensin-Converting Enzyme Inhibitors,False,False
4100,,0205051M0AAAEAE,Perindopril Erbumine,Perindopril Erbumine_Tab 4mg         @gn,Perindopril,,4 mg,Angiotensin-Converting Enzyme Inhibitors,False,False
4101,,0205051M0AAAFAF,Perindopril Erbumine,Perindopril Erbumine_Tab 8mg,Perindopril,,8 mg,Angiotensin-Converting Enzyme Inhibitors,False,False
4102,,0205051M0AAAGAG,Perindopril Erbumine,Perindopril Erbumine_Liq Spec 4mg/5ml,Perindopril,,4 mg/5 ml,Angiotensin-Converting Enzyme Inhibitors,False,False
4103,,0205051M0AAAHAH,Perindopril Erbumine,Perindopril Erbumine_Liq Spec 8mg/5ml,Perindopril,,8 mg/5 ml,Angiotensin-Converting Enzyme Inhibitors,False,False
4104,,0205051M0AAAIAI,Perindopril Erbumine,Perindopril Erbumine_Pdr Sach 4mg,Perindopril,,4 mg,Angiotensin-Converting Enzyme Inhibitors,False,False
4105,,0205051M0AAAJAJ,Perindopril Erbumine,Perindopril Erbumine_Pdr Sach 2mg,Perindopril,,2 mg,Angiotensin-Converting Enzyme Inhibitors,False,False
4106,,0205051M0AAAKAK,Perindopril Erbumine,Perindopril Erbumine_Oral Soln 4mg/5ml,Perindopril,,4 mg/5 ml,Angiotensin-Converting Enzyme Inhibitors,False,False
4107,,0205051M0AAALAL,Perindopril Erbumine,Perindopril Erbumine_Oral Susp 4mg/5ml,Perindopril,,4 mg/5 ml,Angiotensin-Converting Enzyme Inhibitors,False,False
4108,,0205051M0AAAMAM,Perindopril Erbumine,Perindopril Erbumine_Oral Soln 3mg/5ml,Perindopril,,3 mg/5 ml,Angiotensin-Converting Enzyme Inhibitors,False,False
4109,,0205051M0BBAAAA,Coversyl,Coversyl_Tab 2mg,Perindopril,,2 mg,Angiotensin-Converting Enzyme Inhibitors,False,False
4110,,0205051M0BBABAB,Coversyl,Coversyl_Tab 4mg,Perindopril,,4 mg,Angiotensin-Converting Enzyme Inhibitors,False,False
4111,,0205051M0BBACAF,Coversyl,Coversyl_Tab 8mg,Perindopril,,8 mg,Angiotensin-Converting Enzyme Inhibitors,False,False
4112,,0205051N0AAAAAA,Perindopril Erbumine/Indapamide,Perindopril Erbum/Indapam_Tab 4mg/1.25mg,Perindopril,,4 mg,Angiotensin-Converting Enzyme Inhibitors,False,True
4113,,0205051N0BBAAAA,Coversyl Plus,Coversyl Plus_Tab,Perindopril,,,Angiotensin-Converting Enzyme Inhibitors,False,True
4114,,0205051P0AAAAAA,Quinapril HCl/Hydchloroth,Quinapril HCl/Hydchloroth_Tab 10/12.5mg,Quinapril Hydrochloride,,12.5 mg,Angiotensin-Converting Enzyme Inhibitors,False,True
4115,,0205051P0BBAAAA,Accuretic,Accuretic_Tab 10mg/12.5mg,Quinapril Hydrochloride,,10 mg,Angiotensin-Converting Enzyme Inhibitors,False,True
4116,,0205051Q0AAAAAA,Quinapril HCl,Quinapril HCl_Tab 5mg,Quinapril Hydrochloride,,5 mg,Angiotensin-Converting Enzyme Inhibitors,False,False
4117,,0205051Q0AAABAB,Quinapril HCl,Quinapril HCl_Tab 10mg,Quinapril Hydrochloride,,10 mg,Angiotensin-Converting Enzyme Inhibitors,False,False
4118,,0205051Q0AAACAC,Quinapril HCl,Quinapril HCl_Tab 20mg,Quinapril Hydrochloride,,20 mg,Angiotensin-Converting Enzyme Inhibitors,False,False
4119,,0205051Q0AAADAD,Quinapril HCl,Quinapril HCl_Tab 40mg,Quinapril Hydrochloride,,40 mg,Angiotensin-Converting Enzyme Inhibitors,False,False
4120,,0205051Q0BBAAAA,Accupro,Accupro_Tab 5mg,Quinapril Hydrochloride,,5 mg,Angiotensin-Converting Enzyme Inhibitors,False,False
4121,,0205051Q0BBABAB,Accupro,Accupro_Tab 10mg,Quinapril Hydrochloride,,10 mg,Angiotensin-Converting Enzyme Inhibitors,False,False
4122,,0205051Q0BBACAC,Accupro,Accupro_Tab 20mg,Quinapril Hydrochloride,,20 mg,Angiotensin-Converting Enzyme Inhibitors,False,False
4123,,0205051Q0BBADAD,Accupro,Accupro_Tab 40mg,Quinapril Hydrochloride,,40 mg,Angiotensin-Converting Enzyme Inhibitors,False,False
4124,,0205051Q0BCAAAA,Quinil,Quinil_Tab 5mg,Quinapril Hydrochloride,,5 mg,Angiotensin-Converting Enzyme Inhibitors,False,False
4125,,0205051Q0BCABAB,Quinil,Quinil_Tab 10mg,Quinapril Hydrochloride,,10 mg,Angiotensin-Converting Enzyme Inhibitors,False,False
4126,,0205051Q0BCACAC,Quinil,Quinil_Tab 20mg,Quinapril Hydrochloride,,20 mg,Angiotensin-Converting Enzyme Inhibitors,False,False
4127,,0205051Q0BCADAD,Quinil,Quinil_Tab 40mg,Quinapril Hydrochloride,,40 mg,Angiotensin-Converting Enzyme Inhibitors,False,False
4128,,0205051R0AAAAAA,Ramipril,Ramipril_Cap 1.25mg,Ramipril,,1.25 mg,Angiotensin-Converting Enzyme Inhibitors,False,False
4129,,0205051R0AAABAB,Ramipril,Ramipril_Cap 2.5mg,Ramipril,,2.5 mg,Angiotensin-Converting Enzyme Inhibitors,False,False
4130,,0205051R0AAACAC,Ramipril,Ramipril_Cap 5mg,Ramipril,,5 mg,Angiotensin-Converting Enzyme Inhibitors,False,False
4131,,0205051R0AAADAD,Ramipril,Ramipril_Cap 10mg,Ramipril,,10 mg,Angiotensin-Converting Enzyme Inhibitors,False,False
4132,,0205051R0AAAEAE,Ramipril,Ramipril_Liq Spec 5mg/5ml,Ramipril,,5 mg/5 ml,Angiotensin-Converting Enzyme Inhibitors,False,False
4133,,0205051R0AAAFAF,Ramipril,Ramipril_Liq Spec 2.5mg/5ml,Ramipril,,5 mg/5 ml,Angiotensin-Converting Enzyme Inhibitors,False,False
4134,,0205051R0AAAGAG,Ramipril,Ramipril_Liq Spec 1.25mg/5ml,Ramipril,,25 mg/5 ml,Angiotensin-Converting Enzyme Inhibitors,False,False
4135,,0205051R0AAAHAH,Ramipril,Ramipril_Liq Spec 10mg/5ml,Ramipril,,10 mg/5 ml,Angiotensin-Converting Enzyme Inhibitors,False,False
4136,,0205051R0AAAIAI,Ramipril,Ramipril_Titration Pack (Cap 2.5/5/10mg),Ramipril,,10 mg,Angiotensin-Converting Enzyme Inhibitors,False,False
4137,,0205051R0AAAJAJ,Ramipril,Ramipril_Liq Spec 750mcg/5ml,Ramipril,,,Angiotensin-Converting Enzyme Inhibitors,False,False
4138,,0205051R0AAAKAK,Ramipril,Ramipril_Tab 1.25mg,Ramipril,,1.25 mg,Angiotensin-Converting Enzyme Inhibitors,False,False
4139,,0205051R0AAALAL,Ramipril,Ramipril_Tab 2.5mg,Ramipril,,2.5 mg,Angiotensin-Converting Enzyme Inhibitors,False,False
4140,,0205051R0AAAMAM,Ramipril,Ramipril_Tab 5mg,Ramipril,,5 mg,Angiotensin-Converting Enzyme Inhibitors,False,False
4141,,0205051R0AAANAN,Ramipril,Ramipril_Tab 10mg,Ramipril,,10 mg,Angiotensin-Converting Enzyme Inhibitors,False,False
4142,,0205051R0AAAPAP,Ramipril,Ramipril_Tab 1.25mg                  @gn,Ramipril,,1.25 mg,Angiotensin-Converting Enzyme Inhibitors,False,False
4143,,0205051R0AAAQAQ,Ramipril,Ramipril_Tab 2.5mg                   @gn,Ramipril,,2.5 mg,Angiotensin-Converting Enzyme Inhibitors,False,False
4144,,0205051R0AAARAR,Ramipril,Ramipril_Tab 5mg                     @gn,Ramipril,,5 mg,Angiotensin-Converting Enzyme Inhibitors,False,False
4145,,0205051R0AAASAS,Ramipril,Ramipril_Tab 10mg                    @gn,Ramipril,,10 mg,Angiotensin-Converting Enzyme Inhibitors,False,False
4146,,0205051R0AAATAT,Ramipril,Ramipril_Oral Soln 2.5mg/5ml S/F,Ramipril,,5 mg/5 ml,Angiotensin-Converting Enzyme Inhibitors,False,False
4147,,0205051R0AAAUAU,Ramipril,Ramipril_Titration Pack (Tab 2.5/5/10mg),Ramipril,,10 mg,Angiotensin-Converting Enzyme Inhibitors,False,False
4148,,0205051R0AAAVAV,Ramipril,Ramipril_Oral Soln 2.5mg/5ml,Ramipril,,5 mg/5 ml,Angiotensin-Converting Enzyme Inhibitors,False,False
4149,,0205051R0AAAWAW,Ramipril,Ramipril_Oral Susp 2.5mg/5ml,Ramipril,,5 mg/5 ml,Angiotensin-Converting Enzyme Inhibitors,False,False
4150,,0205051R0AAAXAX,Ramipril,Ramipril_Oral Soln 5mg/5ml,Ramipril,,5 mg/5 ml,Angiotensin-Converting Enzyme Inhibitors,False,False
4151,,0205051R0AAAYAY,Ramipril,Ramipril_Oral Susp 5mg/5ml,Ramipril,,5 mg/5 ml,Angiotensin-Converting Enzyme Inhibitors,False,False
4152,,0205051R0BBAAAA,Tritace,Tritace_Cap 1.25mg,Ramipril,,1.25 mg,Angiotensin-Converting Enzyme Inhibitors,False,False
4153,,0205051R0BBABAB,Tritace,Tritace_Cap 2.5mg,Ramipril,,2.5 mg,Angiotensin-Converting Enzyme Inhibitors,False,False
4154,,0205051R0BBACAC,Tritace,Tritace_Cap 5mg,Ramipril,,5 mg,Angiotensin-Converting Enzyme Inhibitors,False,False
4155,,0205051R0BBADAD,Tritace,Tritace_Cap 10mg,Ramipril,,10 mg,Angiotensin-Converting Enzyme Inhibitors,False,False
4156,,0205051R0BBAEAI,Tritace,Tritace_Titration Pack (Cap 2.5/5/10mg),Ramipril,,10 mg,Angiotensin-Converting Enzyme Inhibitors,False,False
4157,,0205051R0BBAFAK,Tritace,Tritace_Tab 1.25mg,Ramipril,,1.25 mg,Angiotensin-Converting Enzyme Inhibitors,False,False
4158,,0205051R0BBAGAL,Tritace,Tritace_Tab 2.5mg,Ramipril,,2.5 mg,Angiotensin-Converting Enzyme Inhibitors,False,False
4159,,0205051R0BBAHAM,Tritace,Tritace_Tab 5mg,Ramipril,,5 mg,Angiotensin-Converting Enzyme Inhibitors,False,False
4160,,0205051R0BBAIAN,Tritace,Tritace_Tab 10mg,Ramipril,,10 mg,Angiotensin-Converting Enzyme Inhibitors,False,False
4161,,0205051R0BBAJAU,Tritace,Tritace_Titration Pack (Tab 2.5/5/10mg),Ramipril,,10 mg,Angiotensin-Converting Enzyme Inhibitors,False,False
4162,,0205051R0BCAAAB,Lopace,Lopace_Cap 2.5mg,Ramipril,,2.5 mg,Angiotensin-Converting Enzyme Inhibitors,False,False
4163,,0205051R0BCABAC,Lopace,Lopace_Cap 5mg,Ramipril,,5 mg,Angiotensin-Converting Enzyme Inhibitors,False,False
4164,,0205051R0BCACAD,Lopace,Lopace_Cap 10mg,Ramipril,,10 mg,Angiotensin-Converting Enzyme Inhibitors,False,False
4165,,0205051R0BDAAAA,Ranace,Ranace_Cap 1.25mg,Ramipril,,1.25 mg,Angiotensin-Converting Enzyme Inhibitors,False,False
4166,,0205051R0BDABAB,Ranace,Ranace_Cap 2.5mg,Ramipril,,2.5 mg,Angiotensin-Converting Enzyme Inhibitors,False,False
4167,,0205051R0BDACAC,Ranace,Ranace_Cap 5mg,Ramipril,,5 mg,Angiotensin-Converting Enzyme Inhibitors,False,False
4168,,0205051R0BDADAD,Ranace,Ranace_Cap 10mg,Ramipril,,10 mg,Angiotensin-Converting Enzyme Inhibitors,False,False
4169,,0205051S0AAAAAA,Felodipine/Ramipril,Felodipine/Ramipril_Tab 2.5mg/2.5mg M/R,Ramipril,,2.5 mg,Angiotensin-Converting Enzyme Inhibitors,True,False
4170,,0205051S0AAABAB,Felodipine/Ramipril,Felodipine/Ramipril_Tab 5mg/5mg M/R,Ramipril,,5 mg,Angiotensin-Converting Enzyme Inhibitors,True,False
4171,,0205051S0BBAAAA,Triapin,Triapin_Tab 2.5mg/2.5mg M/R,Ramipril,,2.5 mg,Angiotensin-Converting Enzyme Inhibitors,True,False
4172,,0205051S0BBABAB,Triapin,Triapin_Tab 5mg/5mg M/R,Ramipril,,5 mg,Angiotensin-Converting Enzyme Inhibitors,True,False
4173,,0205051U0AAAAAA,Trandolapril,Trandolapril_Cap 500mcg,Trandolapril,,,Angiotensin-Converting Enzyme Inhibitors,False,False
4174,,0205051U0AAABAB,Trandolapril,Trandolapril_Cap 1mg,Trandolapril,,1 mg,Angiotensin-Converting Enzyme Inhibitors,False,False
4175,,0205051U0AAACAC,Trandolapril,Trandolapril_Cap 2mg,Trandolapril,,2 mg,Angiotensin-Converting Enzyme Inhibitors,False,False
4176,,0205051U0AAADAD,Trandolapril,Trandolapril_Cap 500mcg              @gn,Trandolapril,,,Angiotensin-Converting Enzyme Inhibitors,False,False
4177,,0205051U0AAAEAE,Trandolapril,Trandolapril_Cap 2mg                 @gn,Trandolapril,,2 mg,Angiotensin-Converting Enzyme Inhibitors,False,False
4178,,0205051U0AAAFAF,Trandolapril,Trandolapril_Cap 4mg,Trandolapril,,4 mg,Angiotensin-Converting Enzyme Inhibitors,False,False
4179,,0205051U0AAAGAG,Trandolapril,Trandolapril_Liq Spec 2mg/5ml,Trandolapril,,2 mg/5 ml,Angiotensin-Converting Enzyme Inhibitors,False,False
4180,,0205051U0BBAAAA,Gopten,Gopten_Cap 500mcg,Trandolapril,,,Angiotensin-Converting Enzyme Inhibitors,False,False
4181,,0205051U0BBABAB,Gopten,Gopten_Cap 1mg,Trandolapril,,1 mg,Angiotensin-Converting Enzyme Inhibitors,False,False
4182,,0205051U0BBACAC,Gopten,Gopten_Cap 2mg,Trandolapril,,2 mg,Angiotensin-Converting Enzyme Inhibitors,False,False
4183,,0205051U0BBADAF,Gopten,Gopten_Cap 4mg,Trandolapril,,4 mg,Angiotensin-Converting Enzyme Inhibitors,False,False
4184,,0205051U0BCAAAA,Odrik,Odrik_Cap 500mcg,Trandolapril,,,Angiotensin-Converting Enzyme Inhibitors,False,False
4185,,0205051U0BCABAB,Odrik,Odrik_Cap 1mg,Trandolapril,,1 mg,Angiotensin-Converting Enzyme Inhibitors,False,False
4186,,0205051U0BCACAC,Odrik,Odrik_Cap 2mg,Trandolapril,,2 mg,Angiotensin-Converting Enzyme Inhibitors,False,False
4187,,0205051V0AAAAAA,Trandolapril/Verapamil HCl,Gppe Cap_Tarka,Trandolapril,,,Angiotensin-Converting Enzyme Inhibitors,True,False
4188,,0205051V0BBAAAA,Tarka,Tarka_Cap,Trandolapril,,,Angiotensin-Converting Enzyme Inhibitors,True,False
4189,,0205051W0AAAAAA,Imidapril HCl,Imidapril HCl_Tab 10mg,Imidapril Hydrochloride,,10 mg,Angiotensin-Converting Enzyme Inhibitors,False,False
4190,,0205051W0AAABAB,Imidapril HCl,Imidapril HCl_Tab 5mg,Imidapril Hydrochloride,,5 mg,Angiotensin-Converting Enzyme Inhibitors,False,False
4191,,0205051W0AAACAC,Imidapril HCl,Imidapril HCl_Tab 20mg,Imidapril Hydrochloride,,20 mg,Angiotensin-Converting Enzyme Inhibitors,False,False
4192,,0205051W0BBAAAA,Tanatril,Tanatril_Tab 10mg,Imidapril Hydrochloride,,10 mg,Angiotensin-Converting Enzyme Inhibitors,False,False
4193,,0205051W0BBABAB,Tanatril,Tanatril_Tab 5mg,Imidapril Hydrochloride,,5 mg,Angiotensin-Converting Enzyme Inhibitors,False,False
4194,,0205051W0BBACAC,Tanatril,Tanatril_Tab 20mg,Imidapril Hydrochloride,,20 mg,Angiotensin-Converting Enzyme Inhibitors,False,False
4195,,0205051X0AAAAAA,Benazepril HCl,Benazepril HCl_Tab 5mg,Benazepril Hydrochloride,,5 mg,Angiotensin-Converting Enzyme Inhibitors,False,False
4196,,0205051X0BBAAAA,Cibacen,Cibacen_Tab 5mg,Benazepril Hydrochloride,,5 mg,Angiotensin-Converting Enzyme Inhibitors,False,False
4197,,0205051Y0AAAAAA,Perindopril Arginine,Perindopril Arginine_Tab 2.5mg,Perindopril,,2.5 mg,Angiotensin-Converting Enzyme Inhibitors,False,False
4198,,0205051Y0AAABAB,Perindopril Arginine,Perindopril Arginine_Tab 5mg,Perindopril,,5 mg,Angiotensin-Converting Enzyme Inhibitors,False,False
4199,,0205051Y0AAACAC,Perindopril Arginine,Perindopril Arginine_Tab 10mg,Perindopril,,10 mg,Angiotensin-Converting Enzyme Inhibitors,False,False
4200,,0205051Y0BBAAAA,Coversyl Arginine,Coversyl Arginine_Tab 2.5mg,Perindopril,,2.5 mg,Angiotensin-Converting Enzyme Inhibitors,False,False
4201,,0205051Y0BBABAB,Coversyl Arginine,Coversyl Arginine_Tab 5mg,Perindopril,,5 mg,Angiotensin-Converting Enzyme Inhibitors,False,False
4202,,0205051Y0BBACAC,Coversyl Arginine,Coversyl Arginine_Tab 10mg,Perindopril,,10 mg,Angiotensin-Converting Enzyme Inhibitors,False,False
4203,,0205051Z0AAAAAA,Perindopril Arginine/Indapamide,Perindopril Argin/Indapam_Tab 5mg/1.25mg,Perindopril,,5 mg,Angiotensin-Converting Enzyme Inhibitors,False,True
4204,,0205051Z0BBAAAA,Coversyl Arginine Plus,Coversyl Arginine Plus_Tab,Perindopril,,,Angiotensin-Converting Enzyme Inhibitors,False,True
4205,,0205052A0AAAAAA,Irbesartan/Hydchloroth,Irbesartan/Hydchloroth_Tab 150mg/12.5mg,Irbesartan,,150 mg,Angiotensin-II Receptor Antagonists,False,True
4206,,0205052A0AAABAB,Irbesartan/Hydchloroth,Irbesartan/Hydchloroth_Tab 300mg/12.5mg,Irbesartan,,300 mg,Angiotensin-II Receptor Antagonists,False,True
4207,,0205052A0AAACAC,Irbesartan/Hydchloroth,Irbesartan/Hydchloroth_Tab 300mg/25mg,Irbesartan,,300 mg,Angiotensin-II Receptor Antagonists,False,True
4208,,0205052A0BBAAAA,CoAprovel,CoAprovel_Tab 150mg/12.5mg,Irbesartan,,150 mg,Angiotensin-II Receptor Antagonists,False,True
4209,,0205052A0BBABAB,CoAprovel,CoAprovel_Tab 300mg/12.5mg,Irbesartan,,300 mg,Angiotensin-II Receptor Antagonists,False,True
4210,,0205052A0BBACAC,CoAprovel,CoAprovel_Tab 300mg/25mg,Irbesartan,,300 mg,Angiotensin-II Receptor Antagonists,False,True
4211,,0205052ABAAAAAA,Olmesartan Medoxomil/Amlodipine,Olmesartan Medox/Amlodipine_Tab 20mg/5mg,Olmesartan,,20 mg,Angiotensin-II Receptor Antagonists,True,False
4212,,0205052ABAAABAB,Olmesartan Medoxomil/Amlodipine,Olmesartan Medox/Amlodipine_Tab 40mg/5mg,Olmesartan,,40 mg,Angiotensin-II Receptor Antagonists,True,False
4213,,0205052ABAAACAC,Olmesartan Medoxomil/Amlodipine,Olmesartan Medox/Amlodipine_Tab40mg/10mg,Olmesartan,,40 mg,Angiotensin-II Receptor Antagonists,True,False
4214,,0205052ABBBAAAA,Sevikar,Sevikar_Tab 20mg/5mg,Olmesartan,,20 mg,Angiotensin-II Receptor Antagonists,True,False
4215,,0205052ABBBABAB,Sevikar,Sevikar_Tab 40mg/5mg,Olmesartan,,40 mg,Angiotensin-II Receptor Antagonists,True,False
4216,,0205052ABBBACAC,Sevikar,Sevikar_Tab 40mg/10mg,Olmesartan,,40 mg,Angiotensin-II Receptor Antagonists,True,False
4217,,0205052ACAAAAAA,Olmesartan Medox/Amlodipine/Hydchloroth,Olmesartan/Amlodipine/Hydchloroth_Tab,Olmesartan,,,Angiotensin-II Receptor Antagonists,True,True
4218,,0205052ACAAABAB,Olmesartan Medox/Amlodipine/Hydchloroth,Olmesartan/Amlodipine/Hydchloroth_Tab,Olmesartan,,,Angiotensin-II Receptor Antagonists,True,True
4219,,0205052ACAAACAC,Olmesartan Medox/Amlodipine/Hydchloroth,Olmesartan/Amlodipine/Hydchloroth_Tab,Olmesartan,,,Angiotensin-II Receptor Antagonists,True,True
4220,,0205052ACAAADAD,Olmesartan Medox/Amlodipine/Hydchloroth,Olmesartan/Amlodipine/Hydchloroth_Tab,Olmesartan,,,Angiotensin-II Receptor Antagonists,True,True
4221,,0205052ACAAAEAE,Olmesartan Medox/Amlodipine/Hydchloroth,Olmesartan/Amlodipine/Hydchloroth_Tab,Olmesartan,,,Angiotensin-II Receptor Antagonists,True,True
4222,,0205052ACBBAAAA,Sevikar HCT,Sevikar HCT_Tab 20mg/5mg/12.5mg,Olmesartan,,20 mg,Angiotensin-II Receptor Antagonists,True,True
4223,,0205052ACBBABAB,Sevikar HCT,Sevikar HCT_Tab 40mg/5mg/12.5mg,Olmesartan,,40 mg,Angiotensin-II Receptor Antagonists,True,True
4224,,0205052ACBBACAC,Sevikar HCT,Sevikar HCT_Tab 40mg/10mg/12.5mg,Olmesartan,,40 mg,Angiotensin-II Receptor Antagonists,True,True
4225,,0205052ACBBADAD,Sevikar HCT,Sevikar HCT_Tab 40mg/5mg/25mg,Olmesartan,,40 mg,Angiotensin-II Receptor Antagonists,True,True
4226,,0205052ACBBAEAE,Sevikar HCT,Sevikar HCT_Tab 40mg/10mg/25mg,Olmesartan,,40 mg,Angiotensin-II Receptor Antagonists,True,True
4227,,0205052ADAAAAAA,Azilsartan Medoxomil,Azilsartan Medoxomil_Tab 20mg,Azilsartan Medoxomil,,20 mg,Angiotensin-II Receptor Antagonists,False,False
4228,,0205052ADAAABAB,Azilsartan Medoxomil,Azilsartan Medoxomil_Tab 40mg,Azilsartan Medoxomil,,40 mg,Angiotensin-II Receptor Antagonists,False,False
4229,,0205052ADAAACAC,Azilsartan Medoxomil,Azilsartan Medoxomil_Tab 80mg,Azilsartan Medoxomil,,80 mg,Angiotensin-II Receptor Antagonists,False,False
4230,,0205052ADBBAAAA,Edarbi,Edarbi_Tab 20mg,Azilsartan Medoxomil,,20 mg,Angiotensin-II Receptor Antagonists,False,False
4231,,0205052ADBBABAB,Edarbi,Edarbi_Tab 40mg,Azilsartan Medoxomil,,40 mg,Angiotensin-II Receptor Antagonists,False,False
4232,,0205052ADBBACAC,Edarbi,Edarbi_Tab 80mg,Azilsartan Medoxomil,,80 mg,Angiotensin-II Receptor Antagonists,False,False
4233,,0205052AEAAAAAA,Sacubitril/Valsartan,Sacubitril/Valsartan_Tab 49mg/51mg,Sacubitril/Valsartan,,49 mg,Angiotensin-II Receptor Antagonists,False,False
4234,,0205052AEAAABAB,Sacubitril/Valsartan,Sacubitril/Valsartan_Tab 97mg/103mg,Sacubitril/Valsartan,,97 mg,Angiotensin-II Receptor Antagonists,False,False
4235,,0205052AEAAACAC,Sacubitril/Valsartan,Sacubitril/Valsartan_Tab 24mg/26mg,Sacubitril/Valsartan,,24 mg,Angiotensin-II Receptor Antagonists,False,False
4236,,0205052AEBBAAAA,Entresto,Entresto_Tab 49mg/51mg,Sacubitril/Valsartan,,49 mg,Angiotensin-II Receptor Antagonists,False,False
4237,,0205052AEBBABAB,Entresto,Entresto_Tab 97mg/103mg,Sacubitril/Valsartan,,97 mg,Angiotensin-II Receptor Antagonists,False,False
4238,,0205052AEBBACAC,Entresto,Entresto_Tab 24mg/26mg,Sacubitril/Valsartan,,24 mg,Angiotensin-II Receptor Antagonists,False,False
4239,,0205052B0AAAAAA,Olmesartan Medoxomil,Olmesartan Medoxomil_Tab 10mg,Olmesartan,,10 mg,Angiotensin-II Receptor Antagonists,False,False
4240,,0205052B0AAABAB,Olmesartan Medoxomil,Olmesartan Medoxomil_Tab 20mg,Olmesartan,,20 mg,Angiotensin-II Receptor Antagonists,False,False
4241,,0205052B0AAACAC,Olmesartan Medoxomil,Olmesartan Medoxomil_Tab 40mg,Olmesartan,,40 mg,Angiotensin-II Receptor Antagonists,False,False
4242,,0205052B0AAADAD,Olmesartan Medoxomil,Olmesartan Medoxomil_Liq Spec 10mg/5ml,Olmesartan,,10 mg/5 ml,Angiotensin-II Receptor Antagonists,False,False
4243,,0205052B0BBAAAA,Olmetec,Olmetec_Tab 10mg,Olmesartan,,10 mg,Angiotensin-II Receptor Antagonists,False,False
4244,,0205052B0BBABAB,Olmetec,Olmetec_Tab 20mg,Olmesartan,,20 mg,Angiotensin-II Receptor Antagonists,False,False
4245,,0205052B0BBACAC,Olmetec,Olmetec_Tab 40mg,Olmesartan,,40 mg,Angiotensin-II Receptor Antagonists,False,False
4246,,0205052C0AAAAAA,Candesartan Cilexetil,Candesartan Cilexetil_Tab 2mg,Candesartan Cilexetil,,2 mg,Angiotensin-II Receptor Antagonists,False,False
4247,,0205052C0AAABAB,Candesartan Cilexetil,Candesartan Cilexetil_Tab 4mg,Candesartan Cilexetil,,4 mg,Angiotensin-II Receptor Antagonists,False,False
4248,,0205052C0AAACAC,Candesartan Cilexetil,Candesartan Cilexetil_Tab 8mg,Candesartan Cilexetil,,8 mg,Angiotensin-II Receptor Antagonists,False,False
4249,,0205052C0AAADAD,Candesartan Cilexetil,Candesartan Cilexetil_Tab 16mg,Candesartan Cilexetil,,16 mg,Angiotensin-II Receptor Antagonists,False,False
4250,,0205052C0AAAEAE,Candesartan Cilexetil,Candesartan Cilexetil_Tab 16mg       @gn,Candesartan Cilexetil,,16 mg,Angiotensin-II Receptor Antagonists,False,False
4251,,0205052C0AAAFAF,Candesartan Cilexetil,Candesartan Cilexetil_Tab 4mg        @gn,Candesartan Cilexetil,,4 mg,Angiotensin-II Receptor Antagonists,False,False
4252,,0205052C0AAAGAG,Candesartan Cilexetil,Candesartan Cilexetil_Tab 8mg        @gn,Candesartan Cilexetil,,8 mg,Angiotensin-II Receptor Antagonists,False,False
4253,,0205052C0AAAHAH,Candesartan Cilexetil,Candesartan Cilexetil_Tab 32mg,Candesartan Cilexetil,,32 mg,Angiotensin-II Receptor Antagonists,False,False
4254,,0205052C0AAAIAI,Candesartan Cilexetil,Candesartan Cilexetil_Liq Spec 4mg/5ml,Candesartan Cilexetil,,4 mg/5 ml,Angiotensin-II Receptor Antagonists,False,False
4255,,0205052C0AAAJAJ,Candesartan Cilexetil,Candesartan Cilexetil_Liq Spec 8mg/5ml,Candesartan Cilexetil,,8 mg/5 ml,Angiotensin-II Receptor Antagonists,False,False
4256,,0205052C0BBAAAA,Amias,Amias_Tab 2mg,Candesartan Cilexetil,,2 mg,Angiotensin-II Receptor Antagonists,False,False
4257,,0205052C0BBABAB,Amias,Amias_Tab 4mg,Candesartan Cilexetil,,4 mg,Angiotensin-II Receptor Antagonists,False,False
4258,,0205052C0BBACAC,Amias,Amias_Tab 8mg,Candesartan Cilexetil,,8 mg,Angiotensin-II Receptor Antagonists,False,False
4259,,0205052C0BBADAD,Amias,Amias_Tab 16mg,Candesartan Cilexetil,,16 mg,Angiotensin-II Receptor Antagonists,False,False
4260,,0205052C0BBAEAH,Amias,Amias_Tab 32mg,Candesartan Cilexetil,,32 mg,Angiotensin-II Receptor Antagonists,False,False
4261,,0205052C0BCAAAB,Atacand,Atacand_Tab 4mg,Candesartan Cilexetil,,4 mg,Angiotensin-II Receptor Antagonists,False,False
4262,,0205052C0BCABAC,Atacand,Atacand_Tab 8mg,Candesartan Cilexetil,,8 mg,Angiotensin-II Receptor Antagonists,False,False
4263,,0205052C0BCACAD,Atacand,Atacand_Tab 16mg,Candesartan Cilexetil,,16 mg,Angiotensin-II Receptor Antagonists,False,False
4264,,0205052C0BDAAAD,Ratacand,Ratacand_Tab 16mg,Candesartan Cilexetil,,16 mg,Angiotensin-II Receptor Antagonists,False,False
4265,,0205052C0BDABAC,Ratacand,Ratacand_Tab 8mg,Candesartan Cilexetil,,8 mg,Angiotensin-II Receptor Antagonists,False,False
4266,,0205052C0BDACAB,Ratacand,Ratacand_Tab 4mg,Candesartan Cilexetil,,4 mg,Angiotensin-II Receptor Antagonists,False,False
4267,,0205052I0AAAAAA,Irbesartan,Irbesartan_Tab 75mg,Irbesartan,,75 mg,Angiotensin-II Receptor Antagonists,False,False
4268,,0205052I0AAABAB,Irbesartan,Irbesartan_Tab 150mg,Irbesartan,,150 mg,Angiotensin-II Receptor Antagonists,False,False
4269,,0205052I0AAACAC,Irbesartan,Irbesartan_Tab 300mg,Irbesartan,,300 mg,Angiotensin-II Receptor Antagonists,False,False
4270,,0205052I0AAADAD,Irbesartan,Irbesartan_Tab 150mg                 @gn,Irbesartan,,150 mg,Angiotensin-II Receptor Antagonists,False,False
4271,,0205052I0AAAEAE,Irbesartan,Irbesartan_Tab 300mg                 @gn,Irbesartan,,300 mg,Angiotensin-II Receptor Antagonists,False,False
4272,,0205052I0AAAFAF,Irbesartan,Irbesartan_Liq Spec 150mg/5ml,Irbesartan,,150 mg/5 ml,Angiotensin-II Receptor Antagonists,False,False
4273,,0205052I0AAAGAG,Irbesartan,Irbesartan_Liq Spec 300mg/5ml,Irbesartan,,300 mg/5 ml,Angiotensin-II Receptor Antagonists,False,False
4274,,0205052I0AAAHAH,Irbesartan,Irbesartan_Liq Spec 75mg/5ml,Irbesartan,,75 mg/5 ml,Angiotensin-II Receptor Antagonists,False,False
4275,,0205052I0AAAIAI,Irbesartan,Irbesartan_Pdr Sach 300mg,Irbesartan,,300 mg,Angiotensin-II Receptor Antagonists,False,False
4276,,0205052I0AAAJAJ,Irbesartan,Irbesartan_Oral Pdr Sach 20mg,Irbesartan,,20 mg,Angiotensin-II Receptor Antagonists,False,False
4277,,0205052I0AAAKAK,Irbesartan,Irbesartan_Oral Pdr Sach 30mg,Irbesartan,,30 mg,Angiotensin-II Receptor Antagonists,False,False
4278,,0205052I0AAALAL,Irbesartan,Irbesartan_Oral Pdr Sach 37.5mg,Irbesartan,,37.5 mg,Angiotensin-II Receptor Antagonists,False,False
4279,,0205052I0BBAAAA,Aprovel,Aprovel_Tab 75mg,Irbesartan,,75 mg,Angiotensin-II Receptor Antagonists,False,False
4280,,0205052I0BBABAB,Aprovel,Aprovel_Tab 150mg,Irbesartan,,150 mg,Angiotensin-II Receptor Antagonists,False,False
4281,,0205052I0BBACAC,Aprovel,Aprovel_Tab 300mg,Irbesartan,,300 mg,Angiotensin-II Receptor Antagonists,False,False
4282,,0205052I0BCAAAA,Karvea,Karvea_Tab 75mg,Irbesartan,,75 mg,Angiotensin-II Receptor Antagonists,False,False
4283,,0205052I0BCABAB,Karvea,Karvea_Tab 150mg,Irbesartan,,150 mg,Angiotensin-II Receptor Antagonists,False,False
4284,,0205052I0BCACAC,Karvea,Karvea_Tab 300mg,Irbesartan,,300 mg,Angiotensin-II Receptor Antagonists,False,False
4285,,0205052I0BDAAAA,Sabervel,Sabervel_Tab 75mg,Irbesartan,,75 mg,Angiotensin-II Receptor Antagonists,False,False
4286,,0205052I0BDABAB,Sabervel,Sabervel_Tab 150mg,Irbesartan,,150 mg,Angiotensin-II Receptor Antagonists,False,False
4287,,0205052I0BDACAC,Sabervel,Sabervel_Tab 300mg,Irbesartan,,300 mg,Angiotensin-II Receptor Antagonists,False,False
4288,,0205052I0BEAAAA,Ifirmasta,Ifirmasta_Tab 75mg,Irbesartan,,75 mg,Angiotensin-II Receptor Antagonists,False,False
4289,,0205052I0BEABAB,Ifirmasta,Ifirmasta_Tab 150mg,Irbesartan,,150 mg,Angiotensin-II Receptor Antagonists,False,False
4290,,0205052I0BEACAC,Ifirmasta,Ifirmasta_Tab 300mg,Irbesartan,,300 mg,Angiotensin-II Receptor Antagonists,False,False
4291,,0205052N0AAAAAA,Losartan Pot,Losartan Pot_Tab 25mg,Losartan Potassium,,25 mg,Angiotensin-II Receptor Antagonists,False,False
4292,,0205052N0AAABAB,Losartan Pot,Losartan Pot_Tab 50mg,Losartan Potassium,,50 mg,Angiotensin-II Receptor Antagonists,False,False
4293,,0205052N0AAACAC,Losartan Pot,Losartan Pot_Tab 50mg                @gn,Losartan Potassium,,50 mg,Angiotensin-II Receptor Antagonists,False,False
4294,,0205052N0AAADAD,Losartan Pot,Losartan Pot_Tab 100mg,Losartan Potassium,,100 mg,Angiotensin-II Receptor Antagonists,False,False
4295,,0205052N0AAAEAE,Losartan Pot,Losartan Pot_Oral Soln 50mg/5ml,Losartan Potassium,,50 mg/5 ml,Angiotensin-II Receptor Antagonists,False,False
4296,,0205052N0AAAFAF,Losartan Pot,Losartan Pot_Liq Spec 100mg/5ml,Losartan Potassium,,100 mg/5 ml,Angiotensin-II Receptor Antagonists,False,False
4297,,0205052N0AAAGAG,Losartan Pot,Losartan Pot_Liq Spec 25mg/5ml,Losartan Potassium,,25 mg/5 ml,Angiotensin-II Receptor Antagonists,False,False
4298,,0205052N0AAAHAH,Losartan Pot,Losartan Pot_Tab 12.5mg,Losartan Potassium,,12.5 mg,Angiotensin-II Receptor Antagonists,False,False
4299,,0205052N0AAAIAI,Losartan Pot,Losartan Pot_Oral Susp 12.5mg/5ml S/F,Losartan Potassium,,5 mg/5 ml,Angiotensin-II Receptor Antagonists,False,False
4300,,0205052N0AAAJAJ,Losartan Pot,Losartan Pot_Oral Susp 50mg/5ml,Losartan Potassium,,50 mg/5 ml,Angiotensin-II Receptor Antagonists,False,False
4301,,0205052N0AAAKAK,Losartan Pot,Losartan Pot_Oral Susp 20mg/5ml,Losartan Potassium,,20 mg/5 ml,Angiotensin-II Receptor Antagonists,False,False
4302,,0205052N0BBAAAA,Cozaar,Cozaar_Tab 25mg,Losartan Potassium,,25 mg,Angiotensin-II Receptor Antagonists,False,False
4303,,0205052N0BBABAB,Cozaar,Cozaar_Tab 50mg,Losartan Potassium,,50 mg,Angiotensin-II Receptor Antagonists,False,False
4304,,0205052N0BBACAD,Cozaar,Cozaar_Tab 100mg,Losartan Potassium,,100 mg,Angiotensin-II Receptor Antagonists,False,False
4305,,0205052N0BBADAH,Cozaar,Cozaar_Tab 12.5mg,Losartan Potassium,,12.5 mg,Angiotensin-II Receptor Antagonists,False,False
4306,,0205052N0BBAEAI,Cozaar,Cozaar_Oral Susp 2.5mg/ml,Losartan Potassium,,5 mg/mL,Angiotensin-II Receptor Antagonists,False,False
4307,,0205052N0BCAAAB,Losaprex,Losaprex_Tab 50mg,Losartan Potassium,,50 mg,Angiotensin-II Receptor Antagonists,False,False
4308,,0205052P0AAAAAA,Losartan Pot/Hydchloroth,Losartan Pot/Hydchloroth_Tab 50mg/12.5mg,Losartan Potassium,,50 mg,Angiotensin-II Receptor Antagonists,False,True
4309,,0205052P0AAABAB,Losartan Pot/Hydchloroth,Losartan Pot/Hydchloroth_Tab 100mg/25mg,Losartan Potassium,,100 mg,Angiotensin-II Receptor Antagonists,False,True
4310,,0205052P0AAACAC,Losartan Pot/Hydchloroth,Losartan Pot/Hydchloroth_Tab 100/12.5mg,Losartan Potassium,,12.5 mg,Angiotensin-II Receptor Antagonists,False,True
4311,,0205052P0BBAAAA,Cozaar-Comp,Cozaar-Comp_Tab 50mg/12.5mg,Losartan Potassium,,50 mg,Angiotensin-II Receptor Antagonists,False,True
4312,,0205052P0BBABAB,Cozaar-Comp,Cozaar-Comp_Tab 100mg/25mg,Losartan Potassium,,100 mg,Angiotensin-II Receptor Antagonists,False,True
4313,,0205052P0BBACAC,Cozaar-Comp,Cozaar-Comp_Tab 100mg/12.5mg,Losartan Potassium,,100 mg,Angiotensin-II Receptor Antagonists,False,True
4314,,0205052P0BCAAAA,Hyzaar,Hyzaar_Tab,Losartan Potassium,,,Angiotensin-II Receptor Antagonists,False,True
4315,,0205052Q0AAAAAA,Telmisartan,Telmisartan_Tab 40mg,Telmisartan,,40 mg,Angiotensin-II Receptor Antagonists,False,False
4316,,0205052Q0AAABAB,Telmisartan,Telmisartan_Tab 80mg,Telmisartan,,80 mg,Angiotensin-II Receptor Antagonists,False,False
4317,,0205052Q0AAACAC,Telmisartan,Telmisartan_Tab 20mg,Telmisartan,,20 mg,Angiotensin-II Receptor Antagonists,False,False
4318,,0205052Q0AAADAD,Telmisartan,Telmisartan_Oral Susp 40mg/5ml,Telmisartan,,40 mg/5 ml,Angiotensin-II Receptor Antagonists,False,False
4319,,0205052Q0BBAAAA,Micardis,Micardis_Tab 40mg,Telmisartan,,40 mg,Angiotensin-II Receptor Antagonists,False,False
4320,,0205052Q0BBABAB,Micardis,Micardis_Tab 80mg,Telmisartan,,80 mg,Angiotensin-II Receptor Antagonists,False,False
4321,,0205052Q0BBACAC,Micardis,Micardis_Tab 20mg,Telmisartan,,20 mg,Angiotensin-II Receptor Antagonists,False,False
4322,,0205052Q0BCAAAA,Tolura,Tolura_Tab 40mg,Telmisartan,,40 mg,Angiotensin-II Receptor Antagonists,False,False
4323,,0205052Q0BCABAB,Tolura,Tolura_Tab 80mg,Telmisartan,,80 mg,Angiotensin-II Receptor Antagonists,False,False
4324,,0205052Q0BCACAC,Tolura,Tolura_Tab 20mg,Telmisartan,,20 mg,Angiotensin-II Receptor Antagonists,False,False
4325,,0205052R0AAAAAA,Telmisartan/Hydchloroth,Telmisartan/Hydchloroth_Tab 40mg/12.5mg,Telmisartan,,40 mg,Angiotensin-II Receptor Antagonists,False,True
4326,,0205052R0AAABAB,Telmisartan/Hydchloroth,Telmisartan/Hydchloroth_Tab 80mg/12.5mg,Telmisartan,,80 mg,Angiotensin-II Receptor Antagonists,False,True
4327,,0205052R0AAACAC,Telmisartan/Hydchloroth,Telmisartan/Hydchloroth_Tab 80mg/25mg,Telmisartan,,80 mg,Angiotensin-II Receptor Antagonists,False,True
4328,,0205052R0BBAAAA,MicardisPlus,MicardisPlus_Tab 40mg/12.5mg,Telmisartan,,40 mg,Angiotensin-II Receptor Antagonists,False,True
4329,,0205052R0BBABAB,MicardisPlus,MicardisPlus_Tab 80mg/12.5mg,Telmisartan,,80 mg,Angiotensin-II Receptor Antagonists,False,True
4330,,0205052R0BBACAC,MicardisPlus,MicardisPlus_Tab 80mg/25mg,Telmisartan,,80 mg,Angiotensin-II Receptor Antagonists,False,True
4331,,0205052R0BCAAAA,Actelsar,Actelsar HCT_Tab 40mg/12.5mg,Telmisartan,,40 mg,Angiotensin-II Receptor Antagonists,False,True
4332,,0205052R0BCABAB,Actelsar,Actelsar HCT_Tab 80mg/12.5mg,Telmisartan,,80 mg,Angiotensin-II Receptor Antagonists,False,True
4333,,0205052R0BCACAC,Actelsar,Actelsar HCT_Tab 80mg/25mg,Telmisartan,,80 mg,Angiotensin-II Receptor Antagonists,False,True
4334,,0205052R0BDAAAA,Tolucombi,Tolucombi_Tab 40mg/12.5mg,Telmisartan,,40 mg,Angiotensin-II Receptor Antagonists,False,True
4335,,0205052R0BDABAB,Tolucombi,Tolucombi_Tab 80mg/12.5mg,Telmisartan,,80 mg,Angiotensin-II Receptor Antagonists,False,True
4336,,0205052R0BDACAC,Tolucombi,Tolucombi_Tab 80mg/25mg,Telmisartan,,80 mg,Angiotensin-II Receptor Antagonists,False,True
4337,,0205052V0AAAAAA,Valsartan,Valsartan_Cap 40mg,Valsartan,,40 mg,Angiotensin-II Receptor Antagonists,False,False
4338,,0205052V0AAABAB,Valsartan,Valsartan_Cap 80mg,Valsartan,,80 mg,Angiotensin-II Receptor Antagonists,False,False
4339,,0205052V0AAACAC,Valsartan,Valsartan_Cap 160mg,Valsartan,,160 mg,Angiotensin-II Receptor Antagonists,False,False
4340,,0205052V0AAADAD,Valsartan,Valsartan_Tab 40mg,Valsartan,,40 mg,Angiotensin-II Receptor Antagonists,False,False
4341,,0205052V0AAAEAE,Valsartan,Valsartan_Liq Spec 40mg/5ml,Valsartan,,40 mg/5 ml,Angiotensin-II Receptor Antagonists,False,False
4342,,0205052V0AAAFAF,Valsartan,Valsartan_Tab 320mg,Valsartan,,320 mg,Angiotensin-II Receptor Antagonists,False,False
4343,,0205052V0AAAGAG,Valsartan,Valsartan_Liq Spec 160mg/5ml,Valsartan,,160 mg/5 ml,Angiotensin-II Receptor Antagonists,False,False
4344,,0205052V0AAAHAH,Valsartan,Valsartan_Tab 160mg,Valsartan,,160 mg,Angiotensin-II Receptor Antagonists,False,False
4345,,0205052V0AAAIAI,Valsartan,Valsartan_Tab 80mg,Valsartan,,80 mg,Angiotensin-II Receptor Antagonists,False,False
4346,,0205052V0AAAJAJ,Valsartan,Valsartan_Oral Soln 3mg/ml,Valsartan,,3 mg/mL,Angiotensin-II Receptor Antagonists,False,False
4347,,0205052V0BBAAAA,Diovan,Diovan_Cap 40mg,Valsartan,,40 mg,Angiotensin-II Receptor Antagonists,False,False
4348,,0205052V0BBABAB,Diovan,Diovan_Cap 80mg,Valsartan,,80 mg,Angiotensin-II Receptor Antagonists,False,False
4349,,0205052V0BBACAC,Diovan,Diovan_Cap 160mg,Valsartan,,160 mg,Angiotensin-II Receptor Antagonists,False,False
4350,,0205052V0BBADAD,Diovan,Diovan_Tab 40mg,Valsartan,,40 mg,Angiotensin-II Receptor Antagonists,False,False
4351,,0205052V0BBAEAF,Diovan,Diovan_Tab 320mg,Valsartan,,320 mg,Angiotensin-II Receptor Antagonists,False,False
4352,,0205052V0BBAFAJ,Diovan,Diovan_Oral Soln 3mg/1ml,Valsartan,,3 mg/1 ml,Angiotensin-II Receptor Antagonists,False,False
4353,,0205052W0AAAAAA,Eprosartan,Eprosartan_Tab 300mg,Eprosartan,,300 mg,Angiotensin-II Receptor Antagonists,False,False
4354,,0205052W0AAABAB,Eprosartan,Eprosartan_Tab 400mg,Eprosartan,,400 mg,Angiotensin-II Receptor Antagonists,False,False
4355,,0205052W0AAACAC,Eprosartan,Eprosartan_Tab 600mg,Eprosartan,,600 mg,Angiotensin-II Receptor Antagonists,False,False
4356,,0205052W0AAADAD,Eprosartan,Eprosartan_Liq Spec 300mg/5ml,Eprosartan,,300 mg/5 ml,Angiotensin-II Receptor Antagonists,False,False
4357,,0205052W0BBAAAA,Teveten,Teveten_Tab 300mg,Eprosartan,,300 mg,Angiotensin-II Receptor Antagonists,False,False
4358,,0205052W0BBABAB,Teveten,Teveten_Tab 400mg,Eprosartan,,400 mg,Angiotensin-II Receptor Antagonists,False,False
4359,,0205052W0BBACAC,Teveten,Teveten_Tab 600mg,Eprosartan,,600 mg,Angiotensin-II Receptor Antagonists,False,False
4360,,0205052X0AAAAAA,Valsartan/Hydchloroth,Valsartan/Hydchloroth_Tab 160mg/12.5mg,Valsartan,,160 mg,Angiotensin-II Receptor Antagonists,False,True
4361,,0205052X0AAABAB,Valsartan/Hydchloroth,Valsartan/Hydchloroth_Tab 160mg/25mg,Valsartan,,160 mg,Angiotensin-II Receptor Antagonists,False,True
4362,,0205052X0AAACAC,Valsartan/Hydchloroth,Valsartan/Hydchloroth_Tab 80mg/12.5mg,Valsartan,,80 mg,Angiotensin-II Receptor Antagonists,False,True
4363,,0205052X0BBAAAA,Co-Diovan,Co-Diovan_Tab 160mg/12.5mg,Valsartan,,160 mg,Angiotensin-II Receptor Antagonists,False,True
4364,,0205052X0BBABAB,Co-Diovan,Co-Diovan_Tab 160mg/25mg,Valsartan,,160 mg,Angiotensin-II Receptor Antagonists,False,True
4365,,0205052X0BBACAC,Co-Diovan,Co-Diovan_Tab 80mg/12.5mg,Valsartan,,80 mg,Angiotensin-II Receptor Antagonists,False,True
4366,,0205052Y0AAAAAA,Olmesartan Medoxomil/Hydchloroth,Olmesartan Medox/Hydchloroth_Tab 20/12.5,Olmesartan,,,Angiotensin-II Receptor Antagonists,False,True
4367,,0205052Y0AAABAB,Olmesartan Medoxomil/Hydchloroth,Olmesartan Medox/Hydchloroth_Tab 20/25mg,Olmesartan,,25 mg,Angiotensin-II Receptor Antagonists,False,True
4368,,0205052Y0AAACAC,Olmesartan Medoxomil/Hydchloroth,Olmesartan Medox/Hydchloroth_Tab 40/12.5,Olmesartan,,,Angiotensin-II Receptor Antagonists,False,True
4369,,0205052Y0BBAAAA,Olmetec Plus,Olmetec Plus_Tab 20mg/12.5mg,Olmesartan,,20 mg,Angiotensin-II Receptor Antagonists,False,True
4370,,0205052Y0BBABAB,Olmetec Plus,Olmetec Plus_Tab 20mg/25mg,Olmesartan,,20 mg,Angiotensin-II Receptor Antagonists,False,True
4371,,0205052Y0BBACAC,Olmetec Plus,Olmetec Plus_Tab 40mg/12.5mg,Olmesartan,,40 mg,Angiotensin-II Receptor Antagonists,False,True
4372,,0205053A0AAAAAA,Aliskiren,Aliskiren_Tab 150mg,Aliskiren,,150 mg,Renin Inhibitors,False,False
4373,,0205053A0AAABAB,Aliskiren,Aliskiren_Tab 300mg,Aliskiren,,300 mg,Renin Inhibitors,False,False
4374,,0205053A0BBAAAA,Rasilez,Rasilez_Tab 150mg,Aliskiren,,150 mg,Renin Inhibitors,False,False
4375,,0205053A0BBABAB,Rasilez,Rasilez_Tab 300mg,Aliskiren,,300 mg,Renin Inhibitors,False,False
4376,,0205060R0AAAAAA,Trimetaphan Camsyl,Trimetaphan Camsyl_Inj 50mg/ml 5ml Amp,Trimetaphan Camsilate,,50 mg/mL,Ganglion-Blocking Drugs,False,False
4377,,0205060R0BBAAAA,Arfonad,Arfonad_Inj 50mg/ml 5ml Amp,Trimetaphan Camsilate,,50 mg/mL,Ganglion-Blocking Drugs,False,False
4378,,0205080A0AAAAAA,Ketanserin,Ketanserin_Tab 20mg,Ketanserin,,20 mg,Other Adrenergic Neurone Blocking Drugs,False,False
4379,,0205080A0AAABAB,Ketanserin,Ketanserin_Tab 20mg,Ketanserin,,20 mg,Other Adrenergic Neurone Blocking Drugs,False,False
4380,,0205080A0AAACAC,Ketanserin,Ketanserin_Tab 40mg,Ketanserin,,40 mg,Other Adrenergic Neurone Blocking Drugs,False,False
4381,,0205080A0BBAAAB,Sufrexal,Sufrexal_Tab 20mg,Ketanserin,,20 mg,Other Adrenergic Neurone Blocking Drugs,False,False
4382,,0205080A0BBABAC,Sufrexal,Sufrexal_Tab 40mg,Ketanserin,,40 mg,Other Adrenergic Neurone Blocking Drugs,False,False
4383,,0205080A0BCAAAB,Ketensin,Ketensin_Tab 20mg,Ketanserin,,20 mg,Other Adrenergic Neurone Blocking Drugs,False,False
4384,,0206020A0AAAAAA,Amlodipine,Amlodipine_Tab 5mg,Amlodipine,,5 mg,calcium-channel blocker,True,False
4385,,0206020A0AAABAB,Amlodipine,Amlodipine_Tab 10mg,Amlodipine,,10 mg,calcium-channel blocker,True,False
4386,,0206020A0AAACAC,Amlodipine,Amlodipine_Liq Spec 5mg/5ml,Amlodipine,,5 mg/5 ml,calcium-channel blocker,True,False
4387,,0206020A0AAADAD,Amlodipine,Amlodipine_Liq Spec 10mg/5ml,Amlodipine,,10 mg/5 ml,calcium-channel blocker,True,False
4388,,0206020A0AAAEAE,Amlodipine,Amlodipine_Tab 5mg             @gn,Amlodipine,,5 mg,calcium-channel blocker,True,False
4389,,0206020A0AAAFAF,Amlodipine,Amlodipine_Liq Spec 50mg/5ml,Amlodipine,,50 mg/5 ml,calcium-channel blocker,True,False
4390,,0206020A0AAAGAG,Amlodipine,Amlodipine_Liq Spec 4mg/5ml,Amlodipine,,4 mg/5 ml,calcium-channel blocker,True,False
4391,,0206020A0AAAHAH,Amlodipine,Amlodipine_Tab 10mg            @gn,Amlodipine,,10 mg,calcium-channel blocker,True,False
4392,,0206020A0AAAIAI,Amlodipine,Amlodipine_Pdrs 4mg,Amlodipine,,4 mg,calcium-channel blocker,True,False
4393,,0206020A0AAAJAJ,Amlodipine,Amlodipine_Liq Spec 2.5mg/5ml,Amlodipine,,5 mg/5 ml,calcium-channel blocker,True,False
4394,,0206020A0AAAKAK,Amlodipine,Amlodipine_Tab 2.5mg,Amlodipine,,2.5 mg,calcium-channel blocker,True,False
4395,,0206020A0AAALAL,Amlodipine,Amlodipine_Oral Soln 5mg/5ml S/F,Amlodipine,,5 mg/5 ml,calcium-channel blocker,True,False
4396,,0206020A0AAAMAM,Amlodipine,Amlodipine_Liq Spec 1.5mg/5ml,Amlodipine,,5 mg/5 ml,calcium-channel blocker,True,False
4397,,0206020A0AAANAN,Amlodipine,Amlodipine_Liq Spec 2mg/5ml,Amlodipine,,2 mg/5 ml,calcium-channel blocker,True,False
4398,,0206020A0AAAPAP,Amlodipine,Amlodipine_Oral Susp 10mg/5ml,Amlodipine,,10 mg/5 ml,calcium-channel blocker,True,False
4399,,0206020A0AAAQAQ,Amlodipine,Amlodipine_Oral Soln 5mg/5ml,Amlodipine,,5 mg/5 ml,calcium-channel blocker,True,False
4400,,0206020A0AAARAR,Amlodipine,Amlodipine_Oral Susp 5mg/5ml,Amlodipine,,5 mg/5 ml,calcium-channel blocker,True,False
4401,,0206020A0AAASAS,Amlodipine,Amlodipine_Oral Soln 10mg/5ml,Amlodipine,,10 mg/5 ml,calcium-channel blocker,True,False
4402,,0206020A0AAATAT,Amlodipine,Amlodipine_Oral Soln 10mg/5ml S/F,Amlodipine,,10 mg/5 ml,calcium-channel blocker,True,False
4403,,0206020A0AAAUAU,Amlodipine,Amlodipine_Oral Susp 5mg/5ml S/F,Amlodipine,,5 mg/5 ml,calcium-channel blocker,True,False
4404,,0206020A0BBAAAA,Istin,Istin_Tab 5mg,Amlodipine,,5 mg,calcium-channel blocker,True,False
4405,,0206020A0BBABAB,Istin,Istin_Tab 10mg,Amlodipine,,10 mg,calcium-channel blocker,True,False
4406,,0206020A0BCAAAB,Norvas,Norvas_Tab 10mg,Amlodipine,,10 mg,calcium-channel blocker,True,False
4407,,0206020A0BCABAA,Norvas,Norvas_Tab 5mg,Amlodipine,,5 mg,calcium-channel blocker,True,False
4408,,0206020A0BDAAAK,Norvasc,Norvasc_Tab 2.5mg,Amlodipine,,2.5 mg,calcium-channel blocker,True,False
4409,,0206020A0BDABAA,Norvasc,Norvasc_Tab 5mg,Amlodipine,,5 mg,calcium-channel blocker,True,False
4410,,0206020A0BEAAAA,Astudal,Astudal 5_Tab 5mg,Amlodipine,,5 mg,calcium-channel blocker,True,False
4411,,0206020A0BFAAAA,Amlostin,Amlostin_Tab 5mg,Amlodipine,,5 mg,calcium-channel blocker,True,False
4412,,0206020A0BFABAB,Amlostin,Amlostin_Tab 10mg,Amlodipine,,10 mg,calcium-channel blocker,True,False
4413,,0206020B0AAAAAA,Trimetazidine HCl,Trimetazidine HCl_Tab 20mg,Trimetazidine Hydrochloride,,20 mg,calcium-channel blocker,True,False
4414,,0206020B0AAABAB,Trimetazidine HCl,Trimetazidine HCl_Tab 35mg M/R,Trimetazidine Hydrochloride,,35 mg,calcium-channel blocker,True,False
4415,,0206020B0BBAAAA,Vastarel,Vastarel_Tab 20mg,Trimetazidine Hydrochloride,,20 mg,calcium-channel blocker,True,False
4416,,0206020B0BBABAB,Vastarel,Vastarel MR_Tab 35mg,Trimetazidine Hydrochloride,,35 mg,calcium-channel blocker,True,False
4417,,0206020C0AAAAAA,Diltiazem HCl,Diltiazem HCl_Tab 60mg M/R,Diltiazem Hydrochloride,,60 mg,calcium-channel blocker,True,False
4418,,0206020C0AAABAB,Diltiazem HCl,Diltiazem HCl_Tab 120mg C/R,Diltiazem Hydrochloride,,120 mg,calcium-channel blocker,True,False
4419,,0206020C0AAACAC,Diltiazem HCl,Diltiazem HCl_Tab 90mg M/R,Diltiazem Hydrochloride,,90 mg,calcium-channel blocker,True,False
4420,,0206020C0AAADAD,Diltiazem HCl,Diltiazem HCl_Tab 120mg S/R,Diltiazem Hydrochloride,,120 mg,calcium-channel blocker,True,False
4421,,0206020C0AAAEAE,Diltiazem HCl,Diltiazem HCl_Cap 300mg M/R,Diltiazem Hydrochloride,,300 mg,calcium-channel blocker,True,False
4422,,0206020C0AAAFAF,Diltiazem HCl,Diltiazem HCl_Cap 90mg C/R,Diltiazem Hydrochloride,,90 mg,calcium-channel blocker,True,False
4423,,0206020C0AAAGAG,Diltiazem HCl,Diltiazem HCl_Cap 180mg C/R,Diltiazem Hydrochloride,,180 mg,calcium-channel blocker,True,False
4424,,0206020C0AAAHAH,Diltiazem HCl,Diltiazem HCl_Cap 300mg C/R,Diltiazem Hydrochloride,,300 mg,calcium-channel blocker,True,False
4425,,0206020C0AAAIAI,Diltiazem HCl,Diltiazem HCl_Cap 120mg C/R,Diltiazem Hydrochloride,,120 mg,calcium-channel blocker,True,False
4426,,0206020C0AAAJAJ,Diltiazem HCl,Diltiazem HCl_Cap 60mg M/R,Diltiazem Hydrochloride,,60 mg,calcium-channel blocker,True,False
4427,,0206020C0AAAKAK,Diltiazem HCl,Diltiazem HCl_Cap 90mg S/R,Diltiazem Hydrochloride,,90 mg,calcium-channel blocker,True,False
4428,,0206020C0AAALAL,Diltiazem HCl,Diltiazem HCl_Cap 120mg S/R,Diltiazem Hydrochloride,,120 mg,calcium-channel blocker,True,False
4429,,0206020C0AAAMAM,Diltiazem HCl,Diltiazem HCl_Cap 240mg C/R,Diltiazem Hydrochloride,,240 mg,calcium-channel blocker,True,False
4430,,0206020C0AAANAN,Diltiazem HCl,Diltiazem HCl_Cap 180mg S/R,Diltiazem Hydrochloride,,180 mg,calcium-channel blocker,True,False
4431,,0206020C0AAAPAP,Diltiazem HCl,Diltiazem HCl_Cap 240mg S/R,Diltiazem Hydrochloride,,240 mg,calcium-channel blocker,True,False
4432,,0206020C0AAAQAQ,Diltiazem HCl,Diltiazem HCl_Oral Liq @spec,Diltiazem Hydrochloride,,,calcium-channel blocker,True,False
4433,,0206020C0AAARAR,Diltiazem HCl,Diltiazem HCl_Oral Soln 60mg/5ml,Diltiazem Hydrochloride,,60 mg/5 ml,calcium-channel blocker,True,False
4434,,0206020C0AAASAS,Diltiazem HCl,Diltiazem HCl_Tab 120mg M/R,Diltiazem Hydrochloride,,120 mg,calcium-channel blocker,True,False
4435,,0206020C0AAATAT,Diltiazem HCl,Diltiazem HCl_Cap 90mg M/R,Diltiazem Hydrochloride,,90 mg,calcium-channel blocker,True,False
4436,,0206020C0AAAUAU,Diltiazem HCl,Diltiazem HCl_Cap 120mg M/R,Diltiazem Hydrochloride,,120 mg,calcium-channel blocker,True,False
4437,,0206020C0AAAVAV,Diltiazem HCl,Diltiazem HCl_Cap 180mg M/R,Diltiazem Hydrochloride,,180 mg,calcium-channel blocker,True,False
4438,,0206020C0AAAWAW,Diltiazem HCl,Diltiazem HCl_Cap 240mg M/R,Diltiazem Hydrochloride,,240 mg,calcium-channel blocker,True,False
4439,,0206020C0AAAXAX,Diltiazem HCl,Diltiazem HCl_Cap 200mg M/R,Diltiazem Hydrochloride,,200 mg,calcium-channel blocker,True,False
4440,,0206020C0AAAYAY,Diltiazem HCl,Diltiazem HCl_Cap 240mg M/R          @gn,Diltiazem Hydrochloride,,240 mg,calcium-channel blocker,True,False
4441,,0206020C0AAAZAZ,Diltiazem HCl,Diltiazem HCl_Liq Spec 90mg/5ml,Diltiazem Hydrochloride,,90 mg/5 ml,calcium-channel blocker,True,False
4442,,0206020C0AABABA,Diltiazem HCl,Diltiazem HCl_Cap 360mg M/R,Diltiazem Hydrochloride,,360 mg,calcium-channel blocker,True,False
4443,,0206020C0AABBBB,Diltiazem HCl,Diltiazem HCl_Liq Spec 120mg/5ml,Diltiazem Hydrochloride,,120 mg/5 ml,calcium-channel blocker,True,False
4444,,0206020C0AABCBC,Diltiazem HCl,Diltiazem HCl_Liq Spec 100mg/5ml,Diltiazem Hydrochloride,,100 mg/5 ml,calcium-channel blocker,True,False
4445,,0206020C0AABEBE,Diltiazem HCl,Diltiazem HCl_Liq Spec 50mg/5ml,Diltiazem Hydrochloride,,50 mg/5 ml,calcium-channel blocker,True,False
4446,,0206020C0AABFBF,Diltiazem HCl,Diltiazem HCl_Liq Spec 30mg/5ml,Diltiazem Hydrochloride,,30 mg/5 ml,calcium-channel blocker,True,False
4447,,0206020C0AABGBG,Diltiazem HCl,Diltiazem HCl_Liq Spec 20mg/5ml,Diltiazem Hydrochloride,,20 mg/5 ml,calcium-channel blocker,True,False
4448,,0206020C0AABHBH,Diltiazem HCl,Diltiazem HCl_Liq Spec 10mg/5ml,Diltiazem Hydrochloride,,10 mg/5 ml,calcium-channel blocker,True,False
4449,,0206020C0AABIBI,Diltiazem HCl,Diltiazem HCl_Oral Susp 60mg/5ml,Diltiazem Hydrochloride,,60 mg/5 ml,calcium-channel blocker,True,False
4450,,0206020C0BBAAAA,Tildiem,Tildiem_Tab 60mg,Diltiazem Hydrochloride,,60 mg,calcium-channel blocker,True,False
4451,,0206020C0BBABAC,Tildiem,Tildiem Ret 90_Tab 90mg,Diltiazem Hydrochloride,,90 mg,calcium-channel blocker,True,False
4452,,0206020C0BBACAS,Tildiem,Tildiem Ret 120_Tab 120mg,Diltiazem Hydrochloride,,120 mg,calcium-channel blocker,True,False
4453,,0206020C0BBADAE,Tildiem,Tildiem LA 300_Cap 300mg,Diltiazem Hydrochloride,,300 mg,calcium-channel blocker,True,False
4454,,0206020C0BBAEAX,Tildiem,Tildiem LA 200_Cap 200mg,Diltiazem Hydrochloride,,200 mg,calcium-channel blocker,True,False
4455,,0206020C0BCAAAA,Calcicard,Calcicard_Tab 60mg,Diltiazem Hydrochloride,,60 mg,calcium-channel blocker,True,False
4456,,0206020C0BCABAS,Calcicard,Calcicard CR_Tab 120mg,Diltiazem Hydrochloride,,120 mg,calcium-channel blocker,True,False
4457,,0206020C0BCACAC,Calcicard,Calcicard CR_Tab 90mg,Diltiazem Hydrochloride,,90 mg,calcium-channel blocker,True,False
4458,,0206020C0BDAAAA,Britiazim,Britiazim_Tab 60mg,Diltiazem Hydrochloride,,60 mg,calcium-channel blocker,True,False
4459,,0206020C0BEAAAA,Angiozem,Angiozem 60_Tab 60mg,Diltiazem Hydrochloride,,60 mg,calcium-channel blocker,True,False
4460,,0206020C0BEABAC,Angiozem,Angiozem CR 90_Tab 90mg,Diltiazem Hydrochloride,,90 mg,calcium-channel blocker,True,False
4461,,0206020C0BEACAS,Angiozem,Angiozem CR 120_Tab 120mg,Diltiazem Hydrochloride,,120 mg,calcium-channel blocker,True,False
4462,,0206020C0BFAAAS,Adizem,Adizem-SR_Tab 120mg,Diltiazem Hydrochloride,,120 mg,calcium-channel blocker,True,False
4463,,0206020C0BFABAA,Adizem,Adizem-60_Tab 60mg,Diltiazem Hydrochloride,,60 mg,calcium-channel blocker,True,False
4464,,0206020C0BFACAT,Adizem,Adizem-SR_Cap 90mg,Diltiazem Hydrochloride,,90 mg,calcium-channel blocker,True,False
4465,,0206020C0BFADAU,Adizem,Adizem-SR_Cap 120mg,Diltiazem Hydrochloride,,120 mg,calcium-channel blocker,True,False
4466,,0206020C0BFAEAV,Adizem,Adizem-SR_Cap 180mg,Diltiazem Hydrochloride,,180 mg,calcium-channel blocker,True,False
4467,,0206020C0BFAFAE,Adizem,Adizem-XL_Cap 300mg,Diltiazem Hydrochloride,,300 mg,calcium-channel blocker,True,False
4468,,0206020C0BFAGAU,Adizem,Adizem-XL_Cap 120mg,Diltiazem Hydrochloride,,120 mg,calcium-channel blocker,True,False
4469,,0206020C0BFAHAV,Adizem,Adizem-XL_Cap 180mg,Diltiazem Hydrochloride,,180 mg,calcium-channel blocker,True,False
4470,,0206020C0BFAIAW,Adizem,Adizem-XL_Cap 240mg,Diltiazem Hydrochloride,,240 mg,calcium-channel blocker,True,False
4471,,0206020C0BFAJAX,Adizem,Adizem-XL_Cap 200mg,Diltiazem Hydrochloride,,200 mg,calcium-channel blocker,True,False
4472,,0206020C0BGAAAA,Kentiazem,Kentiazem_Tab 60mg,Diltiazem Hydrochloride,,60 mg,calcium-channel blocker,True,False
4473,,0206020C0BHAAAJ,Dilzem,Dilzem SR 60_Cap 60mg,Diltiazem Hydrochloride,,60 mg,calcium-channel blocker,True,False
4474,,0206020C0BHABAT,Dilzem,Dilzem SR 90_Cap 90mg,Diltiazem Hydrochloride,,90 mg,calcium-channel blocker,True,False
4475,,0206020C0BHACAU,Dilzem,Dilzem SR 120_Cap 120mg,Diltiazem Hydrochloride,,120 mg,calcium-channel blocker,True,False
4476,,0206020C0BHADAU,Dilzem,Dilzem XL 120_Cap 120mg,Diltiazem Hydrochloride,,120 mg,calcium-channel blocker,True,False
4477,,0206020C0BHAEAV,Dilzem,Dilzem XL 180_Cap 180mg,Diltiazem Hydrochloride,,180 mg,calcium-channel blocker,True,False
4478,,0206020C0BHAFAW,Dilzem,Dilzem XL 240_Cap 240mg,Diltiazem Hydrochloride,,240 mg,calcium-channel blocker,True,False
4479,,0206020C0BIAAAU,Slozem,Slozem 120_Cap 120mg,Diltiazem Hydrochloride,,120 mg,calcium-channel blocker,True,False
4480,,0206020C0BIABAV,Slozem,Slozem 180_Cap 180mg,Diltiazem Hydrochloride,,180 mg,calcium-channel blocker,True,False
4481,,0206020C0BIACAW,Slozem,Slozem 240_Cap 240mg,Diltiazem Hydrochloride,,240 mg,calcium-channel blocker,True,False
4482,,0206020C0BIADAE,Slozem,Slozem_Cap 300mg,Diltiazem Hydrochloride,,300 mg,calcium-channel blocker,True,False
4483,,0206020C0BJAAAT,Angitil,Angitil SR 90_Cap 90mg,Diltiazem Hydrochloride,,90 mg,calcium-channel blocker,True,False
4484,,0206020C0BJABAU,Angitil,Angitil SR 120_Cap 120mg,Diltiazem Hydrochloride,,120 mg,calcium-channel blocker,True,False
4485,,0206020C0BJACAV,Angitil,Angitil SR 180_Cap 180mg,Diltiazem Hydrochloride,,180 mg,calcium-channel blocker,True,False
4486,,0206020C0BJADAW,Angitil,Angitil XL 240_Cap 240mg,Diltiazem Hydrochloride,,240 mg,calcium-channel blocker,True,False
4487,,0206020C0BJAEAE,Angitil,Angitil XL 300_Cap 300mg,Diltiazem Hydrochloride,,300 mg,calcium-channel blocker,True,False
4488,,0206020C0BKAAAA,Calazem,Calazem_Tab 60mg,Diltiazem Hydrochloride,,60 mg,calcium-channel blocker,True,False
4489,,0206020C0BLAAAU,Cardizem,Cardizem CD_Cap 120mg,Diltiazem Hydrochloride,,120 mg,calcium-channel blocker,True,False
4490,,0206020C0BMAAAE,Zemtard,Zemtard 300 XL_Cap 300mg,Diltiazem Hydrochloride,,300 mg,calcium-channel blocker,True,False
4491,,0206020C0BMABAU,Zemtard,Zemtard 120 XL_Cap 120mg,Diltiazem Hydrochloride,,120 mg,calcium-channel blocker,True,False
4492,,0206020C0BMACAV,Zemtard,Zemtard 180 XL_Cap 180mg,Diltiazem Hydrochloride,,180 mg,calcium-channel blocker,True,False
4493,,0206020C0BMADAW,Zemtard,Zemtard 240 XL_Cap 240mg,Diltiazem Hydrochloride,,240 mg,calcium-channel blocker,True,False
4494,,0206020C0BNAAAU,Viazem,Viazem XL_Cap 120mg,Diltiazem Hydrochloride,,120 mg,calcium-channel blocker,True,False
4495,,0206020C0BNABAV,Viazem,Viazem XL_Cap 180mg,Diltiazem Hydrochloride,,180 mg,calcium-channel blocker,True,False
4496,,0206020C0BNACAW,Viazem,Viazem XL_Cap 240mg,Diltiazem Hydrochloride,,240 mg,calcium-channel blocker,True,False
4497,,0206020C0BNADAE,Viazem,Viazem XL_Cap 300mg,Diltiazem Hydrochloride,,300 mg,calcium-channel blocker,True,False
4498,,0206020C0BNAEBA,Viazem,Viazem XL_Cap 360mg,Diltiazem Hydrochloride,,360 mg,calcium-channel blocker,True,False
4499,,0206020C0BPAAAT,Dilcardia,Dilcardia SR_Cap 90mg,Diltiazem Hydrochloride,,90 mg,calcium-channel blocker,True,False
4500,,0206020C0BPABAU,Dilcardia,Dilcardia SR_Cap 120mg,Diltiazem Hydrochloride,,120 mg,calcium-channel blocker,True,False
4501,,0206020C0BPACAJ,Dilcardia,Dilcardia SR_Cap 60mg,Diltiazem Hydrochloride,,60 mg,calcium-channel blocker,True,False
4502,,0206020C0BPADAU,Dilcardia,Dilcardia XL_Cap 120mg,Diltiazem Hydrochloride,,120 mg,calcium-channel blocker,True,False
4503,,0206020C0BPAEAV,Dilcardia,Dilcardia XL_Cap 180mg,Diltiazem Hydrochloride,,180 mg,calcium-channel blocker,True,False
4504,,0206020C0BPAFAW,Dilcardia,Dilcardia XL_Cap 240mg,Diltiazem Hydrochloride,,240 mg,calcium-channel blocker,True,False
4505,,0206020C0BQAAAA,Optil,Optil_Tab 60mg,Diltiazem Hydrochloride,,60 mg,calcium-channel blocker,True,False
4506,,0206020C0BQABAT,Optil,Optil SR 90_Cap 90mg,Diltiazem Hydrochloride,,90 mg,calcium-channel blocker,True,False
4507,,0206020C0BQACAU,Optil,Optil SR 120_Cap 120mg,Diltiazem Hydrochloride,,120 mg,calcium-channel blocker,True,False
4508,,0206020C0BQADAV,Optil,Optil SR 180_Cap 180mg,Diltiazem Hydrochloride,,180 mg,calcium-channel blocker,True,False
4509,,0206020C0BQAEAW,Optil,Optil XL 240_Cap 240mg,Diltiazem Hydrochloride,,240 mg,calcium-channel blocker,True,False
4510,,0206020C0BQAFAE,Optil,Optil XL 300_Cap 300mg,Diltiazem Hydrochloride,,300 mg,calcium-channel blocker,True,False
4511,,0206020C0BRAAAJ,Bi-Carzem,Bi-Carzem SR_Cap 60mg,Diltiazem Hydrochloride,,60 mg,calcium-channel blocker,True,False
4512,,0206020C0BRABAT,Bi-Carzem,Bi-Carzem SR_Cap 90mg,Diltiazem Hydrochloride,,90 mg,calcium-channel blocker,True,False
4513,,0206020C0BRACAU,Bi-Carzem,Bi-Carzem SR_Cap 120mg,Diltiazem Hydrochloride,,120 mg,calcium-channel blocker,True,False
4514,,0206020C0BRADAW,Bi-Carzem,Bi-Carzem XL_Cap 240mg,Diltiazem Hydrochloride,,240 mg,calcium-channel blocker,True,False
4515,,0206020C0BRAEAE,Bi-Carzem,Bi-Carzem XL_Cap 300mg,Diltiazem Hydrochloride,,300 mg,calcium-channel blocker,True,False
4516,,0206020C0BSAAAJ,Zildil,Zildil SR_Cap 60mg,Diltiazem Hydrochloride,,60 mg,calcium-channel blocker,True,False
4517,,0206020C0BSABAT,Zildil,Zildil SR_Cap 90mg,Diltiazem Hydrochloride,,90 mg,calcium-channel blocker,True,False
4518,,0206020C0BSACAU,Zildil,Zildil SR_Cap 120mg,Diltiazem Hydrochloride,,120 mg,calcium-channel blocker,True,False
4519,,0206020C0BTAAAA,Retalzem,Retalzem 60_Tab 60mg,Diltiazem Hydrochloride,,60 mg,calcium-channel blocker,True,False
4520,,0206020C0BUAAAJ,Horizem,Horizem SR 60_Cap 60mg,Diltiazem Hydrochloride,,60 mg,calcium-channel blocker,True,False
4521,,0206020C0BUABAT,Horizem,Horizem SR 90_Cap 90mg,Diltiazem Hydrochloride,,90 mg,calcium-channel blocker,True,False
4522,,0206020C0BUACAU,Horizem,Horizem SR 120_Cap 120mg,Diltiazem Hydrochloride,,120 mg,calcium-channel blocker,True,False
4523,,0206020C0BVAAAV,Zemret,Zemret 180 XL_Cap 180mg,Diltiazem Hydrochloride,,180 mg,calcium-channel blocker,True,False
4524,,0206020C0BVABAW,Zemret,Zemret 240 XL_Cap 240mg,Diltiazem Hydrochloride,,240 mg,calcium-channel blocker,True,False
4525,,0206020C0BVACAE,Zemret,Zemret 300 XL_Cap 300mg,Diltiazem Hydrochloride,,300 mg,calcium-channel blocker,True,False
4526,,0206020C0BWAAAU,Disogram,Disogram SR_Cap 120mg,Diltiazem Hydrochloride,,120 mg,calcium-channel blocker,True,False
4527,,0206020C0BWABAV,Disogram,Disogram SR_Cap 180mg,Diltiazem Hydrochloride,,180 mg,calcium-channel blocker,True,False
4528,,0206020C0BWACAW,Disogram,Disogram SR_Cap 240mg,Diltiazem Hydrochloride,,240 mg,calcium-channel blocker,True,False
4529,,0206020C0BWADAE,Disogram,Disogram SR_Cap 300mg,Diltiazem Hydrochloride,,300 mg,calcium-channel blocker,True,False
4530,,0206020C0BWAEAJ,Disogram,Disogram SR_Cap 60mg,Diltiazem Hydrochloride,,60 mg,calcium-channel blocker,True,False
4531,,0206020C0BWAFAT,Disogram,Disogram SR_Cap 90mg,Diltiazem Hydrochloride,,90 mg,calcium-channel blocker,True,False
4532,,0206020C0BXAAAA,Tiamex,Tiamex_Tab 60mg,Diltiazem Hydrochloride,,60 mg,calcium-channel blocker,True,False
4533,,0206020C0BYAAAJ,Kenzem,Kenzem SR_Cap 60mg,Diltiazem Hydrochloride,,60 mg,calcium-channel blocker,True,False
4534,,0206020C0BYABAT,Kenzem,Kenzem SR_Cap 90mg,Diltiazem Hydrochloride,,90 mg,calcium-channel blocker,True,False
4535,,0206020C0BYACAU,Kenzem,Kenzem SR_Cap 120mg,Diltiazem Hydrochloride,,120 mg,calcium-channel blocker,True,False
4536,,0206020C0BZAAAE,Uard,Uard 300XL_Cap,Diltiazem Hydrochloride,,,calcium-channel blocker,True,False
4537,,0206020C0BZABAU,Uard,Uard 120XL_Cap,Diltiazem Hydrochloride,,,calcium-channel blocker,True,False
4538,,0206020C0BZACAV,Uard,Uard 180XL_Cap,Diltiazem Hydrochloride,,,calcium-channel blocker,True,False
4539,,0206020C0BZADAW,Uard,Uard 240XL_Cap,Diltiazem Hydrochloride,,,calcium-channel blocker,True,False
4540,,0206020D0AAAAAA,Diltiazem HCl/Hydchloroth,Diltiazem HCl/Hydchloroth_Cap 150/12.5mg,Diltiazem Hydrochloride with Thiazides,,12.5 mg,calcium-channel blocker,True,True
4541,,0206020D0BBAAAA,Adizem-XL Plus,Adizem-XL Plus_Cap,Diltiazem Hydrochloride with Thiazides,,,calcium-channel blocker,True,False
4542,,0206020F0AAAAAA,Felodipine,Felodipine_Tab 5mg,Felodipine,,5 mg,calcium-channel blocker,True,False
4543,,0206020F0AAABAB,Felodipine,Felodipine_Tab 5mg M/R,Felodipine,,5 mg,calcium-channel blocker,True,False
4544,,0206020F0AAACAC,Felodipine,Felodipine_Tab 10mg M/R,Felodipine,,10 mg,calcium-channel blocker,True,False
4545,,0206020F0AAADAD,Felodipine,Felodipine_Tab 2.5mg M/R,Felodipine,,2.5 mg,calcium-channel blocker,True,False
4546,,0206020F0AAAEAE,Felodipine,Felodipine_Tab 2.5mg M/R             @gn,Felodipine,,2.5 mg,calcium-channel blocker,True,False
4547,,0206020F0AAAFAF,Felodipine,Felodipine_Liq Spec 7.5mg/5ml,Felodipine,,5 mg/5 ml,calcium-channel blocker,True,False
4548,,0206020F0AAAGAG,Felodipine,Felodipine_Oral Soln 2.5mg/5ml,Felodipine,,5 mg/5 ml,calcium-channel blocker,True,False
4549,,0206020F0AAAHAH,Felodipine,Felodipine_Liq Spec 5mg/5ml,Felodipine,,5 mg/5 ml,calcium-channel blocker,True,False
4550,,0206020F0AAAIAI,Felodipine,Felodipine_Oral Susp 2.5mg/5ml,Felodipine,,5 mg/5 ml,calcium-channel blocker,True,False
4551,,0206020F0BBAAAB,Plendil,Plendil_Tab 5mg M/R,Felodipine,,5 mg,calcium-channel blocker,True,False
4552,,0206020F0BBABAC,Plendil,Plendil_Tab 10mg M/R,Felodipine,,10 mg,calcium-channel blocker,True,False
4553,,0206020F0BBACAD,Plendil,Plendil_Tab 2.5mg M/R,Felodipine,,2.5 mg,calcium-channel blocker,True,False
4554,,0206020F0BCAAAB,Preslow,Preslow_Tab 5mg,Felodipine,,5 mg,calcium-channel blocker,True,False
4555,,0206020F0BDAAAB,Cabren,Cabren_Tab 5mg,Felodipine,,5 mg,calcium-channel blocker,True,False
4556,,0206020F0BDABAD,Cabren,Cabren_Tab 2.5mg,Felodipine,,2.5 mg,calcium-channel blocker,True,False
4557,,0206020F0BDACAC,Cabren,Cabren_Tab 10mg,Felodipine,,10 mg,calcium-channel blocker,True,False
4558,,0206020F0BEAAAB,Felotens,Felotens XL_Tab 5mg,Felodipine,,5 mg,calcium-channel blocker,True,False
4559,,0206020F0BEABAC,Felotens,Felotens XL_Tab 10mg,Felodipine,,10 mg,calcium-channel blocker,True,False
4560,,0206020F0BEACAD,Felotens,Felotens XL_Tab 2.5mg,Felodipine,,2.5 mg,calcium-channel blocker,True,False
4561,,0206020F0BFAAAB,Felogen,Felogen XL_Tab 5mg M/R,Felodipine,,5 mg,calcium-channel blocker,True,False
4562,,0206020F0BFABAC,Felogen,Felogen XL_Tab 10mg M/R,Felodipine,,10 mg,calcium-channel blocker,True,False
4563,,0206020F0BGAAAB,Folpik XL,Folpik XL_Tab 5mg M/R,Felodipine,,5 mg,calcium-channel blocker,True,False
4564,,0206020F0BGABAC,Folpik XL,Folpik XL_Tab 10mg M/R,Felodipine,,10 mg,calcium-channel blocker,True,False
4565,,0206020F0BGACAD,Folpik XL,Folpik XL_Tab 2.5mg M/R,Felodipine,,2.5 mg,calcium-channel blocker,True,False
4566,,0206020F0BHAAAB,Keloc,Keloc SR_Tab 5mg,Felodipine,,5 mg,calcium-channel blocker,True,False
4567,,0206020F0BHABAC,Keloc,Keloc SR_Tab 10mg,Felodipine,,10 mg,calcium-channel blocker,True,False
4568,,0206020F0BIAAAB,Vascalpha,Vascalpha_Tab 5mg M/R (Actavis),Felodipine,,5 mg,calcium-channel blocker,True,False
4569,,0206020F0BIABAC,Vascalpha,Vascalpha_Tab 10mg M/R (Actavis),Felodipine,,10 mg,calcium-channel blocker,True,False
4570,,0206020F0BIACAB,Vascalpha,Vascalpha_Tab 5mg M/R (Almus),Felodipine,,5 mg,calcium-channel blocker,True,False
4571,,0206020F0BIADAC,Vascalpha,Vascalpha_Tab 10mg M/R (Almus),Felodipine,,10 mg,calcium-channel blocker,True,False
4572,,0206020F0BJAAAB,Parmid (Felodipine),Parmid XL_Tab 5mg M/R,Felodipine,,5 mg,calcium-channel blocker,False,False
4573,,0206020F0BJABAC,Parmid (Felodipine),Parmid XL_Tab 10mg M/R,Felodipine,,10 mg,calcium-channel blocker,False,False
4574,,0206020F0BJACAD,Parmid (Felodipine),Parmid XL_Tab 2.5mg,Felodipine,,2.5 mg,calcium-channel blocker,False,False
4575,,0206020F0BKAAAB,Cardioplen,Cardioplen XL_Tab 5mg,Felodipine,,5 mg,calcium-channel blocker,True,False
4576,,0206020F0BKABAC,Cardioplen,Cardioplen XL_Tab 10mg,Felodipine,,10 mg,calcium-channel blocker,True,False
4577,,0206020F0BKACAD,Cardioplen,Cardioplen XL_Tab 2.5mg,Felodipine,,2.5 mg,calcium-channel blocker,True,False
4578,,0206020F0BLAAAB,Neofel,Neofel XL_Tab 5mg,Felodipine,,5 mg,calcium-channel blocker,True,False
4579,,0206020F0BLABAC,Neofel,Neofel XL_Tab 10mg,Felodipine,,10 mg,calcium-channel blocker,True,False
4580,,0206020F0BLACAD,Neofel,Neofel XL_Tab 2.5mg,Felodipine,,2.5 mg,calcium-channel blocker,True,False
4581,,0206020F0BLADAD,Neofel,Neofel XL_Tab 2.5mg (Actavis),Felodipine,,2.5 mg,calcium-channel blocker,True,False
4582,,0206020F0BLAEAD,Neofel,Neofel XL_Tab 2.5mg (Almus),Felodipine,,2.5 mg,calcium-channel blocker,True,False
4583,,0206020F0BMAAAC,Pinefeld,Pinefeld XL_Tab 10mg,Felodipine,,10 mg,calcium-channel blocker,True,False
4584,,0206020I0AAAAAA,Isradipine,Isradipine_Tab 2.5mg,Isradipine,,2.5 mg,calcium-channel blocker,True,False
4585,,0206020I0BBAAAA,Prescal,Prescal_Tab 2.5mg,Isradipine,,2.5 mg,calcium-channel blocker,True,False
4586,,0206020K0AAAAAA,Lacidipine,Lacidipine_Tab 2mg,Lacidipine,,2 mg,calcium-channel blocker,True,False
4587,,0206020K0AAABAB,Lacidipine,Lacidipine_Tab 4mg,Lacidipine,,4 mg,calcium-channel blocker,True,False
4588,,0206020K0AAACAC,Lacidipine,Lacidipine_Tab 2mg                   @gn,Lacidipine,,2 mg,calcium-channel blocker,True,False
4589,,0206020K0AAADAD,Lacidipine,Lacidipine_Oral Susp 2mg/5ml,Lacidipine,,2 mg/5 ml,calcium-channel blocker,True,False
4590,,0206020K0BBAAAA,Motens,Motens_Tab 2mg,Lacidipine,,2 mg,calcium-channel blocker,True,False
4591,,0206020K0BBABAB,Motens,Motens_Tab 4mg,Lacidipine,,4 mg,calcium-channel blocker,True,False
4592,,0206020K0BCAAAA,Caldine,Caldine_Tab 2mg,Lacidipine,,2 mg,calcium-channel blocker,True,False
4593,,0206020K0BDAAAB,Molap,Molap_Tab 4mg,Lacidipine,,4 mg,calcium-channel blocker,True,False
4594,,0206020L0AAAAAA,Lercanidipine HCl,Lercanidipine HCl_Tab 10mg,Lercanidipine Hydrochloride,,10 mg,calcium-channel blocker,True,False
4595,,0206020L0AAABAB,Lercanidipine HCl,Lercanidipine HCl_Tab 20mg,Lercanidipine Hydrochloride,,20 mg,calcium-channel blocker,True,False
4596,,0206020L0BBAAAA,Zanidip,Zanidip_Tab 10mg,Lercanidipine Hydrochloride,,10 mg,calcium-channel blocker,True,False
4597,,0206020L0BBABAB,Zanidip,Zanidip_Tab 20mg,Lercanidipine Hydrochloride,,20 mg,calcium-channel blocker,True,False
4598,,0206020M0AAAAAA,Nimodipine,Nimodipine_Inf 0.2mg/ml 50ml Vl,Nimodipine,,2 mg/mL,calcium-channel blocker,True,False
4599,,0206020M0AAABAB,Nimodipine,Nimodipine_Tab 30mg,Nimodipine,,30 mg,calcium-channel blocker,True,False
4600,,0206020M0AAACAC,Nimodipine,Nimodipine_Liq Spec 30mg/5ml,Nimodipine,,30 mg/5 ml,calcium-channel blocker,True,False
4601,,0206020M0BBAAAA,Nimotop,Nimotop_Inf 0.2mg/ml 50ml Vl,Nimodipine,,2 mg/mL,calcium-channel blocker,True,False
4602,,0206020M0BBABAB,Nimotop,Nimotop_Tab 30mg,Nimodipine,,30 mg,calcium-channel blocker,True,False
4603,,0206020N0AAAAAA,Lidoflazine,Lidoflazine_Tab 120mg,Lidoflazine,,120 mg,calcium-channel blocker,True,False
4604,,0206020N0BBAAAA,Clinium,Clinium_Tab 120mg,Lidoflazine,,120 mg,calcium-channel blocker,True,False
4605,,0206020P0AAAAAA,Nitrendipine,Nitrendipine_Tab 10mg,Nitrendipine,,10 mg,calcium-channel blocker,True,False
4606,,0206020P0AAABAB,Nitrendipine,Nitrendipine_Tab 20mg,Nitrendipine,,20 mg,calcium-channel blocker,True,False
4607,,0206020P0BBAAAA,Baypress,Baypress_Tab 10mg,Nitrendipine,,10 mg,calcium-channel blocker,True,False
4608,,0206020P0BBABAB,Baypress,Baypress_Tab 20mg,Nitrendipine,,20 mg,calcium-channel blocker,True,False
4609,,0206020Q0AAAAAA,Nicardipine HCl,Nicardipine HCl_Cap 20mg,Nicardipine Hydrochloride,,20 mg,calcium-channel blocker,True,False
4610,,0206020Q0AAABAB,Nicardipine HCl,Nicardipine HCl_Cap 30mg,Nicardipine Hydrochloride,,30 mg,calcium-channel blocker,True,False
4611,,0206020Q0AAACAC,Nicardipine HCl,Nicardipine HCl_Cap 30mg M/R,Nicardipine Hydrochloride,,30 mg,calcium-channel blocker,True,False
4612,,0206020Q0AAADAD,Nicardipine HCl,Nicardipine HCl_Cap 45mg M/R,Nicardipine Hydrochloride,,45 mg,calcium-channel blocker,True,False
4613,,0206020Q0AAAEAE,Nicardipine HCl,Nicardipine HCl_Cap 20mg             @gn,Nicardipine Hydrochloride,,20 mg,calcium-channel blocker,True,False
4614,,0206020Q0AAAFAF,Nicardipine HCl,Nicardipine HCl_Liq Spec 20mg/5ml,Nicardipine Hydrochloride,,20 mg/5 ml,calcium-channel blocker,True,False
4615,,0206020Q0BBAAAA,Cardene,Cardene_Cap 20mg,Nicardipine Hydrochloride,,20 mg,calcium-channel blocker,True,False
4616,,0206020Q0BBABAB,Cardene,Cardene_Cap 30mg,Nicardipine Hydrochloride,,30 mg,calcium-channel blocker,True,False
4617,,0206020Q0BBACAC,Cardene,Cardene SR_Cap 30mg,Nicardipine Hydrochloride,,30 mg,calcium-channel blocker,True,False
4618,,0206020Q0BBADAD,Cardene,Cardene SR_Cap 45mg,Nicardipine Hydrochloride,,45 mg,calcium-channel blocker,True,False
4619,,0206020R0AAAAAA,Nifedipine,Nifedipine_Cap 5mg,Nifedipine,,5 mg,calcium-channel blocker,True,False
4620,,0206020R0AAABAB,Nifedipine,Nifedipine_Cap 10mg,Nifedipine,,10 mg,calcium-channel blocker,True,False
4621,,0206020R0AAACAC,Nifedipine,Nifedipine_Tab 20mg,Nifedipine,,20 mg,calcium-channel blocker,True,False
4622,,0206020R0AAAEAE,Nifedipine,Nifedipine_Tab 10mg M/R,Nifedipine,,10 mg,calcium-channel blocker,True,False
4623,,0206020R0AAAFAF,Nifedipine,Nifedipine_Inj 0.1mg/ml 2ml Pfs,Nifedipine,,1 mg/mL,calcium-channel blocker,True,False
4624,,0206020R0AAAGAG,Nifedipine,Nifedipine_Dps 0.5%,Nifedipine,,,calcium-channel blocker,True,False
4625,,0206020R0AAAHAH,Nifedipine,Nifedipine_Cap 20mg M/R,Nifedipine,,20 mg,calcium-channel blocker,True,False
4626,,0206020R0AAAIAI,Nifedipine,Nifedipine_Tab 40mg,Nifedipine,,40 mg,calcium-channel blocker,True,False
4627,,0206020R0AAAJAJ,Nifedipine,Nifedipine_Tab 20mg (Parallel Import),Nifedipine,,20 mg,calcium-channel blocker,True,False
4628,,0206020R0AAAKAK,Nifedipine,Nifedipine_Dps 2%,Nifedipine,,,calcium-channel blocker,True,False
4629,,0206020R0AAALAL,Nifedipine,Nifedipine_Tab 20mg S/R,Nifedipine,,20 mg,calcium-channel blocker,True,False
4630,,0206020R0AAAMAM,Nifedipine,Nifedipine_Cap 10mg M/R,Nifedipine,,10 mg,calcium-channel blocker,True,False
4631,,0206020R0AAANAN,Nifedipine,Nifedipine_Tab 30mg M/R,Nifedipine,,30 mg,calcium-channel blocker,True,False
4632,,0206020R0AAAPAP,Nifedipine,Nifedipine_Tab 60mg M/R,Nifedipine,,60 mg,calcium-channel blocker,True,False
4633,,0206020R0AAAQAQ,Nifedipine,Nifedipine_Oral Liq @spec,Nifedipine,,,calcium-channel blocker,True,False
4634,,0206020R0AAARAR,Nifedipine,Nifedipine_Tab 20mg M/R,Nifedipine,,20 mg,calcium-channel blocker,True,False
4635,,0206020R0AAASAS,Nifedipine,Nifedipine_Oral Dps 20mg/ml,Nifedipine,,20 mg/mL,calcium-channel blocker,True,False
4636,,0206020R0AAATAT,Nifedipine,Nifedipine_Liq Spec 10mg/5ml,Nifedipine,,10 mg/5 ml,calcium-channel blocker,True,False
4637,,0206020R0AAAUAU,Nifedipine,Nifedipine_Liq Spec 100mg/5ml,Nifedipine,,100 mg/5 ml,calcium-channel blocker,True,False
4638,,0206020R0AAAVAV,Nifedipine,Nifedipine_Tab 10mg,Nifedipine,,10 mg,calcium-channel blocker,True,False
4639,,0206020R0AAAWAW,Nifedipine,Nifedipine_Tab 10mg M/R              @gn,Nifedipine,,10 mg,calcium-channel blocker,True,False
4640,,0206020R0AAAXAX,Nifedipine,Nifedipine_Tab 40mg M/R,Nifedipine,,40 mg,calcium-channel blocker,True,False
4641,,0206020R0AAAYAY,Nifedipine,Nifedipine_Cap 10mg M/R              @gn,Nifedipine,,10 mg,calcium-channel blocker,True,False
4642,,0206020R0AAAZAZ,Nifedipine,Nifedipine_Cap 20mg M/R              @gn,Nifedipine,,20 mg,calcium-channel blocker,True,False
4643,,0206020R0AABABA,Nifedipine,Nifedipine_Tab 40mg M/R              @gn,Nifedipine,,40 mg,calcium-channel blocker,True,False
4644,,0206020R0AABBBB,Nifedipine,Nifedipine_Liq Spec 5mg/5ml,Nifedipine,,5 mg/5 ml,calcium-channel blocker,True,False
4645,,0206020R0AABCBC,Nifedipine,Nifedipine_Liq Spec 25mg/5ml,Nifedipine,,25 mg/5 ml,calcium-channel blocker,True,False
4646,,0206020R0AABDBD,Nifedipine,Nifedipine_Liq Spec 30mg/5ml,Nifedipine,,30 mg/5 ml,calcium-channel blocker,True,False
4647,,0206020R0AABEBE,Nifedipine,Nifedipine_Cap 30mg M/R,Nifedipine,,30 mg,calcium-channel blocker,True,False
4648,,0206020R0AABFBF,Nifedipine,Nifedipine_Cap 60mg M/R,Nifedipine,,60 mg,calcium-channel blocker,True,False
4649,,0206020R0AABGBG,Nifedipine,Nifedipine_Liq Spec 20mg/5ml,Nifedipine,,20 mg/5 ml,calcium-channel blocker,True,False
4650,,0206020R0AABHBH,Nifedipine,Nifedipine_Liq Spec 1mg/5ml,Nifedipine,,1 mg/5 ml,calcium-channel blocker,True,False
4651,,0206020R0AABJBJ,Nifedipine,Nifedipine_Liq Spec 4mg/5ml,Nifedipine,,4 mg/5 ml,calcium-channel blocker,True,False
4652,,0206020R0AABKBK,Nifedipine,Nifedipine_Liq Spec 2.5mg/5ml,Nifedipine,,5 mg/5 ml,calcium-channel blocker,True,False
4653,,0206020R0AABLBL,Nifedipine,Nifedipine_Liq Spec 2mg/5ml,Nifedipine,,2 mg/5 ml,calcium-channel blocker,True,False
4654,,0206020R0AABMBM,Nifedipine,Nifedipine_Liq Spec 7.5mg/5ml,Nifedipine,,5 mg/5 ml,calcium-channel blocker,True,False
4655,,0206020R0AABNBN,Nifedipine,Nifedipine_Liq Spec 2.2mg/5ml,Nifedipine,,2 mg/5 ml,calcium-channel blocker,True,False
4656,,0206020R0AABPBP,Nifedipine,Nifedipine_Liq Spec 60mg/5ml,Nifedipine,,60 mg/5 ml,calcium-channel blocker,True,False
4657,,0206020R0AABQBQ,Nifedipine,Nifedipine_Oral Susp 10mg/5ml,Nifedipine,,10 mg/5 ml,calcium-channel blocker,True,False
4658,,0206020R0AABRBR,Nifedipine,Nifedipine_Oral Susp 5mg/5ml,Nifedipine,,5 mg/5 ml,calcium-channel blocker,True,False
4659,,0206020R0BBAAAA,Adalat,Adalat_Cap 5mg,Nifedipine,,5 mg,calcium-channel blocker,True,False
4660,,0206020R0BBABAB,Adalat,Adalat_Cap 10mg,Nifedipine,,10 mg,calcium-channel blocker,True,False
4661,,0206020R0BBAEAF,Adalat,Adalat IC_Inj 0.1mg/ml 2ml Pfs,Nifedipine,,1 mg/mL,calcium-channel blocker,True,False
4662,,0206020R0BBAFAR,Adalat,Adalat Ret_Tab 20mg,Nifedipine,,20 mg,calcium-channel blocker,True,False
4663,,0206020R0BBAGAE,Adalat,Adalat Ret_Tab 10mg,Nifedipine,,10 mg,calcium-channel blocker,True,False
4664,,0206020R0BBAHAN,Adalat,Adalat LA _Tab 30mg,Nifedipine,,30 mg,calcium-channel blocker,True,False
4665,,0206020R0BBAIAP,Adalat,Adalat LA _Tab 60mg,Nifedipine,,60 mg,calcium-channel blocker,True,False
4666,,0206020R0BBAJAR,Adalat,Adalat LA_Tab 20mg,Nifedipine,,20 mg,calcium-channel blocker,True,False
4667,,0206020R0BCAAAI,Adalat A.R.,Adalat A.R._Tab 40mg,Nifedipine,,40 mg,calcium-channel blocker,True,False
4668,,0206020R0BCABAC,Adalat A.R.,Adalat A.R._Tab 20mg,Nifedipine,,20 mg,calcium-channel blocker,True,False
4669,,0206020R0BDAAAA,Vasad,Vasad_Cap 5mg,Nifedipine,,5 mg,calcium-channel blocker,True,False
4670,,0206020R0BDABAB,Vasad,Vasad_Cap 10mg,Nifedipine,,10 mg,calcium-channel blocker,True,False
4671,,0206020R0BFAAAB,Calcilat,Calcilat_Cap 10mg,Nifedipine,,10 mg,calcium-channel blocker,True,False
4672,,0206020R0BGAAAH,Coracten,Coracten SR_Cap 20mg,Nifedipine,,20 mg,calcium-channel blocker,True,False
4673,,0206020R0BGABAM,Coracten,Coracten SR_Cap 10mg,Nifedipine,,10 mg,calcium-channel blocker,True,False
4674,,0206020R0BGACBE,Coracten,Coracten XL_Cap 30mg,Nifedipine,,30 mg,calcium-channel blocker,True,False
4675,,0206020R0BGADBF,Coracten,Coracten XL_Cap 60mg,Nifedipine,,60 mg,calcium-channel blocker,True,False
4676,,0206020R0BHAAAA,Angiopine,Angiopine 5_Cap 5mg,Nifedipine,,5 mg,calcium-channel blocker,True,False
4677,,0206020R0BHABAB,Angiopine,Angiopine 10_Cap 10mg,Nifedipine,,10 mg,calcium-channel blocker,True,False
4678,,0206020R0BHACAR,Angiopine,Angiopine MR 20_Tab 20mg,Nifedipine,,20 mg,calcium-channel blocker,True,False
4679,,0206020R0BHADAX,Angiopine,Angiopine 40 LA_Tab 40mg,Nifedipine,,40 mg,calcium-channel blocker,True,False
4680,,0206020R0BHAEAE,Angiopine,Angiopine MR 10_Tab 10mg,Nifedipine,,10 mg,calcium-channel blocker,True,False
4681,,0206020R0BIAAAC,Adalate LP,Adalate LP_Tab 20mg,Nifedipine,,20 mg,calcium-channel blocker,True,False
4682,,0206020R0BJAAAR,Nifensar Xl,Nifensar Xl_Tab 20mg,Nifedipine,,20 mg,calcium-channel blocker,True,False
4683,,0206020R0BKAAAA,Kentipine,Kentipine_Cap 5mg,Nifedipine,,5 mg,calcium-channel blocker,True,False
4684,,0206020R0BKABAB,Kentipine,Kentipine_Cap 10mg,Nifedipine,,10 mg,calcium-channel blocker,True,False
4685,,0206020R0BKACAR,Kentipine,Kentipine MR 20_Tab 20mg,Nifedipine,,20 mg,calcium-channel blocker,True,False
4686,,0206020R0BKADAE,Kentipine,Kentipine MR 10_Tab 10mg,Nifedipine,,10 mg,calcium-channel blocker,True,False
4687,,0206020R0BLAAAR,Cardilate,Cardilate MR_Tab 20mg,Nifedipine,,20 mg,calcium-channel blocker,True,False
4688,,0206020R0BLABAE,Cardilate,Cardilate MR_Tab 10mg,Nifedipine,,10 mg,calcium-channel blocker,True,False
4689,,0206020R0BMAAAS,Nife-Wolff,Nife-Wolff_Oral Dps 20mg/1ml,Nifedipine,,20 mg/1 ml,calcium-channel blocker,True,False
4690,,0206020R0BNAAAR,Nifelease,Nifelease_Tab 20mg,Nifedipine,,20 mg,calcium-channel blocker,True,False
4691,,0206020R0BPAAAB,Calanif,Calanif_Cap 10mg,Nifedipine,,10 mg,calcium-channel blocker,True,False
4692,,0206020R0BPABAA,Calanif,Calanif_Cap 5mg,Nifedipine,,5 mg,calcium-channel blocker,True,False
4693,,0206020R0BQAAAR,Hypolar,Hypolar Ret 20_Tab 20mg,Nifedipine,,20 mg,calcium-channel blocker,True,False
4694,,0206020R0BQABAN,Hypolar,Hypolar XL 30_Tab 30mg,Nifedipine,,30 mg,calcium-channel blocker,True,False
4695,,0206020R0BQACAE,Hypolar,Hypolar Ret 10_Tab 10mg,Nifedipine,,10 mg,calcium-channel blocker,True,False
4696,,0206020R0BRAAAR,Adipine,Adipine MR 20_Tab 20mg,Nifedipine,,20 mg,calcium-channel blocker,True,False
4697,,0206020R0BRABAE,Adipine,Adipine MR 10_Tab 10mg,Nifedipine,,10 mg,calcium-channel blocker,True,False
4698,,0206020R0BRACAN,Adipine,Adipine XL_Tab 30mg,Nifedipine,,30 mg,calcium-channel blocker,True,False
4699,,0206020R0BRADAP,Adipine,Adipine XL_Tab 60mg,Nifedipine,,60 mg,calcium-channel blocker,True,False
4700,,0206020R0BSAAAN,Unipine,Unipine XL_Tab 30mg,Nifedipine,,30 mg,calcium-channel blocker,True,False
4701,,0206020R0BTAAAS,Nifedipin,Nifedipin_Oral Dps 20mg/1ml,Nifedipine,,20 mg/1 ml,calcium-channel blocker,True,False
4702,,0206020R0BUAAAE,Nimodrel,Nimodrel MR 10_Tab 10mg,Nifedipine,,10 mg,calcium-channel blocker,True,False
4703,,0206020R0BUABAR,Nimodrel,Nimodrel MR 20_Tab 20mg,Nifedipine,,20 mg,calcium-channel blocker,True,False
4704,,0206020R0BUACAN,Nimodrel,Nimodrel XL_Tab 30mg,Nifedipine,,30 mg,calcium-channel blocker,True,False
4705,,0206020R0BUADAP,Nimodrel,Nimodrel XL_Tab 60mg,Nifedipine,,60 mg,calcium-channel blocker,True,False
4706,,0206020R0BVAAAR,Slofedipine,Slofedipine_Tab 20mg,Nifedipine,,20 mg,calcium-channel blocker,True,False
4707,,0206020R0BVABAN,Slofedipine,Slofedipine XL 30_Tab 30mg,Nifedipine,,30 mg,calcium-channel blocker,True,False
4708,,0206020R0BVACAP,Slofedipine,Slofedipine XL 60_Tab 60mg,Nifedipine,,60 mg,calcium-channel blocker,True,False
4709,,0206020R0BWAAAE,Tensipine,Tensipine MR 10_Tab 10mg,Nifedipine,,10 mg,calcium-channel blocker,True,False
4710,,0206020R0BWABAR,Tensipine,Tensipine MR 20_Tab 20mg,Nifedipine,,20 mg,calcium-channel blocker,True,False
4711,,0206020R0BXAAAX,Fortipine,Fortipine LA40_Tab 40mg,Nifedipine,,40 mg,calcium-channel blocker,True,False
4712,,0206020R0BYAAAR,Nifedotard,Nifedotard 20 MR_Tab 20mg,Nifedipine,,20 mg,calcium-channel blocker,True,False
4713,,0206020R0BZAAAE,Genalat,Genalat 10 Ret_Tab 10mg,Nifedipine,,10 mg,calcium-channel blocker,True,False
4714,,0206020R0BZABAR,Genalat,Genalat 20 Ret_Tab 20mg,Nifedipine,,20 mg,calcium-channel blocker,True,False
4715,,0206020R0CBAAAE,Nifedipress,Nifedipress MR 10_Tab 10mg,Nifedipine,,10 mg,calcium-channel blocker,True,False
4716,,0206020R0CBABAR,Nifedipress,Nifedipress MR 20_Tab 20mg,Nifedipine,,20 mg,calcium-channel blocker,True,False
4717,,0206020R0CBACAE,Nifedipress,Nifedipress MR 10_Tab 10mg (Teva UK),Nifedipine,,10 mg,calcium-channel blocker,True,False
4718,,0206020R0CBADAR,Nifedipress,Nifedipress MR 20_Tab 20mg (Actavis),Nifedipine,,20 mg,calcium-channel blocker,True,False
4719,,0206020R0CBAEAR,Nifedipress,Nifedipress MR 20_Tab 20mg (Teva UK),Nifedipine,,20 mg,calcium-channel blocker,True,False
4720,,0206020R0CCAAAE,Nivaten,Nivaten Ret_Tab 10mg,Nifedipine,,10 mg,calcium-channel blocker,True,False
4721,,0206020R0CCABAR,Nivaten,Nivaten Ret_Tab 20mg,Nifedipine,,20 mg,calcium-channel blocker,True,False
4722,,0206020R0CDAAAR,Coroday,Coroday MR_Tab 20mg,Nifedipine,,20 mg,calcium-channel blocker,True,False
4723,,0206020R0CEAAAR,Nifopress,Nifopress Ret_Tab 20mg,Nifedipine,,20 mg,calcium-channel blocker,True,False
4724,,0206020R0CEABAR,Nifopress,Nifopress MR_Tab 20mg,Nifedipine,,20 mg,calcium-channel blocker,True,False
4725,,0206020R0CFAAAR,Valni,Valni 20 Ret_Tab 20mg,Nifedipine,,20 mg,calcium-channel blocker,True,False
4726,,0206020R0CFABAN,Valni,Valni XL_Tab 30mg,Nifedipine,,30 mg,calcium-channel blocker,True,False
4727,,0206020R0CFACAP,Valni,Valni XL_Tab 60mg,Nifedipine,,60 mg,calcium-channel blocker,True,False
4728,,0206020R0CGAAAE,Calchan,Calchan MR 10_Tab 10mg,Nifedipine,,10 mg,calcium-channel blocker,True,False
4729,,0206020R0CGABAR,Calchan,Calchan MR 20_Tab 20mg,Nifedipine,,20 mg,calcium-channel blocker,True,False
4730,,0206020R0CHAAAN,Neozipine,Neozipine XL_Tab 30mg,Nifedipine,,30 mg,calcium-channel blocker,True,False
4731,,0206020R0CHABAP,Neozipine,Neozipine XL_Tab 60mg,Nifedipine,,60 mg,calcium-channel blocker,True,False
4732,,0206020R0CIAAAN,Adanif,Adanif XL_Tab 30mg,Nifedipine,,30 mg,calcium-channel blocker,True,False
4733,,0206020R0CIABAP,Adanif,Adanif XL_Tab 60mg,Nifedipine,,60 mg,calcium-channel blocker,True,False
4734,,0206020R0CJAAAN,Nidef,Nidef_Tab 30mg M/R,Nifedipine,,30 mg,calcium-channel blocker,True,False
4735,,0206020R0CJABAP,Nidef,Nidef_Tab 60mg M/R,Nifedipine,,60 mg,calcium-channel blocker,True,False
4736,,0206020S0AAAAAA,Prenylamine Lact,Prenylamine Lact_Tab 60mg,PrenylamineLactate,,60 mg,calcium-channel blocker,True,False
4737,,0206020S0BBAAAA,Synadrin,Synadrin_Tab 60mg,PrenylamineLactate,,60 mg,calcium-channel blocker,True,False
4738,,0206020T0AAA1A1,Verapamil HCl,Verapamil HCl_Liq Spec 80mg/5ml,Verapamil Hydrochloride,,80 mg/5 ml,calcium-channel blocker,True,False
4739,,0206020T0AAA2A2,Verapamil HCl,Verapamil HCl_Liq Spec 20mg/5ml,Verapamil Hydrochloride,,20 mg/5 ml,calcium-channel blocker,True,False
4740,,0206020T0AAA3A3,Verapamil HCl,Verapamil HCl_Liq Spec 10mg/5ml,Verapamil Hydrochloride,,10 mg/5 ml,calcium-channel blocker,True,False
4741,,0206020T0AAAAAA,Verapamil HCl,Verapamil HCl_Inj 2.5mg/ml 2ml Amp,Verapamil Hydrochloride,,5 mg/mL,calcium-channel blocker,True,False
4742,,0206020T0AAACAC,Verapamil HCl,Verapamil HCl_Tab 40mg,Verapamil Hydrochloride,,40 mg,calcium-channel blocker,True,False
4743,,0206020T0AAADAD,Verapamil HCl,Verapamil HCl_Tab 80mg,Verapamil Hydrochloride,,80 mg,calcium-channel blocker,True,False
4744,,0206020T0AAAEAE,Verapamil HCl,Verapamil HCl_Tab 100mg,Verapamil Hydrochloride,,100 mg,calcium-channel blocker,True,False
4745,,0206020T0AAAFAF,Verapamil HCl,Verapamil HCl_Tab 120mg,Verapamil Hydrochloride,,120 mg,calcium-channel blocker,True,False
4746,,0206020T0AAAGAG,Verapamil HCl,Verapamil HCl_Tab 160mg,Verapamil Hydrochloride,,160 mg,calcium-channel blocker,True,False
4747,,0206020T0AAAHAH,Verapamil HCl,Verapamil HCl_Tab 240mg M/R,Verapamil Hydrochloride,,240 mg,calcium-channel blocker,True,False
4748,,0206020T0AAAIAI,Verapamil HCl,Verapamil HCl_Cap 120mg M/R,Verapamil Hydrochloride,,120 mg,calcium-channel blocker,True,False
4749,,0206020T0AAAJAJ,Verapamil HCl,Verapamil HCl_Cap 180mg M/R,Verapamil Hydrochloride,,180 mg,calcium-channel blocker,True,False
4750,,0206020T0AAAKAK,Verapamil HCl,Verapamil HCl_Cap 240mg M/R,Verapamil Hydrochloride,,240 mg,calcium-channel blocker,True,False
4751,,0206020T0AAALAL,Verapamil HCl,Verapamil HCl_Pdrs 7.5mg,Verapamil Hydrochloride,,7.5 mg,calcium-channel blocker,True,False
4752,,0206020T0AAAMAM,Verapamil HCl,Verapamil HCl_Cap 7.5mg,Verapamil Hydrochloride,,7.5 mg,calcium-channel blocker,True,False
4753,,0206020T0AAANAN,Verapamil HCl,Verapamil HCl_I/V Inj 2.5mg/ml 2ml Syrg,Verapamil Hydrochloride,,5 mg/mL,calcium-channel blocker,True,False
4754,,0206020T0AAAPAP,Verapamil HCl,Verapamil HCl_Susp 3.5mg/5ml,Verapamil Hydrochloride,,5 mg/5 ml,calcium-channel blocker,True,False
4755,,0206020T0AAAQAQ,Verapamil HCl,Verapamil HCl_Pdrs 40mg,Verapamil Hydrochloride,,40 mg,calcium-channel blocker,True,False
4756,,0206020T0AAARAR,Verapamil HCl,Verapamil HCl_Susp 20mg/5ml,Verapamil Hydrochloride,,20 mg/5 ml,calcium-channel blocker,True,False
4757,,0206020T0AAASAS,Verapamil HCl,Verapamil HCl_Susp 80mg/5ml,Verapamil Hydrochloride,,80 mg/5 ml,calcium-channel blocker,True,False
4758,,0206020T0AAATAT,Verapamil HCl,Verapamil HCl_Susp 40mg/5ml,Verapamil Hydrochloride,,40 mg/5 ml,calcium-channel blocker,True,False
4759,,0206020T0AAAUAU,Verapamil HCl,Verapamil HCl_Tab 120mg M/R,Verapamil Hydrochloride,,120 mg,calcium-channel blocker,True,False
4760,,0206020T0AAAVAV,Verapamil HCl,Verapamil HCl_Oral Soln 40mg/5ml S/F,Verapamil Hydrochloride,,40 mg/5 ml,calcium-channel blocker,True,False
4761,,0206020T0AAAWAW,Verapamil HCl,Verapamil HCl_Susp 120mg/5ml,Verapamil Hydrochloride,,120 mg/5 ml,calcium-channel blocker,True,False
4762,,0206020T0AAAXAX,Verapamil HCl,Verapamil HCl_Pdrs 2.5mg,Verapamil Hydrochloride,,2.5 mg,calcium-channel blocker,True,False
4763,,0206020T0AAAYAY,Verapamil HCl,Verapamil HCl_Oral Liq @spec,Verapamil Hydrochloride,,,calcium-channel blocker,True,False
4764,,0206020T0AAAZAZ,Verapamil HCl,Verapamil HCl_Liq Spec 40mg/5ml,Verapamil Hydrochloride,,40 mg/5 ml,calcium-channel blocker,True,False
4765,,0206020T0AABABA,Verapamil HCl,Verapamil HCl_Liq Spec 120mg/5ml,Verapamil Hydrochloride,,120 mg/5 ml,calcium-channel blocker,True,False
4766,,0206020T0AABBBB,Verapamil HCl,Verapamil HCl_Tab 240mg M/R          @gn,Verapamil Hydrochloride,,240 mg,calcium-channel blocker,True,False
4767,,0206020T0AABCBC,Verapamil HCl,Verapamil HCl_Cap 240mg M/R          @gn,Verapamil Hydrochloride,,240 mg,calcium-channel blocker,True,False
4768,,0206020T0AABDBD,Verapamil HCl,Verapamil HCl_Liq Spec 45mg/5ml,Verapamil Hydrochloride,,45 mg/5 ml,calcium-channel blocker,True,False
4769,,0206020T0AABEBE,Verapamil HCl,Verapamil HCl_Liq Spec 30mg/5ml,Verapamil Hydrochloride,,30 mg/5 ml,calcium-channel blocker,True,False
4770,,0206020T0AABFBF,Verapamil HCl,Verapamil HCl_Liq Spec 250mg/5ml,Verapamil Hydrochloride,,250 mg/5 ml,calcium-channel blocker,True,False
4771,,0206020T0AABGBG,Verapamil HCl,Verapamil HCl_Liq Spec 50mg/5ml,Verapamil Hydrochloride,,50 mg/5 ml,calcium-channel blocker,True,False
4772,,0206020T0AABHBH,Verapamil HCl,Verapamil HCl_Liq Spec 240mg/5ml,Verapamil Hydrochloride,,240 mg/5 ml,calcium-channel blocker,True,False
4773,,0206020T0AABIBI,Verapamil HCl,Verapamil HCl_Tab 120mg M/R          @gn,Verapamil Hydrochloride,,120 mg,calcium-channel blocker,True,False
4774,,0206020T0BBAAAC,Berkatens,Berkatens_Tab 40mg,Verapamil Hydrochloride,,40 mg,calcium-channel blocker,True,False
4775,,0206020T0BBABAD,Berkatens,Berkatens_Tab 80mg,Verapamil Hydrochloride,,80 mg,calcium-channel blocker,True,False
4776,,0206020T0BBACAF,Berkatens,Berkatens_Tab 120mg,Verapamil Hydrochloride,,120 mg,calcium-channel blocker,True,False
4777,,0206020T0BBADAG,Berkatens,Berkatens_Tab 160mg,Verapamil Hydrochloride,,160 mg,calcium-channel blocker,True,False
4778,,0206020T0BCAAAC,Cordilox,Cordilox_Tab 40mg,Verapamil Hydrochloride,,40 mg,calcium-channel blocker,True,False
4779,,0206020T0BCABAD,Cordilox,Cordilox_Tab 80mg,Verapamil Hydrochloride,,80 mg,calcium-channel blocker,True,False
4780,,0206020T0BCACAF,Cordilox,Cordilox_Tab 120mg,Verapamil Hydrochloride,,120 mg,calcium-channel blocker,True,False
4781,,0206020T0BCADAG,Cordilox,Cordilox_Tab 160mg,Verapamil Hydrochloride,,160 mg,calcium-channel blocker,True,False
4782,,0206020T0BCAEAA,Cordilox,Cordilox I.V._Inj 2.5mg/ml 2ml Amp,Verapamil Hydrochloride,,5 mg/mL,calcium-channel blocker,True,False
4783,,0206020T0BCAFAH,Cordilox,Cordilox MR 240_Tab 240mg,Verapamil Hydrochloride,,240 mg,calcium-channel blocker,True,False
4784,,0206020T0BDAAAC,Securon,Securon_Tab 40mg,Verapamil Hydrochloride,,40 mg,calcium-channel blocker,True,False
4785,,0206020T0BDABAD,Securon,Securon Mid_Tab 80mg,Verapamil Hydrochloride,,80 mg,calcium-channel blocker,True,False
4786,,0206020T0BDACAF,Securon,Securon_Tab 120mg,Verapamil Hydrochloride,,120 mg,calcium-channel blocker,True,False
4787,,0206020T0BDADAG,Securon,Securon_Tab 160mg,Verapamil Hydrochloride,,160 mg,calcium-channel blocker,True,False
4788,,0206020T0BDAEAH,Securon,Securon SR_Tab 240mg,Verapamil Hydrochloride,,240 mg,calcium-channel blocker,True,False
4789,,0206020T0BDAFAN,Securon,Securon Iv_Inj 2.5mg/ml 2ml Pfs,Verapamil Hydrochloride,,5 mg/mL,calcium-channel blocker,True,False
4790,,0206020T0BDAGAU,Securon,Half Securon SR_Tab 120mg,Verapamil Hydrochloride,,120 mg,calcium-channel blocker,True,False
4791,,0206020T0BDAHAD,Securon,Securon_Tab 80mg,Verapamil Hydrochloride,,80 mg,calcium-channel blocker,True,False
4792,,0206020T0BDAIAA,Securon,Securon IV_Inj 2.5mg/ml 2ml Amp,Verapamil Hydrochloride,,5 mg/mL,calcium-channel blocker,True,False
4793,,0206020T0BFAAAI,Univer,Univer_Cap 120mg M/R,Verapamil Hydrochloride,,120 mg,calcium-channel blocker,True,False
4794,,0206020T0BFABAJ,Univer,Univer_Cap 180mg M/R,Verapamil Hydrochloride,,180 mg,calcium-channel blocker,True,False
4795,,0206020T0BFACAK,Univer,Univer_Cap 240mg M/R,Verapamil Hydrochloride,,240 mg,calcium-channel blocker,True,False
4796,,0206020T0BGAAAC,Geangin,Geangin_Tab 40mg,Verapamil Hydrochloride,,40 mg,calcium-channel blocker,True,False
4797,,0206020T0BGABAD,Geangin,Geangin_Tab 80mg,Verapamil Hydrochloride,,80 mg,calcium-channel blocker,True,False
4798,,0206020T0BGACAF,Geangin,Geangin_Tab 120mg,Verapamil Hydrochloride,,120 mg,calcium-channel blocker,True,False
4799,,0206020T0BHAAAH,Verapress,Verapress MR 240_Tab 240mg,Verapamil Hydrochloride,,240 mg,calcium-channel blocker,True,False
4800,,0206020T0BHABAH,Verapress,Verapress MR 240_Tab 240mg (Sandoz),Verapamil Hydrochloride,,240 mg,calcium-channel blocker,True,False
4801,,0206020T0BHACAH,Verapress,Verapress MR 240_Tab 240mg (Actavis),Verapamil Hydrochloride,,240 mg,calcium-channel blocker,True,False
4802,,0206020T0BHADAH,Verapress,Verapress MR 240_Tab 240mg (Teva),Verapamil Hydrochloride,,240 mg,calcium-channel blocker,True,False
4803,,0206020T0BIAAAH,Ethimil,Ethimil MR 240_Tab 240mg,Verapamil Hydrochloride,,240 mg,calcium-channel blocker,True,False
4804,,0206020T0BJAAAH,Vertab,Vertab SR 240_Tab 240mg,Verapamil Hydrochloride,,240 mg,calcium-channel blocker,True,False
4805,,0206020T0BKAAAV,Zolvera,Zolvera_Oral Soln 40mg/5ml S/F,Verapamil Hydrochloride,,40 mg/5 ml,calcium-channel blocker,True,False
4806,,0206020T0BLAAAH,Ranvera,Ranvera MR_Tab 240mg,Verapamil Hydrochloride,,240 mg,calcium-channel blocker,True,False
4807,,0206020T0BMAAAU,Vera-Til,Vera-Til SR_Tab 120mg,Verapamil Hydrochloride,,120 mg,calcium-channel blocker,True,False
4808,,0206020T0BMABAH,Vera-Til,Vera-Til SR_Tab 240mg,Verapamil Hydrochloride,,240 mg,calcium-channel blocker,True,False
4809,,0206020T0BMACAH,Vera-Til,Vera-Til SR_Tab 240mg (Actavis),Verapamil Hydrochloride,,240 mg,calcium-channel blocker,True,False
4810,,0206020T0BMADAU,Vera-Til,Vera-Til SR_Tab 120mg (Actavis),Verapamil Hydrochloride,,120 mg,calcium-channel blocker,True,False
4811,,0206020T0BNAAAH,Manidon,Manidon SR_Tab 240mg,Verapamil Hydrochloride,,240 mg,calcium-channel blocker,True,False
4812,,0206020V0AAAAAA,Perhexiline Mal,Perhexiline Mal_Tab 100mg,Perhexiline Maleate,,100 mg,calcium-channel blocker,True,False
4813,,0206020V0BBAAAA,Pexid,Pexid_Tab 100mg,Perhexiline Maleate,,100 mg,calcium-channel blocker,True,False
4814,,0206020V0BCAAAA,Pexsig,Pexsig_Tab 100mg,Perhexiline Maleate,,100 mg,calcium-channel blocker,True,False
4815,,0206020W0AAAAAA,Nisoldipine,Nisoldipine_Tab 10mg M/R,Nisoldipine,,10 mg,calcium-channel blocker,True,False
4816,,0206020W0AAABAB,Nisoldipine,Nisoldipine_Tab 20mg M/R,Nisoldipine,,20 mg,calcium-channel blocker,True,False
4817,,0206020W0AAACAC,Nisoldipine,Nisoldipine_Tab 30mg M/R,Nisoldipine,,30 mg,calcium-channel blocker,True,False
4818,,0206020W0BBAAAA,Syscor,Syscor MR 10_Tab 10mg,Nisoldipine,,10 mg,calcium-channel blocker,True,False
4819,,0206020W0BBABAB,Syscor,Syscor MR 20_Tab 20mg,Nisoldipine,,20 mg,calcium-channel blocker,True,False
4820,,0206020W0BBACAC,Syscor,Syscor MR 30_Tab 30mg,Nisoldipine,,30 mg,calcium-channel blocker,True,False
4821,,0206020W0BCAAAB,Sular,Sular_Tab 20mg,Nisoldipine,,20 mg,calcium-channel blocker,True,False
4822,,0206020X0AAAAAA,Mibefradil,Mibefradil_Tab 50mg,Mibefradil,,50 mg,calcium-channel blocker,True,False
4823,,0206020X0AAABAB,Mibefradil,Mibefradil_Tab 100mg,Mibefradil,,100 mg,calcium-channel blocker,True,False
4824,,0206020X0BBAAAA,Posicor,Posicor 50_Tab 50mg,Mibefradil,,50 mg,calcium-channel blocker,True,False
4825,,0206020X0BBABAB,Posicor,Posicor 100_Tab 100mg,Mibefradil,,100 mg,calcium-channel blocker,True,False
4826,,0206020Y0AAAAAA,Buflomedil HCl,Buflomedil HCl_Tab 300mg             @gn,Buflomedil Hydrochloride,,300 mg,calcium-channel blocker,True,False
4827,,0206020Y0AAABAB,Buflomedil HCl,Buflomedil HCl_Tab 150mg,Buflomedil Hydrochloride,,150 mg,calcium-channel blocker,True,False
4828,,0206020Y0AAACAC,Buflomedil HCl,Buflomedil HCl_Tab 300mg,Buflomedil Hydrochloride,,300 mg,calcium-channel blocker,True,False
4829,,0206020Y0BBAAAC,Bufedil,Bufedil Fte_Tab 300mg,Buflomedil Hydrochloride,,300 mg,calcium-channel blocker,True,False
4830,,0206020Y0BCAAAB,Fonzylane,Fonzylane_Tab 150mg,Buflomedil Hydrochloride,,150 mg,calcium-channel blocker,True,False
4831,,0206020Z0AAAAAA,Valsartan/Amlodipine,Amlodipine/Valsartan_Tab 5mg/80mg,Valsartan/Amlodipine,,5 mg,calcium-channel blocker,True,False
4832,,0206020Z0AAABAB,Valsartan/Amlodipine,Amlodipine/Valsartan_Tab 5mg/160mg,Valsartan/Amlodipine,,5 mg,calcium-channel blocker,True,False
4833,,0206020Z0AAACAC,Valsartan/Amlodipine,Amlodipine/Valsartan_Tab 10mg/160mg,Valsartan/Amlodipine,,10 mg,calcium-channel blocker,True,False
4834,,0206020Z0BBAAAA,Exforge,Exforge_Tab 5mg/80mg,Valsartan/Amlodipine,,5 mg,calcium-channel blocker,True,False
4835,,0206020Z0BBABAB,Exforge,Exforge_Tab 5mg/160mg,Valsartan/Amlodipine,,5 mg,calcium-channel blocker,True,False
4836,,0206020Z0BBACAC,Exforge,Exforge_Tab 10mg/160mg,Valsartan/Amlodipine,,10 mg,calcium-channel blocker,True,False
4837,,0202010B0AAAAAA,Bendroflumethiazide,Bendroflumethiazide_Tab 1mg,Bendroflumethiazide,,1 mg,diuretic,False,True
4838,,0202010B0AAABAB,Bendroflumethiazide,Bendroflumethiazide_Tab 2.5mg,Bendroflumethiazide,,2.5 mg,diuretic,False,True
4839,,0202010B0AAACAC,Bendroflumethiazide,Bendroflumethiazide_Tab 5mg,Bendroflumethiazide,,5 mg,diuretic,False,True
4840,,0202010B0AAADAD,Bendroflumethiazide,Bendroflumethiazide_Tab 10mg,Bendroflumethiazide,,10 mg,diuretic,False,True
4841,,0202010B0AAAEAE,Bendroflumethiazide,Bendroflumethiazide_Tab 40mg,Bendroflumethiazide,,40 mg,diuretic,False,True
4842,,0202010B0AAAFAF,Bendroflumethiazide,Bendroflumethiazide_Sach 1.25mg,Bendroflumethiazide,,1.25 mg,diuretic,False,True
4843,,0202010B0AAAGAG,Bendroflumethiazide,Bendroflumethiazide_Mix 1.25mg/5ml,Bendroflumethiazide,,25 mg/5 ml,diuretic,False,True
4844,,0202010B0AAAHAH,Bendroflumethiazide,Bendroflumethiazide_Susp 500mcg/1ml,Bendroflumethiazide,,,diuretic,False,True
4845,,0202010B0AAAIAI,Bendroflumethiazide,Bendroflumethiazide_Syr 1.5mg/5ml,Bendroflumethiazide,,5 mg/5 ml,diuretic,False,True
4846,,0202010B0AAAJAJ,Bendroflumethiazide,Bendroflumethiazide_Syr 1.25mg/5ml,Bendroflumethiazide,,25 mg/5 ml,diuretic,False,True
4847,,0202010B0AAAKAK,Bendroflumethiazide,Bendroflumethiazide_Cap 1.25mg,Bendroflumethiazide,,1.25 mg,diuretic,False,True
4848,,0202010B0AAALAL,Bendroflumethiazide,Bendroflumethiazide_Syr 5mg/5ml,Bendroflumethiazide,,5 mg/5 ml,diuretic,False,True
4849,,0202010B0AAAMAM,Bendroflumethiazide,Bendroflumethiazide_Syr 2.5mg/5ml,Bendroflumethiazide,,5 mg/5 ml,diuretic,False,True
4850,,0202010B0AAANAN,Bendroflumethiazide,Bendroflumethiazide_Oral Liq @spec,Bendroflumethiazide,,,diuretic,False,True
4851,,0202010B0AAAPAP,Bendroflumethiazide,Bendroflumethiazide_Liq Spec 2.5mg/5ml,Bendroflumethiazide,,5 mg/5 ml,diuretic,False,True
4852,,0202010B0AAAQAQ,Bendroflumethiazide,Bendroflumethiazide_Liq Spec 5mg/5ml,Bendroflumethiazide,,5 mg/5 ml,diuretic,False,True
4853,,0202010B0AAARAR,Bendroflumethiazide,Bendroflumethiazide_Cap 5mg,Bendroflumethiazide,,5 mg,diuretic,False,True
4854,,0202010B0AAASAS,Bendroflumethiazide,Bendroflumethiazide_Liq Spec 2mg/5ml,Bendroflumethiazide,,2 mg/5 ml,diuretic,False,True
4855,,0202010B0AAATAT,Bendroflumethiazide,Bendroflumethiazide_Cap 2.5mg,Bendroflumethiazide,,2.5 mg,diuretic,False,True
4856,,0202010B0AAAUAU,Bendroflumethiazide,Bendroflumethiazide_Liq Spec 1.25mg/5ml,Bendroflumethiazide,,25 mg/5 ml,diuretic,False,True
4857,,0202010B0AAAVAV,Bendroflumethiazide,Bendroflumethiazide_Liq Spec 3.75mg/5ml,Bendroflumethiazide,,75 mg/5 ml,diuretic,False,True
4858,,0202010B0AAAWAW,Bendroflumethiazide,Bendroflumethiazide_Liq Spec 1mg/5ml,Bendroflumethiazide,,1 mg/5 ml,diuretic,False,True
4859,,0202010B0AAAXAX,Bendroflumethiazide,Bendroflumethiazide_Oral Susp 2.5mg/5ml,Bendroflumethiazide,,5 mg/5 ml,diuretic,False,True
4860,,0202010B0BBAAAB,Aprinox,Aprinox_Tab 2.5mg,Bendroflumethiazide,,2.5 mg,diuretic,False,True
4861,,0202010B0BBABAC,Aprinox,Aprinox_Tab 5mg,Bendroflumethiazide,,5 mg,diuretic,False,True
4862,,0202010B0BCAAAB,Berkozide,Berkozide_Tab 2.5mg,Bendroflumethiazide,,2.5 mg,diuretic,False,True
4863,,0202010B0BCABAC,Berkozide,Berkozide_Tab 5mg,Bendroflumethiazide,,5 mg,diuretic,False,True
4864,,0202010B0BDAAAB,Centyl,Centyl_Tab 2.5mg,Bendroflumethiazide,,2.5 mg,diuretic,False,True
4865,,0202010B0BDABAC,Centyl,Centyl_Tab 5mg,Bendroflumethiazide,,5 mg,diuretic,False,True
4866,,0202010B0BEAAAC,Neo-Naclex,Neo-Naclex_Tab 5mg,Bendroflumethiazide,,5 mg,diuretic,False,True
4867,,0202010B0BEABAB,Neo-Naclex,Neo-Naclex_Tab 2.5mg,Bendroflumethiazide,,2.5 mg,diuretic,False,True
4868,,0202010B0BFAAAC,Urizide,Urizide_Tab 5mg,Bendroflumethiazide,,5 mg,diuretic,False,True
4869,,0202010B0BFABAB,Urizide,Urizide_Tab 2.5mg,Bendroflumethiazide,,2.5 mg,diuretic,False,True
4870,,0202010B0BGAAAB,Neo-Bendromax,Neo-Bendromax 2.5_Tab 2.5mg,Bendroflumethiazide,,2.5 mg,diuretic,False,True
4871,,0202010B0BGABAC,Neo-Bendromax,Neo-Bendromax 5_Tab 5mg,Bendroflumethiazide,,5 mg,diuretic,False,True
4872,,0202010D0AAA1A1,Chloroth,Chloroth_Susp 137.5mg/5ml,Chlorothiazide,,5 mg/5 ml,diuretic,False,True
4873,,0202010D0AAA2A2,Chloroth,Chloroth_Pdrs 200mg,Chlorothiazide,,200 mg,diuretic,False,True
4874,,0202010D0AAA3A3,Chloroth,Chloroth_Pdrs 100mg,Chlorothiazide,,100 mg,diuretic,False,True
4875,,0202010D0AAA4A4,Chloroth,Chloroth_Cap 40mg,Chlorothiazide,,40 mg,diuretic,False,True
4876,,0202010D0AAA5A5,Chloroth,Chloroth_Cap 50mg,Chlorothiazide,,50 mg,diuretic,False,True
4877,,0202010D0AAA6A6,Chloroth,Chloroth_Susp 175mg/5ml,Chlorothiazide,,175 mg/5 ml,diuretic,False,True
4878,,0202010D0AAA7A7,Chloroth,Chloroth_Susp 375mg/5ml,Chlorothiazide,,375 mg/5 ml,diuretic,False,True
4879,,0202010D0AAA8A8,Chloroth,Chloroth_Susp 150mg/5ml,Chlorothiazide,,150 mg/5 ml,diuretic,False,True
4880,,0202010D0AAA9A9,Chloroth,Chloroth_Oral Liq @spec,Chlorothiazide,,,diuretic,False,True
4881,,0202010D0AAABAB,Chloroth,Chloroth_Pdrs 40mg,Chlorothiazide,,40 mg,diuretic,False,True
4882,,0202010D0AAACAC,Chloroth,Chloroth_Pdrs 60mg,Chlorothiazide,,60 mg,diuretic,False,True
4883,,0202010D0AAADAD,Chloroth,Chloroth_Susp 250mg/5ml              @gn,Chlorothiazide,,250 mg/5 ml,diuretic,False,True
4884,,0202010D0AAAEAE,Chloroth,Chloroth_Susp 225mg/5ml,Chlorothiazide,,225 mg/5 ml,diuretic,False,True
4885,,0202010D0AAAFAF,Chloroth,Chloroth_Tab 500mg,Chlorothiazide,,500 mg,diuretic,False,True
4886,,0202010D0AAAHAH,Chloroth,Chloroth_Pdrs 50mg,Chlorothiazide,,50 mg,diuretic,False,True
4887,,0202010D0AAAIAI,Chloroth,Chloroth_Susp 500mg/5ml,Chlorothiazide,,500 mg/5 ml,diuretic,False,True
4888,,0202010D0AAAJAJ,Chloroth,Chloroth_Susp 20mg/5ml,Chlorothiazide,,20 mg/5 ml,diuretic,False,True
4889,,0202010D0AAAKAK,Chloroth,Chloroth_Pdrs 30mg,Chlorothiazide,,30 mg,diuretic,False,True
4890,,0202010D0AAALAL,Chloroth,Chloroth_Susp 50mg/5ml,Chlorothiazide,,50 mg/5 ml,diuretic,False,True
4891,,0202010D0AAAMAM,Chloroth,Chloroth_Susp 100mg/5ml,Chlorothiazide,,100 mg/5 ml,diuretic,False,True
4892,,0202010D0AAANAN,Chloroth,Chloroth_Susp 10mg/5ml,Chlorothiazide,,10 mg/5 ml,diuretic,False,True
4893,,0202010D0AAAPAP,Chloroth,Chloroth_Cap 20mg,Chlorothiazide,,20 mg,diuretic,False,True
4894,,0202010D0AAAQAQ,Chloroth,Chloroth_Cap 100mg,Chlorothiazide,,100 mg,diuretic,False,True
4895,,0202010D0AAARAR,Chloroth,Chloroth_Susp 75mg/5ml,Chlorothiazide,,75 mg/5 ml,diuretic,False,True
4896,,0202010D0AAASAS,Chloroth,Chloroth_Susp 40mg/5ml,Chlorothiazide,,40 mg/5 ml,diuretic,False,True
4897,,0202010D0AAATAT,Chloroth,Chloroth_Susp 200mg/5ml,Chlorothiazide,,200 mg/5 ml,diuretic,False,True
4898,,0202010D0AAAUAU,Chloroth,Chloroth_Oral Susp 250mg/5ml,Chlorothiazide,,250 mg/5 ml,diuretic,False,True
4899,,0202010D0AAAVAV,Chloroth,Chloroth_Susp 45mg/5ml,Chlorothiazide,,45 mg/5 ml,diuretic,False,True
4900,,0202010D0AAAWAW,Chloroth,Chloroth_Pdrs 120mg,Chlorothiazide,,120 mg,diuretic,False,True
4901,,0202010D0AAAXAX,Chloroth,Chloroth_Susp 187.5mg/5ml,Chlorothiazide,,5 mg/5 ml,diuretic,False,True
4902,,0202010D0AAAYAY,Chloroth,Chloroth_Susp 125mg/5ml,Chlorothiazide,,125 mg/5 ml,diuretic,False,True
4903,,0202010D0AAAZAZ,Chloroth,Chloroth_Susp 400mg/5ml,Chlorothiazide,,400 mg/5 ml,diuretic,False,True
4904,,0202010D0AABABA,Chloroth,Chloroth_Cap 30mg,Chlorothiazide,,30 mg,diuretic,False,True
4905,,0202010D0AABBBB,Chloroth,Chloroth_Liq Spec 125mg/5ml,Chlorothiazide,,125 mg/5 ml,diuretic,False,True
4906,,0202010D0AABCBC,Chloroth,Chloroth_Oral Soln 250mg/5ml,Chlorothiazide,,250 mg/5 ml,diuretic,False,True
4907,,0202010D0AABDBD,Chloroth,Chloroth_Liq Spec 375mg/5ml,Chlorothiazide,,375 mg/5 ml,diuretic,False,True
4908,,0202010D0AABEBE,Chloroth,Chloroth_Liq Spec 10mg/5ml,Chlorothiazide,,10 mg/5 ml,diuretic,False,True
4909,,0202010D0AABFBF,Chloroth,Chloroth_Liq Spec 50mg/5ml,Chlorothiazide,,50 mg/5 ml,diuretic,False,True
4910,,0202010D0AABGBG,Chloroth,Chloroth_Liq Spec 70mg/5ml,Chlorothiazide,,70 mg/5 ml,diuretic,False,True
4911,,0202010D0AABHBH,Chloroth,Chloroth_Liq Spec 40mg/5ml,Chlorothiazide,,40 mg/5 ml,diuretic,False,True
4912,,0202010D0AABIBI,Chloroth,Chloroth_Liq Spec 200mg/5ml,Chlorothiazide,,200 mg/5 ml,diuretic,False,True
4913,,0202010D0AABJBJ,Chloroth,Chloroth_Liq Spec 30mg/5ml,Chlorothiazide,,30 mg/5 ml,diuretic,False,True
4914,,0202010D0AABKBK,Chloroth,Chloroth_Liq Spec 100mg/5ml,Chlorothiazide,,100 mg/5 ml,diuretic,False,True
4915,,0202010D0AABLBL,Chloroth,Chloroth_Liq Spec 150mg/5ml,Chlorothiazide,,150 mg/5 ml,diuretic,False,True
4916,,0202010D0AABMBM,Chloroth,Chloroth_Liq Spec 300mg/5ml,Chlorothiazide,,300 mg/5 ml,diuretic,False,True
4917,,0202010D0AABNBN,Chloroth,Chloroth_Liq Spec 6mg/5ml,Chlorothiazide,,6 mg/5 ml,diuretic,False,True
4918,,0202010D0AABPBP,Chloroth,Chloroth_Liq Spec 155mg/5ml,Chlorothiazide,,155 mg/5 ml,diuretic,False,True
4919,,0202010D0AABQBQ,Chloroth,Chloroth_Liq Spec 20mg/5ml,Chlorothiazide,,20 mg/5 ml,diuretic,False,True
4920,,0202010D0AABRBR,Chloroth,Chloroth_Pdrs 150mg,Chlorothiazide,,150 mg,diuretic,False,True
4921,,0202010D0AABSBS,Chloroth,Chloroth_Oral Soln 25mg/5ml,Chlorothiazide,,25 mg/5 ml,diuretic,False,True
4922,,0202010D0AABTBT,Chloroth,Chloroth_Liq Spec 80mg/5ml,Chlorothiazide,,80 mg/5 ml,diuretic,False,True
4923,,0202010D0AABUBU,Chloroth,Chloroth_Liq Spec 187.5mg/5ml,Chlorothiazide,,5 mg/5 ml,diuretic,False,True
4924,,0202010D0AABVBV,Chloroth,Chloroth_Liq Spec 500mg/5ml,Chlorothiazide,,500 mg/5 ml,diuretic,False,True
4925,,0202010D0AABWBW,Chloroth,Chloroth_Liq Spec 12.5mg/5ml,Chlorothiazide,,5 mg/5 ml,diuretic,False,True
4926,,0202010D0AABXBX,Chloroth,Chloroth_Liq Spec 24mg/5ml,Chlorothiazide,,24 mg/5 ml,diuretic,False,True
4927,,0202010D0AABYBY,Chloroth,Chloroth_Pdrs 75mg,Chlorothiazide,,75 mg,diuretic,False,True
4928,,0202010D0AABZBZ,Chloroth,Chloroth_Liq Spec 35mg/5ml,Chlorothiazide,,35 mg/5 ml,diuretic,False,True
4929,,0202010D0AACACA,Chloroth,Chloroth_Pdrs 18.5mg,Chlorothiazide,,18.5 mg,diuretic,False,True
4930,,0202010D0AACBCB,Chloroth,Chloroth_Liq Spec 75mg/5ml,Chlorothiazide,,75 mg/5 ml,diuretic,False,True
4931,,0202010D0AACCCC,Chloroth,Chloroth_Cap 60mg,Chlorothiazide,,60 mg,diuretic,False,True
4932,,0202010D0AACDCD,Chloroth,Chloroth_Liq Spec 225mg/5ml,Chlorothiazide,,225 mg/5 ml,diuretic,False,True
4933,,0202010D0AACECE,Chloroth,Chloroth_Liq Spec 85mg/5ml,Chlorothiazide,,85 mg/5 ml,diuretic,False,True
4934,,0202010D0AACFCF,Chloroth,Chloroth_Cap 70mg,Chlorothiazide,,70 mg,diuretic,False,True
4935,,0202010D0AACGCG,Chloroth,Chloroth_Liq Spec 5mg/5ml,Chlorothiazide,,5 mg/5 ml,diuretic,False,True
4936,,0202010D0AACHCH,Chloroth,Chloroth_Liq Spec 90mg/5ml,Chlorothiazide,,90 mg/5 ml,diuretic,False,True
4937,,0202010D0AACICI,Chloroth,Chloroth_Liq Spec 240mg/5ml,Chlorothiazide,,240 mg/5 ml,diuretic,False,True
4938,,0202010D0AACJCJ,Chloroth,Chloroth_Liq Spec 140mg/5ml,Chlorothiazide,,140 mg/5 ml,diuretic,False,True
4939,,0202010D0AACKCK,Chloroth,Chloroth_Liq Spec 7.5mg/5ml,Chlorothiazide,,5 mg/5 ml,diuretic,False,True
4940,,0202010D0AACLCL,Chloroth,Chloroth_Liq Spec 3.75mg/5ml,Chlorothiazide,,75 mg/5 ml,diuretic,False,True
4941,,0202010D0AACMCM,Chloroth,Chloroth_Liq Spec 750mg/5ml,Chlorothiazide,,750 mg/5 ml,diuretic,False,True
4942,,0202010D0AACNCN,Chloroth,Chloroth_Liq Spec 60mg/5ml,Chlorothiazide,,60 mg/5 ml,diuretic,False,True
4943,,0202010D0AACPCP,Chloroth,Chloroth_Liq Spec 120mg/5ml,Chlorothiazide,,120 mg/5 ml,diuretic,False,True
4944,,0202010D0AACQCQ,Chloroth,Chloroth_Tab 500mg                   @gn,Chlorothiazide,,500 mg,diuretic,False,True
4945,,0202010D0AACRCR,Chloroth,Chloroth_Liq Spec 15mg/5ml,Chlorothiazide,,15 mg/5 ml,diuretic,False,True
4946,,0202010D0AACSCS,Chloroth,Chloroth_Liq Spec 160mg/5ml,Chlorothiazide,,160 mg/5 ml,diuretic,False,True
4947,,0202010D0AACTCT,Chloroth,Chloroth_Liq Spec 47mg/5ml,Chlorothiazide,,47 mg/5 ml,diuretic,False,True
4948,,0202010D0AACUCU,Chloroth,Chloroth_Liq Spec 143mg/5ml,Chlorothiazide,,143 mg/5 ml,diuretic,False,True
4949,,0202010D0AACVCV,Chloroth,Chloroth_Pdrs 80mg,Chlorothiazide,,80 mg,diuretic,False,True
4950,,0202010D0AACWCW,Chloroth,Chloroth_Liq Spec 33mg/5ml,Chlorothiazide,,33 mg/5 ml,diuretic,False,True
4951,,0202010D0AACXCX,Chloroth,Chloroth_Cap 25mg,Chlorothiazide,,25 mg,diuretic,False,True
4952,,0202010D0AACYCY,Chloroth,Chloroth_Tab 250mg,Chlorothiazide,,250 mg,diuretic,False,True
4953,,0202010D0AACZCZ,Chloroth,Chloroth_Liq Spec 350mg/5ml,Chlorothiazide,,350 mg/5 ml,diuretic,False,True
4954,,0202010D0AADADA,Chloroth,Chloroth_Cap 80mg,Chlorothiazide,,80 mg,diuretic,False,True
4955,,0202010D0AADBDB,Chloroth,Chloroth_Liq Spec 27mg/5ml,Chlorothiazide,,27 mg/5 ml,diuretic,False,True
4956,,0202010D0AADCDC,Chloroth,Chloroth_Liq Spec 38mg/5ml,Chlorothiazide,,38 mg/5 ml,diuretic,False,True
4957,,0202010D0AADDDD,Chloroth,Chloroth_Oral Susp 150mg/5ml,Chlorothiazide,,150 mg/5 ml,diuretic,False,True
4958,,0202010D0AADEDE,Chloroth,Chloroth_Oral Susp 25mg/5ml,Chlorothiazide,,25 mg/5 ml,diuretic,False,True
4959,,0202010D0AADFDF,Chloroth,Chloroth_Cap 300mg,Chlorothiazide,,300 mg,diuretic,False,True
4960,,0202010D0BBAAAF,Saluric,Saluric_Tab 500mg,Chlorothiazide,,500 mg,diuretic,False,True
4961,,0202010D0BCAAAU,Diuril,Diuril_Susp 250mg/5ml,Chlorothiazide,,250 mg/5 ml,diuretic,False,True
4962,,0202010D0BCABCY,Diuril,Diuril_Tab 250mg,Chlorothiazide,,250 mg,diuretic,False,True
4963,,0202010D0BDAAAF,Chlotride,Chlotride_Tab 500mg,Chlorothiazide,,500 mg,diuretic,False,True
4964,,0202010F0AAAAAA,Chlortalidone,Chlortalidone_Tab 50mg,Chlortalidone,,50 mg,diuretic,False,True
4965,,0202010F0AAABAB,Chlortalidone,Chlortalidone_Tab 100mg             @gn,Chlortalidone,,100 mg,diuretic,False,True
4966,,0202010F0AAACAC,Chlortalidone,Chlortalidone_Tab 500mg,Chlortalidone,,500 mg,diuretic,False,True
4967,,0202010F0AAADAD,Chlortalidone,Chlortalidone_Pdrs 25mg,Chlortalidone,,25 mg,diuretic,False,True
4968,,0202010F0AAAEAE,Chlortalidone,Chlortalidone_Pdrs 37.5mg,Chlortalidone,,37.5 mg,diuretic,False,True
4969,,0202010F0AAAFAF,Chlortalidone,Chlortalidone_Tab 50mg              @gn,Chlortalidone,,50 mg,diuretic,False,True
4970,,0202010F0AAAGAG,Chlortalidone,Chlortalidone_Tab 100mg,Chlortalidone,,100 mg,diuretic,False,True
4971,,0202010F0AAAHAH,Chlortalidone,Chlortalidone_Pdrs 5mg,Chlortalidone,,5 mg,diuretic,False,True
4972,,0202010F0AAAIAI,Chlortalidone,Chlortalidone_Pdrs 7.5mg,Chlortalidone,,7.5 mg,diuretic,False,True
4973,,0202010F0AAAJAJ,Chlortalidone,Chlortalidone_Pdrs 50mg,Chlortalidone,,50 mg,diuretic,False,True
4974,,0202010F0AAAKAK,Chlortalidone,Chlortalidone_Liq Spec 50mg/5ml,Chlortalidone,,50 mg/5 ml,diuretic,False,True
4975,,0202010F0BBAAAA,Hygroton,Hygroton_Tab 50mg,Chlortalidone,,50 mg,diuretic,False,True
4976,,0202010F0BBABAG,Hygroton,Hygroton_Tab 100mg,Chlortalidone,,100 mg,diuretic,False,True
4977,,0202010J0AAAAAA,Cyclopenth,Cyclopenth_Tab 500mcg,Cyclopenthiazide,,,diuretic,False,True
4978,,0202010J0BBAAAA,Navidrex,Navidrex_Tab 500mcg,Cyclopenthiazide,,,diuretic,False,True
4979,,0202010L0AAAAAA,Hydchloroth,Hydchloroth_Susp 12.5mg/5ml,Hydrochlorothiazide,,5 mg/5 ml,diuretic,False,True
4980,,0202010L0AAABAB,Hydchloroth,Hydchloroth_Tab 25mg,Hydrochlorothiazide,,25 mg,diuretic,False,True
4981,,0202010L0AAACAC,Hydchloroth,Hydchloroth_Tab 50mg,Hydrochlorothiazide,,50 mg,diuretic,False,True
4982,,0202010L0AAADAD,Hydchloroth,Hydchloroth_Pdrs 10mg,Hydrochlorothiazide,,10 mg,diuretic,False,True
4983,,0202010L0AAAFAF,Hydchloroth,Hydchloroth_Pdrs 7.5mg,Hydrochlorothiazide,,7.5 mg,diuretic,False,True
4984,,0202010L0AAAGAG,Hydchloroth,Hydchloroth_Pdrs 15mg,Hydrochlorothiazide,,15 mg,diuretic,False,True
4985,,0202010L0AAAHAH,Hydchloroth,Hydchloroth_Oral Liq @spec,Hydrochlorothiazide,,,diuretic,False,True
4986,,0202010L0AAAIAI,Hydchloroth,Hydchloroth_Pdrs 20mg,Hydrochlorothiazide,,20 mg,diuretic,False,True
4987,,0202010L0AAAJAJ,Hydchloroth,Hydchloroth_Liq Spec 12.5mg/5ml,Hydrochlorothiazide,,5 mg/5 ml,diuretic,False,True
4988,,0202010L0AAAKAK,Hydchloroth,Hydchloroth_Liq Spec 6.25mg/5ml,Hydrochlorothiazide,,25 mg/5 ml,diuretic,False,True
4989,,0202010L0AAALAL,Hydchloroth,Hydchloroth_Liq Spec 20mg/5ml,Hydrochlorothiazide,,20 mg/5 ml,diuretic,False,True
4990,,0202010L0AAAMAM,Hydchloroth,Hydchloroth_Liq Spec 25mg/5ml,Hydrochlorothiazide,,25 mg/5 ml,diuretic,False,True
4991,,0202010L0AAANAN,Hydchloroth,Hydchloroth_Liq Spec 15mg/5ml,Hydrochlorothiazide,,15 mg/5 ml,diuretic,False,True
4992,,0202010L0AAAPAP,Hydchloroth,Hydchloroth_Liq Spec 50mg/5ml,Hydrochlorothiazide,,50 mg/5 ml,diuretic,False,True
4993,,0202010L0AAAQAQ,Hydchloroth,Hydchloroth_Liq Spec 7mg/5ml,Hydrochlorothiazide,,7 mg/5 ml,diuretic,False,True
4994,,0202010L0AAARAR,Hydchloroth,Hydchloroth_Oral Soln 50mg/5ml,Hydrochlorothiazide,,50 mg/5 ml,diuretic,False,True
4995,,0202010L0AAASAS,Hydchloroth,Hydchloroth_Liq Spec 10mg/5ml,Hydrochlorothiazide,,10 mg/5 ml,diuretic,False,True
4996,,0202010L0AAATAT,Hydchloroth,Hydchloroth_Liq Spec 5mg/5ml,Hydrochlorothiazide,,5 mg/5 ml,diuretic,False,True
4997,,0202010L0AAAUAU,Hydchloroth,Hydchloroth_Liq Spec 60.8mg/5ml,Hydrochlorothiazide,,8 mg/5 ml,diuretic,False,True
4998,,0202010L0AAAVAV,Hydchloroth,Hydchloroth_Liq Spec 6mg/5ml,Hydrochlorothiazide,,6 mg/5 ml,diuretic,False,True
4999,,0202010L0AAAWAW,Hydchloroth,Hydchloroth_Cap 25mg,Hydrochlorothiazide,,25 mg,diuretic,False,True
5000,,0202010L0AAAXAX,Hydchloroth,Hydchloroth_Liq Spec 250mg/5ml,Hydrochlorothiazide,,250 mg/5 ml,diuretic,False,True
5001,,0202010L0AAAYAY,Hydchloroth,Hydchloroth_Tab 12.5mg,Hydrochlorothiazide,,12.5 mg,diuretic,False,True
5002,,0202010L0BBAAAB,Esidrex,Esidrex_Tab 25mg,Hydrochlorothiazide,,25 mg,diuretic,False,True
5003,,0202010L0BBABAC,Esidrex,Esidrex_Tab 50mg,Hydrochlorothiazide,,50 mg,diuretic,False,True
5004,,0202010L0BCAAAB,Hydrosaluric,Hydrosaluric_Tab 25mg,Hydrochlorothiazide,,25 mg,diuretic,False,True
5005,,0202010L0BCABAC,Hydrosaluric,Hydrosaluric_Tab 50mg,Hydrochlorothiazide,,50 mg,diuretic,False,True
5006,,0202010L0BDAAAC,Apo-Hydro,Apo-Hydro_Tab 50mg,Hydrochlorothiazide,,50 mg,diuretic,False,True
5007,,0202010L0BDABAB,Apo-Hydro,Apo-Hydro_Tab 25mg,Hydrochlorothiazide,,25 mg,diuretic,False,True
5008,,0202010N0AAAAAA,Hydroflumet,Hydroflumet_Tab 50mg,Hydroflumethiazide,,50 mg,diuretic,False,True
5009,,0202010N0BBAAAA,Hydrenox,Hydrenox_Tab 50mg,Hydroflumethiazide,,50 mg,diuretic,False,True
5010,,0202010N0BCAAAA,Diucardin,Diucardin_Tab 50mg,Hydroflumethiazide,,50 mg,diuretic,False,True
5011,,0202010P0AAAAAA,Indapamide,Indapamide_Tab 2.5mg,Indapamide,,2.5 mg,diuretic,False,True
5012,,0202010P0AAABAB,Indapamide,Indapamide_Oral Susp 2.5mg/5ml,Indapamide,,5 mg/5 ml,diuretic,False,True
5013,,0202010P0AAACAC,Indapamide,Indapamide_Cap 2.5mg,Indapamide,,2.5 mg,diuretic,False,True
5014,,0202010P0AAADAD,Indapamide,Indapamide_Tab 1.5mg M/R,Indapamide,,1.5 mg,diuretic,False,True
5015,,0202010P0AAAEAE,Indapamide,Indapamide_Liq Spec 1.5mg/5ml,Indapamide,,5 mg/5 ml,diuretic,False,True
5016,,0202010P0AAAFAF,Indapamide,Indapamide_Tab 1.5mg M/R             @gn,Indapamide,,1.5 mg,diuretic,False,True
5017,,0202010P0BBAAAA,Natrilix,Natrilix_Tab 2.5mg,Indapamide,,2.5 mg,diuretic,False,True
5018,,0202010P0BBABAD,Natrilix,Natrilix SR_Tab 1.5mg,Indapamide,,1.5 mg,diuretic,False,True
5019,,0202010P0BCAAAA,Indaxa 2.5,Indaxa 2.5_Tab 2.5mg,Indapamide,,2.5 mg,diuretic,False,True
5020,,0202010P0BDAAAA,Nindaxa 2.5,Nindaxa 2.5_Tab 2.5mg,Indapamide,,2.5 mg,diuretic,False,True
5021,,0202010P0BEAAAA,Natramid,Natramid_Tab 2.5mg,Indapamide,,2.5 mg,diuretic,False,True
5022,,0202010P0BFAAAA,Opumide,Opumide 2.5_Tab 2.5mg,Indapamide,,2.5 mg,diuretic,False,True
5023,,0202010P0BGAAAD,Ethibide XL,Ethibide XL_Tab 1.5mg,Indapamide,,1.5 mg,diuretic,False,True
5024,,0202010P0BHAAAD,Tensaid XL,Tensaid XL_Tab 1.5mg,Indapamide,,1.5 mg,diuretic,False,True
5025,,0202010P0BIAAAD,Varbim XL,Varbim XL_Tab 1.5mg,Indapamide,,1.5 mg,diuretic,False,True
5026,,0202010P0BJAAAD,Indipam XL,Indipam XL_Tab 1.5mg,Indapamide,,1.5 mg,diuretic,False,True
5027,,0202010P0BKAAAD,Mapemid,Mapemid XL_Tab 1.5mg,Indapamide,,1.5 mg,diuretic,False,True
5028,,0202010P0BLAAAD,Rawel XL,Rawel XL_Tab 1.5mg,Indapamide,,1.5 mg,diuretic,False,True
5029,,0202010P0BMAAAD,Cardide SR,Cardide SR_Tab 1.5mg,Indapamide,,1.5 mg,diuretic,False,True
5030,,0202010P0BNAAAD,Alkapamid XL (HBS Healthcare Ltd),Alkapamid XL_Tab 1.5mg,Indapamide,,1.5 mg,diuretic,False,False
5031,,0202010P0BPAAAD,Alkapamid XL (Rivopharm (UK) Ltd),Alkapamid XL_Tab 1.5mg,Indapamide,,1.5 mg,diuretic,False,False
5032,,0202010R0AAAAAA,Mefruside,Mefruside_Tab 25mg,Mefruside,,25 mg,diuretic,False,True
5033,,0202010R0BBAAAA,Baycaron,Baycaron_Tab 25mg,Mefruside,,25 mg,diuretic,False,True
5034,,0202010T0AAAAAA,Methyclothiazide,Methyclothiazide_Tab 5mg,Methyclothiazide,,5 mg,diuretic,False,True
5035,,0202010T0BBAAAA,Enduron,Enduron_Tab 5mg,Methyclothiazide,,5 mg,diuretic,False,True
5036,,0202010V0AAAAAA,Metolazone,Metolazone_Tab 5mg,Metolazone,,5 mg,diuretic,False,True
5037,,0202010V0AAABAB,Metolazone,Metolazone_Cap 2.5mg,Metolazone,,2.5 mg,diuretic,False,True
5038,,0202010V0AAACAC,Metolazone,Metolazone_Tab 500mcg,Metolazone,,,diuretic,False,True
5039,,0202010V0AAADAD,Metolazone,Metolazone_Pdrs 2.5mg,Metolazone,,2.5 mg,diuretic,False,True
5040,,0202010V0AAAEAE,Metolazone,Metolazone_Cap 500mcg,Metolazone,,,diuretic,False,True
5041,,0202010V0AAAFAF,Metolazone,Metolazone_Liq Spec 1mg/5ml,Metolazone,,1 mg/5 ml,diuretic,False,True
5042,,0202010V0AAAGAG,Metolazone,Metolazone_Pdrs 1mg,Metolazone,,1 mg,diuretic,False,True
5043,,0202010V0AAAHAH,Metolazone,Metolazone_Liq Spec 5mg/5ml,Metolazone,,5 mg/5 ml,diuretic,False,True
5044,,0202010V0AAAIAI,Metolazone,Metolazone_Cap 1mg,Metolazone,,1 mg,diuretic,False,True
5045,,0202010V0AAAJAJ,Metolazone,Metolazone_Liq Spec 500mcg/5ml,Metolazone,,,diuretic,False,True
5046,,0202010V0AAAKAK,Metolazone,Metolazone_Liq Spec 2.5mg/5ml,Metolazone,,5 mg/5 ml,diuretic,False,True
5047,,0202010V0AAALAL,Metolazone,Metolazone_Pdrs 500mcg,Metolazone,,,diuretic,False,True
5048,,0202010V0AAAMAM,Metolazone,Metolazone_Liq Spec 1.25mg/5ml,Metolazone,,25 mg/5 ml,diuretic,False,True
5049,,0202010V0AAANAN,Metolazone,Metolazone_Tab 2.5mg,Metolazone,,2.5 mg,diuretic,False,True
5050,,0202010V0BBAAAA,Metenix,Metenix_Tab 5mg,Metolazone,,5 mg,diuretic,False,True
5051,,0202010V0BCAAAC,Xuret,Xuret_Tab 500mcg,Metolazone,,,diuretic,False,True
5052,,0202010V0BDAAAC,Mykrox,Mykrox_Tab 500mcg,Metolazone,,,diuretic,False,True
5053,,0202010V0BEAAAN,Zaroxolyn,Zaroxolyn_Tab 2.5mg,Metolazone,,2.5 mg,diuretic,False,True
5054,,0202010V0BEABAA,Zaroxolyn,Zaroxolyn_Tab 5mg,Metolazone,,5 mg,diuretic,False,True
5055,,0202010X0AAAAAA,Polythiazide,Polythiazide_Tab 1mg,Polythiazide,,1 mg,diuretic,False,True
5056,,0202010X0BBAAAA,Nephril,Nephril_Tab 1mg,Polythiazide,,1 mg,diuretic,False,True
5057,,0202010Y0AAAAAA,Xipamide,Xipamide_Tab 20mg,Xipamide,,20 mg,diuretic,False,True
5058,,0202010Y0BBAAAA,Diurexan,Diurexan_Tab 20mg,Xipamide,,20 mg,diuretic,False,True
5059,,020202000BMAAA0,Proprietary Co Prepn Bnf 0202020,Boots_For M770 Mix,Other Loop Diuretic Preps,,,diuretic,False,False
5060,,0202020D0AAAAAA,Bumetanide,Bumetanide_Inj 500mcg/ml 2ml Amp,Bumetanide,,,diuretic,False,True
5061,,0202020D0AAABAB,Bumetanide,Bumetanide_Inj 500mcg/ml 4ml Amp,Bumetanide,,,diuretic,False,True
5062,,0202020D0AAACAC,Bumetanide,Bumetanide_Inj 500mcg/ml 10ml Amp,Bumetanide,,,diuretic,False,True
5063,,0202020D0AAADAD,Bumetanide,Bumetanide_Oral Soln 1mg/5ml S/F,Bumetanide,,1 mg/5 ml,diuretic,False,True
5064,,0202020D0AAAEAE,Bumetanide,Bumetanide_Tab 1mg,Bumetanide,,1 mg,diuretic,False,True
5065,,0202020D0AAAFAF,Bumetanide,Bumetanide_Tab 5mg,Bumetanide,,5 mg,diuretic,False,True
5066,,0202020D0AAAGAG,Bumetanide,Bumetanide_Oral Susp 5mg/5ml,Bumetanide,,5 mg/5 ml,diuretic,False,True
5067,,0202020D0BBAAAE,Burinex,Burinex_Tab 1mg,Bumetanide,,1 mg,diuretic,False,True
5068,,0202020D0BBABAF,Burinex,Burinex_Tab 5mg,Bumetanide,,5 mg,diuretic,False,True
5069,,0202020D0BBACAD,Burinex,Burinex_Liq 1mg/5ml S/F,Bumetanide,,1 mg/5 ml,diuretic,False,True
5070,,0202020D0BBADAA,Burinex,Burinex_Inj 500mcg/ml 2ml Amp,Bumetanide,,,diuretic,False,True
5071,,0202020D0BBAEAB,Burinex,Burinex_Inj 500mcg/ml 4ml Amp,Bumetanide,,,diuretic,False,True
5072,,0202020D0BBAFAC,Burinex,Burinex_Inj 500mcg/ml 10ml Amp,Bumetanide,,,diuretic,False,True
5073,,0202020D0BCAAAE,Betinex,Betinex_Tab 1mg,Bumetanide,,1 mg,diuretic,False,True
5074,,0202020D0BCABAF,Betinex,Betinex_Tab 5mg,Bumetanide,,5 mg,diuretic,False,True
5075,,0202020H0AAAAAA,Etacrynic Acid,Etacrynic Acid_Inj 50mg Vl,Etacrynic Acid,,50 mg,diuretic,False,True
5076,,0202020H0AAABAB,Etacrynic Acid,Etacrynic Acid_Tab 50mg,Etacrynic Acid,,50 mg,diuretic,False,True
5077,,0202020H0BBAAAB,Edecrin,Edecrin_Tab 50mg,Etacrynic Acid,,50 mg,diuretic,False,True
5078,,0202020H0BBABAA,Edecrin,Edecrin_Inj Pdr 50mg Vl (Dry),Etacrynic Acid,,50 mg,diuretic,False,True
5079,,0202020H0BCAAAB,Hydromedin,Hydromedin_Tab 50mg,Etacrynic Acid,,50 mg,diuretic,False,True
5080,,0202020H0BDAAAB,Reomax,Reomax_Tab 50mg,Etacrynic Acid,,50 mg,diuretic,False,True
5081,,0202020L0AAA1A1,Furosemide,Furosemide_Susp 80mg/5ml,Furosemide,,80 mg/5 ml,diuretic,False,True
5082,,0202020L0AAA2A2,Furosemide,Furosemide_Inj 40mg/ml 2ml Amp,Furosemide,,40 mg/mL,diuretic,False,True
5083,,0202020L0AAA3A3,Furosemide,Furosemide_Mix 50mg/5ml,Furosemide,,50 mg/5 ml,diuretic,False,True
5084,,0202020L0AAA4A4,Furosemide,Furosemide_Susp 10mg/5ml,Furosemide,,10 mg/5 ml,diuretic,False,True
5085,,0202020L0AAA5A5,Furosemide,Furosemide_Elix 20mg/5ml             @gn,Furosemide,,20 mg/5 ml,diuretic,False,True
5086,,0202020L0AAA6A6,Furosemide,Furosemide_Susp 50mg/5ml,Furosemide,,50 mg/5 ml,diuretic,False,True
5087,,0202020L0AAA7A7,Furosemide,Furosemide_Susp 20mg/5ml,Furosemide,,20 mg/5 ml,diuretic,False,True
5088,,0202020L0AAA8A8,Furosemide,Furosemide_Susp 40mg/5ml,Furosemide,,40 mg/5 ml,diuretic,False,True
5089,,0202020L0AAA9A9,Furosemide,Furosemide_Susp 125mg/5ml,Furosemide,,125 mg/5 ml,diuretic,False,True
5090,,0202020L0AAAAAA,Furosemide,Furosemide_Inj 10mg/ml 2ml Amp,Furosemide,,10 mg/mL,diuretic,False,True
5091,,0202020L0AAABAB,Furosemide,Furosemide_Inj 10mg/ml 5ml Amp,Furosemide,,10 mg/mL,diuretic,False,True
5092,,0202020L0AAACAC,Furosemide,Furosemide_Inj 10mg/ml 8ml Amp,Furosemide,,10 mg/mL,diuretic,False,True
5093,,0202020L0AAADAD,Furosemide,Furosemide_Inj 10mg/ml 25ml Amp,Furosemide,,10 mg/mL,diuretic,False,True
5094,,0202020L0AAAEAE,Furosemide,Furosemide_Inj 10mg/ml 2ml Vl,Furosemide,,10 mg/mL,diuretic,False,True
5095,,0202020L0AAAFAF,Furosemide,Furosemide_Inj 50mg/2ml Amp,Furosemide,,50 mg/2 ml,diuretic,False,True
5096,,0202020L0AAAGAG,Furosemide,Furosemide_Inj 500mg/5ml Amp,Furosemide,,500 mg/5 ml,diuretic,False,True
5097,,0202020L0AAAHAH,Furosemide,Furosemide_Inj 20mg/ml 2ml Amp,Furosemide,,20 mg/mL,diuretic,False,True
5098,,0202020L0AAAIAI,Furosemide,Furosemide_Susp 5mg/5ml,Furosemide,,5 mg/5 ml,diuretic,False,True
5099,,0202020L0AAAJAJ,Furosemide,Furosemide_Susp 7mg/5ml,Furosemide,,7 mg/5 ml,diuretic,False,True
5100,,0202020L0AAAKAK,Furosemide,Furosemide_Syr 2mg/5ml,Furosemide,,2 mg/5 ml,diuretic,False,True
5101,,0202020L0AAALAL,Furosemide,Furosemide_Syr 5mg/5ml,Furosemide,,5 mg/5 ml,diuretic,False,True
5102,,0202020L0AAAMAM,Furosemide,Furosemide_Syr 10mg/5ml,Furosemide,,10 mg/5 ml,diuretic,False,True
5103,,0202020L0AAANAN,Furosemide,Furosemide_Syr 25mg/5ml,Furosemide,,25 mg/5 ml,diuretic,False,True
5104,,0202020L0AAAPAP,Furosemide,Furosemide_Syr 30mg/5ml,Furosemide,,30 mg/5 ml,diuretic,False,True
5105,,0202020L0AAAQAQ,Furosemide,Furosemide_Syr 40mg/5ml,Furosemide,,40 mg/5 ml,diuretic,False,True
5106,,0202020L0AAARAR,Furosemide,Furosemide_Syr 50mg/5ml,Furosemide,,50 mg/5 ml,diuretic,False,True
5107,,0202020L0AAASAS,Furosemide,Furosemide_Syr 20mg/5ml,Furosemide,,20 mg/5 ml,diuretic,False,True
5108,,0202020L0AAATAT,Furosemide,Furosemide_Oral Soln 5mg/5ml S/F,Furosemide,,5 mg/5 ml,diuretic,False,True
5109,,0202020L0AAAUAU,Furosemide,Furosemide_Mix 10mg/5ml,Furosemide,,10 mg/5 ml,diuretic,False,True
5110,,0202020L0AAAVAV,Furosemide,Furosemide_Mix 20mg/5ml,Furosemide,,20 mg/5 ml,diuretic,False,True
5111,,0202020L0AAAWAW,Furosemide,Furosemide_Mix 40mg/5ml,Furosemide,,40 mg/5 ml,diuretic,False,True
5112,,0202020L0AAAXAX,Furosemide,Furosemide_Inj 20mg/5ml Amp,Furosemide,,20 mg/5 ml,diuretic,False,True
5113,,0202020L0AAAYAY,Furosemide,Furosemide_Elix 40mg/5ml             @gn,Furosemide,,40 mg/5 ml,diuretic,False,True
5114,,0202020L0AAAZAZ,Furosemide,Furosemide_Elix 50mg/5ml             @gn,Furosemide,,50 mg/5 ml,diuretic,False,True
5115,,0202020L0AABABA,Furosemide,Furosemide_Pdrs 10mg,Furosemide,,10 mg,diuretic,False,True
5116,,0202020L0AABBBB,Furosemide,Furosemide_Tab 20mg,Furosemide,,20 mg,diuretic,False,True
5117,,0202020L0AABCBC,Furosemide,Furosemide_Tab 30mg,Furosemide,,30 mg,diuretic,False,True
5118,,0202020L0AABDBD,Furosemide,Furosemide_Tab 40mg,Furosemide,,40 mg,diuretic,False,True
5119,,0202020L0AABEBE,Furosemide,Furosemide_Tab 50mg,Furosemide,,50 mg,diuretic,False,True
5120,,0202020L0AABFBF,Furosemide,Furosemide_Tab 80mg,Furosemide,,80 mg,diuretic,False,True
5121,,0202020L0AABGBG,Furosemide,Furosemide_Tab 120mg,Furosemide,,120 mg,diuretic,False,True
5122,,0202020L0AABHBH,Furosemide,Furosemide_Tab 250mg,Furosemide,,250 mg,diuretic,False,True
5123,,0202020L0AABIBI,Furosemide,Furosemide_Tab 500mg,Furosemide,,500 mg,diuretic,False,True
5124,,0202020L0AABJBJ,Furosemide,Furosemide_Tab 5mg,Furosemide,,5 mg,diuretic,False,True
5125,,0202020L0AABKBK,Furosemide,Furosemide_Pdr,Furosemide,,,diuretic,False,True
5126,,0202020L0AABLBL,Furosemide,Furosemide_Pdrs 5mg,Furosemide,,5 mg,diuretic,False,True
5127,,0202020L0AABMBM,Furosemide,Furosemide_Mix 15mg/5ml,Furosemide,,15 mg/5 ml,diuretic,False,True
5128,,0202020L0AABNBN,Furosemide,Furosemide_Oral Soln 40mg/5ml S/F,Furosemide,,40 mg/5 ml,diuretic,False,True
5129,,0202020L0AABPBP,Furosemide,Furosemide_Oral Soln 50mg/5ml S/F,Furosemide,,50 mg/5 ml,diuretic,False,True
5130,,0202020L0AABQBQ,Furosemide,Furosemide_Oral Soln 20mg/5ml S/F,Furosemide,,20 mg/5 ml,diuretic,False,True
5131,,0202020L0AABRBR,Furosemide,Furosemide_Susp 3mg/5ml,Furosemide,,3 mg/5 ml,diuretic,False,True
5132,,0202020L0AABSBS,Furosemide,Furosemide_Inj 10mg/ml 8ml Pfs,Furosemide,,10 mg/mL,diuretic,False,True
5133,,0202020L0AABTBT,Furosemide,Furosemide_Inj 10mg/ml 25ml Pfs,Furosemide,,10 mg/mL,diuretic,False,True
5134,,0202020L0AABUBU,Furosemide,Furosemide_Susp 8mg/5ml,Furosemide,,8 mg/5 ml,diuretic,False,True
5135,,0202020L0AABVBV,Furosemide,Furosemide_Susp 25mg/5ml,Furosemide,,25 mg/5 ml,diuretic,False,True
5136,,0202020L0AABWBW,Furosemide,Furosemide_Oral Liq @spec,Furosemide,,,diuretic,False,True
5137,,0202020L0AABXBX,Furosemide,Furosemide_Liq Spec 50mg/5ml,Furosemide,,50 mg/5 ml,diuretic,False,True
5138,,0202020L0AABYBY,Furosemide,Furosemide_Liq Spec 40mg/5ml,Furosemide,,40 mg/5 ml,diuretic,False,True
5139,,0202020L0AABZBZ,Furosemide,Furosemide_Liq Spec 20mg/5ml,Furosemide,,20 mg/5 ml,diuretic,False,True
5140,,0202020L0AACACA,Furosemide,Furosemide_Liq Spec 5mg/5ml,Furosemide,,5 mg/5 ml,diuretic,False,True
5141,,0202020L0AACBCB,Furosemide,Furosemide_Liq Spec 80mg/5ml,Furosemide,,80 mg/5 ml,diuretic,False,True
5142,,0202020L0AACCCC,Furosemide,Furosemide_Liq Spec 30mg/5ml,Furosemide,,30 mg/5 ml,diuretic,False,True
5143,,0202020L0AACDCD,Furosemide,Furosemide_Liq Spec 10mg/5ml,Furosemide,,10 mg/5 ml,diuretic,False,True
5144,,0202020L0AACECE,Furosemide,Furosemide_Liq Spec 60mg/5ml,Furosemide,,60 mg/5 ml,diuretic,False,True
5145,,0202020L0AACFCF,Furosemide,Furosemide_Liq Spec 120mg/5ml,Furosemide,,120 mg/5 ml,diuretic,False,True
5146,,0202020L0AACGCG,Furosemide,Furosemide_Liq Spec 12.5mg/5ml,Furosemide,,5 mg/5 ml,diuretic,False,True
5147,,0202020L0AACHCH,Furosemide,Furosemide_Liq Spec 250mg/5ml,Furosemide,,250 mg/5 ml,diuretic,False,True
5148,,0202020L0AACICI,Furosemide,Furosemide_Liq Spec 6.5mg/5ml,Furosemide,,5 mg/5 ml,diuretic,False,True
5149,,0202020L0AACJCJ,Furosemide,Furosemide_Liq Spec 15mg/5ml,Furosemide,,15 mg/5 ml,diuretic,False,True
5150,,0202020L0AACKCK,Furosemide,Furosemide_Liq Spec 2mg/5ml,Furosemide,,2 mg/5 ml,diuretic,False,True
5151,,0202020L0AACLCL,Furosemide,Furosemide_Liq Spec 1mg/5ml,Furosemide,,1 mg/5 ml,diuretic,False,True
5152,,0202020L0AACMCM,Furosemide,Furosemide_Liq Spec 3mg/5ml,Furosemide,,3 mg/5 ml,diuretic,False,True
5153,,0202020L0AACNCN,Furosemide,Furosemide_Liq Spec 100mg/5ml,Furosemide,,100 mg/5 ml,diuretic,False,True
5154,,0202020L0AACPCP,Furosemide,Furosemide_Liq Spec 25mg/5ml,Furosemide,,25 mg/5 ml,diuretic,False,True
5155,,0202020L0AACQCQ,Furosemide,Furosemide_Inj 100mg/ml 1ml Amp,Furosemide,,100 mg/mL,diuretic,False,True
5156,,0202020L0AACRCR,Furosemide,Furosemide_Liq Spec 500mg/5ml,Furosemide,,500 mg/5 ml,diuretic,False,True
5157,,0202020L0AACSCS,Furosemide,Furosemide_Liq Spec 35mg/5ml,Furosemide,,35 mg/5 ml,diuretic,False,True
5158,,0202020L0AACTCT,Furosemide,Furosemide_Liq Spec 4.5mg/5ml,Furosemide,,5 mg/5 ml,diuretic,False,True
5159,,0202020L0AACUCU,Furosemide,Furosemide_Cap 20mg,Furosemide,,20 mg,diuretic,False,True
5160,,0202020L0AACVCV,Furosemide,Furosemide_Cap 30mg,Furosemide,,30 mg,diuretic,False,True
5161,,0202020L0AACWCW,Furosemide,Furosemide_Cap 40mg,Furosemide,,40 mg,diuretic,False,True
5162,,0202020L0AACXCX,Furosemide,Furosemide_Liq Spec 200mg/5ml,Furosemide,,200 mg/5 ml,diuretic,False,True
5163,,0202020L0AACYCY,Furosemide,Furosemide_Liq Spec 37.5mg/5ml,Furosemide,,5 mg/5 ml,diuretic,False,True
5164,,0202020L0AACZCZ,Furosemide,Furosemide_Cap 15mg,Furosemide,,15 mg,diuretic,False,True
5165,,0202020L0AADADA,Furosemide,Furosemide_Liq Spec 330mg/5ml,Furosemide,,330 mg/5 ml,diuretic,False,True
5166,,0202020L0AADBDB,Furosemide,Furosemide_Oral Soln 50mg/5ml S/F    @gn,Furosemide,,50 mg/5 ml,diuretic,False,True
5167,,0202020L0AADCDC,Furosemide,Furosemide_Oral Soln 20mg/5ml S/F    @gn,Furosemide,,20 mg/5 ml,diuretic,False,True
5168,,0202020L0AADDDD,Furosemide,Furosemide_Liq Spec 8mg/5ml,Furosemide,,8 mg/5 ml,diuretic,False,True
5169,,0202020L0AADEDE,Furosemide,Furosemide_Liq Spec 4mg/5ml,Furosemide,,4 mg/5 ml,diuretic,False,True
5170,,0202020L0AADFDF,Furosemide,Furosemide_Liq Spec 3.4mg/5ml,Furosemide,,4 mg/5 ml,diuretic,False,True
5171,,0202020L0AADGDG,Furosemide,Furosemide_Oral Soln 5mg/5ml S/F     @gn,Furosemide,,5 mg/5 ml,diuretic,False,True
5172,,0202020L0AADHDH,Furosemide,Furosemide_Inj 50mg/ml 5ml Vl,Furosemide,,50 mg/mL,diuretic,False,True
5173,,0202020L0AADIDI,Furosemide,Furosemide_Inj 10mg/ml 25ml Vl,Furosemide,,10 mg/mL,diuretic,False,True
5174,,0202020L0AADJDJ,Furosemide,Furosemide_Oral Soln 5mg/5ml,Furosemide,,5 mg/5 ml,diuretic,False,True
5175,,0202020L0AADKDK,Furosemide,Furosemide_Oral Susp 5mg/5ml,Furosemide,,5 mg/5 ml,diuretic,False,True
5176,,0202020L0BCAAAA,Diuresal,Diuresal_Inj 10mg/ml 2ml Amp,Furosemide,,10 mg/mL,diuretic,False,True
5177,,0202020L0BCABAB,Diuresal,Diuresal_Inj 10mg/ml 5ml Amp,Furosemide,,10 mg/mL,diuretic,False,True
5178,,0202020L0BCACBD,Diuresal,Diuresal_Tab 40mg,Furosemide,,40 mg,diuretic,False,True
5179,,0202020L0BCADBI,Diuresal,Diuresal_Tab 500mg,Furosemide,,500 mg,diuretic,False,True
5180,,0202020L0BDAAAA,Dryptal,Dryptal_Inj 10mg/ml 2ml Amp,Furosemide,,10 mg/mL,diuretic,False,True
5181,,0202020L0BDABAB,Dryptal,Dryptal_Inj 10mg/ml 5ml Amp,Furosemide,,10 mg/mL,diuretic,False,True
5182,,0202020L0BDACAD,Dryptal,Dryptal_Inj 10mg/ml 25ml Amp,Furosemide,,10 mg/mL,diuretic,False,True
5183,,0202020L0BDADBD,Dryptal,Dryptal_Tab 40mg,Furosemide,,40 mg,diuretic,False,True
5184,,0202020L0BDAEBI,Dryptal,Dryptal_Tab 500mg,Furosemide,,500 mg,diuretic,False,True
5185,,0202020L0BDAFBB,Dryptal,Dryptal_Tab 20mg,Furosemide,,20 mg,diuretic,False,True
5186,,0202020L0BGAAAT,Lasix,Lasix_Gran For Paed Liq 1mg/1ml S/F,Furosemide,,1 mg/1 ml,diuretic,False,True
5187,,0202020L0BGABAA,Lasix,Lasix_Inj Soln 10mg/ml 2ml Amp,Furosemide,,10 mg/mL,diuretic,False,True
5188,,0202020L0BGADAB,Lasix,Lasix_Inj Soln 10mg/ml 5ml Amp,Furosemide,,10 mg/mL,diuretic,False,True
5189,,0202020L0BGAEAD,Lasix,Lasix_Inj Soln 10mg/ml 25ml Amp,Furosemide,,10 mg/mL,diuretic,False,True
5190,,0202020L0BGAFA0,Lasix,Lasix Ret_Cap 30mg (Import),Furosemide,,30 mg,diuretic,False,True
5191,,0202020L0BGAGBB,Lasix,Lasix_Tab 20mg,Furosemide,,20 mg,diuretic,False,True
5192,,0202020L0BGAHBD,Lasix,Lasix_Tab 40mg,Furosemide,,40 mg,diuretic,False,True
5193,,0202020L0BGAIBI,Lasix,Lasix_Tab 500mg,Furosemide,,500 mg,diuretic,False,True
5194,,0202020L0BIAAA0,Minjet Furosemide,Minjet_Furosemide 10mg/ml 12ml Pfs,Furosemide,,10 mg/mL,diuretic,False,True
5195,,0202020L0BIACA0,Minjet Furosemide,Minjet_Furosemide 10mg/ml 4ml Pfs,Furosemide,,10 mg/mL,diuretic,False,True
5196,,0202020L0BIAEA0,Minjet Furosemide,Minjet_Furosemide 10mg/ml 10ml Pfs,Furosemide,,10 mg/mL,diuretic,False,True
5197,,0202020L0BIAFBT,Minjet Furosemide,Minjet_Furosemide 10mg/ml 25ml Pfs,Furosemide,,10 mg/mL,diuretic,False,True
5198,,0202020L0BIAGBS,Minjet Furosemide,Minjet_Furosemide 10mg/ml 8ml Pfs,Furosemide,,10 mg/mL,diuretic,False,True
5199,,0202020L0BLAAAB,Frumil (Parent),Frumil_Inj 10mg/ml 5ml Amp,Furosemide,,10 mg/mL,diuretic,False,False
5200,,0202020L0BMAABB,Aluzine,Aluzine 20_Tab 20mg,Furosemide,,20 mg,diuretic,False,True
5201,,0202020L0BMABBD,Aluzine,Aluzine 40_Tab 40mg,Furosemide,,40 mg,diuretic,False,True
5202,,0202020L0BMACBI,Aluzine,Aluzine 500_Tab 500mg,Furosemide,,500 mg,diuretic,False,True
5203,,0202020L0BNAABD,Frusetic,Frusetic_Tab 40mg,Furosemide,,40 mg,diuretic,False,True
5204,,0202020L0BPAABD,Frusid,Frusid_Tab 40mg,Furosemide,,40 mg,diuretic,False,True
5205,,0202020L0BQAABD,Gx Furosemide,Gx Furosemide_Tab 40mg,Furosemide,,40 mg,diuretic,False,True
5206,,0202020L0BRAABD,Sarfrusemide,Sarfrusemide_Tab 40mg,Furosemide,,40 mg,diuretic,False,True
5207,,0202020L0BSAABD,Hydroled,Hydroled_Tab 40mg,Furosemide,,40 mg,diuretic,False,True
5208,,0202020L0BTAABB,Rusyde,Rusyde_Tab 20mg,Furosemide,,20 mg,diuretic,False,True
5209,,0202020L0BTABBD,Rusyde,Rusyde_Tab 40mg,Furosemide,,40 mg,diuretic,False,True
5210,,0202020L0BUAABD,Frumax,Frumax_Tab 40mg,Furosemide,,40 mg,diuretic,False,True
5211,,0202020L0BVAABB,Nu-Cross Furosemide,Nu-Cross_Furosemide Tab 20mg,Furosemide,,20 mg,diuretic,False,True
5212,,0202020L0BWAABD,Froop,Froop_Tab 40mg,Furosemide,,40 mg,diuretic,False,True
5213,,0202020L0BXAAAR,Tenkofruse,Tenkofruse_Tab 20mg,Furosemide,,20 mg,diuretic,False,True
5214,,0202020L0BXABBD,Tenkofruse,Tenkofruse_Tab 40mg,Furosemide,,40 mg,diuretic,False,True
5215,,0202020L0BZAABQ,Frusol,Frusol_Oral Soln 20mg/5ml S/F,Furosemide,,20 mg/5 ml,diuretic,False,True
5216,,0202020L0BZABBN,Frusol,Frusol_Oral Soln 40mg/5ml S/F,Furosemide,,40 mg/5 ml,diuretic,False,True
5217,,0202020L0BZACBP,Frusol,Frusol_Oral Soln 50mg/5ml S/F,Furosemide,,50 mg/5 ml,diuretic,False,True
5218,,0202020S0AAAAAA,Piretanide,Piretanide_Cap 6mg M/R,Piretanide,,6 mg,diuretic,False,True
5219,,0202020S0BBAAAA,Arelix,Arelix_Cap 6mg,Piretanide,,6 mg,diuretic,False,True
5220,,0202020U0AAAAAA,Torasemide,Torasemide_Tab 2.5mg,Torasemide,,2.5 mg,diuretic,False,True
5221,,0202020U0AAABAB,Torasemide,Torasemide_Tab 5mg,Torasemide,,5 mg,diuretic,False,True
5222,,0202020U0AAACAC,Torasemide,Torasemide_Tab 10mg,Torasemide,,10 mg,diuretic,False,True
5223,,0202020U0AAADAD,Torasemide,Torasemide_Inj 5mg/ml 2ml Amp,Torasemide,,5 mg/mL,diuretic,False,True
5224,,0202020U0AAAEAE,Torasemide,Torasemide_Inj 5mg/ml 4ml Amp,Torasemide,,5 mg/mL,diuretic,False,True
5225,,0202020U0BBAAAA,Torem,Torem 2.5_Tab 2.5mg,Torasemide,,2.5 mg,diuretic,False,True
5226,,0202020U0BBABAB,Torem,Torem 5_Tab 5mg,Torasemide,,5 mg,diuretic,False,True
5227,,0202020U0BBACAC,Torem,Torem 10_Tab 10mg,Torasemide,,10 mg,diuretic,False,True
5228,,0202020U0BBADAD,Torem,Torem_Inj 5mg/ml 2ml Amp,Torasemide,,5 mg/mL,diuretic,False,True
5229,,0202020U0BBAEAE,Torem,Torem_Inj 5mg/ml 4ml Amp,Torasemide,,5 mg/mL,diuretic,False,True
5230,,0202030C0AAA1A1,Amiloride HCl,Amiloride HCl_Liq Spec 1mg/5ml,Amiloride Hydrochloride,,1 mg/5 ml,diuretic,False,True
5231,,0202030C0AAA2A2,Amiloride HCl,Amiloride HCl_Liq Spec 3mg/5ml,Amiloride Hydrochloride,,3 mg/5 ml,diuretic,False,True
5232,,0202030C0AAA3A3,Amiloride HCl,Amiloride HCl_Liq Spec 4mg/5ml,Amiloride Hydrochloride,,4 mg/5 ml,diuretic,False,True
5233,,0202030C0AAA4A4,Amiloride HCl,Amiloride HCl_Liq Spec 2.5mg/5ml,Amiloride Hydrochloride,,5 mg/5 ml,diuretic,False,True
5234,,0202030C0AAA5A5,Amiloride HCl,Amiloride HCl_Liq Spec 300mcg/5ml,Amiloride Hydrochloride,,,diuretic,False,True
5235,,0202030C0AAA6A6,Amiloride HCl,Amiloride HCl_Liq Spec 2mg/5ml,Amiloride Hydrochloride,,2 mg/5 ml,diuretic,False,True
5236,,0202030C0AAA7A7,Amiloride HCl,Amiloride HCl_Pdrs 600mcg,Amiloride Hydrochloride,,,diuretic,False,True
5237,,0202030C0AAA8A8,Amiloride HCl,Amiloride HCl_Liq Spec 1.5mg/5ml,Amiloride Hydrochloride,,5 mg/5 ml,diuretic,False,True
5238,,0202030C0AAA9A9,Amiloride HCl,Amiloride HCl_Oral Soln 5mg/5ml,Amiloride Hydrochloride,,5 mg/5 ml,diuretic,False,True
5239,,0202030C0AAAAAA,Amiloride HCl,Amiloride HCl_Cap,Amiloride Hydrochloride,,,diuretic,False,True
5240,,0202030C0AAABAB,Amiloride HCl,Amiloride HCl_Elix,Amiloride Hydrochloride,,,diuretic,False,True
5241,,0202030C0AAACAC,Amiloride HCl,Amiloride HCl_Tab 5mg,Amiloride Hydrochloride,,5 mg,diuretic,False,True
5242,,0202030C0AAADAD,Amiloride HCl,Amiloride HCl_Tab 10mg,Amiloride Hydrochloride,,10 mg,diuretic,False,True
5243,,0202030C0AAAFAF,Amiloride HCl,Amiloride HCl_Tab,Amiloride Hydrochloride,,,diuretic,False,True
5244,,0202030C0AAAGAG,Amiloride HCl,Amiloride HCl_Susp 5mg/5ml,Amiloride Hydrochloride,,5 mg/5 ml,diuretic,False,True
5245,,0202030C0AAAHAH,Amiloride HCl,Amiloride HCl_Susp 400mcg/5ml,Amiloride Hydrochloride,,,diuretic,False,True
5246,,0202030C0AAAIAI,Amiloride HCl,Amiloride HCl_Soln 5mg/5ml S/F,Amiloride Hydrochloride,,5 mg/5 ml,diuretic,False,True
5247,,0202030C0AAAJAJ,Amiloride HCl,Amiloride HCl_Pdrs 1mg,Amiloride Hydrochloride,,1 mg,diuretic,False,True
5248,,0202030C0AAAKAK,Amiloride HCl,Amiloride HCl_Susp 2mg/5ml,Amiloride Hydrochloride,,2 mg/5 ml,diuretic,False,True
5249,,0202030C0AAALAL,Amiloride HCl,Amiloride HCl_Syr 2mg/5ml,Amiloride Hydrochloride,,2 mg/5 ml,diuretic,False,True
5250,,0202030C0AAAMAM,Amiloride HCl,Amiloride HCl_Susp 4mg/5ml,Amiloride Hydrochloride,,4 mg/5 ml,diuretic,False,True
5251,,0202030C0AAANAN,Amiloride HCl,Amiloride HCl_Susp 2.5mg/5ml,Amiloride Hydrochloride,,5 mg/5 ml,diuretic,False,True
5252,,0202030C0AAAPAP,Amiloride HCl,Amiloride HCl_Susp 5mg/5ml S/F,Amiloride Hydrochloride,,5 mg/5 ml,diuretic,False,True
5253,,0202030C0AAAQAQ,Amiloride HCl,Amiloride HCl_Syr 5mg/5ml,Amiloride Hydrochloride,,5 mg/5 ml,diuretic,False,True
5254,,0202030C0AAARAR,Amiloride HCl,Amiloride HCl_Susp 1mg/5ml,Amiloride Hydrochloride,,1 mg/5 ml,diuretic,False,True
5255,,0202030C0AAASAS,Amiloride HCl,Amiloride HCl_Oral Soln 5mg/5ml S/F,Amiloride Hydrochloride,,5 mg/5 ml,diuretic,False,True
5256,,0202030C0AAATAT,Amiloride HCl,Amiloride HCl_Syr 2.5mg/5ml,Amiloride Hydrochloride,,5 mg/5 ml,diuretic,False,True
5257,,0202030C0AAAUAU,Amiloride HCl,Amiloride HCl_Susp 500mcg/5ml,Amiloride Hydrochloride,,,diuretic,False,True
5258,,0202030C0AAAVAV,Amiloride HCl,Amiloride HCl_Soln 1.5mg/5ml,Amiloride Hydrochloride,,5 mg/5 ml,diuretic,False,True
5259,,0202030C0AAAWAW,Amiloride HCl,Amiloride HCl_Oral Liq @spec,Amiloride Hydrochloride,,,diuretic,False,True
5260,,0202030C0AAAXAX,Amiloride HCl,Amiloride HCl_Liq Spec 5mg/5ml,Amiloride Hydrochloride,,5 mg/5 ml,diuretic,False,True
5261,,0202030C0AAAYAY,Amiloride HCl,Amiloride HCl_Liq Spec 400mcg/5ml,Amiloride Hydrochloride,,,diuretic,False,True
5262,,0202030C0AAAZAZ,Amiloride HCl,Amiloride HCl_Liq Spec 10mg/5ml,Amiloride Hydrochloride,,10 mg/5 ml,diuretic,False,True
5263,,0202030C0AABABA,Amiloride HCl,Amiloride HCl_Liq Spec 12.5mg/5ml,Amiloride Hydrochloride,,5 mg/5 ml,diuretic,False,True
5264,,0202030C0AABBBB,Amiloride HCl,Amiloride HCl_Liq Spec 1.7mg/5ml,Amiloride Hydrochloride,,7 mg/5 ml,diuretic,False,True
5265,,0202030C0AABCBC,Amiloride HCl,Amiloride HCl_Liq Spec 800mcg/5ml,Amiloride Hydrochloride,,,diuretic,False,True
5266,,0202030C0AABDBD,Amiloride HCl,Amiloride HCl_Liq Spec 500mcg/5ml,Amiloride Hydrochloride,,,diuretic,False,True
5267,,0202030C0AABEBE,Amiloride HCl,Amiloride HCl_Liq Spec 2.3mg/5ml,Amiloride Hydrochloride,,3 mg/5 ml,diuretic,False,True
5268,,0202030C0BBAAAC,Midamor,Midamor_Tab 5mg,Amiloride Hydrochloride,,5 mg,diuretic,False,True
5269,,0202030C0BCAAAC,Berkamil,Berkamil_Tab 5mg,Amiloride Hydrochloride,,5 mg,diuretic,False,True
5270,,0202030C0BDAAAC,Amilospare,Amilospare 5_Tab 5mg,Amiloride Hydrochloride,,5 mg,diuretic,False,True
5271,,0202030C0BEAAAC,Amoride,Amoride_Tab 5mg,Amiloride Hydrochloride,,5 mg,diuretic,False,True
5272,,0202030C0BFAAAS,Amilamont,Amilamont_Oral Soln 5mg/5ml S/F,Amiloride Hydrochloride,,5 mg/5 ml,diuretic,False,True
5273,,0202030M0AAAAAA,Pot Canrenoate,Pot Canrenoate_Inj 10mg/ml 20ml Amp,Potassium Canrenoate,,10 mg/mL,diuretic,False,True
5274,,0202030M0AAABAB,Pot Canrenoate,Pot Canrenoate_Inj 20mg/ml 10ml Amp,Potassium Canrenoate,,20 mg/mL,diuretic,False,True
5275,,0202030M0AAACAC,Pot Canrenoate,Pot Canrenoate_Inj Pdr 200mg Vl,Potassium Canrenoate,,200 mg,diuretic,False,True
5276,,0202030M0BBAAAB,Spiroctan-M,Spiroctan-M_Inj 20mg/ml 10ml Amp,Potassium Canrenoate,,20 mg/mL,diuretic,False,True
5277,,0202030M0BCAAAC,Soldactone,Soldactone_Inj Pdr 200mg Vl,Potassium Canrenoate,,200 mg,diuretic,False,True
5278,,0202030S0AAA1A1,Spironol,Spironol_Susp 18mg/5ml,Spironolactone,,18 mg/5 ml,diuretic,False,True
5279,,0202030S0AAA2A2,Spironol,Spironol_Susp 250mg/5ml,Spironolactone,,250 mg/5 ml,diuretic,False,True
5280,,0202030S0AAA3A3,Spironol,Spironol_Susp 25mg/5ml S/F,Spironolactone,,25 mg/5 ml,diuretic,False,True
5281,,0202030S0AAA4A4,Spironol,Spironol_Susp 5mg/5ml S/F,Spironolactone,,5 mg/5 ml,diuretic,False,True
5282,,0202030S0AAA5A5,Spironol,Spironol_Susp 10mg/5ml S/F,Spironolactone,,10 mg/5 ml,diuretic,False,True
5283,,0202030S0AAA6A6,Spironol,Spironol_Susp 50mg/5ml S/F,Spironolactone,,50 mg/5 ml,diuretic,False,True
5284,,0202030S0AAA7A7,Spironol,Spironol_Susp 11mg/5ml,Spironolactone,,11 mg/5 ml,diuretic,False,True
5285,,0202030S0AAA8A8,Spironol,Spironol_Pdrs 20mg,Spironolactone,,20 mg,diuretic,False,True
5286,,0202030S0AAA9A9,Spironol,Spironol_Cap 4mg,Spironolactone,,4 mg,diuretic,False,True
5287,,0202030S0AAAAAA,Spironol,Spironol_Cap 6mg,Spironolactone,,6 mg,diuretic,False,True
5288,,0202030S0AAABAB,Spironol,Spironol_Cap 100mg,Spironolactone,,100 mg,diuretic,False,True
5289,,0202030S0AAACAC,Spironol,Spironol_Cap 5mg,Spironolactone,,5 mg,diuretic,False,True
5290,,0202030S0AAADAD,Spironol,Spironol_Pdrs 20mg,Spironolactone,,20 mg,diuretic,False,True
5291,,0202030S0AAAGAG,Spironol,Spironol_Pdrs 5mg,Spironolactone,,5 mg,diuretic,False,True
5292,,0202030S0AAAHAH,Spironol,Spironol_Pdrs 6mg,Spironolactone,,6 mg,diuretic,False,True
5293,,0202030S0AAAIAI,Spironol,Spironol_Pdrs 3mg,Spironolactone,,3 mg,diuretic,False,True
5294,,0202030S0AAAJAJ,Spironol,Spironol_Pdrs 2mg,Spironolactone,,2 mg,diuretic,False,True
5295,,0202030S0AAAKAK,Spironol,Spironol_Tab 25mg S/C,Spironolactone,,25 mg,diuretic,False,True
5296,,0202030S0AAALAL,Spironol,Spironol_Tab 50mg S/C,Spironolactone,,50 mg,diuretic,False,True
5297,,0202030S0AAAMAM,Spironol,Spironol_Tab 100mg S/C,Spironolactone,,100 mg,diuretic,False,True
5298,,0202030S0AAANAN,Spironol,Spironol_Cap 10mg,Spironolactone,,10 mg,diuretic,False,True
5299,,0202030S0AAAPAP,Spironol,Spironol_Cap 2mg,Spironolactone,,2 mg,diuretic,False,True
5300,,0202030S0AAAQAQ,Spironol,Spironol_Tab 20mg,Spironolactone,,20 mg,diuretic,False,True
5301,,0202030S0AAARAR,Spironol,Spironol_Tab E/C 25mg,Spironolactone,,25 mg,diuretic,False,True
5302,,0202030S0AAASAS,Spironol,Spironol_Tab 10mg,Spironolactone,,10 mg,diuretic,False,True
5303,,0202030S0AAATAT,Spironol,Spironol_Tab 25mg,Spironolactone,,25 mg,diuretic,False,True
5304,,0202030S0AAAUAU,Spironol,Spironol_Tab 50mg,Spironolactone,,50 mg,diuretic,False,True
5305,,0202030S0AAAVAV,Spironol,Spironol_Tab 100mg,Spironolactone,,100 mg,diuretic,False,True
5306,,0202030S0AAAWAW,Spironol,Spironol_Tab 200mg,Spironolactone,,200 mg,diuretic,False,True
5307,,0202030S0AAAXAX,Spironol,Spironol_Pdrs 10mg,Spironolactone,,10 mg,diuretic,False,True
5308,,0202030S0AAAZAZ,Spironol,Spironol_Pdrs 4mg,Spironolactone,,4 mg,diuretic,False,True
5309,,0202030S0AABABA,Spironol,Spironol_Susp 3.75mg/5ml,Spironolactone,,75 mg/5 ml,diuretic,False,True
5310,,0202030S0AABBBB,Spironol,Spironol_Susp 62.5mg/5ml,Spironolactone,,5 mg/5 ml,diuretic,False,True
5311,,0202030S0AABCBC,Spironol,Spironol_Susp 3mg/5ml,Spironolactone,,3 mg/5 ml,diuretic,False,True
5312,,0202030S0AABDBD,Spironol,Spironol_Susp 30mg/5ml,Spironolactone,,30 mg/5 ml,diuretic,False,True
5313,,0202030S0AABEBE,Spironol,Spironol_Syr 10mg/5ml,Spironolactone,,10 mg/5 ml,diuretic,False,True
5314,,0202030S0AABFBF,Spironol,Spironol_Susp 8mg/5ml,Spironolactone,,8 mg/5 ml,diuretic,False,True
5315,,0202030S0AABGBG,Spironol,Spironol_Susp 2.5mg/5ml,Spironolactone,,5 mg/5 ml,diuretic,False,True
5316,,0202030S0AABHBH,Spironol,Spironol_Susp 20mg/5ml,Spironolactone,,20 mg/5 ml,diuretic,False,True
5317,,0202030S0AABIBI,Spironol,Spironol_Susp 60mg/5ml,Spironolactone,,60 mg/5 ml,diuretic,False,True
5318,,0202030S0AABJBJ,Spironol,Spironol_Susp 4mg/5ml,Spironolactone,,4 mg/5 ml,diuretic,False,True
5319,,0202030S0AABKBK,Spironol,Spironol_Susp 1mg/5ml,Spironolactone,,1 mg/5 ml,diuretic,False,True
5320,,0202030S0AABLBL,Spironol,Spironol_Syr 50mg/5ml,Spironolactone,,50 mg/5 ml,diuretic,False,True
5321,,0202030S0AABMBM,Spironol,Spironol_Susp 25mg/5ml               @gn,Spironolactone,,25 mg/5 ml,diuretic,False,True
5322,,0202030S0AABNBN,Spironol,Spironol_Susp 5mg/5ml                @gn,Spironolactone,,5 mg/5 ml,diuretic,False,True
5323,,0202030S0AABPBP,Spironol,Spironol_Susp 12mg/5ml,Spironolactone,,12 mg/5 ml,diuretic,False,True
5324,,0202030S0AABQBQ,Spironol,Spironol_Susp 10mg/5ml               @gn,Spironolactone,,10 mg/5 ml,diuretic,False,True
5325,,0202030S0AABRBR,Spironol,Spironol_Susp 15mg/5ml,Spironolactone,,15 mg/5 ml,diuretic,False,True
5326,,0202030S0AABSBS,Spironol,Spironol_Syr 25mg/5ml,Spironolactone,,25 mg/5 ml,diuretic,False,True
5327,,0202030S0AABTBT,Spironol,Spironol_Susp 6mg/5ml,Spironolactone,,6 mg/5 ml,diuretic,False,True
5328,,0202030S0AABUBU,Spironol,Spironol_Syr 62.5mg/5ml,Spironolactone,,5 mg/5 ml,diuretic,False,True
5329,,0202030S0AABVBV,Spironol,Spironol_Susp 50mg/5ml               @gn,Spironolactone,,50 mg/5 ml,diuretic,False,True
5330,,0202030S0AABWBW,Spironol,Spironol_Susp 7mg/5ml,Spironolactone,,7 mg/5 ml,diuretic,False,True
5331,,0202030S0AABXBX,Spironol,Spironol_Syr 6.25mg/5ml,Spironolactone,,25 mg/5 ml,diuretic,False,True
5332,,0202030S0AABYBY,Spironol,Spironol_Liq 15mg/5ml,Spironolactone,,15 mg/5 ml,diuretic,False,True
5333,,0202030S0AABZBZ,Spironol,Spironol_Susp 2mg/5ml,Spironolactone,,2 mg/5 ml,diuretic,False,True
5334,,0202030S0AACACA,Spironol,Spironol_Susp 31.25mg/5ml,Spironolactone,,25 mg/5 ml,diuretic,False,True
5335,,0202030S0AACBCB,Spironol,Spironol_Syr 5mg/5ml,Spironolactone,,5 mg/5 ml,diuretic,False,True
5336,,0202030S0AACCCC,Spironol,Spironol_Susp 7.5mg/5ml,Spironolactone,,5 mg/5 ml,diuretic,False,True
5337,,0202030S0AACDCD,Spironol,Spironol_Susp 40mg/5ml,Spironolactone,,40 mg/5 ml,diuretic,False,True
5338,,0202030S0AACECE,Spironol,Spironol_Susp 10mg/1.5ml,Spironolactone,,10 mg,diuretic,False,True
5339,,0202030S0AACFCF,Spironol,Spironol_Susp 6.25mg/5ml,Spironolactone,,25 mg/5 ml,diuretic,False,True
5340,,0202030S0AACGCG,Spironol,Spironol_Susp 100mg/5ml,Spironolactone,,100 mg/5 ml,diuretic,False,True
5341,,0202030S0AACHCH,Spironol,Spironol_Susp 12.5mg/5ml,Spironolactone,,5 mg/5 ml,diuretic,False,True
5342,,0202030S0AACICI,Spironol,Spironol_Susp 125mg/5ml,Spironolactone,,125 mg/5 ml,diuretic,False,True
5343,,0202030S0AACJCJ,Spironol,Spironol_Susp 75mg/5ml,Spironolactone,,75 mg/5 ml,diuretic,False,True
5344,,0202030S0AACKCK,Spironol,Spironol_Oral Liq @spec,Spironolactone,,,diuretic,False,True
5345,,0202030S0AACLCL,Spironol,Spironol_Cap 3mg,Spironolactone,,3 mg,diuretic,False,True
5346,,0202030S0AACMCM,Spironol,Spironol_Oral Soln 5mg/5ml,Spironolactone,,5 mg/5 ml,diuretic,False,True
5347,,0202030S0AACNCN,Spironol,Spironol_Oral Soln 25mg/5ml,Spironolactone,,25 mg/5 ml,diuretic,False,True
5348,,0202030S0AACPCP,Spironol,Spironol_Oral Soln 50mg/5ml,Spironolactone,,50 mg/5 ml,diuretic,False,True
5349,,0202030S0AACQCQ,Spironol,Spironol_Oral Soln 10mg/5ml,Spironolactone,,10 mg/5 ml,diuretic,False,True
5350,,0202030S0AACRCR,Spironol,Spironol_Liq Spec 100mg/5ml,Spironolactone,,100 mg/5 ml,diuretic,False,True
5351,,0202030S0AACTCT,Spironol,Spironol_Liq Spec 6.25mg/5ml,Spironolactone,,25 mg/5 ml,diuretic,False,True
5352,,0202030S0AACUCU,Spironol,Spironol_Liq Spec 30mg/5ml,Spironolactone,,30 mg/5 ml,diuretic,False,True
5353,,0202030S0AACVCV,Spironol,Spironol_Liq Spec 7.5mg/5ml,Spironolactone,,5 mg/5 ml,diuretic,False,True
5354,,0202030S0AACWCW,Spironol,Spironol_Liq Spec 4mg/5ml,Spironolactone,,4 mg/5 ml,diuretic,False,True
5355,,0202030S0AACXCX,Spironol,Spironol_Liq Spec 125mg/5ml,Spironolactone,,125 mg/5 ml,diuretic,False,True
5356,,0202030S0AACYCY,Spironol,Spironol_Liq Spec 7mg/5ml,Spironolactone,,7 mg/5 ml,diuretic,False,True
5357,,0202030S0AACZCZ,Spironol,Spironol_Liq Spec 250mg/5ml,Spironolactone,,250 mg/5 ml,diuretic,False,True
5358,,0202030S0AADADA,Spironol,Spironol_Liq Spec 2.5mg/5ml,Spironolactone,,5 mg/5 ml,diuretic,False,True
5359,,0202030S0AADBDB,Spironol,Spironol_Liq Spec 8mg/5ml,Spironolactone,,8 mg/5 ml,diuretic,False,True
5360,,0202030S0AADCDC,Spironol,Spironol_Liq Spec 15mg/5ml,Spironolactone,,15 mg/5 ml,diuretic,False,True
5361,,0202030S0AADDDD,Spironol,Spironol_Liq Spec 20mg/5ml,Spironolactone,,20 mg/5 ml,diuretic,False,True
5362,,0202030S0AADEDE,Spironol,Spironol_Liq Spec 75mg/5ml,Spironolactone,,75 mg/5 ml,diuretic,False,True
5363,,0202030S0AADFDF,Spironol,Spironol_Cap 8mg,Spironolactone,,8 mg,diuretic,False,True
5364,,0202030S0AADGDG,Spironol,Spironol_Liq Spec 35mg/5ml,Spironolactone,,35 mg/5 ml,diuretic,False,True
5365,,0202030S0AADHDH,Spironol,Spironol_Liq Spec 200mg/5ml,Spironolactone,,200 mg/5 ml,diuretic,False,True
5366,,0202030S0AADIDI,Spironol,Spironol_Liq Spec 40mg/5ml,Spironolactone,,40 mg/5 ml,diuretic,False,True
5367,,0202030S0AADJDJ,Spironol,Spironol_Liq Spec 13.5mg/5ml,Spironolactone,,5 mg/5 ml,diuretic,False,True
5368,,0202030S0AADKDK,Spironol,Spironol_Liq Spec 12.5mg/5ml,Spironolactone,,5 mg/5 ml,diuretic,False,True
5369,,0202030S0AADLDL,Spironol,Spironol_Liq Spec 4.5mg/5ml,Spironolactone,,5 mg/5 ml,diuretic,False,True
5370,,0202030S0AADMDM,Spironol,Spironol_Liq Spec 3mg/5ml,Spironolactone,,3 mg/5 ml,diuretic,False,True
5371,,0202030S0AADNDN,Spironol,Spironol_Susp 100mg/5ml S/F,Spironolactone,,100 mg/5 ml,diuretic,False,True
5372,,0202030S0AADPDP,Spironol,Spironol_Liq Spec 1.25mg/5ml,Spironolactone,,25 mg/5 ml,diuretic,False,True
5373,,0202030S0AADQDQ,Spironol,Spironol_Liq Spec 6mg/5ml,Spironolactone,,6 mg/5 ml,diuretic,False,True
5374,,0202030S0AADRDR,Spironol,Spironol_Pdrs 1.5mg,Spironolactone,,1.5 mg,diuretic,False,True
5375,,0202030S0AADSDS,Spironol,Spironol_Liq Spec 12mg/5ml,Spironolactone,,12 mg/5 ml,diuretic,False,True
5376,,0202030S0AADTDT,Spironol,Spironol_Liq Spec 3.5mg/5ml,Spironolactone,,5 mg/5 ml,diuretic,False,True
5377,,0202030S0AADUDU,Spironol,Spironol_Liq Spec 2mg/5ml,Spironolactone,,2 mg/5 ml,diuretic,False,True
5378,,0202030S0AADVDV,Spironol,Spironol_Liq Spec 8.3mg/5ml,Spironolactone,,3 mg/5 ml,diuretic,False,True
5379,,0202030S0AADWDW,Spironol,Spironol_Cap 100mg                   @gn,Spironolactone,,100 mg,diuretic,False,True
5380,,0202030S0AADXDX,Spironol,Spironol_Liq Spec 3.3mg/5ml,Spironolactone,,3 mg/5 ml,diuretic,False,True
5381,,0202030S0AADYDY,Spironol,Spironol_Pdrs 8mg,Spironolactone,,8 mg,diuretic,False,True
5382,,0202030S0AADZDZ,Spironol,Spironol_Cap 50mg,Spironolactone,,50 mg,diuretic,False,True
5383,,0202030S0AAEAEA,Spironol,Spironol_Oral Susp 25mg/5ml,Spironolactone,,25 mg/5 ml,diuretic,False,True
5384,,0202030S0AAEBEB,Spironol,Spironol_Oral Susp 50mg/5ml,Spironolactone,,50 mg/5 ml,diuretic,False,True
5385,,0202030S0AAECEC,Spironol,Spironol_Oral Susp 5mg/5ml,Spironolactone,,5 mg/5 ml,diuretic,False,True
5386,,0202030S0AAEDED,Spironol,Spironol_Oral Susp 10mg/5ml,Spironolactone,,10 mg/5 ml,diuretic,False,True
5387,,0202030S0AAEEEE,Spironol,Spironol_Oral Susp 100mg/5ml,Spironolactone,,100 mg/5 ml,diuretic,False,True
5388,,0202030S0BBAAAT,Aldactone,Aldactone_Tab 25mg,Spironolactone,,25 mg,diuretic,False,True
5389,,0202030S0BBABAU,Aldactone,Aldactone_Tab 50mg,Spironolactone,,50 mg,diuretic,False,True
5390,,0202030S0BBACAV,Aldactone,Aldactone_Tab 100mg,Spironolactone,,100 mg,diuretic,False,True
5391,,0202030S0BCAAAU,Diatensec,Diatensec_Tab 50mg,Spironolactone,,50 mg,diuretic,False,True
5392,,0202030S0BDAAAT,Laractone,Laractone_Tab 25mg,Spironolactone,,25 mg,diuretic,False,True
5393,,0202030S0BDABAV,Laractone,Laractone_Tab 100mg,Spironolactone,,100 mg,diuretic,False,True
5394,,0202030S0BDACAS,Laractone,Laractone_Tab 10mg,Spironolactone,,10 mg,diuretic,False,True
5395,,0202030S0BDADAU,Laractone,Laractone_Tab 50mg,Spironolactone,,50 mg,diuretic,False,True
5396,,0202030S0BEAAAT,Spiretic,Spiretic_Tab 25mg,Spironolactone,,25 mg,diuretic,False,True
5397,,0202030S0BEABAV,Spiretic,Spiretic_Tab 100mg,Spironolactone,,100 mg,diuretic,False,True
5398,,0202030S0BFAAAT,Spiroctan,Spiroctan 25_Tab 25mg,Spironolactone,,25 mg,diuretic,False,True
5399,,0202030S0BFABAU,Spiroctan,Spiroctan 50_Tab 50mg,Spironolactone,,50 mg,diuretic,False,True
5400,,0202030S0BFACAB,Spiroctan,Spiroctan 100_Cap 100mg,Spironolactone,,100 mg,diuretic,False,True
5401,,0202030S0BGAAAT,Spirolone,Spirolone_Tab 25mg,Spironolactone,,25 mg,diuretic,False,True
5402,,0202030S0BGABAU,Spirolone,Spirolone_Tab 50mg,Spironolactone,,50 mg,diuretic,False,True
5403,,0202030S0BGACAV,Spirolone,Spirolone_Tab 100mg,Spironolactone,,100 mg,diuretic,False,True
5404,,0202030S0BHAAAT,Gx Spironol,Gx Spironol_Tab 25mg,Spironolactone,,25 mg,diuretic,False,True
5405,,0202030S0BHABAV,Gx Spironol,Gx Spironol_Tab 100mg,Spironolactone,,100 mg,diuretic,False,True
5406,,0202030S0BIAAAT,Abbolactone,Abbolactone_Tab 25mg,Spironolactone,,25 mg,diuretic,False,True
5407,,0202030S0BIABAV,Abbolactone,Abbolactone_Tab 100mg,Spironolactone,,100 mg,diuretic,False,True
5408,,0202030S0BJABAT,Spirospare,Spirospare 25_Tab 25mg,Spironolactone,,25 mg,diuretic,False,True
5409,,0202030S0BJACAV,Spirospare,Spirospare 100_Tab 100mg,Spironolactone,,100 mg,diuretic,False,True
5410,,0202030W0AAAAAA,Triamterene,Triamterene_Cap 50mg,Triamterene,,50 mg,diuretic,False,True
5411,,0202030W0BBAAAA,Dytac,Dytac_Cap 50mg,Triamterene,,50 mg,diuretic,False,True
5412,,0202030X0AAAAAA,Eplerenone,Eplerenone_Tab 25mg,Eplerenone,,25 mg,diuretic,False,True
5413,,0202030X0AAABAB,Eplerenone,Eplerenone_Tab 50mg,Eplerenone,,50 mg,diuretic,False,True
5414,,0202030X0BBAAAA,Inspra,Inspra_Tab 25mg,Eplerenone,,25 mg,diuretic,False,True
5415,,0202030X0BBABAB,Inspra,Inspra_Tab 50mg,Eplerenone,,50 mg,diuretic,False,True
5416,,0202040A0AAAAAA,Amiloride HCl/Cyclopenth,Amiloride HCl/Cyclopenth_Tab 2.5/0.25mg,Amiloride Hydrochloride With Thiazides,,0.25 mg,diuretic,False,True
5417,,0202040A0BBAAAA,Navispare,Navispare_Tab,Amiloride Hydrochloride With Thiazides,,,diuretic,False,True
5418,,0202040B0AAAAAA,Co-Amilofruse,Co-Amilofruse_Tab 5mg/40mg,Co-Amilofruse (Amiloride HCl/Frusemide),,5 mg,diuretic,False,True
5419,,0202040B0AAABAB,Co-Amilofruse,Co-Amilofruse_Tab 2.5mg/20mg,Co-Amilofruse (Amiloride HCl/Frusemide),,2.5 mg,diuretic,False,True
5420,,0202040B0AAACAC,Co-Amilofruse,Co-Amilofruse_Tab 10mg/80mg,Co-Amilofruse (Amiloride HCl/Frusemide),,10 mg,diuretic,False,True
5421,,0202040B0AAADAD,Co-Amilofruse,Co-Amilofruse_Susp 5mg/40mg/5ml,Co-Amilofruse (Amiloride HCl/Frusemide),,40 mg/5 ml,diuretic,False,True
5422,,0202040B0AAAEAE,Co-Amilofruse,Co-Amilofruse_Tab 5mg/40mg           @gn,Co-Amilofruse (Amiloride HCl/Frusemide),,5 mg,diuretic,False,True
5423,,0202040B0AAAFAF,Co-Amilofruse,Co-Amilofruse_Oral Liq @spec,Co-Amilofruse (Amiloride HCl/Frusemide),,,diuretic,False,True
5424,,0202040B0AAAGAG,Co-Amilofruse,Co-Amilofruse_Tab 2.5mg/20mg         @gn,Co-Amilofruse (Amiloride HCl/Frusemide),,2.5 mg,diuretic,False,True
5425,,0202040B0AAAHAH,Co-Amilofruse,Co-Amilofruse_Liq Spec 5mg/40mg/5ml,Co-Amilofruse (Amiloride HCl/Frusemide),,40 mg/5 ml,diuretic,False,True
5426,,0202040B0AAAIAI,Co-Amilofruse,Co-Amilofruse_Liq Spec 10mg/80mg/5ml,Co-Amilofruse (Amiloride HCl/Frusemide),,80 mg/5 ml,diuretic,False,True
5427,,0202040B0AAAJAJ,Co-Amilofruse,Co-Amilofruse_Liq Spec 2.5mg/20mg/5ml,Co-Amilofruse (Amiloride HCl/Frusemide),,20 mg/5 ml,diuretic,False,True
5428,,0202040B0AAAKAK,Co-Amilofruse,Co-Amilofruse_Liq Spec 5mg/50mg/5ml,Co-Amilofruse (Amiloride HCl/Frusemide),,50 mg/5 ml,diuretic,False,True
5429,,0202040B0AAALAL,Co-Amilofruse,Amiloride/Furosemide_LiqSpec10/125mg/5ml,Co-Amilofruse (Amiloride HCl/Frusemide),,125 mg/5 ml,diuretic,False,True
5430,,0202040B0AAAMAM,Co-Amilofruse,Co-Amilofruse_Liq Spec 1.25mg/10mg/5ml,Co-Amilofruse (Amiloride HCl/Frusemide),,10 mg/5 ml,diuretic,False,True
5431,,0202040B0BBAAAA,Frumil (Systemic),Frumil_Tab 40mg/5mg,Co-Amilofruse (Amiloride HCl/Frusemide),,40 mg,diuretic,False,False
5432,,0202040B0BBABAB,Frumil (Systemic),Frumil L.S._Tab 20mg/2.5mg,Co-Amilofruse (Amiloride HCl/Frusemide),,20 mg,diuretic,False,False
5433,,0202040B0BBACAC,Frumil (Systemic),Frumil Fte_Tab 10mg/80mg,Co-Amilofruse (Amiloride HCl/Frusemide),,10 mg,diuretic,False,False
5434,,0202040B0BCAAAA,Lasoride,Lasoride_Tab 5mg/40mg,Co-Amilofruse (Amiloride HCl/Frusemide),,5 mg,diuretic,False,True
5435,,0202040B0BDAAAA,Fru-Co,Fru-Co_Tab 5mg/40mg,Co-Amilofruse (Amiloride HCl/Frusemide),,5 mg,diuretic,False,True
5436,,0202040B0BEAAAA,Frusemek,Frusemek_Tab 5mg/40mg,Co-Amilofruse (Amiloride HCl/Frusemide),,5 mg,diuretic,False,True
5437,,0202040B0BFAAAB,Aridil,Aridil_Tab 2.5mg/20mg,Co-Amilofruse (Amiloride HCl/Frusemide),,2.5 mg,diuretic,False,True
5438,,0202040B0BFABAC,Aridil,Aridil_Tab 10mg/80mg,Co-Amilofruse (Amiloride HCl/Frusemide),,10 mg,diuretic,False,True
5439,,0202040B0BGAAAA,Froop Co,Froop Co_Tab 5mg/40mg,Co-Amilofruse (Amiloride HCl/Frusemide),,5 mg,diuretic,False,True
5440,,0202040B0BHAAAA,Komil,Komil_Tab 5mg/40mg,Co-Amilofruse (Amiloride HCl/Frusemide),,5 mg,diuretic,False,True
5441,,0202040C0AAAAAA,Co-Amilozide,Co-Amilozide_Tab 5mg/50mg,Co-Amilozide (Amiloride HCl/Hydchloroth),,5 mg,diuretic,False,True
5442,,0202040C0AAABAB,Co-Amilozide,Co-Amilozide_Tab 2.5mg/25mg,Co-Amilozide (Amiloride HCl/Hydchloroth),,2.5 mg,diuretic,False,True
5443,,0202040C0AAACAC,Co-Amilozide,Co-Amilozide_Oral Soln 5mg/50mg/5ml,Co-Amilozide (Amiloride HCl/Hydchloroth),,50 mg/5 ml,diuretic,False,True
5444,,0202040C0AAADAD,Co-Amilozide,Co-Amilozide_Oral Soln 5mg/50mg/5ml  @gn,Co-Amilozide (Amiloride HCl/Hydchloroth),,50 mg/5 ml,diuretic,False,True
5445,,0202040C0BBAAAA,Amil-Co,Amil-Co_Tab 5mg/50mg,Co-Amilozide (Amiloride HCl/Hydchloroth),,5 mg,diuretic,False,True
5446,,0202040C0BCAAAA,Hypertane 50,Hypertane 50_Tab 5mg/50mg,Co-Amilozide (Amiloride HCl/Hydchloroth),,5 mg,diuretic,False,True
5447,,0202040C0BDAAAA,Moduretic,Moduretic_Tab 5mg/50mg,Co-Amilozide (Amiloride HCl/Hydchloroth),,5 mg,diuretic,False,True
5448,,0202040C0BDABAC,Moduretic,Moduretic_Soln 5mg/50mg/5ml,Co-Amilozide (Amiloride HCl/Hydchloroth),,50 mg/5 ml,diuretic,False,True
5449,,0202040C0BEAAAA,Normetic,Normetic_Tab 5mg/50mg,Co-Amilozide (Amiloride HCl/Hydchloroth),,5 mg,diuretic,False,True
5450,,0202040C0BFAAAA,Synuretic,Synuretic_Tab 5mg/50mg,Co-Amilozide (Amiloride HCl/Hydchloroth),,5 mg,diuretic,False,True
5451,,0202040C0BFABAB,Synuretic,Synuretic_Tab 2.5mg/25mg,Co-Amilozide (Amiloride HCl/Hydchloroth),,2.5 mg,diuretic,False,True
5452,,0202040C0BGAAAA,Amilmaxco,Amilmaxco 5/50_Tab 5mg/50mg,Co-Amilozide (Amiloride HCl/Hydchloroth),,5 mg,diuretic,False,True
5453,,0202040C0BHAAAA,Vasetic,Vasetic_Tab 5mg/50mg,Co-Amilozide (Amiloride HCl/Hydchloroth),,5 mg,diuretic,False,True
5454,,0202040C0BIAAAB,Moduret 25,Moduret 25_Tab 2.5mg/25mg,Co-Amilozide (Amiloride HCl/Hydchloroth),,2.5 mg,diuretic,False,True
5455,,0202040C0BJAAAA,Delvas,Delvas_Tab 5mg/50mg,Co-Amilozide (Amiloride HCl/Hydchloroth),,5 mg,diuretic,False,True
5456,,0202040C0BKAAAA,Zida-Co,Zida-Co 5/50_Tab 5mg/50mg,Co-Amilozide (Amiloride HCl/Hydchloroth),,5 mg,diuretic,False,True
5457,,0202040C0BLAAAA,Amizide,Amizide_Tab 5mg/50mg,Co-Amilozide (Amiloride HCl/Hydchloroth),,5 mg,diuretic,False,True
5458,,0202040D0AAAAAA,Amiloride HCl + Loop Diuretic,Amiloride HCl/Bumetanide_Tab 5mg/1mg,Amiloride HCl With Loop Diuretics,,5 mg,diuretic,False,True
5459,,0202040D0AAABAB,Amiloride HCl + Loop Diuretic,Amiloride/Furosemide_Liq Spec 5/50mg/5ml,Amiloride HCl With Loop Diuretics,,50 mg/5 ml,diuretic,False,True
5460,,0202040D0BBAAAA,Burinex-A,Burinex-A_Tab,Amiloride HCl With Loop Diuretics,,,diuretic,False,True
5461,,0202040G0AAAAAA,Co-Flumactone,Co-Flumactone_Tab 25mg/25mg,Co-Flumactone (Hydroflumeth/Spironol),,25 mg,diuretic,False,True
5462,,0202040G0AAABAB,Co-Flumactone,Co-Flumactone_Tab 50mg/50mg,Co-Flumactone (Hydroflumeth/Spironol),,50 mg,diuretic,False,True
5463,,0202040G0BBAAAA,Aldactide,Aldactide 25_Tab 25mg/25mg,Co-Flumactone (Hydroflumeth/Spironol),,25 mg,diuretic,False,True
5464,,0202040G0BBABAB,Aldactide,Aldactide 50_Tab 50mg/50mg,Co-Flumactone (Hydroflumeth/Spironol),,50 mg,diuretic,False,True
5465,,0202040G0BCAAAA,Spiro-Co,Spiro-Co 25_Tab 25mg/25mg,Co-Flumactone (Hydroflumeth/Spironol),,25 mg,diuretic,False,True
5466,,0202040G0BCABAB,Spiro-Co,Spiro-Co 50_Tab 50mg/50mg,Co-Flumactone (Hydroflumeth/Spironol),,50 mg,diuretic,False,True
5467,,0202040H0AAAAAA,Triamterene/Hydchloroth,Co-Triamterzide_Tab 50mg/25mg,Co-Triamterzide(Triamterene/Hydchloroth),,50 mg,diuretic,False,False
5468,,0202040H0AAABAB,Triamterene/Hydchloroth,Triamterene/Hydchloroth_Tab 50mg/25mg,Co-Triamterzide(Triamterene/Hydchloroth),,50 mg,diuretic,False,True
5469,,0202040H0BBAAAA,Dyazide,Dyazide_Tab,Co-Triamterzide(Triamterene/Hydchloroth),,,diuretic,False,True
5470,,0202040H0BCAAAA,Triam-Co,Triam-Co_Tab,Co-Triamterzide(Triamterene/Hydchloroth),,,diuretic,False,True
5471,,0202040H0BDAAAA,Triamaxco 50/25,Triamaxco 50/25_Tab,Co-Triamterzide(Triamterene/Hydchloroth),,,diuretic,False,True
5472,,0202040S0AAAAAA,Chloroth/Spironol,Spironol/Chloroth_Cap 1mg/10mg,Spironolactone With Thiazides,,1 mg,diuretic,False,True
5473,,0202040S0AAABAB,Chloroth/Spironol,Spironol/Chloroth_Pdrs 1mg/10mg,Spironolactone With Thiazides,,1 mg,diuretic,False,True
5474,,0202040S0AAACAC,Chloroth/Spironol,Chloroth/Spironol_Soln 10mg/1mg,Spironolactone With Thiazides,,10 mg,diuretic,False,True
5475,,0202040S0AAAEAE,Chloroth/Spironol,Chloroth/Spironol_Oral Liq @spec,Spironolactone With Thiazides,,,diuretic,False,True
5476,,0202040S0AAAFAF,Chloroth/Spironol,Spironol/Chloroth_Liq Spec 20/200mg/5ml,Spironolactone With Thiazides,,200 mg/5 ml,diuretic,False,True
5477,,0202040S0AAAGAG,Chloroth/Spironol,Chloroth/Spironol_Pdrs 20mg/3mg,Spironolactone With Thiazides,,20 mg,diuretic,False,True
5478,,0202040S0AAAHAH,Chloroth/Spironol,Chloroth/Spironol_Cap 40mg/4mg,Spironolactone With Thiazides,,40 mg,diuretic,False,True
5479,,0202040S0AAAIAI,Chloroth/Spironol,Spironol/Chloroth_Liq Spec 10/250mg/5ml,Spironolactone With Thiazides,,250 mg/5 ml,diuretic,False,True
5480,,0202040S0AAAJAJ,Chloroth/Spironol,Spironol/Chloroth_Liq Spec 10/100mg/5ml,Spironolactone With Thiazides,,100 mg/5 ml,diuretic,False,True
5481,,0202040S0AAAKAK,Chloroth/Spironol,Spironol/Chloroth_Liq Spec 5/50mg/5ml,Spironolactone With Thiazides,,50 mg/5 ml,diuretic,False,True
5482,,0202040S0AAALAL,Chloroth/Spironol,Chloroth/Spironol_Cap 250mg/25mg,Spironolactone With Thiazides,,250 mg,diuretic,False,True
5483,,0202040S0AAAMAM,Chloroth/Spironol,Chloroth/Spironol_Cap 30mg/3mg,Spironolactone With Thiazides,,30 mg,diuretic,False,True
5484,,0202040S0AAANAN,Chloroth/Spironol,Chloroth/Spironol_Cap 100mg/10mg,Spironolactone With Thiazides,,100 mg,diuretic,False,True
5485,,0202040S0AAAPAP,Chloroth/Spironol,Spironol/Chloroth_Cap 5mg/50mg,Spironolactone With Thiazides,,5 mg,diuretic,False,True
5486,,0202040S0AAAQAQ,Chloroth/Spironol,Chloroth/Spironol_Cap 160mg/16mg,Spironolactone With Thiazides,,160 mg,diuretic,False,True
5487,,0202040S0AAARAR,Chloroth/Spironol,Spironol/Chloroth_Cap 6mg/60mg,Spironolactone With Thiazides,,6 mg,diuretic,False,True
5488,,0202040T0AAAAAA,Spironol/Furosemide,Spironol/Furosemide_Cap 50mg/20mg,Spironolactone With Loop Diuretics,,50 mg,diuretic,False,True
5489,,0202040T0BBAAAA,Lasilactone,Lasilactone_Cap 50mg/20mg,Spironolactone With Loop Diuretics,,50 mg,diuretic,False,True
5490,,0202040U0AAAAAA,Triamterene/Furosemide,Triamterene/Furosemide_Tab 50mg/40mg,Triamterene With Loop Diuretics,,50 mg,diuretic,False,True
5491,,0202040U0BBAAAA,Frusene,Frusene_Tab,Triamterene With Loop Diuretics,,,diuretic,False,True
5492,,0202040V0AAAAAA,Triamterene + Thiazides,Triamterene/Chlortalidone_Tab 50mg/50mg,Triamterene With Thiazides,,50 mg,diuretic,False,True
5493,,0202040V0AAACAC,Triamterene + Thiazides,Triamterene/Benzthiazide_Cap 50mg/25mg,Triamterene With Thiazides,,50 mg,diuretic,False,True
5494,,0202040V0AAAEAE,Triamterene + Thiazides,Triamterene/Chlortalidone_Tab 50mg/25mg,Triamterene With Thiazides,,50 mg,diuretic,False,True
5495,,0202040V0BBAAAA,Kalspare,Kalspare_Tab,Triamterene With Thiazides,,,diuretic,False,True
5496,,0202040V0BBABAE,Kalspare,Kalspare LS_Tab,Triamterene With Thiazides,,,diuretic,False,True
5497,,0202040V0BDAAAC,Dytide,Dytide_Cap,Triamterene With Thiazides,,,diuretic,False,True
5498,,0202050I0AAAAAA,Isosorbide,Isosorbide_(S),Isosorbide,,,diuretic,False,True
5499,,0202050I0AAABAB,Isosorbide,Isosorbide_Pdrs 6g,Isosorbide,,,diuretic,False,True
5500,,0202050I0AAACAC,Isosorbide,Isosorbide_Pdrs 5g,Isosorbide,,,diuretic,False,True
5501,,0202050I0AAADAD,Isosorbide,Isosorbide_Soln 5g/5ml,Isosorbide,,,diuretic,False,True
5502,,0202050M0AAAAAA,Mannitol (Osmotic Diuretic),Mannitol_I/V Inf 10% 500ml,Mannitol,,,diuretic,False,True
5503,,0202050M0AAABAB,Mannitol (Osmotic Diuretic),Mannitol_I/V Inf 20% 500ml,Mannitol,,,diuretic,False,True
5504,,0202050M0AAACAC,Mannitol (Osmotic Diuretic),Mannitol_I/V Inf 20% 1L,Mannitol,,,diuretic,False,True
5505,,0202050M0AAAEAE,Mannitol (Osmotic Diuretic),Mannitol_I/V Inf 20% 250ml,Mannitol,,,diuretic,False,True
5506,,0202050M0BBAAA0,Minjet Mannitol,Minjet_Mannitol 25% 50ml,Mannitol,,,diuretic,False,True
5507,,0202050M0BCACAB,Baxter Mannitol,Baxter_Viaflex Mannitol I/V Inf 20%500ml,Mannitol,,,diuretic,False,True
5508,,0202050M0BCADAA,Baxter Mannitol,Baxter_Viaflex Mannitol I/V Inf 10%500ml,Mannitol,,,diuretic,False,True
5509,,0202050M0BCAEAC,Baxter Mannitol,Baxter_Mannitol I/V Inf 20% 1L,Mannitol,,,diuretic,False,True
5510,,0202050M0BCAFAE,Baxter Mannitol,Baxter_Viaflo Mannitol I/V Inf 20% 250ml,Mannitol,,,diuretic,False,True
5511,,0202050M0BCAGAA,Baxter Mannitol,Baxter_Viaflo Mannitol I/V Inf 10% 500ml,Mannitol,,,diuretic,False,True
5512,,0202050M0BCAHAB,Baxter Mannitol,Baxter_Viaflo Mannitol I/V Inf 20% 500ml,Mannitol,,,diuretic,False,True
5513,,0202050M0BCAIAE,Baxter Mannitol,Baxter_Viaflex Mannitol I/V Inf 20%250ml,Mannitol,,,diuretic,False,True
5514,,0202050M0BDAAAB,Polyfusor Mannitol,Polyfusor_Mannitol I/V Inf 20% 500ml,Mannitol,,,diuretic,False,True
5515,,0202050M0BDABAA,Polyfusor Mannitol,Polyfusor_Mannitol I/V Inf 10% 500ml,Mannitol,,,diuretic,False,True
5516,,0202080B0AAAAAA,Bendroflumeth/Pot,Bendroflumeth/Pot_Tab 2.5mg/573mg M/R,Bendroflumethiazide/Potassium,,2.5 mg,diuretic,False,True
5517,,0202080B0AAABAB,Bendroflumeth/Pot,Bendroflumeth/Pot_Tab 2.5mg/8.4mmol M/R,Bendroflumethiazide/Potassium,,2.5 mg,diuretic,False,True
5518,,0202080B0BBAAAA,Centyl-K,Centyl-K_Tab,Bendroflumethiazide/Potassium,,,diuretic,False,True
5519,,0202080B0BCAAAB,Neo-Naclex-K,Neo-Naclex-K_Tab,Bendroflumethiazide/Potassium,,,diuretic,False,True
5520,,0202080C0AAAAAA,Bumetanide/Pot,Bumetanide/Slow Pot_Tab 500mcg/7.7mmol,Bumetanide/Potassium,,,diuretic,False,True
5521,,0202080C0BBAAAA,Burinex-K,Burinex-K_Tab,Bumetanide/Potassium,,,diuretic,False,True
5522,,0202080D0AAAAAA,Bumetanide/Amiloride HCl,Bumetanide/Amiloride HCl_Tab 1mg/5mg,Bumetanide/Amiloride Hydrochloride,,1 mg,diuretic,False,True
5523,,0202080E0AAAAAA,Chlortalidone/Pot,Chlortalidone/Pot_Tab 25mg/6.7mmol M/R,Chlortalidone/Potassium,,25 mg,diuretic,False,True
5524,,0202080E0BBAAAA,Hygroton-K,Hygroton-K_Tab,Chlortalidone/Potassium,,,diuretic,False,True
5525,,0202080F0AAAAAA,Clopamide/Pot,Clopamide/Pot_Tab Eff 20mg/12mmol,Clopamide/Potassium,,20 mg,diuretic,False,True
5526,,0202080F0BBAAAA,Brinaldix-K,Brinaldix-K_Tab Eff,Clopamide/Potassium,,,diuretic,False,True
5527,,0202080G0AAAAAA,Cyclopenth/Pot,Cyclopenth/Pot_Tab 250mcg/8.1mmol M/R,Cyclopenthiazide/Potassium,,,diuretic,False,True
5528,,0202080G0BBAAAA,Navidrex-K,Navidrex-K_Tab,Cyclopenthiazide/Potassium,,,diuretic,False,True
5529,,0202080H0AAAAAA,Cyclopenth/Amiloride HCl,Cyclopenth/Amiloride HCl_Tab 0.25/2.5mg,Cyclopenthiazide/Amiloride Hydrochloride,,2.5 mg,diuretic,False,True
5530,,0202080K0AAAAAA,Furosemide/Pot,Furosemide/Pot_Tab 20mg/10mmol M/R,Furosemide/Potassium,,20 mg,diuretic,False,True
5531,,0202080K0AAABAB,Furosemide/Pot,Furosemide/Pot_Tab 40mg/8mmol M/R,Furosemide/Potassium,,40 mg,diuretic,False,True
5532,,0202080K0AAACAC,Furosemide/Pot,Furosemide/Pot_Tab 40mg/10mmol M/R,Furosemide/Potassium,,40 mg,diuretic,False,True
5533,,0202080K0BBAAAA,Lasikal,Lasikal_Tab,Furosemide/Potassium,,,diuretic,False,True
5534,,0202080K0BCAAAB,Diumide-K Continus,Diumide-K Continus_Tab,Furosemide/Potassium,,,diuretic,False,True
5535,,0202080K0BDAAAC,Lasix + K,Lasix + K_C/Pk Tab 30 Lasix 40mg + K,Furosemide/Potassium,,40 mg,diuretic,False,True
5536,,0202080M0AAAAAA,Hydchloroth/Pot,Hydchloroth/Pot_Tab 12.5mg/8.1mmol M/R,Hydrochlorothiazide/Potassium,,12.5 mg,diuretic,False,True
5537,,0202080M0AAABAB,Hydchloroth/Pot,Hydchloroth/Pot Chlor_Tab 25mg/572mg,Hydrochlorothiazide/Potassium,,25 mg,diuretic,False,True
5538,,0202080M0BBAAAA,Esidrex-K,Esidrex-K_Tab,Hydrochlorothiazide/Potassium,,,diuretic,False,True
5539,,0202080M0BCAAAB,Hydrosaluric-K,Hydrosaluric-K_Tab,Hydrochlorothiazide/Potassium,,,diuretic,False,True
5540,,021200000BHAAA0,Proprietary Co Prepn Bnf 0212000,Solgar_EPA/GLA Soft Gel OAD,Other Lipid-Regulating Preps,,,statin,False,False
5541,,021200000BHACA0,Proprietary Co Prepn Bnf 0212000,Lipostabil 300 Fte_Cap 300mg,Other Lipid-Regulating Preps,,300 mg,statin,False,False
5542,,021200000BHBAA0,Proprietary Co Prepn Bnf 0212000,Lamb_EPA Mari Lipid Conc Cap 180mg(8506),Other Lipid-Regulating Preps,,180 mg,statin,False,False
5543,,021200000BHBCA0,Proprietary Co Prepn Bnf 0212000,Lamb_High-Pot EPA Cap 310mg,Other Lipid-Regulating Preps,,310 mg,statin,False,False
5544,,021200000BHBEA0,Proprietary Co Prepn Bnf 0212000,Lanes_Lanepa Fish Cap,Other Lipid-Regulating Preps,,,statin,False,False
5545,,021200000BHBFA0,Proprietary Co Prepn Bnf 0212000,Lanepa_Liq Conc Fish Oil,Other Lipid-Regulating Preps,,,statin,False,False
5546,,021200000BHBGA0,Proprietary Co Prepn Bnf 0212000,Lanepa_Fish Oil Cap,Other Lipid-Regulating Preps,,,statin,False,False
5547,,021200000BHBHA0,Proprietary Co Prepn Bnf 0212000,Pure Fish Oil_Cap,Other Lipid-Regulating Preps,,,statin,False,False
5548,,021200000BHBIA0,Proprietary Co Prepn Bnf 0212000,Vasolastine_Inj 2ml Amp,Other Lipid-Regulating Preps,,,statin,False,False
5549,,021200000BHBJA0,Proprietary Co Prepn Bnf 0212000,Metabolics_Omega Plus Cap,Other Lipid-Regulating Preps,,,statin,False,False
5550,,021200000BHBKA0,Proprietary Co Prepn Bnf 0212000,Seven Seas_Pulse Triomega High Strgh Cap,Other Lipid-Regulating Preps,,,statin,False,False
5551,,021200010AAAAAA,Ciprofibrate,Ciprofibrate_Tab 100mg,Ciprofibrate,,100 mg,statin,False,False
5552,,021200010BBAAAA,Modalim,Modalim_Tab 100mg,Ciprofibrate,,100 mg,statin,False,False
5553,,0212000A0AAAAAA,Acipimox,Acipimox_Cap 250mg,Acipimox,,250 mg,statin,False,False
5554,,0212000A0BBAAAA,Olbetam,Olbetam_Cap 250mg,Acipimox,,250 mg,statin,False,False
5555,,0212000AAAAAAAA,Rosuvastatin Calc,Rosuvastatin Calc_Tab 10mg,Rosuvastatin Calcium,,10 mg,statin,False,False
5556,,0212000AAAAABAB,Rosuvastatin Calc,Rosuvastatin Calc_Tab 20mg,Rosuvastatin Calcium,,20 mg,statin,False,False
5557,,0212000AAAAACAC,Rosuvastatin Calc,Rosuvastatin Calc_Tab 40mg,Rosuvastatin Calcium,,40 mg,statin,False,False
5558,,0212000AAAAADAD,Rosuvastatin Calc,Rosuvastatin Calc_Tab 5mg,Rosuvastatin Calcium,,5 mg,statin,False,False
5559,,0212000AAAAAEAE,Rosuvastatin Calc,Rosuvastatin Calc_Liq Spec 20mg/5ml,Rosuvastatin Calcium,,20 mg/5 ml,statin,False,False
5560,,0212000AABBAAAA,Crestor,Crestor_Tab 10mg,Rosuvastatin Calcium,,10 mg,statin,False,False
5561,,0212000AABBABAB,Crestor,Crestor_Tab 20mg,Rosuvastatin Calcium,,20 mg,statin,False,False
5562,,0212000AABBACAC,Crestor,Crestor_Tab 40mg,Rosuvastatin Calcium,,40 mg,statin,False,False
5563,,0212000AABBADAD,Crestor,Crestor_Tab 5mg,Rosuvastatin Calcium,,5 mg,statin,False,False
5564,,0212000ABAAAAAA,Omega-3-Acid Ethyl Esters,EPA/DHA_Cap 460mg/380mg,Omega-3-Acid Ethyl Esters,,460 mg,statin,False,False
5565,,0212000ABBBAAAA,Omacor,Omacor_Cap,Omega-3-Acid Ethyl Esters,,,statin,False,False
5566,,0212000ABBCAAAA,Teromeg,Teromeg_Cap 1g,Omega-3-Acid Ethyl Esters,,,statin,False,False
5567,,0212000ABBDAAAA,Prestylon,Prestylon_Cap 1g,Omega-3-Acid Ethyl Esters,,,statin,False,False
5568,,0212000ABBEAAAA,Omega-3-Acid Ethyl Esters (Glenmark),Omega 3-Acid-Ethyl Esters_Cap 1g,Omega-3-Acid Ethyl Esters,,,statin,False,False
5569,,0212000ABBFAAAA,Nebbaro,Nebbaro_Cap 1000mg,Omega-3-Acid Ethyl Esters,,1000 mg,statin,False,False
5570,,0212000ABBGAAAA,Omega 3,Omega 3_Cap 1000mg,Omega-3-Acid Ethyl Esters,,1000 mg,statin,False,False
5571,,0212000ABBHAAAA,Dualtis,Dualtis_Cap 1000mg,Omega-3-Acid Ethyl Esters,,1000 mg,statin,False,False
5572,,0212000ABBIAAAA,G & G Omega 3,G & G_Omega 3 Softgels Cap 1000mg,Omega-3-Acid Ethyl Esters,,1000 mg,statin,False,False
5573,,0212000ACAAAAAA,Simvastatin & Ezetimibe,Simvastatin/Ezetimibe_Tab 20mg/10mg,Simvastatin & Ezetimibe,,20 mg,statin,False,False
5574,,0212000ACAAABAB,Simvastatin & Ezetimibe,Simvastatin/Ezetimibe_Tab 40mg/10mg,Simvastatin & Ezetimibe,,40 mg,statin,False,False
5575,,0212000ACAAACAC,Simvastatin & Ezetimibe,Simvastatin/Ezetimibe_Tab 80mg/10mg,Simvastatin & Ezetimibe,,80 mg,statin,False,False
5576,,0212000ACBBAAAA,Inegy,Inegy_Tab 10mg/20mg,Simvastatin & Ezetimibe,,10 mg,statin,False,False
5577,,0212000ACBBABAB,Inegy,Inegy_Tab 10mg/40mg,Simvastatin & Ezetimibe,,10 mg,statin,False,False
5578,,0212000ACBBACAC,Inegy,Inegy_Tab 10mg/80mg,Simvastatin & Ezetimibe,,10 mg,statin,False,False
5579,,0212000ADAAAAAA,Colesevelam HCl,Colesevelam HCl_Tab 625mg,Colesevelam Hydrochloride,,625 mg,statin,False,False
5580,,0212000ADBBAAAA,Cholestagel,Cholestagel_Tab 625mg,Colesevelam Hydrochloride,,625 mg,statin,False,False
5581,,0212000AEAAAAAA,Nicotinic Acid/Laropiprant,Nicotinic Acid/Laropiprant_Tab1g/20mgM/R,Nicotinic Acid/Laropiprant,,,statin,False,False
5582,,0212000AEBBAAAA,Tredaptive,Tredaptive_Tab 1g/20mg M/R,Nicotinic Acid/Laropiprant,,20 mg,statin,False,False
5583,,0212000AFAAAAAA,Lomitapide,Lomitapide_Cap 5mg,Lomitapide,,5 mg,statin,False,False
5584,,0212000AFAAABAB,Lomitapide,Lomitapide_Cap 10mg,Lomitapide,,10 mg,statin,False,False
5585,,0212000AFAAACAC,Lomitapide,Lomitapide_Cap 20mg,Lomitapide,,20 mg,statin,False,False
5586,,0212000AFBBAAAA,Lojuxta,Lojuxta_Cap 5mg,Lomitapide,,5 mg,statin,False,False
5587,,0212000AFBBABAB,Lojuxta,Lojuxta_Cap 10mg,Lomitapide,,10 mg,statin,False,False
5588,,0212000AFBBACAC,Lojuxta,Lojuxta_Cap 20mg,Lomitapide,,20 mg,statin,False,False
5589,,0212000AGAAAAAA,Policosanol,Policosanol_Cap 10mg,Policosanol,,10 mg,statin,False,False
5590,,0212000AGBBAAAA,Biovea Policosanol,Biovea Policosanol_Cap 10mg,Policosanol,,10 mg,statin,False,False
5591,,0212000AHAAAAAA,Evolocumab,Evolocumab_Inj 140mg/ml 1ml Pf Dev,Evolocumab,,140 mg/mL,statin,False,False
5592,,0212000AHAAABAB,Evolocumab,Evolocumab_Inj 140mg/ml 1ml Pfs,Evolocumab,,140 mg/mL,statin,False,False
5593,,0212000AHBBAAAA,Repatha,Repatha SureClick_Inj 140mg/ml 1ml PfPen,Evolocumab,,140 mg/mL,statin,False,False
5594,,0212000AHBBABAB,Repatha,Repatha_Inj 140mg/ml 1ml Pfs,Evolocumab,,140 mg/mL,statin,False,False
5595,,0212000AIAAAAAA,Alirocumab,Alirocumab_Inj 75mg/1ml PF Dev,Alirocumab,,75 mg/1 ml,statin,False,False
5596,,0212000AIAAABAB,Alirocumab,Alirocumab_Inj 150mg/1ml PF Dev,Alirocumab,,150 mg/1 ml,statin,False,False
5597,,0212000AIBBAAAA,Praluent,Praluent_Inj 75mg/1ml PF Pen,Alirocumab,,75 mg/1 ml,statin,False,False
5598,,0212000AIBBABAB,Praluent,Praluent_Inj 150mg/1ml PF Pen,Alirocumab,,150 mg/1 ml,statin,False,False
5599,,0212000AJAAAAAA,Fenofibrate/Simvastatin,Fenofibrate/Simvastatin_Tab 145mg/20mg,Fenofibrate/Simvastatin,,145 mg,statin,False,False
5600,,0212000AJAAABAB,Fenofibrate/Simvastatin,Fenofibrate/Simvastatin_Tab 145mg/40mg,Fenofibrate/Simvastatin,,145 mg,statin,False,False
5601,,0212000AJBBAAAA,Cholib,Cholib_Tab 145mg/20mg,Fenofibrate/Simvastatin,,145 mg,statin,False,False
5602,,0212000AJBBABAB,Cholib,Cholib_Tab 145mg/40mg,Fenofibrate/Simvastatin,,145 mg,statin,False,False
5603,,0212000B0AAAAAA,Atorvastatin,Atorvastatin_Tab 10mg,Atorvastatin,,10 mg,statin,False,False
5604,,0212000B0AAABAB,Atorvastatin,Atorvastatin_Tab 20mg,Atorvastatin,,20 mg,statin,False,False
5605,,0212000B0AAACAC,Atorvastatin,Atorvastatin_Tab 40mg,Atorvastatin,,40 mg,statin,False,False
5606,,0212000B0AAADAD,Atorvastatin,Atorvastatin_Tab 80mg,Atorvastatin,,80 mg,statin,False,False
5607,,0212000B0AAAEAE,Atorvastatin,Atorvastatin_Tab 20mg                @gn,Atorvastatin,,20 mg,statin,False,False
5608,,0212000B0AAAFAF,Atorvastatin,Atorvastatin_Oral Soln 20mg/5ml,Atorvastatin,,20 mg/5 ml,statin,False,False
5609,,0212000B0AAAGAG,Atorvastatin,Atorvastatin_Liq Spec 40mg/5ml,Atorvastatin,,40 mg/5 ml,statin,False,False
5610,,0212000B0AAAHAH,Atorvastatin,Atorvastatin_Liq Spec 10mg/5ml,Atorvastatin,,10 mg/5 ml,statin,False,False
5611,,0212000B0AAAIAI,Atorvastatin,Atorvastatin_Oral Susp 80mg/5ml,Atorvastatin,,80 mg/5 ml,statin,False,False
5612,,0212000B0AAAJAJ,Atorvastatin,Atorvastatin_Pdr Sach 10mg,Atorvastatin,,10 mg,statin,False,False
5613,,0212000B0AAAKAK,Atorvastatin,Atorvastatin_Pdr Sach 20mg,Atorvastatin,,20 mg,statin,False,False
5614,,0212000B0AAALAL,Atorvastatin,Atorvastatin_Tab Chble 10mg S/F,Atorvastatin,,10 mg,statin,False,False
5615,,0212000B0AAAMAM,Atorvastatin,Atorvastatin_Tab Chble 20mg S/F,Atorvastatin,,20 mg,statin,False,False
5616,,0212000B0AAANAN,Atorvastatin,Atorvastatin_Tab 30mg,Atorvastatin,,30 mg,statin,False,False
5617,,0212000B0AAAPAP,Atorvastatin,Atorvastatin_Tab 60mg,Atorvastatin,,60 mg,statin,False,False
5618,,0212000B0AAAQAQ,Atorvastatin,Atorvastatin_Oral Susp 20mg/5ml,Atorvastatin,,20 mg/5 ml,statin,False,False
5619,,0212000B0BBAAAA,Lipitor,Lipitor_Tab 10mg,Atorvastatin,,10 mg,statin,False,False
5620,,0212000B0BBABAB,Lipitor,Lipitor_Tab 20mg,Atorvastatin,,20 mg,statin,False,False
5621,,0212000B0BBACAC,Lipitor,Lipitor_Tab 40mg,Atorvastatin,,40 mg,statin,False,False
5622,,0212000B0BBADAD,Lipitor,Lipitor_Tab 80mg,Atorvastatin,,80 mg,statin,False,False
5623,,0212000B0BBAEAL,Lipitor,Lipitor_Tab Chble 10mg,Atorvastatin,,10 mg,statin,False,False
5624,,0212000B0BBAFAM,Lipitor,Lipitor_Tab Chble 20mg,Atorvastatin,,20 mg,statin,False,False
5625,,0212000B0BCAAAA,Cardyl,Cardyl_Tab 10mg,Atorvastatin,,10 mg,statin,False,False
5626,,0212000B0BDAAAA,Prevencor,Prevencor_Tab 10mg,Atorvastatin,,10 mg,statin,False,False
5627,,0212000B0BEAAAA,Tahor,Tahor_Tab 10mg,Atorvastatin,,10 mg,statin,False,False
5628,,0212000B0BFAAAB,Sortis,Sortis_Tab 20mg,Atorvastatin,,20 mg,statin,False,False
5629,,0212000B0BFABAA,Sortis,Sortis_Tab 10mg,Atorvastatin,,10 mg,statin,False,False
5630,,0212000B0BGAAAA,Zarator,Zarator_Tab 10mg,Atorvastatin,,10 mg,statin,False,False
5631,,0212000C0AAAAAA,Cerivastatin,Cerivastatin_Tab 100mcg,Cerivastatin,,,statin,False,False
5632,,0212000C0AAABAB,Cerivastatin,Cerivastatin_Tab 200mcg,Cerivastatin,,,statin,False,False
5633,,0212000C0AAACAC,Cerivastatin,Cerivastatin_Tab 300mcg,Cerivastatin,,,statin,False,False
5634,,0212000C0AAADAD,Cerivastatin,Cerivastatin_Tab 400mcg,Cerivastatin,,,statin,False,False
5635,,0212000C0AAAEAE,Cerivastatin,Cerivastatin_Tab 800mcg,Cerivastatin,,,statin,False,False
5636,,0212000C0BBAAAA,Lipobay,Lipobay_Tab 100mcg,Cerivastatin,,,statin,False,False
5637,,0212000C0BBABAB,Lipobay,Lipobay_Tab 200mcg,Cerivastatin,,,statin,False,False
5638,,0212000C0BBACAC,Lipobay,Lipobay_Tab 300mcg,Cerivastatin,,,statin,False,False
5639,,0212000C0BBADAD,Lipobay,Lipobay_Tab 400mcg,Cerivastatin,,,statin,False,False
5640,,0212000C0BBAEAE,Lipobay,Lipobay_Tab 800mcg,Cerivastatin,,,statin,False,False
5641,,0212000D0AAAAAA,Bezafibrate,Bezafibrate_Tab 200mg,Bezafibrate,,200 mg,statin,False,False
5642,,0212000D0AAABAB,Bezafibrate,Bezafibrate_Tab 400mg M/R,Bezafibrate,,400 mg,statin,False,False
5643,,0212000D0AAACAC,Bezafibrate,Bezafibrate_Liq Spec 200mg/5ml,Bezafibrate,,200 mg/5 ml,statin,False,False
5644,,0212000D0BBAAAA,Bezalip,Bezalip_Tab 200mg,Bezafibrate,,200 mg,statin,False,False
5645,,0212000D0BBABAB,Bezalip,Bezalip-Mono_Tab 400mg,Bezafibrate,,400 mg,statin,False,False
5646,,0212000D0BCAAAB,Bezagen,Bezagen XL_Tab 400mg,Bezafibrate,,400 mg,statin,False,False
5647,,0212000D0BDAAAB,Liparol,Liparol XL_Tab 400mg,Bezafibrate,,400 mg,statin,False,False
5648,,0212000D0BEAAAB,Zimbacol,Zimbacol XL_Tab 400mg,Bezafibrate,,400 mg,statin,False,False
5649,,0212000D0BFAAAB,Fibrazate,Fibrazate XL_Tab 400mg M/R,Bezafibrate,,400 mg,statin,False,False
5650,,0212000F0AAAAAA,Colestyramine (Lipid Lowering),Colestyramine_Cap 325mg,Colestyramine,,325 mg,statin,False,False
5651,,0212000F0AAABAB,Colestyramine (Lipid Lowering),Colestyramine_Pdr Sach 4g,Colestyramine,,,statin,False,False
5652,,0212000F0AAADAD,Colestyramine (Lipid Lowering),Colestyramine_Cap 375mg,Colestyramine,,375 mg,statin,False,False
5653,,0212000F0AAAEAE,Colestyramine (Lipid Lowering),Colestyramine/Aspartame_Pdr Sach 4g S/F,Colestyramine,,,statin,False,False
5654,,0212000F0AAAFAF,Colestyramine (Lipid Lowering),Colestyramine_Oral Liq @spec,Colestyramine,,,statin,False,False
5655,,0212000F0AAAGAG,Colestyramine (Lipid Lowering),Colestyramine_Liq Spec 500mg/5ml,Colestyramine,,500 mg/5 ml,statin,False,False
5656,,0212000F0AAAHAH,Colestyramine (Lipid Lowering),Colestyramine_Pdrs 900mg,Colestyramine,,900 mg,statin,False,False
5657,,0212000F0AAAIAI,Colestyramine (Lipid Lowering),Colestyramine_Pdrs 1g,Colestyramine,,,statin,False,False
5658,,0212000F0AAAJAJ,Colestyramine (Lipid Lowering),Colestyramine_Pdrs 500mg,Colestyramine,,500 mg,statin,False,False
5659,,0212000F0AAAKAK,Colestyramine (Lipid Lowering),Colestyramine_Cap 625mg,Colestyramine,,625 mg,statin,False,False
5660,,0212000F0AAALAL,Colestyramine (Lipid Lowering),Colestyramine_Pdrs 550mg,Colestyramine,,550 mg,statin,False,False
5661,,0212000F0AAAMAM,Colestyramine (Lipid Lowering),Colestyramine_Pdr Sach 4g           @gn,Colestyramine,,,statin,False,False
5662,,0212000F0AAANAN,Colestyramine (Lipid Lowering),Colestyramine_Pdrs 270mg,Colestyramine,,270 mg,statin,False,False
5663,,0212000F0AAAPAP,Colestyramine (Lipid Lowering),Colestyramine_Pdrs 400mg,Colestyramine,,400 mg,statin,False,False
5664,,0212000F0AAAQAQ,Colestyramine (Lipid Lowering),Colestyramine_Pdrs 100mg,Colestyramine,,100 mg,statin,False,False
5665,,0212000F0AAARAR,Colestyramine (Lipid Lowering),Colestyramine_Pdrs 10g,Colestyramine,,,statin,False,False
5666,,0212000F0AAASAS,Colestyramine (Lipid Lowering),Gppe Sach_Questran Light 9g,Colestyramine,,,statin,False,False
5667,,0212000F0BBAAAB,Questran,Questran_Sach 9g (4g Of Ingredient),Colestyramine,,,statin,False,False
5668,,0212000F0BBABA0,Questran,Questran_S/Pack,Colestyramine,,,statin,False,False
5669,,0212000F0BBACAE,Questran,Questran Light_Sach 9g (4g Of Ingredient,Colestyramine,,,statin,False,False
5670,,0212000F0BCAAAB,Cholemin,Cholemin_Pdr Sach 4g,Colestyramine,,,statin,False,False
5671,,0212000G0BBAAA0,Condrosulf,Condrosulf_Cap 400mg,Chondroitin  Sulphate A,,400 mg,statin,False,False
5672,,0212000I0AAAAAA,Clofibrate,Clofibrate_Cap 500mg BP,Clofibrate,,500 mg,statin,False,False
5673,,0212000I0BBAAAA,Atromid-S,Atromid-S_Cap 500mg,Clofibrate,,500 mg,statin,False,False
5674,,0212000J0AAAAAA,Ispag Husk (Lipid Lowering),Ispag Husk_Gran Eff G/F S/F,Ispaghula Husk,,,statin,False,False
5675,,0212000J0BBAAAA,Fybozest,Fybozest_Gran Eff S/F,Ispaghula Husk,,,statin,False,False
5676,,0212000J0BCAAAA,Fybogel (Lipid Lowering),Fybogel_Gran Eff S/F,Ispaghula Husk,,,statin,False,False
5677,,0212000K0AAAAAA,Colestipol HCl,Colestipol HCl_Gran Sach 0.2% 5g S/F,Colestipol Hydrochloride,,,statin,False,False
5678,,0212000K0AAABAB,Colestipol HCl,Colestipol HCl_Pdr Sach 0.2% 5g,Colestipol Hydrochloride,,,statin,False,False
5679,,0212000K0AAACAC,Colestipol HCl,Colestipol HCl_Tab 1g,Colestipol Hydrochloride,,,statin,False,False
5680,,0212000K0BBAAAA,Colestid,Colestid_Gran Sach 0.2% 5g,Colestipol Hydrochloride,,,statin,False,False
5681,,0212000K0BBABAB,Colestid,Colestid Orange_Pdr Sach 0.2% 5g,Colestipol Hydrochloride,,,statin,False,False
5682,,0212000K0BBACAC,Colestid,Colestid_Tab 1g,Colestipol Hydrochloride,,,statin,False,False
5683,,0212000L0AAAAAA,Ezetimibe,Ezetimibe_Tab 10mg,Ezetimibe,,10 mg,statin,False,False
5684,,0212000L0BBAAAA,Ezetrol,Ezetrol_Tab 10mg,Ezetimibe,,10 mg,statin,False,False
5685,,0212000M0AAAAAA,Fluvastatin Sod,Fluvastatin Sod_Cap 20mg,Fluvastatin Sodium,,20 mg,statin,False,False
5686,,0212000M0AAABAB,Fluvastatin Sod,Fluvastatin Sod_Cap 40mg,Fluvastatin Sodium,,40 mg,statin,False,False
5687,,0212000M0AAACAC,Fluvastatin Sod,Fluvastatin Sod_Liq Spec 10mg/5ml,Fluvastatin Sodium,,10 mg/5 ml,statin,False,False
5688,,0212000M0AAADAD,Fluvastatin Sod,Fluvastatin Sod_Tab 80mg M/R,Fluvastatin Sodium,,80 mg,statin,False,False
5689,,0212000M0AAAEAE,Fluvastatin Sod,Fluvastatin Sod_Tab 80mg M/R         @gn,Fluvastatin Sodium,,80 mg,statin,False,False
5690,,0212000M0BBAAAA,Lescol,Lescol_Cap 20mg,Fluvastatin Sodium,,20 mg,statin,False,False
5691,,0212000M0BBABAB,Lescol,Lescol_Cap 40mg,Fluvastatin Sodium,,40 mg,statin,False,False
5692,,0212000M0BBACAD,Lescol,Lescol XL_Tab 80mg,Fluvastatin Sodium,,80 mg,statin,False,False
5693,,0212000M0BCAAAD,Luvinsta,Luvinsta XL_Tab 80mg,Fluvastatin Sodium,,80 mg,statin,False,False
5694,,0212000M0BDAAAD,Pinmactil,Pinmactil_Tab 80mg M/R,Fluvastatin Sodium,,80 mg,statin,False,False
5695,,0212000M0BEAAAD,Dorisin,Dorisin XL_Tab 80mg,Fluvastatin Sodium,,80 mg,statin,False,False
5696,,0212000M0BFAAAD,Stefluvin,Stefluvin XL_Tab 80mg,Fluvastatin Sodium,,80 mg,statin,False,False
5697,,0212000M0BGAAAD,Nandovar XL,Nandovar XL_Tab 80mg,Fluvastatin Sodium,,80 mg,statin,False,False
5698,,0212000N0AAAAAA,Dextrothyroxine Sod,Dextrothyroxine Sod_Tab 2mg,Dextrothyroxine Sodium,,2 mg,statin,False,False
5699,,0212000N0BBAAAA,Choloxin,Choloxin_Tab 2mg,Dextrothyroxine Sodium,,2 mg,statin,False,False
5700,,0212000P0AAAAAA,Fenofibrate,Fenofibrate_Cap 100mg,Fenofibrate,,100 mg,statin,False,False
5701,,0212000P0AAABAB,Fenofibrate,Fenofibrate_Cap 200mg (Micronised),Fenofibrate,,200 mg,statin,False,False
5702,,0212000P0AAACAC,Fenofibrate,Fenofibrate_Cap 67mg (Micronised),Fenofibrate,,67 mg,statin,False,False
5703,,0212000P0AAADAD,Fenofibrate,Fenofibrate_Cap 267mg (Micronised),Fenofibrate,,267 mg,statin,False,False
5704,,0212000P0AAAEAE,Fenofibrate,Fenofibrate_Tab 160mg (Micronised),Fenofibrate,,160 mg,statin,False,False
5705,,0212000P0AAAFAF,Fenofibrate,Fenofibrate_Cap 200mg,Fenofibrate,,200 mg,statin,False,False
5706,,0212000P0AAAGAG,Fenofibrate,Fenofibrate_Oral Soln 160mg/5ml,Fenofibrate,,160 mg/5 ml,statin,False,False
5707,,0212000P0BBAAAA,Lipantil,Lipantil_Cap 100mg,Fenofibrate,,100 mg,statin,False,False
5708,,0212000P0BBABAB,Lipantil,Lipantil Micro 200_Cap 200mg,Fenofibrate,,200 mg,statin,False,False
5709,,0212000P0BBACAC,Lipantil,Lipantil Micro 67_Cap 67mg,Fenofibrate,,67 mg,statin,False,False
5710,,0212000P0BBADAD,Lipantil,Lipantil Micro 267_Cap 267mg,Fenofibrate,,267 mg,statin,False,False
5711,,0212000P0BCAAAE,Supralip,Supralip 160_Tab 160mg,Fenofibrate,,160 mg,statin,False,False
5712,,0212000P0BDAAAF,Fenogal,Fenogal_Cap 200mg,Fenofibrate,,200 mg,statin,False,False
5713,,0212000Q0AAAAAA,Gemfibrozil,Gemfibrozil_Cap 300mg,Gemfibrozil,,300 mg,statin,False,False
5714,,0212000Q0AAABAB,Gemfibrozil,Gemfibrozil_Tab 600mg,Gemfibrozil,,600 mg,statin,False,False
5715,,0212000Q0BBAAAA,Lopid,Lopid_Cap 300mg,Gemfibrozil,,300 mg,statin,False,False
5716,,0212000Q0BBABAB,Lopid,Lopid_Tab 600mg,Gemfibrozil,,600 mg,statin,False,False
5717,,0212000Q0BCAAAA,Emfib,Emfib_Cap 300mg,Gemfibrozil,,300 mg,statin,False,False
5718,,0212000R0AAAAAA,Lovastatin,Lovastatin_Tab 20mg,Lovastatin,,20 mg,statin,False,False
5719,,0212000R0AAABAB,Lovastatin,Lovastatin_Tab 10mg,Lovastatin,,10 mg,statin,False,False
5720,,0212000R0AAACAC,Lovastatin,Lovastatin_Tab 40mg,Lovastatin,,40 mg,statin,False,False
5721,,0212000R0BBAAAA,Mevacor,Mevacor_Tab 20mg,Lovastatin,,20 mg,statin,False,False
5722,,0212000R0BCAAAA,Mevinacor,Mevinacor_Tab 20mg,Lovastatin,,20 mg,statin,False,False
5723,,0212000R0BCABAB,Mevinacor,Mevinacor 10_Tab 10mg,Lovastatin,,10 mg,statin,False,False
5724,,0212000R0BCACAC,Mevinacor,Mevinacor 40_Tab 40mg,Lovastatin,,40 mg,statin,False,False
5725,,0212000S0AAAAAA,Nicofuranose,Nicofuranose_Tab 250mg,Nicofuranose,,250 mg,statin,False,False
5726,,0212000S0BBAAAA,Bradilan,Bradilan_Tab 250mg,Nicofuranose,,250 mg,statin,False,False
5727,,0212000U0AAAAAA,Nicotinic Acid,Nicotinic Acid_Tab 25mg,Nicotinic Acid,,25 mg,statin,False,False
5728,,0212000U0AAABAB,Nicotinic Acid,Nicotinic Acid_Tab 50mg,Nicotinic Acid,,50 mg,statin,False,False
5729,,0212000U0AAACAC,Nicotinic Acid,Nicotinic Acid_Tab 100mg             @gn,Nicotinic Acid,,100 mg,statin,False,False
5730,,0212000U0AAADAD,Nicotinic Acid,Nicotinic Acid_Tab 5mg,Nicotinic Acid,,5 mg,statin,False,False
5731,,0212000U0AAAEAE,Nicotinic Acid,Nicotinic Acid_Tab 500mg             @gn,Nicotinic Acid,,500 mg,statin,False,False
5732,,0212000U0AAAGAG,Nicotinic Acid,Nicotinic Acid_Cap 500mg,Nicotinic Acid,,500 mg,statin,False,False
5733,,0212000U0AAAHAH,Nicotinic Acid,Nicotinic Acid_Tab Eff 1g,Nicotinic Acid,,,statin,False,False
5734,,0212000U0AAAIAI,Nicotinic Acid,Nicotinic Acid_Cap 25mg,Nicotinic Acid,,25 mg,statin,False,False
5735,,0212000U0AAAJAJ,Nicotinic Acid,Nicotinic Acid_Tab 250mg,Nicotinic Acid,,250 mg,statin,False,False
5736,,0212000U0AAALAL,Nicotinic Acid,Nicotinic Acid_Tab 1g,Nicotinic Acid,,,statin,False,False
5737,,0212000U0AAAMAM,Nicotinic Acid,Nicotinic Acid_Cap 300mg,Nicotinic Acid,,300 mg,statin,False,False
5738,,0212000U0AAANAN,Nicotinic Acid,Nicotinic Acid_Pdrs 15mg,Nicotinic Acid,,15 mg,statin,False,False
5739,,0212000U0AAAPAP,Nicotinic Acid,Nicotinic Acid_Cap 1g,Nicotinic Acid,,,statin,False,False
5740,,0212000U0AAAQAQ,Nicotinic Acid,Nicotinic Acid_Tab 100mg,Nicotinic Acid,,100 mg,statin,False,False
5741,,0212000U0AAARAR,Nicotinic Acid,Nicotinic Acid_Tab 500mg,Nicotinic Acid,,500 mg,statin,False,False
5742,,0212000U0AAASAS,Nicotinic Acid,Nicotinic Acid_Cap 100mg,Nicotinic Acid,,100 mg,statin,False,False
5743,,0212000U0AAATAT,Nicotinic Acid,Nicotinic Acid_Cap 50mg,Nicotinic Acid,,50 mg,statin,False,False
5744,,0212000U0AAAUAU,Nicotinic Acid,Nicotinic Acid_Inj 50mg/ml 1ml Amp,Nicotinic Acid,,50 mg/mL,statin,False,False
5745,,0212000U0AAAVAV,Nicotinic Acid,Nicotinic Acid_Tab 500mg M/R,Nicotinic Acid,,500 mg,statin,False,False
5746,,0212000U0AAAWAW,Nicotinic Acid,Nicotinic Acid_Tab 750mg M/R,Nicotinic Acid,,750 mg,statin,False,False
5747,,0212000U0AAAXAX,Nicotinic Acid,Nicotinic Acid_Tab 1g M/R,Nicotinic Acid,,,statin,False,False
5748,,0212000U0AAAYAY,Nicotinic Acid,Nicotinic Acid_Titration Pack Tab M/R,Nicotinic Acid,,,statin,False,False
5749,,0212000U0AAAZAZ,Nicotinic Acid,Nicotinic Acid_Pdr Sach 500mg,Nicotinic Acid,,500 mg,statin,False,False
5750,,0212000U0BBAAAH,Nicangin,Nicangin_Tab Eff 1g,Nicotinic Acid,,,statin,False,False
5751,,0212000U0BCAAAR,Nicotinic Acid (Larkhall),Nicotinic Acid_Tab 500mg,Nicotinic Acid,,500 mg,statin,False,False
5752,,0212000U0BCABAQ,Nicotinic Acid (Larkhall),Nicotinic Acid_Tab 100mg,Nicotinic Acid,,100 mg,statin,False,False
5753,,0212000U0BDAAAR,Niacor,Niacor_Tab 500mg,Nicotinic Acid,,500 mg,statin,False,False
5754,,0212000U0BEAAAB,Select Pharma Nicotinic Acid,Select Pharma_Nicotinic Acid Tab 50mg,Nicotinic Acid,,50 mg,statin,False,False
5755,,0212000U0BFAAAV,Niaspan,Niaspan_Tab 500mg M/R,Nicotinic Acid,,500 mg,statin,False,False
5756,,0212000U0BFABAW,Niaspan,Niaspan_Tab 750mg M/R,Nicotinic Acid,,750 mg,statin,False,False
5757,,0212000U0BFACAX,Niaspan,Niaspan_Tab 1g M/R,Nicotinic Acid,,,statin,False,False
5758,,0212000U0BFADAY,Niaspan,Niaspan_Titration Pack Tab M/R,Nicotinic Acid,,,statin,False,False
5759,,0212000V0AAAAAA,EPA/DHA,EPA/DHA_Liq,Omega-3 Marine Triglycerides,,,statin,False,False
5760,,0212000V0AAABAB,EPA/DHA,EPA/DHA_Cap 170mg/115mg,Omega-3 Marine Triglycerides,,170 mg,statin,False,False
5761,,0212000V0AAACAC,EPA/DHA,EPA_Cap,Omega-3 Marine Triglycerides,,,statin,False,False
5762,,0212000V0AAADAD,EPA/DHA,EPA/DHA_Emuls,Omega-3 Marine Triglycerides,,,statin,False,False
5763,,0212000V0BBAAAA,Maxepa,Maxepa_Liq,Omega-3 Marine Triglycerides,,,statin,False,False
5764,,0212000V0BBABAB,Maxepa,Maxepa_Cap 1g,Omega-3 Marine Triglycerides,,,statin,False,False
5765,,0212000V0BBACAD,Maxepa,Maxepa_Emuls,Omega-3 Marine Triglycerides,,,statin,False,False
5766,,0212000W0AAAAAA,Probucol,Probucol_Tab 250mg,Probucol,,250 mg,statin,False,False
5767,,0212000W0BBAAAA,Lurselle,Lurselle_Tab 250mg,Probucol,,250 mg,statin,False,False
5768,,0212000X0AAAAAA,Pravastatin Sod,Pravastatin Sod_Tab 10mg,Pravastatin Sodium,,10 mg,statin,False,False
5769,,0212000X0AAABAB,Pravastatin Sod,Pravastatin Sod_Tab 20mg,Pravastatin Sodium,,20 mg,statin,False,False
5770,,0212000X0AAACAC,Pravastatin Sod,Pravastatin Sod_Tab 20mg(Parallel Import,Pravastatin Sodium,,20 mg,statin,False,False
5771,,0212000X0AAADAD,Pravastatin Sod,Pravastatin Sod_Tab 40mg,Pravastatin Sodium,,40 mg,statin,False,False
5772,,0212000X0AAAEAE,Pravastatin Sod,Pravastatin Sod_Tab 10mg             @gn,Pravastatin Sodium,,10 mg,statin,False,False
5773,,0212000X0AAAFAF,Pravastatin Sod,Pravastatin Sod_Tab 20mg             @gn,Pravastatin Sodium,,20 mg,statin,False,False
5774,,0212000X0AAAGAG,Pravastatin Sod,Pravastatin Sod_Oral Soln 20mg/5ml S/F,Pravastatin Sodium,,20 mg/5 ml,statin,False,False
5775,,0212000X0AAAHAH,Pravastatin Sod,Pravastatin Sod_Liq Spec 40mg/5ml,Pravastatin Sodium,,40 mg/5 ml,statin,False,False
5776,,0212000X0AAAIAI,Pravastatin Sod,Pravastatin Sod_Pdr Sach 10mg,Pravastatin Sodium,,10 mg,statin,False,False
5777,,0212000X0AAAJAJ,Pravastatin Sod,Pravastatin Sod_Pdr Sach 2.5mg,Pravastatin Sodium,,2.5 mg,statin,False,False
5778,,0212000X0AAAKAK,Pravastatin Sod,Pravastatin Sod_Liq Spec 5mg/5ml,Pravastatin Sodium,,5 mg/5 ml,statin,False,False
5779,,0212000X0AAALAL,Pravastatin Sod,Pravastatin Sod_Liq Spec 20mg/5ml,Pravastatin Sodium,,20 mg/5 ml,statin,False,False
5780,,0212000X0AAAMAM,Pravastatin Sod,Pravastatin Sod_Pdr Sach 5mg,Pravastatin Sodium,,5 mg,statin,False,False
5781,,0212000X0BBAAAA,Lipostat,Lipostat_Tab 10mg,Pravastatin Sodium,,10 mg,statin,False,False
5782,,0212000X0BBABAB,Lipostat,Lipostat_Tab 20mg,Pravastatin Sodium,,20 mg,statin,False,False
5783,,0212000X0BBACAD,Lipostat,Lipostat_Tab 40mg,Pravastatin Sodium,,40 mg,statin,False,False
5784,,0212000X0BCAAAB,Elisor,Elisor_Tab 20mg,Pravastatin Sodium,,20 mg,statin,False,False
5785,,0212000X0BDAAAA,Lipemol,Lipemol_Tab 10mg,Pravastatin Sodium,,10 mg,statin,False,False
5786,,0212000X0BDABAB,Lipemol,Lipemol_Tab 20mg,Pravastatin Sodium,,20 mg,statin,False,False
5787,,0212000X0BEAAAA,Liplat,Liplat_Tab 10mg,Pravastatin Sodium,,10 mg,statin,False,False
5788,,0212000Y0AAAAAA,Simvastatin,Simvastatin_Tab 10mg,Simvastatin,,10 mg,statin,False,False
5789,,0212000Y0AAABAB,Simvastatin,Simvastatin_Tab 20mg,Simvastatin,,20 mg,statin,False,False
5790,,0212000Y0AAACAC,Simvastatin,Simvastatin_Tab 10mg                 @gn,Simvastatin,,10 mg,statin,False,False
5791,,0212000Y0AAADAD,Simvastatin,Simvastatin_Tab 40mg,Simvastatin,,40 mg,statin,False,False
5792,,0212000Y0AAAEAE,Simvastatin,Simvastatin_Tab 20mg                 @gn,Simvastatin,,20 mg,statin,False,False
5793,,0212000Y0AAAFAF,Simvastatin,Simvastatin_Liq Spec 10mg/5ml,Simvastatin,,10 mg/5 ml,statin,False,False
5794,,0212000Y0AAAGAG,Simvastatin,Simvastatin_Liq Spec 20mg/5ml,Simvastatin,,20 mg/5 ml,statin,False,False
5795,,0212000Y0AAAHAH,Simvastatin,Simvastatin_Tab 80mg,Simvastatin,,80 mg,statin,False,False
5796,,0212000Y0AAAIAI,Simvastatin,Simvastatin_Liq Spec 5mg/5ml,Simvastatin,,5 mg/5 ml,statin,False,False
5797,,0212000Y0AAAJAJ,Simvastatin,Simvastatin_Cap 5mg,Simvastatin,,5 mg,statin,False,False
5798,,0212000Y0AAAKAK,Simvastatin,Simvastatin_Oral Susp 20mg/5ml S/F,Simvastatin,,20 mg/5 ml,statin,False,False
5799,,0212000Y0AAALAL,Simvastatin,Simvastatin_Oral Susp 40mg/5ml S/F,Simvastatin,,40 mg/5 ml,statin,False,False
5800,,0212000Y0AAAMAM,Simvastatin,Simvastatin_Liq Spec 40mg/5ml,Simvastatin,,40 mg/5 ml,statin,False,False
5801,,0212000Y0AAANAN,Simvastatin,Simvastatin_Liq Spec 80mg/5ml,Simvastatin,,80 mg/5 ml,statin,False,False
5802,,0212000Y0AAAPAP,Simvastatin,Simvastatin_Liq Spec 25mg/5ml,Simvastatin,,25 mg/5 ml,statin,False,False
5803,,0212000Y0BBAAAA,Zocor,Zocor_Tab 10mg,Simvastatin,,10 mg,statin,False,False
5804,,0212000Y0BBABAB,Zocor,Zocor_Tab 20mg,Simvastatin,,20 mg,statin,False,False
5805,,0212000Y0BBACAD,Zocor,Zocor_Tab 40mg,Simvastatin,,40 mg,statin,False,False
5806,,0212000Y0BBADAH,Zocor,Zocor_Tab 80mg,Simvastatin,,80 mg,statin,False,False
5807,,0212000Y0BBAEAA,Zocor,Zocor Heart-Pro_Tab 10mg,Simvastatin,,10 mg,statin,False,False
5808,,0212000Y0BCAAAB,Lacersa,Lacersa_Tab 20mg,Simvastatin,,20 mg,statin,False,False
5809,,0212000Y0BDAAAA,Simvador,Simvador_Tab 10mg,Simvastatin,,10 mg,statin,False,False
5810,,0212000Y0BDABAB,Simvador,Simvador_Tab 20mg,Simvastatin,,20 mg,statin,False,False
5811,,0212000Y0BDACAD,Simvador,Simvador_Tab 40mg,Simvastatin,,40 mg,statin,False,False
5812,,0212000Y0BDADAH,Simvador,Simvador_Tab 80mg,Simvastatin,,80 mg,statin,False,False
5813,,0212000Y0BEAAAA,Ranzolont,Ranzolont_Tab 10mg,Simvastatin,,10 mg,statin,False,False
5814,,0212000Y0BEABAB,Ranzolont,Ranzolont_Tab 20mg,Simvastatin,,20 mg,statin,False,False
5815,,0212000Y0BEACAD,Ranzolont,Ranzolont_Tab 40mg,Simvastatin,,40 mg,statin,False,False
5816,,0212000Y0BFAAAA,Lloyds (Simvastatin),Lloyds_Cholesterol Lowering Tab 10mg,Simvastatin,,10 mg,statin,False,False
5817,,0212000Z0BBAAA0,Sitosterol-B,Sitosterol-B_Tab,Sitosterol,,,statin,False,False
