,Unnamed: 0.1,Unnamed: 0,read_code,brand_name,term_description,term,dose,quantity,group,with_calcium_channel_blocker,with_diuretic
0,0.0,0.0,X75lZ,Soprol,Peripheral vasoproliferative retinopathy,Bisoprolol Fumarate,,,beta blockers,False,False
1,1.0,1.0,X77uC,Concor,Discordant ventriculoarterial connection with concordant atrioventricular connection,Bisoprolol Fumarate,,,beta blockers,False,False
2,2.0,2.0,XM04s,Soprol,Vasoproliferative retinopathy,Bisoprolol Fumarate,,,beta blockers,False,False
3,3.0,3.0,Xa5LO,Atenolol,Atenolol sensitivity,Atenolol,,,beta blockers,False,False
4,4.0,4.0,Xa8f7,Concor,Salmonella concord,Bisoprolol Fumarate,,,beta blockers,False,False
5,5.0,5.0,Xa8vy,Kalten,Salmonella kaltenhausen,Atenolol With Diuretic,,,beta blockers,False,False
6,6.0,6.0,XaQDq,Concor,Needs assistance with medication concordance,Bisoprolol Fumarate,,,beta blockers,False,False
7,7.0,7.0,XaQaL,Soprol,Bisoprolol not indicated,Bisoprolol Fumarate,,,beta blockers,False,False
8,8.0,8.0,XaQaM,Carvedilol,Carvedilol not indicated,Carvedilol,,,beta blockers,False,False
9,9.0,9.0,XaQaN,Nebivolol,Nebivolol not indicated,Nebivolol,,,beta blockers,False,False
10,10.0,10.0,XaQaO,Soprol,Bisoprolol not tolerated,Bisoprolol Fumarate,,,beta blockers,False,False
11,11.0,11.0,XaQaP,Carvedilol,Carvedilol not tolerated,Carvedilol,,,beta blockers,False,False
12,12.0,12.0,XaQaQ,Nebivolol,Nebivolol not tolerated,Nebivolol,,,beta blockers,False,False
13,13.0,13.0,bc7..,Practolol,Practolol [antiarrhythmic],Practolol,,,beta blockers,False,False
14,14.0,14.0,bc71.,Eraldin,Eraldin 10mg/5mL injection,Practolol,10 mg/5 ml,,beta blockers,False,False
15,15.0,15.0,bc7z.,Practolol,Practolol 10mg/5mL injection,Practolol,10 mg/5 ml,,beta blockers,False,False
16,16.0,16.0,bd15.,Angilol,Angilol 10mg tablet,Propranolol Hydrochloride,10 mg,,beta blockers,False,False
17,17.0,17.0,bd16.,Angilol,Angilol 40mg tablet,Propranolol Hydrochloride,40 mg,,beta blockers,False,False
18,18.0,18.0,bd17.,Angilol,Angilol 80mg tablet,Propranolol Hydrochloride,80 mg,,beta blockers,False,False
19,19.0,19.0,bd18.,Angilol,Angilol 160mg tablet,Propranolol Hydrochloride,160 mg,,beta blockers,False,False
20,20.0,20.0,bd19.,Apsolol,Apsolol 10mg tablet,Propranolol Hydrochloride,10 mg,,beta blockers,False,False
21,21.0,21.0,bd1A.,Propanix,Propanix 10mg tablet,Propranolol Hydrochloride,10 mg,,beta blockers,False,False
22,22.0,22.0,bd1B.,Propanix,Propanix 40mg tablet,Propranolol Hydrochloride,40 mg,,beta blockers,False,False
23,23.0,23.0,bd1C.,Propanix,Propanix 80mg tablet,Propranolol Hydrochloride,80 mg,,beta blockers,False,False
24,24.0,24.0,bd1D.,Propanix,Propanix 160mg tablet,Propranolol Hydrochloride,160 mg,,beta blockers,False,False
25,25.0,25.0,bd1E.,Propanix,Propanix SR 160mg m/r capsule,Propranolol Hydrochloride,160 mg,,beta blockers,False,False
26,26.0,26.0,bd1F.,Betadur,Betadur CR 160mg m/r capsule,Propranolol Hydrochloride,160 mg,,beta blockers,False,False
27,27.0,27.0,bd1G.,Beta-Prograne,Beta-Prograne 160mg m/r capsule,Propranolol Hydrochloride,160 mg,,beta blockers,False,False
28,28.0,28.0,bd1K.,Betadur,Half-Betadur CR 80mg m/r capsule,Propranolol Hydrochloride,80 mg,,beta blockers,False,False
29,29.0,29.0,bd1L.,Beta-Prograne,Half Beta-Prograne 80mg m/r capsule,Propranolol Hydrochloride,80 mg,,beta blockers,False,False
30,30.0,30.0,bd1M.,Sloprolol,Sloprolol 80mg m/r capsule,Propranolol Hydrochloride,80 mg,,beta blockers,False,False
31,31.0,31.0,bd1N.,Probeta,Probeta LA 160mg m/r capsule,Propranolol Hydrochloride,160 mg,,beta blockers,False,False
32,32.0,32.0,bd1O.,Lopranol,Lopranol LA 160mg m/r capsule,Propranolol Hydrochloride,160 mg,,beta blockers,False,False
33,33.0,33.0,bd1S.,Propanix,Half Propanix LA 80mg m/r capsule,Propranolol Hydrochloride,80 mg,,beta blockers,False,False
34,34.0,34.0,bd1T.,Propanix,Propanix LA 160mg m/r capsule,Propranolol Hydrochloride,160 mg,,beta blockers,False,False
35,35.0,35.0,bd1U.,Propatard,Half Propatard LA 80mg m/r capsule,Propranolol Hydrochloride,80 mg,,beta blockers,False,False
36,36.0,36.0,bd1V.,Propatard,Propatard LA 160mg m/r capsule,Propranolol Hydrochloride,160 mg,,beta blockers,False,False
37,37.0,37.0,bd1Z.,Syprol,Syprol 5mg/5mL oral solution,Propranolol Hydrochloride,5 mg/5 ml,,beta blockers,False,False
38,38.0,38.0,bd1a.,Apsolol,Apsolol 40mg tablet,Propranolol Hydrochloride,40 mg,,beta blockers,False,False
39,39.0,39.0,bd1b.,Apsolol,Apsolol 80mg tablet,Propranolol Hydrochloride,80 mg,,beta blockers,False,False
40,40.0,40.0,bd1c.,Apsolol,Apsolol 160mg tablet,Propranolol Hydrochloride,160 mg,,beta blockers,False,False
41,41.0,41.0,bd1d.,Bedranol,Bedranol 10mg tablet,Propranolol Hydrochloride,10 mg,,beta blockers,False,False
42,42.0,42.0,bd1e.,Bedranol,Bedranol 40mg tablet,Propranolol Hydrochloride,40 mg,,beta blockers,False,False
43,43.0,43.0,bd1f.,Bedranol,Bedranol 80mg tablet,Propranolol Hydrochloride,80 mg,,beta blockers,False,False
44,44.0,44.0,bd1g.,Bedranol,Bedranol SR 160mg m/r capsule,Propranolol Hydrochloride,160 mg,,beta blockers,False,False
45,45.0,45.0,bd1h.,Berkolol,Berkolol 10mg tablet,Propranolol Hydrochloride,10 mg,,beta blockers,False,False
46,46.0,46.0,bd1i.,Berkolol,Berkolol 40mg tablet,Propranolol Hydrochloride,40 mg,,beta blockers,False,False
47,47.0,47.0,bd1j.,Berkolol,Berkolol 80mg tablet,Propranolol Hydrochloride,80 mg,,beta blockers,False,False
48,48.0,48.0,bd1k.,Berkolol,Berkolol 160mg tablet,Propranolol Hydrochloride,160 mg,,beta blockers,False,False
49,49.0,49.0,bd1l.,Inderal,Half-Inderal LA 80mg m/r capsule,Propranolol Hydrochloride,80 mg,,beta blockers,False,False
50,50.0,50.0,bd1m.,Inderal,Inderal 10mg tablet,Propranolol Hydrochloride,10 mg,,beta blockers,False,False
51,51.0,51.0,bd1n.,Inderal,Inderal 40mg tablet,Propranolol Hydrochloride,40 mg,,beta blockers,False,False
52,52.0,52.0,bd1o.,Inderal,Inderal 80mg tablet,Propranolol Hydrochloride,80 mg,,beta blockers,False,False
53,53.0,53.0,bd1p.,Inderal,Inderal 160mg tablet,Propranolol Hydrochloride,160 mg,,beta blockers,False,False
54,54.0,54.0,bd1q.,Inderal,Inderal 1mg/1mL injection,Propranolol Hydrochloride,1 mg/1 ml,,beta blockers,False,False
55,55.0,55.0,bd1r.,Inderal,Inderal-LA 160mg m/r capsule,Propranolol Hydrochloride,160 mg,,beta blockers,False,False
56,56.0,56.0,bd1s.,Sloprolol,Sloprolol 160mg m/r capsule,Propranolol Hydrochloride,160 mg,,beta blockers,False,False
57,57.0,57.0,bd1t.,Cardinol,Cardinol 10mg tablet,Propranolol Hydrochloride,10 mg,,beta blockers,False,False
58,58.0,58.0,bd1u.,Cardinol,Cardinol 40mg tablet,Propranolol Hydrochloride,40 mg,,beta blockers,False,False
59,59.0,59.0,bd1v.,Cardinol,Cardinol 80mg tablet,Propranolol Hydrochloride,80 mg,,beta blockers,False,False
60,60.0,60.0,bd1w.,Cardinol,Cardinol 160mg tablet,Propranolol Hydrochloride,160 mg,,beta blockers,False,False
61,61.0,61.0,bd1z.,Syprol,Syprol 10mg/5mL oral solution,Propranolol Hydrochloride,10 mg/5 ml,,beta blockers,False,False
62,62.0,62.0,bd21.,Sectral,Sectral 100mg capsule,Acebutolol Hydrochloride,100 mg,,beta blockers,False,False
63,63.0,63.0,bd22.,Sectral,Sectral 200mg capsule,Acebutolol Hydrochloride,200 mg,,beta blockers,False,False
64,64.0,64.0,bd23.,Sectral,Sectral 400mg tablet,Acebutolol Hydrochloride,400 mg,,beta blockers,False,False
65,65.0,65.0,bd24.,Sectral,Sectral 10mg/2mL injection,Acebutolol Hydrochloride,10 mg/2 ml,,beta blockers,False,False
66,66.0,66.0,bd3..,Atenolol,Atenolol,Atenolol,,,beta blockers,False,False
67,67.0,67.0,bd31.,Tenormin,Tenormin 100mg tablet,Atenolol,100 mg,,beta blockers,False,False
68,68.0,68.0,bd32.,Tenormin,Tenormin 25mg/5mL syrup,Atenolol,25 mg/5 ml,,beta blockers,False,False
69,69.0,69.0,bd33.,Tenormin,Tenormin 5mg/10mL injection,Atenolol,5 mg/10 ml,,beta blockers,False,False
70,70.0,70.0,bd34.,Tenormin,Tenormin LS 50mg tablet,Atenolol,50 mg,,beta blockers,False,False
71,71.0,71.0,bd35.,Atenolol,Atenolol 50mg tablet,Atenolol,50 mg,,beta blockers,False,False
72,72.0,72.0,bd36.,Atenolol,Atenolol 100mg tablet,Atenolol,100 mg,,beta blockers,False,False
73,73.0,73.0,bd37.,Tenormin,Tenormin CCU pack,Atenolol,,,beta blockers,False,False
74,74.0,74.0,bd3a.,Antipressan,Antipressan 50mg tablet,Atenolol,50 mg,,beta blockers,False,False
75,75.0,75.0,bd3b.,Antipressan,Antipressan 100mg tablet,Atenolol,100 mg,,beta blockers,False,False
76,76.0,76.0,bd3c.,Tenormin,Tenormin 25 tablet,Atenolol,,25.0,beta blockers,False,False
77,77.0,77.0,bd3d.,Vasaten,Vasaten 50mg tablet,Atenolol,50 mg,,beta blockers,False,False
78,78.0,78.0,bd3e.,Vasaten,Vasaten 100mg tablet,Atenolol,100 mg,,beta blockers,False,False
79,79.0,79.0,bd3f.,Atenix,Atenix 50mg tablet,Atenolol,50 mg,,beta blockers,False,False
80,80.0,80.0,bd3g.,Atenix,Atenix 100mg tablet,Atenolol,100 mg,,beta blockers,False,False
81,81.0,81.0,bd3h.,Totamol,Totamol 50mg tablet,Atenolol,50 mg,,beta blockers,False,False
82,82.0,82.0,bd3i.,Totamol,Totamol 100mg tablet,Atenolol,100 mg,,beta blockers,False,False
83,83.0,83.0,bd3j.,Atenolol,Atenolol 25mg tablet,Atenolol,25 mg,,beta blockers,False,False
84,84.0,84.0,bd3k.,Totamol,Totamol 25mg tablet,Atenolol,25 mg,,beta blockers,False,False
85,85.0,85.0,bd3l.,Antipressan,Antipressan 25mg tablet,Atenolol,25 mg,,beta blockers,False,False
86,86.0,86.0,bd3x.,Atenolol,Atenolol 25mg/5mL syrup,Atenolol,25 mg/5 ml,,beta blockers,False,False
87,87.0,87.0,bd3y.,Atenolol,Atenolol 5mg/10mL injection,Atenolol,5 mg/10 ml,,beta blockers,False,False
88,88.0,88.0,bd3z.,Atenix,Atenix 25mg tablet,Atenolol,25 mg,,beta blockers,False,False
89,89.0,89.0,bd4..,Betaxolol HCl,Betaxolol HCl [b-blocker],Betaxolol Hydrochloride,,,beta blockers,False,False
90,90.0,90.0,bd41.,Kerlone,Kerlone 20mg tablet,Betaxolol Hydrochloride,20 mg,,beta blockers,False,False
91,91.0,91.0,bd54.,Labrocol,Labrocol 100mg tablet,Labetalol Hydrochloride,100 mg,,beta blockers,False,False
92,92.0,92.0,bd55.,Labrocol,Labrocol 200mg tablet,Labetalol Hydrochloride,200 mg,,beta blockers,False,False
93,93.0,93.0,bd56.,Labrocol,Labrocol 400mg tablet,Labetalol Hydrochloride,400 mg,,beta blockers,False,False
94,94.0,94.0,bd57.,Trandate,Trandate 50mg tablet,Labetalol Hydrochloride,50 mg,,beta blockers,False,False
95,95.0,95.0,bd58.,Trandate,Trandate 100mg tablet,Labetalol Hydrochloride,100 mg,,beta blockers,False,False
96,96.0,96.0,bd59.,Trandate,Trandate 200mg tablet,Labetalol Hydrochloride,200 mg,,beta blockers,False,False
97,97.0,97.0,bd5a.,Trandate,Trandate 400mg tablet,Labetalol Hydrochloride,400 mg,,beta blockers,False,False
98,98.0,98.0,bd5b.,Trandate,Trandate 100mg/20mL injection,Labetalol Hydrochloride,100 mg/20 ml,,beta blockers,False,False
99,99.0,99.0,bd6..,Toprol,Metoprolol tartrate,Metoprolol Tartrate,,,beta blockers,False,False
100,100.0,100.0,bd61.,Betaloc,Betaloc 50mg tablet,Metoprolol Tartrate,50 mg,,beta blockers,False,False
101,101.0,101.0,bd62.,Betaloc,Betaloc 100mg tablet,Metoprolol Tartrate,100 mg,,beta blockers,False,False
102,102.0,102.0,bd63.,Betaloc,Betaloc 5mg/5mL injection,Metoprolol Tartrate,5 mg/5 ml,,beta blockers,False,False
103,103.0,103.0,bd64.,Betaloc,Betaloc-SA 200mg Durule,Metoprolol Tartrate,200 mg,,beta blockers,False,False
104,104.0,104.0,bd65.,Lopresor,Lopresor 50mg tablet,Metoprolol Tartrate,50 mg,,beta blockers,False,False
105,105.0,105.0,bd66.,Lopresor,Lopresor 100mg tablet,Metoprolol Tartrate,100 mg,,beta blockers,False,False
106,106.0,106.0,bd67.,Mepranix,Mepranix 50mg tablet,Metoprolol Tartrate,50 mg,,beta blockers,False,False
107,107.0,107.0,bd68.,Mepranix,Mepranix 100mg tablet,Metoprolol Tartrate,100 mg,,beta blockers,False,False
108,108.0,108.0,bd6a.,Lopresor,Lopresor 5mg/5mL injection,Metoprolol Tartrate,5 mg/5 ml,,beta blockers,False,False
109,109.0,109.0,bd6b.,Lopresor,Lopresor SR 200mg m/r tablet,Metoprolol Tartrate,200 mg,,beta blockers,False,False
110,110.0,110.0,bd6c.,Arbralene,Arbralene 50mg tablet,Metoprolol Tartrate,50 mg,,beta blockers,False,False
111,111.0,111.0,bd6d.,Arbralene,Arbralene 100mg tablet,Metoprolol Tartrate,100 mg,,beta blockers,False,False
112,112.0,112.0,bd6e.,Tensomex,Tensomex 100mg tablet,Metoprolol Tartrate,100 mg,,beta blockers,False,False
113,113.0,113.0,bd6w.,Toprol,Metoprolol tartrate 100mg tablet,Metoprolol Tartrate,100 mg,,beta blockers,False,False
114,114.0,114.0,bd6x.,Toprol,Metoprolol tartrate 50mg tablet,Metoprolol Tartrate,50 mg,,beta blockers,False,False
115,115.0,115.0,bd6y.,Toprol,Metoprolol tartrate 5mg/5mL injection,Metoprolol Tartrate,5 mg/5 ml,,beta blockers,False,False
116,116.0,116.0,bd6z.,Toprol,Metoprolol tartrate 200mg m/r tablet,Metoprolol Tartrate,200 mg,,beta blockers,False,False
117,117.0,117.0,bd7..,Nadolol,Nadolol,Nadolol,,,beta blockers,False,False
118,118.0,118.0,bd71.,Corgard,Corgard 40mg tablet,Nadolol,40 mg,,beta blockers,False,False
119,119.0,119.0,bd72.,Corgard,Corgard 80mg tablet,Nadolol,80 mg,,beta blockers,False,False
120,120.0,120.0,bd7y.,Nadolol,Nadolol 40mg tablet,Nadolol,40 mg,,beta blockers,False,False
121,121.0,121.0,bd7z.,Nadolol,Nadolol 80mg tablet,Nadolol,80 mg,,beta blockers,False,False
122,122.0,122.0,bd85.,Apsolox,Apsolox 20mg tablet,Oxprenolol Hydrochloride,20 mg,,beta blockers,False,False
123,123.0,123.0,bd86.,Apsolox,Apsolox 40mg tablet,Oxprenolol Hydrochloride,40 mg,,beta blockers,False,False
124,124.0,124.0,bd87.,Apsolox,Apsolox 80mg tablet,Oxprenolol Hydrochloride,80 mg,,beta blockers,False,False
125,125.0,125.0,bd88.,Apsolox,Apsolox 160mg tablet,Oxprenolol Hydrochloride,160 mg,,beta blockers,False,False
126,126.0,126.0,bd89.,Laracor,Laracor 20mg tablet,Oxprenolol Hydrochloride,20 mg,,beta blockers,False,False
127,127.0,127.0,bd8a.,Laracor,Laracor 40mg tablet,Oxprenolol Hydrochloride,40 mg,,beta blockers,False,False
128,128.0,128.0,bd8b.,Laracor,Laracor 80mg tablet,Oxprenolol Hydrochloride,80 mg,,beta blockers,False,False
129,129.0,129.0,bd8c.,Laracor,Laracor 160mg tablet,Oxprenolol Hydrochloride,160 mg,,beta blockers,False,False
130,130.0,130.0,bd8d.,Slow-Pren,Slow-Pren 160mg m/r tablet,Oxprenolol Hydrochloride,160 mg,,beta blockers,False,False
131,131.0,131.0,bd8e.,Slow-Trasicor,Slow-Trasicor 160mg m/r tablet,Oxprenolol Hydrochloride,160 mg,,beta blockers,False,False
132,132.0,132.0,bd8f.,Trasicor,Trasicor 20mg tablet,Oxprenolol Hydrochloride,20 mg,,beta blockers,False,False
133,133.0,133.0,bd8g.,Trasicor,Trasicor 40mg tablet,Oxprenolol Hydrochloride,40 mg,,beta blockers,False,False
134,134.0,134.0,bd8h.,Trasicor,Trasicor 80mg tablet,Oxprenolol Hydrochloride,80 mg,,beta blockers,False,False
135,135.0,135.0,bd8i.,Trasicor,Trasicor 160mg tablet,Oxprenolol Hydrochloride,160 mg,,beta blockers,False,False
136,136.0,136.0,bd8j.,Trasicor,Trasicor 2mg injection,Oxprenolol Hydrochloride,2 mg,,beta blockers,False,False
137,137.0,137.0,bd8k.,Paritane,Paritane 20mg tablet,Oxprenolol Hydrochloride,20 mg,,beta blockers,False,False
138,138.0,138.0,bd8l.,Paritane,Paritane 40mg tablet,Oxprenolol Hydrochloride,40 mg,,beta blockers,False,False
139,139.0,139.0,bd8m.,Paritane,Paritane 80mg tablet,Oxprenolol Hydrochloride,80 mg,,beta blockers,False,False
140,140.0,140.0,bd8n.,Paritane,Paritane 160mg tablet,Oxprenolol Hydrochloride,160 mg,,beta blockers,False,False
141,141.0,141.0,bda..,Pindolol,Pindolol,Pindolol,,,beta blockers,False,False
142,142.0,142.0,bda1.,Visken,Visken 5mg tablet,Pindolol,5 mg,,beta blockers,False,False
143,143.0,143.0,bda2.,Visken,Visken 15mg tablet,Pindolol,15 mg,,beta blockers,False,False
144,144.0,144.0,bda3.,Betadren,Betadren 5mg tablet,Pindolol,5 mg,,beta blockers,False,False
145,145.0,145.0,bda4.,Betadren,Betadren 15mg tablet,Pindolol,15 mg,,beta blockers,False,False
146,146.0,146.0,bday.,Pindolol,Pindolol 5mg tablet,Pindolol,5 mg,,beta blockers,False,False
147,147.0,147.0,bdaz.,Pindolol,Pindolol 15mg tablet,Pindolol,15 mg,,beta blockers,False,False
148,148.0,148.0,bdb..,Practolol,Practolol [b-blocker],Practolol,,,beta blockers,False,False
149,149.0,149.0,bdc1.,Beta-Cardone,Beta-Cardone 40mg tablet,Sotalol Hydrochloride,40 mg,,beta blockers,False,False
150,150.0,150.0,bdc2.,Beta-Cardone,Beta-Cardone 80mg tablet,Sotalol Hydrochloride,80 mg,,beta blockers,False,False
151,151.0,151.0,bdc3.,Beta-Cardone,Beta-Cardone 200mg tablet,Sotalol Hydrochloride,200 mg,,beta blockers,False,False
152,152.0,152.0,bdc4.,Sotacor,Sotacor 80mg tablet,Sotalol Hydrochloride,80 mg,,beta blockers,False,False
153,153.0,153.0,bdc5.,Sotacor,Sotacor 160mg tablet,Sotalol Hydrochloride,160 mg,,beta blockers,False,False
154,154.0,154.0,bdc6.,Sotacor,Sotacor 10mg/5mL injection,Sotalol Hydrochloride,10 mg/5 ml,,beta blockers,False,False
155,155.0,155.0,bdc7.,Sotacor,Sotacor 100mg/10mL injection,Sotalol Hydrochloride,100 mg/10 ml,,beta blockers,False,False
156,156.0,156.0,bdc8.,Sotacor,Sotacor 40mg/4mL injection,Sotalol Hydrochloride,40 mg/4 ml,,beta blockers,False,False
157,157.0,157.0,bdd..,Timolol,Timolol maleate [b-blocker],Timolol,,,beta blockers,False,False
158,158.0,158.0,bdd1.,Betim,Betim 10mg tablet,Timolol,10 mg,,beta blockers,False,False
159,159.0,159.0,bdd2.,Blocadren,Blocadren 10mg tablet,Timolol,10 mg,,beta blockers,False,False
160,160.0,160.0,bddz.,Timolol,Timolol maleate 10mg tablet,Timolol,10 mg,,beta blockers,False,False
161,161.0,161.0,bde1.,Betaloc,Co-Betaloc tablet,Metoprolol Tartrate,,,beta blockers,False,False
162,162.0,162.0,bde2.,Betaloc,Co-Betaloc SA tablet,Metoprolol Tartrate,,,beta blockers,False,False
163,163.0,163.0,bde3.,Corgaretic,Corgaretic 40mg tablet,Nadolol With Diuretic,40 mg,,beta blockers,False,False
164,164.0,164.0,bde4.,Corgaretic,Corgaretic 80mg tablet,Nadolol With Diuretic,80 mg,,beta blockers,False,False
165,165.0,165.0,bde5.,Inderetic,Inderetic capsule,Propranolol Hydrochloride With Diuretic,,,beta blockers,False,False
166,166.0,166.0,bde6.,Inderex,Inderex capsule,Propranolol Hydrochloride With Diuretic,,,beta blockers,False,False
167,167.0,167.0,bde7.,Kalten,Kalten capsule,Atenolol With Diuretic,,,beta blockers,False,False
168,168.0,168.0,bde8.,Lasipressin,Lasipressin tablet,Penbutolol Sulphate With Diuretic,,,beta blockers,False,False
169,169.0,169.0,bde9.,Lopresor,Lopresoretic tablet,Metoprolol Tartrate,,,beta blockers,False,False
170,170.0,170.0,bdeA.,Toprol,Metoprolol tartrate+hydrochlorothiazide 100mg/12.5mg tablet,Metoprolol Tartrate,100 mg,,beta blockers,False,True
171,171.0,171.0,bdeB.,Toprol,Metoprolol tartrate+hydrochlorothiazide 200mg/25mg m/r tablet,Metoprolol Tartrate,200 mg,,beta blockers,False,True
172,172.0,172.0,bdeC.,Toprol,Metoprolol tartrate+chlorthalidone 100mg/12.5mg tablet,Metoprolol Tartrate,100 mg,,beta blockers,False,False
173,173.0,173.0,bdeD.,Nadolol,Nadolol+bendroflumethiazide 40mg/5mg tablet,Nadolol,40 mg,,beta blockers,False,True
174,174.0,174.0,bdeD.,Nadolol,Nadolol+bendrofluazide 40mg/5mg tablet,Nadolol,40 mg,,beta blockers,False,False
175,175.0,175.0,bdeE.,Nadolol,Nadolol+bendrofluazide 80mg/5mg tablet,Nadolol,80 mg,,beta blockers,False,False
176,176.0,176.0,bdeG.,Pindolol,Pindolol+clopamide 10mg/5mg tablet,Pindolol,10 mg,,beta blockers,False,False
177,177.0,177.0,bdeK.,Timolol,Timolol maleate+co-amilozide 10mg/2.5mg/25mg tablet,Timolol,10 mg,,beta blockers,False,True
178,178.0,178.0,bdeL.,Timolol,Timolol maleate+bendroflumethiazide 10mg/2.5mg tablet,Timolol,10 mg,,beta blockers,False,True
179,179.0,179.0,bdeL.,Timolol,Timolol maleate+bendrofluazide 10mg/2.5mg tablet,Timolol,10 mg,,beta blockers,False,False
180,180.0,180.0,bdeM.,Timolol,Timolol maleate+bendrofluazide 20mg/5mg tablet,Timolol,20 mg,,beta blockers,False,False
181,181.0,181.0,bdeN.,Totaretic,Totaretic 50mg/12.5mg tablet,Co-Tenidone (Atenolol/Chlortalidone),50 mg,,beta blockers,False,False
182,182.0,182.0,bdeO.,Totaretic,Totaretic 100mg/25mg tablet,Co-Tenidone (Atenolol/Chlortalidone),100 mg,,beta blockers,False,False
183,183.0,183.0,bdeP.,Atenolol,Atenolol+bendrofluazide 25mg/1.25mg capsule,Atenolol,25 mg,,beta blockers,False,False
184,184.0,184.0,bdeQ.,Tenben,Tenben capsule,Atenolol with Thiazides,,,beta blockers,False,False
185,185.0,185.0,bdea.,Moducren,Moducren tablet,Timolol With Diuretic,,,beta blockers,False,False
186,186.0,186.0,bdeb.,Prestim,Prestim tablet,Timolol With Diuretic,,,beta blockers,False,False
187,187.0,187.0,bdec.,Prestim,Prestim Forte tablet,Timolol With Diuretic,,,beta blockers,False,False
188,188.0,188.0,bded.,Secadrex,Secadrex tablet,Acebutolol Hydrochloride With Diuretic,,,beta blockers,False,False
189,189.0,189.0,bdee.,Sotazide,Sotazide tablet,Sotalol Hydrochloride With Diuretic,,,beta blockers,False,False
190,190.0,190.0,bdef.,Spiroprop,Spiroprop tablet,Propranolol Hydrochloride With Diuretic,,,beta blockers,False,False
191,191.0,191.0,bdeg.,Tenoret,Tenoret 50 tablet,Co-Tenidone (Atenolol/Chlortalidone),,50.0,beta blockers,False,False
192,192.0,192.0,bdeh.,Tenoret,Tenoretic tablet,Co-Tenidone (Atenolol/Chlortalidone),,,beta blockers,False,False
193,193.0,193.0,bdei.,Tolerzide,Tolerzide tablet,Sotalol Hydrochloride With Diuretic,,,beta blockers,False,False
194,194.0,194.0,bdej.,Trasidrex,Trasidrex tablet,Co-Prenozide (Oxprenolol HCl/Cyclopenth),,,beta blockers,False,False
195,195.0,195.0,bdek.,Viskaldix,Viskaldix tablet,Pindolol With Diuretic,,,beta blockers,False,False
196,196.0,196.0,bdem.,Atenolol,Atenolol+chlorthalidone 50mg/12.5mg tablet,Atenolol,50 mg,,beta blockers,False,False
197,197.0,197.0,bdem.,Atenolol,Atenolol+chlortalidone 50mg/12.5mg tablet,Atenolol,50 mg,,beta blockers,False,True
198,198.0,198.0,bden.,Atenolol,Atenolol+chlorthalidone 100mg/25mg tablet,Atenolol,100 mg,,beta blockers,False,False
199,199.0,199.0,bden.,Atenolol,Atenolol+chlortalidone 100mg/25mg tablet,Atenolol,100 mg,,beta blockers,False,True
200,200.0,200.0,bdeo.,Atenix,AtenixCo 50mg/12.5mg tablet,Atenolol,50 mg,,beta blockers,False,False
201,201.0,201.0,bdep.,Atenix,AtenixCo 100mg/25mg tablet,Atenolol,100 mg,,beta blockers,False,False
202,202.0,202.0,bdeq.,Tenchlor,Tenchlor 50mg/12.5mg tablet,Co-Tenidone (Atenolol/Chlortalidone),50 mg,,beta blockers,False,False
203,203.0,203.0,bder.,Tenchlor,Tenchlor 100mg/25mg tablet,Co-Tenidone (Atenolol/Chlortalidone),100 mg,,beta blockers,False,False
204,204.0,204.0,bdes.,Beta-Adalat,Beta-Adalat capsule,Atenolol With Calcium Channel Blocker,,,beta blockers,True,False
205,205.0,205.0,bdet.,Tenif,Tenif capsule,Atenolol With Calcium Channel Blocker,,,beta blockers,False,False
206,206.0,206.0,bdey.,Atenolol,Atenolol+co-amilozide 50mg/2.5mg/25mg capsule,Atenolol,50 mg,,beta blockers,False,True
207,207.0,207.0,bdez.,Atenolol,Atenolol+nifedipine 50mg/20mg m/r capsule,Atenolol,50 mg,,beta blockers,True,False
208,208.0,208.0,bdf..,Soprol,Bisoprolol fumarate,Bisoprolol Fumarate,,,beta blockers,False,False
209,209.0,209.0,bdf1.,Soprol,Bisoprolol fumarate 5mg tablet,Bisoprolol Fumarate,5 mg,,beta blockers,False,False
210,210.0,210.0,bdf2.,Soprol,Bisoprolol fumarate 10mg tablet,Bisoprolol Fumarate,10 mg,,beta blockers,False,False
211,211.0,211.0,bdf3.,Monocor,Monocor 5mg tablet,Bisoprolol Fumarate,5 mg,,beta blockers,False,False
212,212.0,212.0,bdf4.,Monocor,Monocor 10mg tablet,Bisoprolol Fumarate,10 mg,,beta blockers,False,False
213,213.0,213.0,bdf5.,Emcor,Emcor LS 5mg tablet,Bisoprolol Fumarate,5 mg,,beta blockers,False,False
214,214.0,214.0,bdf6.,Emcor,Emcor 10mg tablet,Bisoprolol Fumarate,10 mg,,beta blockers,False,False
215,215.0,215.0,bdf7.,Monozide 10,Monozide 10 tablet,Bisoprolol Fumarate With Diuretic,,10.0,beta blockers,False,False
216,216.0,216.0,bdf8.,Soprol,Bisoprolol fumarate+hydrochlorothiazide 10mg/6.25mg tablet,Bisoprolol Fumarate,10 mg,,beta blockers,False,True
217,217.0,217.0,bdf9.,Cardicor,Cardicor 1.25mg tablet,Bisoprolol Fumarate,1.25 mg,,beta blockers,False,False
218,218.0,218.0,bdfA.,Cardicor,Cardicor 2.5mg tablet,Bisoprolol Fumarate,2.5 mg,,beta blockers,False,False
219,219.0,219.0,bdfB.,Cardicor,Cardicor 3.75mg tablet,Bisoprolol Fumarate,3.75 mg,,beta blockers,False,False
220,220.0,220.0,bdfC.,Cardicor,Cardicor 5mg tablet,Bisoprolol Fumarate,5 mg,,beta blockers,False,False
221,221.0,221.0,bdfD.,Cardicor,Cardicor 7.5mg tablet,Bisoprolol Fumarate,7.5 mg,,beta blockers,False,False
222,222.0,222.0,bdfE.,Cardicor,Cardicor 10mg tablet,Bisoprolol Fumarate,10 mg,,beta blockers,False,False
223,223.0,223.0,bdfF.,Bipranix,Bipranix 5mg tablet,Bisoprolol Fumarate,5 mg,,beta blockers,False,False
224,224.0,224.0,bdfG.,Bipranix,Bipranix 10mg tablet,Bisoprolol Fumarate,10 mg,,beta blockers,False,False
225,225.0,225.0,bdfH.,Soloc,Soloc 5mg tablet,Bisoprolol Fumarate,5 mg,,beta blockers,False,False
226,226.0,226.0,bdfI.,Soloc,Soloc 10mg tablet,Bisoprolol Fumarate,10 mg,,beta blockers,False,False
227,227.0,227.0,bdfJ.,Vivacor,Vivacor 10mg tablet,Bisoprolol Fumarate,10 mg,,beta blockers,False,False
228,228.0,228.0,bdfK.,Vivacor,Vivacor 5mg tablet,Bisoprolol Fumarate,5 mg,,beta blockers,False,False
229,229.0,229.0,bdfL.,Congescor,Congescor 1.25mg tablet,Bisoprolol Fumarate,1.25 mg,,beta blockers,False,False
230,230.0,230.0,bdfM.,Congescor,Congescor 2.5mg tablet,Bisoprolol Fumarate,2.5 mg,,beta blockers,False,False
231,231.0,231.0,bdfw.,Soprol,Bisoprolol fumarate 1.25mg tablet,Bisoprolol Fumarate,1.25 mg,,beta blockers,False,False
232,232.0,232.0,bdfx.,Soprol,Bisoprolol fumarate 2.5mg tablet,Bisoprolol Fumarate,2.5 mg,,beta blockers,False,False
233,233.0,233.0,bdfy.,Soprol,Bisoprolol fumarate 3.75mg tablet,Bisoprolol Fumarate,3.75 mg,,beta blockers,False,False
234,234.0,234.0,bdfz.,Soprol,Bisoprolol fumarate 7.5mg tablet,Bisoprolol Fumarate,7.5 mg,,beta blockers,False,False
235,235.0,235.0,bdh..,Toprol,Metoprolol fumarate,Metoprolol Tartrate,,,beta blockers,False,False
236,236.0,236.0,bdh1.,Toprol,Metoprolol fumarate 190mg tablet,Metoprolol Tartrate,190 mg,,beta blockers,False,False
237,237.0,237.0,bdh2.,Toprol,Metoprolol fumarate 95mg tablet,Metoprolol Tartrate,95 mg,,beta blockers,False,False
238,238.0,238.0,bdh3.,Metoros,Metoros 190mg tablet,Metoprolol Fumarate,190 mg,,beta blockers,False,False
239,239.0,239.0,bdh4.,Metoros,Metoros 95mg tablet,Metoprolol Fumarate,95 mg,,beta blockers,False,False
240,240.0,240.0,bdi2.,Cartrol,Cartrol 10mg tablet,Carteolol Hydrochloride,10 mg,,beta blockers,False,False
241,241.0,241.0,bdj2.,Celectol,Celectol 200mg tablets 28-CP,Celiprolol Hydrochloride,200 mg,,beta blockers,False,False
242,242.0,242.0,bdj3.,Celectol,Celectol 200mg tablet,Celiprolol Hydrochloride,200 mg,,beta blockers,False,False
243,243.0,243.0,bdj5.,Celectol,Celectol 400mg tablet,Celiprolol Hydrochloride,400 mg,,beta blockers,False,False
244,244.0,244.0,bdk3.,Brevibloc,Brevibloc Concentrate 2.5g/10mL injection,Esmolol Hydrochloride,,,beta blockers,False,False
245,245.0,245.0,bdk4.,Brevibloc,Brevibloc 100mg/10mL injection,Esmolol Hydrochloride,100 mg/10 ml,,beta blockers,False,False
246,246.0,246.0,bdk6.,Brevibloc,Brevibloc 10mg/mL infusion solution,Esmolol Hydrochloride,10 mg/mL,,beta blockers,False,False
247,247.0,247.0,bdk7.,Esmolol Hydrochloride,ESMOLOL HYDROCHLORIDE 2.5g powder for solution for injection,Esmolol Hydrochloride,,,beta blockers,False,False
248,248.0,248.0,bdl..,Carvedilol,Carvedilol,Carvedilol,,,beta blockers,False,False
249,249.0,249.0,bdl1.,Eucardic,Eucardic 12.5 tablet,Carvedilol,,5.0,beta blockers,False,False
250,250.0,250.0,bdl2.,Eucardic,Eucardic 25 tablet,Carvedilol,,25.0,beta blockers,False,False
251,251.0,251.0,bdl3.,Carvedilol,Carvedilol 12.5mg tablet,Carvedilol,12.5 mg,,beta blockers,False,False
252,252.0,252.0,bdl4.,Carvedilol,Carvedilol 25mg tablet,Carvedilol,25 mg,,beta blockers,False,False
253,253.0,253.0,bdl5.,Carvedilol,Carvedilol 3.125mg tablet,Carvedilol,3.125 mg,,beta blockers,False,False
254,254.0,254.0,bdl6.,Carvedilol,Carvedilol 6.25mg tablet,Carvedilol,6.25 mg,,beta blockers,False,False
255,255.0,255.0,bdl7.,Eucardic,Eucardic 3.125 tablet,Carvedilol,,125.0,beta blockers,False,False
256,256.0,256.0,bdl8.,Eucardic,Eucardic 6.25 tablet,Carvedilol,,25.0,beta blockers,False,False
257,257.0,257.0,bdm..,Nebivolol,Nebivolol,Nebivolol,,,beta blockers,False,False
258,258.0,258.0,bdm1.,Nebilet,Nebilet 5mg tablet,Nebivolol,5 mg,,beta blockers,False,False
259,259.0,259.0,bdm2.,Hypoloc,HYPOLOC 5mg tablets,Nebivolol,5 mg,,beta blockers,False,False
260,260.0,260.0,bdmy.,Nebivolol,NEBIVOLOL 2.5mg tablets,Nebivolol,2.5 mg,,beta blockers,False,False
261,261.0,261.0,bdmz.,Nebivolol,Nebivolol 5mg tablet,Nebivolol,5 mg,,beta blockers,False,False
262,262.0,262.0,bdn1.,Syprol,Syprol 50mg/5mL oral solution,Propranolol Hydrochloride,50 mg/5 ml,,beta blockers,False,False
263,263.0,263.0,bdn2.,Bedranol,Bedranol SR 80mg m/r capsule,Propranolol Hydrochloride,80 mg,,beta blockers,False,False
264,264.0,264.0,bdn3.,Rapranol,Rapranol SR 80mg m/r capsule,Propranolol Hydrochloride,80 mg,,beta blockers,False,False
265,265.0,265.0,bdn4.,Rapranol,Rapranol SR 160mg m/r capsule,Propranolol Hydrochloride,160 mg,,beta blockers,False,False
266,266.0,266.0,bdn5.,Syprol,SYPROL 40mg/5mL oral solution,Propranolol Hydrochloride,40 mg/5 ml,,beta blockers,False,False
267,267.0,267.0,bdn6.,Propranolol Hydrochloride,PROPRANOLOL HYDROCHLORIDE 40mg/5mL sugar free oral solution,Propranolol Hydrochloride,40 mg/5 ml,,beta blockers,False,False
268,268.0,268.0,d7d1.,Concor,Concordin 5mg tablet,Bisoprolol Fumarate,5 mg,,beta blockers,False,False
269,269.0,269.0,d7d2.,Concor,Concordin 10mg tablet,Bisoprolol Fumarate,10 mg,,beta blockers,False,False
270,270.0,270.0,k8f..,Timolol,Timolol maleate [eye],Timolol,,,beta blockers,False,False
271,271.0,271.0,k8f4.,Timolol,Timolol 0.25% eye drops 0.25mL unit dose dispenser,Timolol,,,beta blockers,False,False
272,272.0,272.0,k8f6.,Timolol,Timolol 0.5% eye drops 0.25mL unit dose dispenser,Timolol,,,beta blockers,False,False
273,273.0,273.0,k8f9.,Timolol,Timolol 0.25% liquid eye gel,Timolol,,,beta blockers,False,False
274,274.0,274.0,k8fA.,Timolol,Timolol 0.5% liquid eye gel,Timolol,,,beta blockers,False,False
275,275.0,275.0,k8fF.,Timolol,Timolol 0.1% liquid eye gel,Timolol,,,beta blockers,False,False
276,276.0,276.0,k8fI.,Timolol,TIMOLOL 1mg/g single-dose eye gel,Timolol,1 mg,,beta blockers,False,False
277,277.0,277.0,k8fy.,Timolol,Timolol 0.25% eye drops,Timolol,,,beta blockers,False,False
278,278.0,278.0,k8fz.,Timolol,Timolol 0.5% eye drops,Timolol,,,beta blockers,False,False
279,279.0,279.0,k8k..,Timolol,Dorzolamide+timolol,Timolol,,,beta blockers,False,False
280,280.0,280.0,k8k1.,Timolol,Dorzolamide+timolol 2%/0.5% eye drops,Timolol,,,beta blockers,False,False
281,281.0,281.0,k8k4.,Timolol,DORZOLAMIDE+TIMOLOL 2%/0.5% single-use eye drops,Timolol,,,beta blockers,False,False
282,282.0,282.0,k8m..,Timolol,Latanoprost+timolol,Timolol,,,beta blockers,False,False
283,283.0,283.0,k8mz.,Timolol,Latanoprost+timolol 0.005%/0.5% eye drops,Timolol,,,beta blockers,False,False
284,284.0,284.0,k8p..,Timolol,Brimonidine+timolol,Timolol,,,beta blockers,False,False
285,285.0,285.0,k8p1.,Timolol,Brimonidine tartrate 0.2% / timolol 0.5% eye drops,Timolol,,,beta blockers,False,False
286,286.0,286.0,k8q..,Timolol,TIMOLOL+TRAVOPROST,Timolol,,,beta blockers,False,False
287,287.0,287.0,k8q1.,Timolol,TRAVOPROST 0.004% / TIMOLOL 0.5% eye drops,Timolol,,,beta blockers,False,False
288,288.0,288.0,k8r..,Timolol,BIMATOPROST+TIMOLOL,Timolol,,,beta blockers,False,False
289,289.0,289.0,k8r1.,Timolol,BIMATOPROST 0.03% / TIMOLOL 0.5% eye drops,Timolol,,,beta blockers,False,False
290,290.0,290.0,k8r4.,Timolol,BIMATOPROST+TIMOLOL 0.03%/0.5% single-use eye drops,Timolol,,,beta blockers,False,False
291,291.0,291.0,k8s..,Timolol,BRINZOLAMIDE+TIMOLOL,Timolol,,,beta blockers,False,False
292,292.0,292.0,k8sz.,Timolol,BRINZOLAMIDE 1% / TIMOLOL 0.5% eye drops,Timolol,,,beta blockers,False,False
293,293.0,293.0,k8v..,Timolol,TAFLUPROST+TIMOLOL,Timolol,,,beta blockers,False,False
294,294.0,294.0,k8v2.,Timolol,TAFLUPROST+TIMOLOL 15micrograms/5mg/mL single-use eye drops,Timolol,5 mg/mL,,beta blockers,False,False
295,295.0,295.0,m81I.,Artex,Wartex ointment 6g,Tertatolol,,,beta blockers,False,False
296,296.0,296.0,wy0BQ,Concor,Concord Pharmaceutical Ltd,Bisoprolol Fumarate,,,beta blockers,False,False
297,297.0,297.0,x000z,Atenolol,Atenolol+calcium channel blocker,Atenolol,,,beta blockers,False,False
298,298.0,298.0,x0010,Atenolol,Atenolol+diuretic,Atenolol,,,beta blockers,False,False
299,299.0,299.0,x007i,Toprol,Metoprolol+diuretic,Metoprolol Tartrate,,,beta blockers,False,False
300,300.0,300.0,x0087,Nadolol,Nadolol+diuretic,Nadolol,,,beta blockers,False,False
301,301.0,301.0,x009S,Pindolol,Pindolol+diuretic,Pindolol,,,beta blockers,False,False
302,302.0,302.0,x00BL,Timolol,Timolol maleate+diuretic,Timolol,,,beta blockers,False,False
303,303.0,303.0,x00Tb,Avlocardyl,Avlocardyl Retard 160mg m/r capsule,Propranolol Hydrochloride,160 mg,,beta blockers,False,False
304,304.0,304.0,x00Te,Inderal,Inderal Retard 160mg m/r capsule,Propranolol Hydrochloride,160 mg,,beta blockers,False,False
305,305.0,305.0,x00Tr,Trasicor,Trasicor Retard 160mg m/r tablet,Oxprenolol Hydrochloride,160 mg,,beta blockers,False,False
306,306.0,306.0,x00Vw,Timolol,Timolol 0.25% metered dose eye drops,Timolol,,,beta blockers,False,False
307,307.0,307.0,x00Vx,Timolol,Timolol 0.5% metered dose eye drops,Timolol,,,beta blockers,False,False
308,308.0,308.0,x01C1,Soprol,Bisoprolol,Bisoprolol Fumarate,,,beta blockers,False,False
309,309.0,309.0,x01C4,Toprol,Metoprolol,Metoprolol Tartrate,,,beta blockers,False,False
310,310.0,310.0,x01CC,Practolol,Practolol,Practolol,,,beta blockers,False,False
311,311.0,311.0,x01CJ,Timolol,Timolol,Timolol,,,beta blockers,False,False
312,312.0,312.0,x01CK,Timolol,Oral timolol,Timolol,,,beta blockers,False,False
313,313.0,313.0,x01CL,Timolol,Timolol eye drops,Timolol,,,beta blockers,False,False
314,314.0,314.0,x02Rk,Atenolol,Atenolol+chlorthalidone,Atenolol,,,beta blockers,False,False
315,315.0,315.0,x02Rk,Atenolol,Atenolol+chlortalidone,Atenolol,,,beta blockers,False,True
316,316.0,316.0,x02Ty,Angilol,Angilol,Propranolol Hydrochloride,,,beta blockers,False,False
317,317.0,317.0,x02U3,Antipressan,Antipressan,Atenolol,,,beta blockers,False,False
318,318.0,318.0,x02UD,Apsolol,Apsolol,Propranolol Hydrochloride,,,beta blockers,False,False
319,319.0,319.0,x02UG,Arbralene,Arbralene,Metoprolol Tartrate,,,beta blockers,False,False
320,320.0,320.0,x02Uf,Atenix,Atenix,Atenolol,,,beta blockers,False,False
321,321.0,321.0,x02Ug,Atenix,AtenixCo,Atenolol,,,beta blockers,False,False
322,322.0,322.0,x02Un,Avlocardyl,Avlocardyl Retard,Propranolol Hydrochloride,,,beta blockers,False,False
323,323.0,323.0,x02VB,Bedranol,Bedranol SR,Propranolol Hydrochloride,,,beta blockers,False,False
324,324.0,324.0,x02VQ,Berkolol,Berkolol,Propranolol Hydrochloride,,,beta blockers,False,False
325,325.0,325.0,x02VT,Beta-Adalat,Beta-Adalat,Atenolol With Calcium Channel Blocker,,,beta blockers,True,False
326,326.0,326.0,x02VU,Beta-Cardone,Beta-Cardone,Sotalol Hydrochloride,,,beta blockers,False,False
327,327.0,327.0,x02VV,Beta-Prograne,Beta-Prograne,Propranolol Hydrochloride,,,beta blockers,False,False
328,328.0,328.0,x02Va,Betaloc,Betaloc,Metoprolol Tartrate,,,beta blockers,False,False
329,329.0,329.0,x02Vb,Betaloc,Betaloc-SA,Metoprolol Tartrate,,,beta blockers,False,False
330,330.0,330.0,x02Vc,Betim,Betim,Timolol,,,beta blockers,False,False
331,331.0,331.0,x02Vm,Blocadren,Blocadren,Timolol,,,beta blockers,False,False
332,332.0,332.0,x02Vu,Brevibloc,Brevibloc,Esmolol Hydrochloride,,,beta blockers,False,False
333,333.0,333.0,x02Wp,Cardinol,Cardinol,Propranolol Hydrochloride,,,beta blockers,False,False
334,334.0,334.0,x02X3,Celectol,Celectol,Celiprolol Hydrochloride,,,beta blockers,False,False
335,335.0,335.0,x02Xf,Betaloc,Co-Betaloc,Metoprolol Tartrate,,,beta blockers,False,False
336,336.0,336.0,x02Xg,Betaloc,Co-Betaloc SA,Metoprolol Tartrate,,,beta blockers,False,False
337,337.0,337.0,x02Xv,Concor,Concordin,Bisoprolol Fumarate,,,beta blockers,False,False
338,338.0,338.0,x02Y3,Corgard,Corgard,Nadolol,,,beta blockers,False,False
339,339.0,339.0,x02Y4,Corgaretic,Corgaretic,Nadolol With Diuretic,,,beta blockers,False,False
340,340.0,340.0,x02bC,Emcor,Emcor,Bisoprolol Fumarate,,,beta blockers,False,False
341,341.0,341.0,x02bD,Emcor,Emcor LS,Bisoprolol Fumarate,,,beta blockers,False,False
342,342.0,342.0,x02bs,Eucardic,Eucardic,Carvedilol,,,beta blockers,False,False
343,343.0,343.0,x02eO,Beta-Prograne,Half Beta-Prograne,Propranolol Hydrochloride,,,beta blockers,False,False
344,344.0,344.0,x02eP,Inderal,Half-Inderal LA,Propranolol Hydrochloride,,,beta blockers,False,False
345,345.0,345.0,x02fW,Inderal,Inderal,Propranolol Hydrochloride,,,beta blockers,False,False
346,346.0,346.0,x02fX,Inderal,Inderal Retard,Propranolol Hydrochloride,,,beta blockers,False,False
347,347.0,347.0,x02fY,Inderal,Inderal-LA,Propranolol Hydrochloride,,,beta blockers,False,False
348,348.0,348.0,x02fZ,Inderetic,Inderetic,Propranolol Hydrochloride With Diuretic,,,beta blockers,False,False
349,349.0,349.0,x02fa,Inderex,Inderex,Propranolol Hydrochloride With Diuretic,,,beta blockers,False,False
350,350.0,350.0,x02g7,Kalten,Kalten,Atenolol With Diuretic,,,beta blockers,False,False
351,351.0,351.0,x02gM,Kerlone,Kerlone,Betaxolol Hydrochloride,,,beta blockers,False,False
352,352.0,352.0,x02gm,Labrocol,Labrocol,Labetalol Hydrochloride,,,beta blockers,False,False
353,353.0,353.0,x02ht,Lopranol,Lopranol LA,Propranolol Hydrochloride,,,beta blockers,False,False
354,354.0,354.0,x02hu,Lopresor,Lopresor,Metoprolol Tartrate,,,beta blockers,False,False
355,355.0,355.0,x02hv,Lopresor,Lopresor SR,Metoprolol Tartrate,,,beta blockers,False,False
356,356.0,356.0,x02jh,Moducren,Moducren,Timolol With Diuretic,,,beta blockers,False,False
357,357.0,357.0,x02jn,Monocor,Monocor,Bisoprolol Fumarate,,,beta blockers,False,False
358,358.0,358.0,x02oA,Prestim,Prestim,Timolol With Diuretic,,,beta blockers,False,False
359,359.0,359.0,x02oB,Prestim,Prestim Forte,Timolol With Diuretic,,,beta blockers,False,False
360,360.0,360.0,x02oL,Probeta,Probeta LA,Propranolol Hydrochloride,,,beta blockers,False,False
361,361.0,361.0,x02oV,Propanix,Propanix,Propranolol Hydrochloride,,,beta blockers,False,False
362,362.0,362.0,x02oW,Propanix,Propanix SR,Propranolol Hydrochloride,,,beta blockers,False,False
363,363.0,363.0,x02qe,Secadrex,Secadrex,Acebutolol Hydrochloride With Diuretic,,,beta blockers,False,False
364,364.0,364.0,x02qg,Sectral,Sectral,Acebutolol Hydrochloride,,,beta blockers,False,False
365,365.0,365.0,x02r2,Sloprolol,Sloprolol,Propranolol Hydrochloride,,,beta blockers,False,False
366,366.0,366.0,x02r6,Slow-Trasicor,Slow-Trasicor,Oxprenolol Hydrochloride,,,beta blockers,False,False
367,367.0,367.0,x02rH,Sotacor,Sotacor,Sotalol Hydrochloride,,,beta blockers,False,False
368,368.0,368.0,x02rI,Sotazide,Sotazide,Sotalol Hydrochloride With Diuretic,,,beta blockers,False,False
369,369.0,369.0,x02sK,Tenchlor,Tenchlor,Co-Tenidone (Atenolol/Chlortalidone),,,beta blockers,False,False
370,370.0,370.0,x02sL,Tenif,Tenif,Atenolol With Calcium Channel Blocker,,,beta blockers,False,False
371,371.0,371.0,x02sN,Tenoret,Tenoret 50,Co-Tenidone (Atenolol/Chlortalidone),,,beta blockers,False,False
372,372.0,372.0,x02sO,Tenoret,Tenoretic,Co-Tenidone (Atenolol/Chlortalidone),,,beta blockers,False,False
373,373.0,373.0,x02sP,Tenormin,Tenormin,Atenolol,,,beta blockers,False,False
374,374.0,374.0,x02sQ,Tenormin,Tenormin LS,Atenolol,,,beta blockers,False,False
375,375.0,375.0,x02sr,Tolerzide,Tolerzide,Sotalol Hydrochloride With Diuretic,,,beta blockers,False,False
376,376.0,376.0,x02sx,Totamol,Totamol,Atenolol,,,beta blockers,False,False
377,377.0,377.0,x02sy,Totaretic,Totaretic,Co-Tenidone (Atenolol/Chlortalidone),,,beta blockers,False,False
378,378.0,378.0,x02t1,Trandate,Trandate,Labetalol Hydrochloride,,,beta blockers,False,False
379,379.0,379.0,x02t4,Trasicor,Trasicor,Oxprenolol Hydrochloride,,,beta blockers,False,False
380,380.0,380.0,x02t5,Trasicor,Trasicor Retard,Oxprenolol Hydrochloride,,,beta blockers,False,False
381,381.0,381.0,x02t6,Trasidrex,Trasidrex,Co-Prenozide (Oxprenolol HCl/Cyclopenth),,,beta blockers,False,False
382,382.0,382.0,x02uP,Viskaldix,Viskaldix,Pindolol With Diuretic,,,beta blockers,False,False
383,383.0,383.0,x02uQ,Visken,Visken,Pindolol,,,beta blockers,False,False
384,384.0,384.0,x03hf,Timolol,Topical timolol,Timolol,,,beta blockers,False,False
385,385.0,385.0,x03jn,Atenolol,Atenolol+bendroflumethiazide,Atenolol,,,beta blockers,False,True
386,386.0,386.0,x03jn,Atenolol,Atenolol+bendrofluazide,Atenolol,,,beta blockers,False,False
387,387.0,387.0,x03jo,Atenolol,Atenolol+co-amilozide,Atenolol,,,beta blockers,False,True
388,388.0,388.0,x03jp,Tenben,Tenben,Atenolol with Thiazides,,,beta blockers,False,False
389,389.0,389.0,x03sB,Brevibloc,Brevibloc Concentrate,Esmolol Hydrochloride,,,beta blockers,False,False
390,390.0,390.0,x03st,Monozide 10,Monozide 10,Bisoprolol Fumarate With Diuretic,,,beta blockers,False,False
391,391.0,391.0,x03wm,Propanix,Propanix LA,Propranolol Hydrochloride,,,beta blockers,False,False
392,392.0,392.0,x03yR,Tenormin,Tenormin 25,Atenolol,,,beta blockers,False,False
393,393.0,393.0,x048y,Propanix,Half Propanix LA,Propranolol Hydrochloride,,,beta blockers,False,False
394,394.0,394.0,x04bN,Propatard,Half Propatard LA,Propranolol Hydrochloride,,,beta blockers,False,False
395,395.0,395.0,x04bO,Propatard,Propatard LA,Propranolol Hydrochloride,,,beta blockers,False,False
396,396.0,396.0,x04uG,Eucardic,Eucardic 3.125,Carvedilol,,,beta blockers,False,False
397,397.0,397.0,x04uH,Eucardic,Eucardic 6.25,Carvedilol,,,beta blockers,False,False
398,398.0,398.0,x04uI,Eucardic,Eucardic 12.5,Carvedilol,,,beta blockers,False,False
399,399.0,399.0,x04uJ,Eucardic,Eucardic 25,Carvedilol,,,beta blockers,False,False
400,400.0,400.0,x04y0,Nebilet,Nebilet,Nebivolol,,,beta blockers,False,False
401,401.0,401.0,x054A,Artex,Wartex ointment,Tertatolol,,,beta blockers,False,False
402,402.0,402.0,x054B,Artex,Wartex,Tertatolol,,,beta blockers,False,False
403,403.0,403.0,x056B,Cardicor,Cardicor,Bisoprolol Fumarate,,,beta blockers,False,False
404,404.0,404.0,x05E7,Syprol,Syprol,Propranolol Hydrochloride,,,beta blockers,False,False
405,405.0,405.0,x05LO,Atenolol,Atenolol - chemical,Atenolol,,,beta blockers,False,False
406,406.0,406.0,x05MW,Soprol,Bisoprolol fumarate - chemical,Bisoprolol Fumarate,,,beta blockers,False,False
407,407.0,407.0,x05Xy,Bipranix,Bipranix,Bisoprolol Fumarate,,,beta blockers,False,False
408,408.0,408.0,x05gS,Tensomex,Tensomex,Metoprolol Tartrate,,,beta blockers,False,False
409,409.0,409.0,x05gY,Soloc,Soloc,Bisoprolol Fumarate,,,beta blockers,False,False
410,410.0,410.0,x05i2,Rapranol,Rapranol SR,Propranolol Hydrochloride,,,beta blockers,False,False
411,411.0,411.0,x05iH,Vivacor,Vivacor,Bisoprolol Fumarate,,,beta blockers,False,False
412,412.0,412.0,x060K,Congescor,Congescor,Bisoprolol Fumarate,,,beta blockers,False,False
413,413.0,413.0,.8BMR,Concor,Needs assistance with medication concordance,Bisoprolol Fumarate,,,beta blockers,False,False
414,414.0,414.0,.8I6i,Soprol,Bisoprolol not indicated,Bisoprolol Fumarate,,,beta blockers,False,False
415,415.0,415.0,.8I6j,Carvedilol,Carvedilol not indicated,Carvedilol,,,beta blockers,False,False
416,416.0,416.0,.8I6k,Nebivolol,Nebivolol not indicated,Nebivolol,,,beta blockers,False,False
417,417.0,417.0,.8I7K,Soprol,Bisoprolol not tolerated,Bisoprolol Fumarate,,,beta blockers,False,False
418,418.0,418.0,.8I7L,Carvedilol,Carvedilol not tolerated,Carvedilol,,,beta blockers,False,False
419,419.0,419.0,.8I7M,Nebivolol,Nebivolol not tolerated,Nebivolol,,,beta blockers,False,False
420,420.0,420.0,8BMR.,Concor,Needs assistance with medication concordance,Bisoprolol Fumarate,,,beta blockers,False,False
421,421.0,421.0,8I6i.,Soprol,Bisoprolol not indicated,Bisoprolol Fumarate,,,beta blockers,False,False
422,422.0,422.0,8I6j.,Carvedilol,Carvedilol not indicated,Carvedilol,,,beta blockers,False,False
423,423.0,423.0,8I6k.,Nebivolol,Nebivolol not indicated,Nebivolol,,,beta blockers,False,False
424,424.0,424.0,8I7K.,Soprol,Bisoprolol not tolerated,Bisoprolol Fumarate,,,beta blockers,False,False
425,425.0,425.0,8I7L.,Carvedilol,Carvedilol not tolerated,Carvedilol,,,beta blockers,False,False
426,426.0,426.0,8I7M.,Nebivolol,Nebivolol not tolerated,Nebivolol,,,beta blockers,False,False
427,427.0,427.0,bd38.,Beta-Adalat,Beta-Adalat capsule,Atenolol With Calcium Channel Blocker,,,beta blockers,True,False
428,428.0,428.0,bd39.,Tenif,Tenif capsule,Atenolol With Calcium Channel Blocker,,,beta blockers,False,False
429,429.0,429.0,031..,Univer,University academic staff,Verapamil Hydrochloride,,,calcium-channel blocker,True,False
430,430.0,430.0,0311.,Univer,University vice-chancellor,Verapamil Hydrochloride,,,calcium-channel blocker,True,False
431,431.0,431.0,0312.,Univer,University professor,Verapamil Hydrochloride,,,calcium-channel blocker,True,False
432,432.0,432.0,0313.,Univer,University lecturer,Verapamil Hydrochloride,,,calcium-channel blocker,True,False
433,433.0,433.0,0314.,Univer,University dean,Verapamil Hydrochloride,,,calcium-channel blocker,True,False
434,434.0,434.0,031Z.,Univer,University teacher NOS,Verapamil Hydrochloride,,,calcium-channel blocker,True,False
435,435.0,435.0,09Z..,Uard,(Private detective) or (security guard) or (other protective services),Diltiazem Hydrochloride,,,calcium-channel blocker,True,False
436,436.0,436.0,09Z..,Uard,Security guard,Diltiazem Hydrochloride,,,calcium-channel blocker,True,False
437,437.0,437.0,09Z..,Uard,Guard - security,Diltiazem Hydrochloride,,,calcium-channel blocker,True,False
438,438.0,438.0,09Z1.,Uard,Coastguard,Diltiazem Hydrochloride,,,calcium-channel blocker,True,False
439,439.0,439.0,09Z9.,Uard,Security guard,Diltiazem Hydrochloride,,,calcium-channel blocker,True,False
440,440.0,440.0,0I24.,Uard,Railway guard,Diltiazem Hydrochloride,,,calcium-channel blocker,True,False
441,441.0,441.0,13T2.,Uard,Guardian's allowance,Diltiazem Hydrochloride,,,calcium-channel blocker,True,False
442,442.0,442.0,25D..,Uard,O/E - guarding on palpation,Diltiazem Hydrochloride,,,calcium-channel blocker,True,False
443,443.0,443.0,25D..,Uard,O/E - guarding of abdomen,Diltiazem Hydrochloride,,,calcium-channel blocker,True,False
444,444.0,444.0,25D1.,Uard,O/E - no guarding on palpation,Diltiazem Hydrochloride,,,calcium-channel blocker,True,False
445,445.0,445.0,25D2.,Uard,O/E - guarding-R.hypochondrium,Diltiazem Hydrochloride,,,calcium-channel blocker,True,False
446,446.0,446.0,25D3.,Uard,O/E - guarding - epigastrium,Diltiazem Hydrochloride,,,calcium-channel blocker,True,False
447,447.0,447.0,25D4.,Uard,O/E - guarding-L.hypochondrium,Diltiazem Hydrochloride,,,calcium-channel blocker,True,False
448,448.0,448.0,25D5.,Uard,O/E - guarding - R.lumbar,Diltiazem Hydrochloride,,,calcium-channel blocker,True,False
449,449.0,449.0,25D6.,Uard,O/E - guarding - umbilical,Diltiazem Hydrochloride,,,calcium-channel blocker,True,False
450,450.0,450.0,25D7.,Uard,O/E - guarding - L.lumbar,Diltiazem Hydrochloride,,,calcium-channel blocker,True,False
451,451.0,451.0,25D8.,Uard,O/E - guarding - R.iliac,Diltiazem Hydrochloride,,,calcium-channel blocker,True,False
452,452.0,452.0,25D9.,Uard,O/E - guarding - hypogastrium,Diltiazem Hydrochloride,,,calcium-channel blocker,True,False
453,453.0,453.0,25DA.,Uard,O/E - guarding - L.iliac,Diltiazem Hydrochloride,,,calcium-channel blocker,True,False
454,454.0,454.0,25DZ.,Uard,O/E -guarding on palpation NOS,Diltiazem Hydrochloride,,,calcium-channel blocker,True,False
455,455.0,455.0,6995.,Univer,University admission medical,Verapamil Hydrochloride,,,calcium-channel blocker,True,False
456,456.0,456.0,72550,Uard,Creation of guarded fistula to sclera,Diltiazem Hydrochloride,,,calcium-channel blocker,True,False
457,457.0,457.0,7263.,Sular,Extracapsular extraction of lens,Nisoldipine,,,calcium-channel blocker,True,False
458,458.0,458.0,7263.,Sular,Extracapsular cataract extraction,Nisoldipine,,,calcium-channel blocker,True,False
459,459.0,459.0,7263.,Sular,ECCE - Extracapsular cataract extraction,Nisoldipine,,,calcium-channel blocker,True,False
460,460.0,460.0,7263y,Sular,Other specified extracapsular extraction of lens,Nisoldipine,,,calcium-channel blocker,True,False
461,461.0,461.0,7263z,Sular,Extracapsular extraction of lens NOS,Nisoldipine,,,calcium-channel blocker,True,False
462,462.0,462.0,7264.,Sular,Intracapsular extraction of lens,Nisoldipine,,,calcium-channel blocker,True,False
463,463.0,463.0,7264.,Sular,Intracapsular extraction of cataract,Nisoldipine,,,calcium-channel blocker,True,False
464,464.0,464.0,7264.,Sular,ICCE - Intracapsular cataract extraction,Nisoldipine,,,calcium-channel blocker,True,False
465,465.0,465.0,7264y,Sular,Other specified intracapsular extraction of lens,Nisoldipine,,,calcium-channel blocker,True,False
466,466.0,466.0,7264z,Sular,Intracapsular extraction of lens NOS,Nisoldipine,,,calcium-channel blocker,True,False
467,467.0,467.0,7C020,Sular,Bilateral subcapsular orchidectomy,Nisoldipine,,,calcium-channel blocker,True,False
468,468.0,468.0,7C020,Sular,BSO - Bilateral subcapsular orchidectomy,Nisoldipine,,,calcium-channel blocker,True,False
469,469.0,469.0,7C020,Sular,BSCO - Bilateral subcapsular orchidectomy,Nisoldipine,,,calcium-channel blocker,True,False
470,470.0,470.0,7C030,Sular,Unilateral subcapsular orchidectomy,Nisoldipine,,,calcium-channel blocker,True,False
471,471.0,471.0,7K1J0,Sular,Closed reduction of intracapsular fracture of neck of femur and fixation using Garden cannulated screw,Nisoldipine,,,calcium-channel blocker,True,False
472,472.0,472.0,7K1J0,Sular,Closed reduction of intracapsular fracture of neck of femur and fixation using Smith-Petersen nail,Nisoldipine,,,calcium-channel blocker,True,False
473,473.0,473.0,7K6S0,Sular,Capsular shift,Nisoldipine,,,calcium-channel blocker,True,False
474,474.0,474.0,8E73.,Istin,Assisting exercise,Amlodipine,,,calcium-channel blocker,True,False
475,475.0,475.0,9142.,Univer,Patient away at college or university,Verapamil Hydrochloride,,,calcium-channel blocker,True,False
476,476.0,476.0,C3548,Univer,Calcinosis: [universalis] or [other],Verapamil Hydrochloride,,,calcium-channel blocker,True,False
477,477.0,477.0,C3548,Univer,Calcinosis universalis,Verapamil Hydrochloride,,,calcium-channel blocker,True,False
478,478.0,478.0,F4551,Sular,Glaucoma capsulare,Nisoldipine,,,calcium-channel blocker,True,False
479,479.0,479.0,F4603,Sular,Anterior subcapsular polar cataract,Nisoldipine,,,calcium-channel blocker,True,False
480,480.0,480.0,F4604,Sular,Posterior subcapsular polar cataract,Nisoldipine,,,calcium-channel blocker,True,False
481,481.0,481.0,F4616,Sular,Anterior subcapsular polar senile cataract,Nisoldipine,,,calcium-channel blocker,True,False
482,482.0,482.0,F4617,Sular,Posterior subcapsular polar senile cataract,Nisoldipine,,,calcium-channel blocker,True,False
483,483.0,483.0,F4631,Sular,Glaucomatous subcapsular flecks,Nisoldipine,,,calcium-channel blocker,True,False
484,484.0,484.0,J6156,Sular,Capsular portal cirrhosis,Nisoldipine,,,calcium-channel blocker,True,False
485,485.0,485.0,L122.,Istin,Other pre-existing hypertension in preg/childbirth/puerp,Amlodipine,,,calcium-channel blocker,True,False
486,486.0,486.0,L1220,Istin,"Other pre-existing hypertension complicating pregnancy, childbirth and the puerperium unspecified",Amlodipine,,,calcium-channel blocker,True,False
487,487.0,487.0,L1221,Istin,"Other pre-existing hypertension complicating pregnancy, childbirth and the puerperium - delivered",Amlodipine,,,calcium-channel blocker,True,False
488,488.0,488.0,L1222,Istin,"Other pre-existing hypertension complicating pregnancy, childbirth and the puerperium - delivered with postnatal complication",Amlodipine,,,calcium-channel blocker,True,False
489,489.0,489.0,L1223,Istin,"Other pre-existing hypertension complicating pregnancy, childbirth and the puerperium - not delivered",Amlodipine,,,calcium-channel blocker,True,False
490,490.0,490.0,L1224,Istin,"Other pre-existing hypertension complicating pregnancy, childbirth and the puerperium with postnatal complication",Amlodipine,,,calcium-channel blocker,True,False
491,491.0,491.0,L122z,Istin,"Other pre-existing hypertension complicating pregnancy, childbirth and the puerperium NOS",Amlodipine,,,calcium-channel blocker,True,False
492,492.0,492.0,L127.,Istin,Pre-eclampsia or eclampsia with pre-existing hypertension,Amlodipine,,,calcium-channel blocker,True,False
493,493.0,493.0,L1270,Istin,Pre-eclampsia or eclampsia with pre-existing hypertension unspecified,Amlodipine,,,calcium-channel blocker,True,False
494,494.0,494.0,L1271,Istin,Pre-eclampsia or eclampsia with pre-existing hypertension - delivered,Amlodipine,,,calcium-channel blocker,True,False
495,495.0,495.0,L1272,Istin,Pre-eclampsia or eclampsia with pre-existing hypertension - delivered with postnatal complication,Amlodipine,,,calcium-channel blocker,True,False
496,496.0,496.0,L1273,Istin,Pre-eclampsia or eclampsia with pre-existing hypertension - not delivered,Amlodipine,,,calcium-channel blocker,True,False
497,497.0,497.0,L1274,Istin,Pre-eclampsia or eclampsia with pre-existing hypertension with postnatal complication,Amlodipine,,,calcium-channel blocker,True,False
498,498.0,498.0,L127z,Istin,Pre-eclampsia or eclampsia with pre-existing hypertension NOS,Amlodipine,,,calcium-channel blocker,True,False
499,499.0,499.0,L128.,Istin,"Pre-existing hypertension complicating pregnancy, childbirth and puerperium",Amlodipine,,,calcium-channel blocker,True,False
500,500.0,500.0,L1280,Istin,"Pre-existing hypertensive heart disease complicating pregnancy, childbirth and the puerperium",Amlodipine,,,calcium-channel blocker,True,False
501,501.0,501.0,L1281,Istin,"Pre-existing hypertensive heart and renal disease complicating pregnancy, childbirth and the puerperium",Amlodipine,,,calcium-channel blocker,True,False
502,502.0,502.0,L1282,Istin,"Pre-existing secondary hypertension complicating pregnancy, childbirth and puerperium",Amlodipine,,,calcium-channel blocker,True,False
503,503.0,503.0,L1805,Istin,"Pre-existing diabetes mellitus, insulin-dependent",Amlodipine,,,calcium-channel blocker,True,False
504,504.0,504.0,L1806,Istin,"Pre-existing diabetes mellitus, non-insulin-dependent",Amlodipine,,,calcium-channel blocker,True,False
505,505.0,505.0,L1807,Istin,Pre-existing malnutrition-related diabetes mellitus,Amlodipine,,,calcium-channel blocker,True,False
506,506.0,506.0,Lyu29,Istin,"[X]Pre-existing diabetes mellitus, unspecified",Amlodipine,,,calcium-channel blocker,True,False
507,507.0,507.0,M161E,Univer,Psoriasis universalis,Verapamil Hydrochloride,,,calcium-channel blocker,True,False
508,508.0,508.0,M2415,Univer,Hypertrichosis universalis,Verapamil Hydrochloride,,,calcium-channel blocker,True,False
509,509.0,509.0,N07y.,Sular,"Internal knee derangement: [other] or [old capsular, collateral ligament and cruciate damage]",Nisoldipine,,,calcium-channel blocker,True,False
510,510.0,510.0,N07y.,Sular,"Old capsular, collateral ligament and cruciate damage to knee",Nisoldipine,,,calcium-channel blocker,True,False
511,511.0,511.0,N07y4,Sular,Old capsular knee ligament disruption,Nisoldipine,,,calcium-channel blocker,True,False
512,512.0,512.0,N07y9,Sular,Old posterolateral capsular complex tear,Nisoldipine,,,calcium-channel blocker,True,False
513,513.0,513.0,N07yC,Sular,Old medial capsular complex tear,Nisoldipine,,,calcium-channel blocker,True,False
514,514.0,514.0,P331.,Sular,Capsular and subcapsular cataract,Nisoldipine,,,calcium-channel blocker,True,False
515,515.0,515.0,P3310,Sular,Capsular cataract,Nisoldipine,,,calcium-channel blocker,True,False
516,516.0,516.0,P3311,Sular,Subcapsular cataract,Nisoldipine,,,calcium-channel blocker,True,False
517,517.0,517.0,P331z,Sular,Capsular or subcapsular cataract NOS,Nisoldipine,,,calcium-channel blocker,True,False
518,518.0,518.0,PB42.,Univer,Universal mesentery,Verapamil Hydrochloride,,,calcium-channel blocker,True,False
519,519.0,519.0,Q20y1,Sular,Liver subcapsular haematoma due to birth trauma,Nisoldipine,,,calcium-channel blocker,True,False
520,520.0,520.0,S0405,Istin,"Multiple closed fractures involving skull or face with other bones without mention of intracranial injury, with more than 24 hours loss of consciousness without return to pre-existing conscious leve",Amlodipine,,,calcium-channel blocker,True,False
521,521.0,521.0,S3000,Sular,"Closed fracture proximal femur, intracapsular section, unspecified",Nisoldipine,,,calcium-channel blocker,True,False
522,522.0,522.0,S3010,Sular,"Open fracture proximal femur, intracapsular section, unspecified",Nisoldipine,,,calcium-channel blocker,True,False
523,523.0,523.0,S531.,Sular,Ischiocapsular sprain,Nisoldipine,,,calcium-channel blocker,True,False
524,524.0,524.0,S6405,Istin,"Intracranial injury NOS without mention of open intracranial wound, with more than 24 hours loss of consciousness without return to pre-existing conscious state",Amlodipine,,,calcium-channel blocker,True,False
525,525.0,525.0,S7502,Sular,"Spleen capsular tear without major disruption of parenchyma, without mention of open wound into cavity",Nisoldipine,,,calcium-channel blocker,True,False
526,526.0,526.0,S7512,Sular,"Spleen capsular tear without major disruption of parenchyma, with open wound into cavity",Nisoldipine,,,calcium-channel blocker,True,False
527,527.0,527.0,T154.,Uard,"Motor vehicle traffic accident involving collision, on highway, between motor vehicle and guard rail",Diltiazem Hydrochloride,,,calcium-channel blocker,True,False
528,528.0,528.0,T1540,Uard,"Motor vehicle traffic accident involving collision, on highway, between motor vehicle and boundary fence or guard rail, driver of motor vehicle injured",Diltiazem Hydrochloride,,,calcium-channel blocker,True,False
529,529.0,529.0,T1541,Uard,"Motor vehicle traffic accident involving collision, on highway, between motor vehicle and boundary fence or guard rail, passenger of motor vehicle injured",Diltiazem Hydrochloride,,,calcium-channel blocker,True,False
530,530.0,530.0,T1542,Uard,"Motor vehicle traffic accident involving collision, on highway, between motor vehicle and boundary fence or guard rail, motor cyclist injured",Diltiazem Hydrochloride,,,calcium-channel blocker,True,False
531,531.0,531.0,T1543,Uard,"Motor vehicle traffic accident involving collision, on highway, between motor vehicle and boundary fence or guard rail, passenger on motor cycle injured",Diltiazem Hydrochloride,,,calcium-channel blocker,True,False
532,532.0,532.0,T1544,Uard,"Motor vehicle traffic accident involving collision, on highway, between motor vehicle and boundary fence or guard rail, occupant of tram injured",Diltiazem Hydrochloride,,,calcium-channel blocker,True,False
533,533.0,533.0,T1545,Uard,"Motor vehicle traffic accident involving collision, on highway, between motor vehicle and boundary fence or guard rail, rider of animal or occupant of animal-drawn vehicle injured",Diltiazem Hydrochloride,,,calcium-channel blocker,True,False
534,534.0,534.0,T1546,Uard,"Motor vehicle traffic accident involving collision, on highway, between motor vehicle and boundary fence or guard rail, pedal cyclist injured",Diltiazem Hydrochloride,,,calcium-channel blocker,True,False
535,535.0,535.0,T1547,Uard,"Motor vehicle traffic accident involving collision, on highway, between motor vehicle and boundary fence or guard rail, pedestrian injured",Diltiazem Hydrochloride,,,calcium-channel blocker,True,False
536,536.0,536.0,T154y,Uard,"Motor vehicle traffic accident involving collision, on highway, between motor vehicle and boundary fence or guard rail, other specified person injured",Diltiazem Hydrochloride,,,calcium-channel blocker,True,False
537,537.0,537.0,T154z,Uard,"Motor vehicle traffic accident involving collision, on highway, between motor vehicle and boundary fence or guard rail, unspecified person injured",Diltiazem Hydrochloride,,,calcium-channel blocker,True,False
538,538.0,538.0,Ua03f,Istin,Assisting,Amlodipine,,,calcium-channel blocker,True,False
539,539.0,539.0,Ua03h,Istin,Assisting with therapy,Amlodipine,,,calcium-channel blocker,True,False
540,540.0,540.0,Ua03i,Istin,Assisting with activity,Amlodipine,,,calcium-channel blocker,True,False
541,541.0,541.0,Ua03k,Istin,Assisting with procedure,Amlodipine,,,calcium-channel blocker,True,False
542,542.0,542.0,Ua09d,Sular,Peninsular Malaysia,Nisoldipine,,,calcium-channel blocker,True,False
543,543.0,543.0,Ua0Rt,Univer,Received university education,Verapamil Hydrochloride,,,calcium-channel blocker,True,False
544,544.0,544.0,Ua0Rt,Univer,Went to university,Verapamil Hydrochloride,,,calcium-channel blocker,True,False
545,545.0,545.0,Ua0S5,Univer,Attending university,Verapamil Hydrochloride,,,calcium-channel blocker,True,False
546,546.0,546.0,Ua0p8,Univer,University,Verapamil Hydrochloride,,,calcium-channel blocker,True,False
547,547.0,547.0,Ua1fM,Motens,Normotensive,Lacidipine,,,calcium-channel blocker,True,False
548,548.0,548.0,Ua2DS,Istin,Assisting with grooming,Amlodipine,,,calcium-channel blocker,True,False
549,549.0,549.0,Ua2DT,Istin,Assisting with haircare,Amlodipine,,,calcium-channel blocker,True,False
550,550.0,550.0,Ua2DU,Istin,Assisting with nail care,Amlodipine,,,calcium-channel blocker,True,False
551,551.0,551.0,Ua2DV,Istin,Assisting with mouthcare,Amlodipine,,,calcium-channel blocker,True,False
552,552.0,552.0,Ua2DW,Istin,Assisting with personal hygiene,Amlodipine,,,calcium-channel blocker,True,False
553,553.0,553.0,Ua2EO,Istin,Assisting with eating and drinking,Amlodipine,,,calcium-channel blocker,True,False
554,554.0,554.0,Ub1BJ,Istin,Fisting,Amlodipine,,,calcium-channel blocker,True,False
555,555.0,555.0,Ub1jW,Uard,Guardian,Diltiazem Hydrochloride,,,calcium-channel blocker,True,False
556,556.0,556.0,X00ML,Sular,Local anaesthetic hip block by intracapsular approach,Nisoldipine,,,calcium-channel blocker,True,False
557,557.0,557.0,X00ML,Sular,Hip block by intracapsular approach,Nisoldipine,,,calcium-channel blocker,True,False
558,558.0,558.0,X00MM,Sular,Local anaesthetic hip block by extracapsular approach,Nisoldipine,,,calcium-channel blocker,True,False
559,559.0,559.0,X00MM,Sular,Hip block by extracapsular approach,Nisoldipine,,,calcium-channel blocker,True,False
560,560.0,560.0,X00sl,Uard,Insertion of tooth guard,Diltiazem Hydrochloride,,,calcium-channel blocker,True,False
561,561.0,561.0,X00t9,Uard,Removal of tooth guard,Diltiazem Hydrochloride,,,calcium-channel blocker,True,False
562,562.0,562.0,X00tA,Uard,Removal of bite guard,Diltiazem Hydrochloride,,,calcium-channel blocker,True,False
563,563.0,563.0,X2099,Istin,Vascular graft twisting,Amlodipine,,,calcium-channel blocker,True,False
564,564.0,564.0,X20Fh,Sular,Subcapsular haematoma of spleen,Nisoldipine,,,calcium-channel blocker,True,False
565,565.0,565.0,X20M8,Uard,Insertion of mouth guard,Diltiazem Hydrochloride,,,calcium-channel blocker,True,False
566,566.0,566.0,X20M8,Uard,Insertion of bite guard,Diltiazem Hydrochloride,,,calcium-channel blocker,True,False
567,567.0,567.0,X20M8,Uard,Insertion of MG - mouth guard,Diltiazem Hydrochloride,,,calcium-channel blocker,True,False
568,568.0,568.0,X20M8,Uard,Insertion of BG - bite guard,Diltiazem Hydrochloride,,,calcium-channel blocker,True,False
569,569.0,569.0,X20MI,Istin,Repair of existing restoration of tooth,Amlodipine,,,calcium-channel blocker,True,False
570,570.0,570.0,X30Gw,Sular,Subcapsular orchidectomy,Nisoldipine,,,calcium-channel blocker,True,False
571,571.0,571.0,X30Gw,Sular,SCO - Subcapsular orchidectomy,Nisoldipine,,,calcium-channel blocker,True,False
572,572.0,572.0,X40GB,Sular,Capsular breast contracture of breast implant,Nisoldipine,,,calcium-channel blocker,True,False
573,573.0,573.0,X508W,Istin,Persisting cholinergic urticaria,Amlodipine,,,calcium-channel blocker,True,False
574,574.0,574.0,X508i,Univer,Universal acquired melanosis,Verapamil Hydrochloride,,,calcium-channel blocker,True,False
575,575.0,575.0,X509h,Univer,Alopecia universalis,Verapamil Hydrochloride,,,calcium-channel blocker,True,False
576,576.0,576.0,X509h,Univer,Universal alopecia areata,Verapamil Hydrochloride,,,calcium-channel blocker,True,False
577,577.0,577.0,X50Ft,Univer,Calcinosis universalis,Verapamil Hydrochloride,,,calcium-channel blocker,True,False
578,578.0,578.0,X50Iv,Univer,Dyschromatosis universalis,Verapamil Hydrochloride,,,calcium-channel blocker,True,False
579,579.0,579.0,X601S,Sular,Closed reduction of intracapsular fracture of neck of femur and fixation using Smith-Petersen nail,Nisoldipine,,,calcium-channel blocker,True,False
580,580.0,580.0,X6073,Sular,Temporomandibular joint capsular plication,Nisoldipine,,,calcium-channel blocker,True,False
581,581.0,581.0,X700C,Sular,"Old capsular, collateral ligament and cruciate damage to knee",Nisoldipine,,,calcium-channel blocker,True,False
582,582.0,582.0,X73Ej,Istin,Micrococcus kristinae,Amlodipine,,,calcium-channel blocker,True,False
583,583.0,583.0,X73WN,Sular,Capsularis zoogleiformans,Nisoldipine,,,calcium-channel blocker,True,False
584,584.0,584.0,X74lC,Sular,Extracapsular ligament of temporomandibular joint,Nisoldipine,,,calcium-channel blocker,True,False
585,585.0,585.0,X74lx,Sular,Capsular ligament of shoulder joint,Nisoldipine,,,calcium-channel blocker,True,False
586,586.0,586.0,X74m4,Sular,Capsular ligament of wrist joint,Nisoldipine,,,calcium-channel blocker,True,False
587,587.0,587.0,X74mV,Sular,Capsular ligament of hip joint,Nisoldipine,,,calcium-channel blocker,True,False
588,588.0,588.0,X74mZ,Sular,Intracapsular ligament of hip joint,Nisoldipine,,,calcium-channel blocker,True,False
589,589.0,589.0,X74mb,Sular,Capsular ligament of knee joint,Nisoldipine,,,calcium-channel blocker,True,False
590,590.0,590.0,X74mh,Sular,Intracapsular ligament of knee joint,Nisoldipine,,,calcium-channel blocker,True,False
591,591.0,591.0,X74ms,Sular,Capsular ligament of ankle joint,Nisoldipine,,,calcium-channel blocker,True,False
592,592.0,592.0,X75aB,Istin,Fisting reflex,Amlodipine,,,calcium-channel blocker,True,False
593,593.0,593.0,X75kZ,Sular,Anterior capsular lens opacities,Nisoldipine,,,calcium-channel blocker,True,False
594,594.0,594.0,X75ka,Sular,Anterior subcapsular lens opacities,Nisoldipine,,,calcium-channel blocker,True,False
595,595.0,595.0,X75kh,Sular,Posterior subcapsular lens opacities,Nisoldipine,,,calcium-channel blocker,True,False
596,596.0,596.0,X75kh,Sular,PSCLO - Posterior subcapsular lens opacities,Nisoldipine,,,calcium-channel blocker,True,False
597,597.0,597.0,X75ki,Sular,Polychromatic posterior subcapsular lens opacities,Nisoldipine,,,calcium-channel blocker,True,False
598,598.0,598.0,X75ql,Istin,Difficulty in distinguishing different smells,Amlodipine,,,calcium-channel blocker,True,False
599,599.0,599.0,X763i,Istin,Repetitive complex twisting movements,Amlodipine,,,calcium-channel blocker,True,False
600,600.0,600.0,X763j,Istin,Repetitive complex twisting movements of fingers,Amlodipine,,,calcium-channel blocker,True,False
601,601.0,601.0,X763k,Istin,Repetitive complex twisting movements of limbs,Amlodipine,,,calcium-channel blocker,True,False
602,602.0,602.0,X763l,Istin,Repetitive complex twisting movements of whole body,Amlodipine,,,calcium-channel blocker,True,False
603,603.0,603.0,X763m,Istin,Repetitive complex twisting of objects near eyes,Amlodipine,,,calcium-channel blocker,True,False
604,604.0,604.0,X763n,Istin,Repititive complex twisting of hands near eyes,Amlodipine,,,calcium-channel blocker,True,False
605,605.0,605.0,X76SF,Istin,Fetal parts not distinguishable per abdomen,Amlodipine,,,calcium-channel blocker,True,False
606,606.0,606.0,X76SG,Istin,Fetal parts distinguished abdominally,Amlodipine,,,calcium-channel blocker,True,False
607,607.0,607.0,X76Uh,Istin,Segments of uterus distinguishable in labour,Amlodipine,,,calcium-channel blocker,True,False
608,608.0,608.0,X76dL,Istin,Unable to distinguish stool and flatus,Amlodipine,,,calcium-channel blocker,True,False
609,609.0,609.0,X76dj,Uard,Abdominal guarding,Diltiazem Hydrochloride,,,calcium-channel blocker,True,False
610,610.0,610.0,X76nn,Istin,Twisting movements,Amlodipine,,,calcium-channel blocker,True,False
611,611.0,611.0,X77P0,Istin,Projection of areola and papilla to form distinct secondary mound,Amlodipine,,,calcium-channel blocker,True,False
612,612.0,612.0,X77vu,Uard,Unguarded tricuspid valve orifice,Diltiazem Hydrochloride,,,calcium-channel blocker,True,False
613,613.0,613.0,X77wM,Uard,Unguarded mitral orifice,Diltiazem Hydrochloride,,,calcium-channel blocker,True,False
614,614.0,614.0,X77wq,Uard,Abnormality of valve guarding common atrioventricular junction,Diltiazem Hydrochloride,,,calcium-channel blocker,True,False
615,615.0,615.0,X77xR,Uard,Unguarded right atrioventricular valve orifice,Diltiazem Hydrochloride,,,calcium-channel blocker,True,False
616,616.0,616.0,X77xt,Uard,Unguarded left atrioventricular valve orifice,Diltiazem Hydrochloride,,,calcium-channel blocker,True,False
617,617.0,617.0,X780t,Istin,Persisting fifth aortic arch,Amlodipine,,,calcium-channel blocker,True,False
618,618.0,618.0,X781U,Istin,Patent ductus arteriosus - persisting type,Amlodipine,,,calcium-channel blocker,True,False
619,619.0,619.0,X78Gf,Univer,Indiana University testicular tumour staging system,Verapamil Hydrochloride,,,calcium-channel blocker,True,False
620,620.0,620.0,X79vJ,Sular,Extracapsular extraction,Nisoldipine,,,calcium-channel blocker,True,False
621,621.0,621.0,X79vL,Sular,Intracapsular extraction,Nisoldipine,,,calcium-channel blocker,True,False
622,622.0,622.0,X80f4,Univer,UCHT-1 - University College Hospital T-cell-1,Verapamil Hydrochloride,,,calcium-channel blocker,True,False
623,623.0,623.0,X80f4,Univer,University College Hospital T-cell-1,Verapamil Hydrochloride,,,calcium-channel blocker,True,False
624,624.0,624.0,X80fq,Univer,University College Hospital lymphocyte 1,Verapamil Hydrochloride,,,calcium-channel blocker,True,False
625,625.0,625.0,X80fq,Univer,UCHL-1 - University College Hospital lymphocyte-1,Verapamil Hydrochloride,,,calcium-channel blocker,True,False
626,626.0,626.0,X909m,Sular,Inferodorsal intracapsular fat pad,Nisoldipine,,,calcium-channel blocker,True,False
627,627.0,627.0,X90KU,Sular,Dorsal intracapsular fibrous rim,Nisoldipine,,,calcium-channel blocker,True,False
628,628.0,628.0,X90Xq,Istin,From existing graft to coronary artery,Amlodipine,,,calcium-channel blocker,True,False
629,629.0,629.0,XA07B,Sular,Capsular tear of liver,Nisoldipine,,,calcium-channel blocker,True,False
630,630.0,630.0,XA07D,Sular,Subcapsular liver haematoma,Nisoldipine,,,calcium-channel blocker,True,False
631,631.0,631.0,XA07m,Sular,Capsular tear of spleen,Nisoldipine,,,calcium-channel blocker,True,False
632,632.0,632.0,XA0G7,Uard,Guardsman's fracture of mandible,Diltiazem Hydrochloride,,,calcium-channel blocker,True,False
633,633.0,633.0,XA0HF,Sular,Intracapsular fracture of neck of femur,Nisoldipine,,,calcium-channel blocker,True,False
634,634.0,634.0,XA0HI,Sular,Extracapsular fracture of neck of femur,Nisoldipine,,,calcium-channel blocker,True,False
635,635.0,635.0,XC06f,Sular,Capsular drop,Nisoldipine,,,calcium-channel blocker,True,False
636,636.0,636.0,XC0Ct,Univer,Universal,Verapamil Hydrochloride,,,calcium-channel blocker,True,False
637,637.0,637.0,XC0FE,Sular,Extracapsular condyle of mandible,Nisoldipine,,,calcium-channel blocker,True,False
638,638.0,638.0,XC0nv,Univer,City University technique,Verapamil Hydrochloride,,,calcium-channel blocker,True,False
639,639.0,639.0,XE0mp,Univer,University academic (& [staff]),Verapamil Hydrochloride,,,calcium-channel blocker,True,False
640,640.0,640.0,XE0mp,Univer,University academic staff,Verapamil Hydrochloride,,,calcium-channel blocker,True,False
641,641.0,641.0,XE0mp,Univer,Academic - university,Verapamil Hydrochloride,,,calcium-channel blocker,True,False
642,642.0,642.0,XE0mp,Univer,University acad. staff,Verapamil Hydrochloride,,,calcium-channel blocker,True,False
643,643.0,643.0,XE0xu,Istin,Pregnancy with hypertension (& [pre-existing]),Amlodipine,,,calcium-channel blocker,True,False
644,644.0,644.0,XE0xu,Istin,Preg.+ pre-existing hypertensn,Amlodipine,,,calcium-channel blocker,True,False
645,645.0,645.0,XE0xu,Istin,Pregnancy with pre-existing hypertension,Amlodipine,,,calcium-channel blocker,True,False
646,646.0,646.0,XM0H2,Uard,Sports mouth guard,Diltiazem Hydrochloride,,,calcium-channel blocker,True,False
647,647.0,647.0,XM0H2,Uard,Mouth guard,Diltiazem Hydrochloride,,,calcium-channel blocker,True,False
648,648.0,648.0,XM0H2,Uard,MG - Mouth guard,Diltiazem Hydrochloride,,,calcium-channel blocker,True,False
649,649.0,649.0,XM0H2,Uard,Bite guard,Diltiazem Hydrochloride,,,calcium-channel blocker,True,False
650,650.0,650.0,XM0H2,Uard,BG - Bite guard,Diltiazem Hydrochloride,,,calcium-channel blocker,True,False
651,651.0,651.0,XSLAr,Istin,Pre-existing condition,Amlodipine,,,calcium-channel blocker,True,False
652,652.0,652.0,Xa0HL,Istin,Pre-existing disease in renal transplant,Amlodipine,,,calcium-channel blocker,True,False
653,653.0,653.0,Xa0lt,Istin,Pre-existing hypertension complicating pregnancy,Amlodipine,,,calcium-channel blocker,True,False
654,654.0,654.0,Xa10K,Sular,Insular gyrus,Nisoldipine,,,calcium-channel blocker,True,False
655,655.0,655.0,Xa10N,Sular,Short insular gyrus,Nisoldipine,,,calcium-channel blocker,True,False
656,656.0,656.0,Xa1qr,Istin,Removal of existing dental restoration,Amlodipine,,,calcium-channel blocker,True,False
657,657.0,657.0,Xa2DK,Uard,Brown-Sequard syndrome,Diltiazem Hydrochloride,,,calcium-channel blocker,True,False
658,658.0,658.0,Xa2zt,Istin,Habitual hair twisting,Amlodipine,,,calcium-channel blocker,True,False
659,659.0,659.0,Xa4hs,Istin,Fit ear mould for existing hearing aid,Amlodipine,,,calcium-channel blocker,True,False
660,660.0,660.0,Xa6Zr,Sular,Subcapsular,Nisoldipine,,,calcium-channel blocker,True,False
661,661.0,661.0,Xa7JY,Istin,Fisting reflex present,Amlodipine,,,calcium-channel blocker,True,False
662,662.0,662.0,Xa7JZ,Istin,Fisting reflex absent,Amlodipine,,,calcium-channel blocker,True,False
663,663.0,663.0,Xa7Ja,Istin,Fisting reflex equivocal,Amlodipine,,,calcium-channel blocker,True,False
664,664.0,664.0,Xa7Vo,Uard,Observation of abdominal guarding,Diltiazem Hydrochloride,,,calcium-channel blocker,True,False
665,665.0,665.0,Xa7Vp,Uard,Guarding of right hypochondrium,Diltiazem Hydrochloride,,,calcium-channel blocker,True,False
666,666.0,666.0,Xa7Vq,Uard,Guarding of epigastrium,Diltiazem Hydrochloride,,,calcium-channel blocker,True,False
667,667.0,667.0,Xa7Vr,Uard,Guarding of left hypochondrium,Diltiazem Hydrochloride,,,calcium-channel blocker,True,False
668,668.0,668.0,Xa7Vs,Uard,Guarding of right lumbar region,Diltiazem Hydrochloride,,,calcium-channel blocker,True,False
669,669.0,669.0,Xa7Vt,Uard,Guarding of left lumbar region,Diltiazem Hydrochloride,,,calcium-channel blocker,True,False
670,670.0,670.0,Xa7Vu,Uard,Guarding of umbilical region,Diltiazem Hydrochloride,,,calcium-channel blocker,True,False
671,671.0,671.0,Xa7Vv,Uard,Guarding of right iliac fossa,Diltiazem Hydrochloride,,,calcium-channel blocker,True,False
672,672.0,672.0,Xa7Vw,Uard,Guarding of left iliac fossa,Diltiazem Hydrochloride,,,calcium-channel blocker,True,False
673,673.0,673.0,Xa7Vx,Uard,Guarding of hypogastrium,Diltiazem Hydrochloride,,,calcium-channel blocker,True,False
674,674.0,674.0,Xa7Vy,Uard,No abdominal guarding on palpation,Diltiazem Hydrochloride,,,calcium-channel blocker,True,False
675,675.0,675.0,Xa8Np,Univer,University teacher,Verapamil Hydrochloride,,,calcium-channel blocker,True,False
676,676.0,676.0,Xa9Di,Uard,Received into guardianship under the Mental Health Act 1983 (England and Wales),Diltiazem Hydrochloride,,,calcium-channel blocker,True,False
677,677.0,677.0,Xa9Dk,Uard,Received into guardianship under Section 7 of the Mental Health Act1983 (England and Wales),Diltiazem Hydrochloride,,,calcium-channel blocker,True,False
678,678.0,678.0,Xa9Dk,Uard,S7 MHA - Received into guardianship under Section 7 of the Mental Health Act1983 (England and Wales),Diltiazem Hydrochloride,,,calcium-channel blocker,True,False
679,679.0,679.0,Xa9Dm,Uard,Received into guardianship on court order under Section 37 of the Mental Health Act 1983 (England and Wales),Diltiazem Hydrochloride,,,calcium-channel blocker,True,False
680,680.0,680.0,Xa9Dm,Uard,S37 MHA - Received into guardianship on court order under Section 37 of the Mental Health Act 1983 (England and Wales),Diltiazem Hydrochloride,,,calcium-channel blocker,True,False
681,681.0,681.0,XaA0S,Istin,Assisting with functional activity,Amlodipine,,,calcium-channel blocker,True,False
682,682.0,682.0,XaA0T,Istin,Assisting with activity of daily living,Amlodipine,,,calcium-channel blocker,True,False
683,683.0,683.0,XaA0U,Istin,Assisting with exercise,Amlodipine,,,calcium-channel blocker,True,False
684,684.0,684.0,XaBYN,Sular,Extracapsular cataract extraction and insertion of intraocular lens,Nisoldipine,,,calcium-channel blocker,True,False
685,685.0,685.0,XaBYN,Sular,ECCE - Extracapsular cataract extraction and insertion of intraocular lens,Nisoldipine,,,calcium-channel blocker,True,False
686,686.0,686.0,XaBYO,Sular,Intracapsular cataract extraction and insertion of intraocular lens,Nisoldipine,,,calcium-channel blocker,True,False
687,687.0,687.0,XaBYO,Sular,ICCE - Intracapsular cataract extraction and insertion of intraocular lens,Nisoldipine,,,calcium-channel blocker,True,False
688,688.0,688.0,XaCJ8,Istin,Less than 24 weeks involving risk of injury to the physical/mental health of any existing children of the pregnant woman's family,Amlodipine,,,calcium-channel blocker,True,False
689,689.0,689.0,XaEJD,Sular,Closed reduction of intracapsular fracture of neck of femur and internal fixation using a dynamic hip screw,Nisoldipine,,,calcium-channel blocker,True,False
690,690.0,690.0,XaEL7,Istin,Assisting with toileting,Amlodipine,,,calcium-channel blocker,True,False
691,691.0,691.0,XaEb4,Sular,Insular structure,Nisoldipine,,,calcium-channel blocker,True,False
692,692.0,692.0,XaEfN,Sular,Insular sulcus,Nisoldipine,,,calcium-channel blocker,True,False
693,693.0,693.0,XaG28,Sular,Anterior subcapsular cataract,Nisoldipine,,,calcium-channel blocker,True,False
694,694.0,694.0,XaG29,Sular,Posterior subcapsular cataract,Nisoldipine,,,calcium-channel blocker,True,False
695,695.0,695.0,XaJQ2,Uard,Legal guardian details,Diltiazem Hydrochloride,,,calcium-channel blocker,True,False
696,696.0,696.0,XaJQ4,Uard,Legal guardian - home telephone number,Diltiazem Hydrochloride,,,calcium-channel blocker,True,False
697,697.0,697.0,XaJQ7,Uard,Legal guardian - mobile telephone number,Diltiazem Hydrochloride,,,calcium-channel blocker,True,False
698,698.0,698.0,XaJQ9,Uard,Legal guardian - work telephone number,Diltiazem Hydrochloride,,,calcium-channel blocker,True,False
699,699.0,699.0,XaJQB,Uard,Legal guardian - email address,Diltiazem Hydrochloride,,,calcium-channel blocker,True,False
700,700.0,700.0,XaJek,Sular,Arthroscopic capsular release of shoulder joint,Nisoldipine,,,calcium-channel blocker,True,False
701,701.0,701.0,XaJv3,Univer,Malnutrition universal screening tool score,Verapamil Hydrochloride,,,calcium-channel blocker,True,False
702,702.0,702.0,XaJv3,Univer,MUST (malnutrition universal screening tool) score,Verapamil Hydrochloride,,,calcium-channel blocker,True,False
703,703.0,703.0,XaN6E,Uard,Has guardian appointed under the Adults with Incapacity (Scotland) Act 2000,Diltiazem Hydrochloride,,,calcium-channel blocker,True,False
704,704.0,704.0,XaPHd,Uard,Education of guardian,Diltiazem Hydrochloride,,,calcium-channel blocker,True,False
705,705.0,705.0,XaPUr,Univer,Universalist,Verapamil Hydrochloride,,,calcium-channel blocker,True,False
706,706.0,706.0,XaPUs,Univer,Unitarian Universalist,Verapamil Hydrochloride,,,calcium-channel blocker,True,False
707,707.0,707.0,XaPtb,Sular,Remanipulation of intracapsular fracture of neck of femur and fixation using nail or screw,Nisoldipine,,,calcium-channel blocker,True,False
708,708.0,708.0,XaQok,Uard,Referral to safeguarding adults team,Diltiazem Hydrochloride,,,calcium-channel blocker,True,False
709,709.0,709.0,XaVxn,Uard,Notification to safeguarding service of missing child,Diltiazem Hydrochloride,,,calcium-channel blocker,True,False
710,710.0,710.0,XaX8Z,Uard,Legal guardian present at encounter,Diltiazem Hydrochloride,,,calcium-channel blocker,True,False
711,711.0,711.0,XaXIf,Uard,Referral to safeguarding children team,Diltiazem Hydrochloride,,,calcium-channel blocker,True,False
712,712.0,712.0,XaXMw,Uard,Discussed with clinical supervisor for safeguarding,Diltiazem Hydrochloride,,,calcium-channel blocker,True,False
713,713.0,713.0,XaXOB,Univer,Universal precautions,Verapamil Hydrochloride,,,calcium-channel blocker,True,False
714,714.0,714.0,XaXP4,Uard,Adult safeguarding concern,Diltiazem Hydrochloride,,,calcium-channel blocker,True,False
715,715.0,715.0,XaXP7,Uard,Adult no longer safeguarding concern,Diltiazem Hydrochloride,,,calcium-channel blocker,True,False
716,716.0,716.0,XaXoi,Istin,Colistin desensitisation therapy,Amlodipine,,,calcium-channel blocker,True,False
717,717.0,717.0,XaYRG,Uard,Safeguarding children and young people toolkit for general practice (2009 revision),Diltiazem Hydrochloride,,,calcium-channel blocker,True,False
718,718.0,718.0,XaYZ3,Uard,Child no longer safeguarding concern,Diltiazem Hydrochloride,,,calcium-channel blocker,True,False
719,719.0,719.0,XaZJs,Uard,Child is cause for safeguarding concern,Diltiazem Hydrochloride,,,calcium-channel blocker,True,False
720,720.0,720.0,XaZK8,Uard,Referral to safeguarding coordinator,Diltiazem Hydrochloride,,,calcium-channel blocker,True,False
721,721.0,721.0,XaZLa,Univer,Under care of health visiting service - Universal,Verapamil Hydrochloride,,,calcium-channel blocker,True,False
722,722.0,722.0,XaZLb,Univer,Under care of health visiting service - Universal plus,Verapamil Hydrochloride,,,calcium-channel blocker,True,False
723,723.0,723.0,XaZLc,Univer,Under care of health visiting service - Universal partnership plus,Verapamil Hydrochloride,,,calcium-channel blocker,True,False
724,724.0,724.0,XaZfL,Uard,Assessment of risk for deprivation of liberty in accordance with Mental Capacity Act 2005 Deprivation of liberty safeguards Code of Practice,Diltiazem Hydrochloride,,,calcium-channel blocker,True,False
725,725.0,725.0,XaZwt,Uard,No safeguarding issues identified,Diltiazem Hydrochloride,,,calcium-channel blocker,True,False
726,726.0,726.0,Xaa1c,Univer,Malnutrition universal screening tool,Verapamil Hydrochloride,,,calcium-channel blocker,True,False
727,727.0,727.0,XaaMQ,Istin,Existing patient paper record available,Amlodipine,,,calcium-channel blocker,True,False
728,728.0,728.0,XaaNV,Uard,Unborn child is cause for safeguarding concern,Diltiazem Hydrochloride,,,calcium-channel blocker,True,False
729,729.0,729.0,XaagD,Uard,Parent/guardian not aware of any contraindication to immunisation,Diltiazem Hydrochloride,,,calcium-channel blocker,True,False
730,730.0,730.0,Xab9T,Univer,University of Washington Quality of Life questionnaire version 4,Verapamil Hydrochloride,,,calcium-channel blocker,True,False
731,731.0,731.0,XabR2,Univer,Under care of school nursing service - Universal,Verapamil Hydrochloride,,,calcium-channel blocker,True,False
732,732.0,732.0,XabR5,Univer,Under care of school nursing service - Universal plus,Verapamil Hydrochloride,,,calcium-channel blocker,True,False
733,733.0,733.0,XabR8,Univer,Under care of school nursing service - Universal partnership plus,Verapamil Hydrochloride,,,calcium-channel blocker,True,False
734,734.0,734.0,XabZy,Istin,Able to distinguish stool and flatus,Amlodipine,,,calcium-channel blocker,True,False
735,735.0,735.0,Xabjy,Sular,Anterior capsular phimosis,Nisoldipine,,,calcium-channel blocker,True,False
736,736.0,736.0,Xabs9,Uard,Discharged from guardianship under Section 23 of the Mental Health Act 1983 (England and Wales),Diltiazem Hydrochloride,,,calcium-channel blocker,True,False
737,737.0,737.0,XabzB,Uard,Safeguarding adults protection plan agreed,Diltiazem Hydrochloride,,,calcium-channel blocker,True,False
738,738.0,738.0,XabzC,Uard,Safeguarding adults protection plan completed,Diltiazem Hydrochloride,,,calcium-channel blocker,True,False
739,739.0,739.0,Xac4L,Univer,Requires information on USB (universal serial bus) mass storage device,Verapamil Hydrochloride,,,calcium-channel blocker,True,False
740,740.0,740.0,XaeDc,Uard,Unborn child no longer cause for safeguarding concern,Diltiazem Hydrochloride,,,calcium-channel blocker,True,False
741,741.0,741.0,XaeYX,Uard,SAR (Safeguarding Adults Return) referral conclusion,Diltiazem Hydrochloride,,,calcium-channel blocker,True,False
742,742.0,742.0,XaeYY,Uard,SAR (Safeguarding Adults Return) referral conclusion - investigation fully substantiated,Diltiazem Hydrochloride,,,calcium-channel blocker,True,False
743,743.0,743.0,XaeYZ,Uard,SAR (Safeguarding Adults Return) referral conclusion - investigation partially substantiated,Diltiazem Hydrochloride,,,calcium-channel blocker,True,False
744,744.0,744.0,XaeYa,Uard,SAR (Safeguarding Adults Return) referral conclusion - investigation not substantiated,Diltiazem Hydrochloride,,,calcium-channel blocker,True,False
745,745.0,745.0,XaeYb,Uard,SAR (Safeguarding Adults Return) referral conclusion - investigation inconclusive,Diltiazem Hydrochloride,,,calcium-channel blocker,True,False
746,746.0,746.0,XaeYc,Uard,SAR (Safeguarding Adults Return) referral conclusion - investigation ceased at individual's request,Diltiazem Hydrochloride,,,calcium-channel blocker,True,False
747,747.0,747.0,XafF8,Uard,Safeguarding intervention,Diltiazem Hydrochloride,,,calcium-channel blocker,True,False
748,748.0,748.0,XafeJ,Uard,Child in family is safeguarding concern,Diltiazem Hydrochloride,,,calcium-channel blocker,True,False
749,749.0,749.0,Xafgj,Uard,Notification to safeguarding service of child no longer missing,Diltiazem Hydrochloride,,,calcium-channel blocker,True,False
750,750.0,750.0,Xafhr,Uard,Subject to deprivation of liberty under the Mental Capacity Act 2005 Deprivation of Liberty Safeguards,Diltiazem Hydrochloride,,,calcium-channel blocker,True,False
751,751.0,751.0,as12.,Keloc,Kelocyanor 300mg/20mL injection,Felodipine,300 mg/20 ml,,calcium-channel blocker,True,False
752,752.0,752.0,bA1..,Felodipine,Felodipine+ramipril,Felodipine,,,calcium-channel blocker,True,False
753,753.0,753.0,bA1y.,Felodipine,Felodipine+ramipril 2.5mg/2.5mg tablet,Felodipine,2.5 mg,,calcium-channel blocker,True,False
754,754.0,754.0,bA1z.,Felodipine,Felodipine+ramipril 5mg/5mg tablet,Felodipine,5 mg,,calcium-channel blocker,True,False
755,755.0,755.0,bb34.,Berkatens,Berkatens 40mg tablet,Verapamil Hydrochloride,40 mg,,calcium-channel blocker,True,False
756,756.0,756.0,bb35.,Berkatens,Berkatens 80mg tablet,Verapamil Hydrochloride,80 mg,,calcium-channel blocker,True,False
757,757.0,757.0,bb36.,Berkatens,Berkatens 120mg tablet,Verapamil Hydrochloride,120 mg,,calcium-channel blocker,True,False
758,758.0,758.0,bb37.,Berkatens,Berkatens 160mg tablet,Verapamil Hydrochloride,160 mg,,calcium-channel blocker,True,False
759,759.0,759.0,bb38.,Cordilox,Cordilox 40mg tablet,Verapamil Hydrochloride,40 mg,,calcium-channel blocker,True,False
760,760.0,760.0,bb39.,Cordilox,Cordilox 80mg tablet,Verapamil Hydrochloride,80 mg,,calcium-channel blocker,True,False
761,761.0,761.0,bb3B.,Securon,Half Securon SR 120mg m/r tablet,Verapamil Hydrochloride,120 mg,,calcium-channel blocker,True,False
762,762.0,762.0,bb3F.,Securon,Half-Securon SR 120mg m/r tablets 28CP,Verapamil Hydrochloride,120 mg,,calcium-channel blocker,True,False
763,763.0,763.0,bb3K.,Verapress,Verapress MR 240 m/r tablet,Verapamil Hydrochloride,,,calcium-channel blocker,True,False
764,764.0,764.0,bb3L.,Ethimil,Ethimil MR 240 m/r tablet,Verapamil Hydrochloride,,,calcium-channel blocker,True,False
765,765.0,765.0,bb3M.,Cordilox,Cordilox MR 240 m/r tablet,Verapamil Hydrochloride,,,calcium-channel blocker,True,False
766,766.0,766.0,bb3N.,Zolvera,Zolvera 40mg/5mL oral solution,Verapamil Hydrochloride,40 mg/5 ml,,calcium-channel blocker,True,False
767,767.0,767.0,bb3O.,Ranvera,Ranvera MR 240mg m/r tablet,Verapamil Hydrochloride,240 mg,,calcium-channel blocker,True,False
768,768.0,768.0,bb3P.,Vera-Til,Vera-Til SR 240mg m/r tablet,Verapamil Hydrochloride,240 mg,,calcium-channel blocker,True,False
769,769.0,769.0,bb3Q.,Vera-Til,Vera-Til SR 120mg m/r tablet,Verapamil Hydrochloride,120 mg,,calcium-channel blocker,True,False
770,770.0,770.0,bb3a.,Cordilox,Cordilox 120mg tablet,Verapamil Hydrochloride,120 mg,,calcium-channel blocker,True,False
771,771.0,771.0,bb3b.,Cordilox,Cordilox 160mg tablet,Verapamil Hydrochloride,160 mg,,calcium-channel blocker,True,False
772,772.0,772.0,bb3c.,Cordilox,Cordilox 5mg/2mL injection,Verapamil Hydrochloride,5 mg/2 ml,,calcium-channel blocker,True,False
773,773.0,773.0,bb3d.,Securon,Securon 40mg tablet,Verapamil Hydrochloride,40 mg,,calcium-channel blocker,True,False
774,774.0,774.0,bb3e.,Securon,Securon 80mg tablet,Verapamil Hydrochloride,80 mg,,calcium-channel blocker,True,False
775,775.0,775.0,bb3f.,Securon,Securon 120mg tablet,Verapamil Hydrochloride,120 mg,,calcium-channel blocker,True,False
776,776.0,776.0,bb3g.,Securon,Securon 120mg tablets 56CP,Verapamil Hydrochloride,120 mg,,calcium-channel blocker,True,False
777,777.0,777.0,bb3h.,Securon,Securon 160mg tablets 56CP,Verapamil Hydrochloride,160 mg,,calcium-channel blocker,True,False
778,778.0,778.0,bb3i.,Securon,Securon 160mg tablet,Verapamil Hydrochloride,160 mg,,calcium-channel blocker,True,False
779,779.0,779.0,bb3j.,Securon,Securon SR 240mg m/r tablet,Verapamil Hydrochloride,240 mg,,calcium-channel blocker,True,False
780,780.0,780.0,bb3k.,Securon,Securon SR 240mg m/r tablets 28CP,Verapamil Hydrochloride,240 mg,,calcium-channel blocker,True,False
781,781.0,781.0,bb3l.,Univer,Univer 120mg m/r capsules x28,Verapamil Hydrochloride,120 mg,,calcium-channel blocker,True,False
782,782.0,782.0,bb3m.,Univer,Univer 180mg m/r capsule x56,Verapamil Hydrochloride,180 mg,,calcium-channel blocker,True,False
783,783.0,783.0,bb3n.,Univer,Univer 240mg m/r capsules x28,Verapamil Hydrochloride,240 mg,,calcium-channel blocker,True,False
784,784.0,784.0,bb3o.,Securon,Securon IV 5mg/2mL injection,Verapamil Hydrochloride,5 mg/2 ml,,calcium-channel blocker,True,False
785,785.0,785.0,bb3p.,Geangin,Geangin 40mg tablet,Verapamil Hydrochloride,40 mg,,calcium-channel blocker,True,False
786,786.0,786.0,bb3q.,Geangin,Geangin 80mg tablet,Verapamil Hydrochloride,80 mg,,calcium-channel blocker,True,False
787,787.0,787.0,bb3r.,Geangin,Geangin 120mg tablet,Verapamil Hydrochloride,120 mg,,calcium-channel blocker,True,False
788,788.0,788.0,bb3s.,Vertab,Vertab SR 240 m/r tablet,Verapamil Hydrochloride,,,calcium-channel blocker,True,False
789,789.0,789.0,bdes.,Adalat,Beta-Adalat capsule,Nifedipine,,,calcium-channel blocker,True,False
790,790.0,790.0,bdez.,Nifedipine,Atenolol+nifedipine 50mg/20mg m/r capsule,Nifedipine,50 mg,,calcium-channel blocker,True,False
791,791.0,791.0,bk6..,Verapamil Hydrochloride,Trandolapril+verapamil hydrochloride,Verapamil Hydrochloride,,,calcium-channel blocker,True,False
792,792.0,792.0,bk61.,Verapamil Hydrochloride,Trandolapril+verapamil hydrochloride 2mg/180mg m/r capsule,Verapamil Hydrochloride,2 mg,,calcium-channel blocker,True,False
793,793.0,793.0,bkD..,Amlodipine,AMLODIPINE + VALSARTAN,Amlodipine,,,calcium-channel blocker,True,False
794,794.0,794.0,bkD1.,Amlodipine,AMLODIPINE+VALSARTAN 5mg/80mg tablets,Amlodipine,5 mg,,calcium-channel blocker,True,False
795,795.0,795.0,bkD2.,Amlodipine,AMLODIPINE+VALSARTAN 5mg/160mg tablets,Amlodipine,5 mg,,calcium-channel blocker,True,False
796,796.0,796.0,bkD3.,Amlodipine,AMLODIPINE+VALSARTAN 10mg/160mg tablets,Amlodipine,10 mg,,calcium-channel blocker,True,False
797,797.0,797.0,bkDx.,Exforge,EXFORGE 10mg/160mg tablets,Valsartan/Amlodipine,10 mg,,calcium-channel blocker,True,False
798,798.0,798.0,bkDy.,Exforge,EXFORGE 5mg/160mg tablets,Valsartan/Amlodipine,5 mg,,calcium-channel blocker,True,False
799,799.0,799.0,bkDz.,Exforge,EXFORGE 5mg/80mg tablets,Valsartan/Amlodipine,5 mg,,calcium-channel blocker,True,False
800,800.0,800.0,bkH..,Amlodipine,OLMESARTAN+AMLODIPINE,Amlodipine,,,calcium-channel blocker,True,False
801,801.0,801.0,bkHx.,Amlodipine,OLMESARTAN MEDOXOMIL+AMLODIPINE 40mg/10mg tablets,Amlodipine,40 mg,,calcium-channel blocker,True,False
802,802.0,802.0,bkHy.,Amlodipine,OLMESARTAN MEDOXOMIL+AMLODIPINE 40mg/5mg tablets,Amlodipine,40 mg,,calcium-channel blocker,True,False
803,803.0,803.0,bkHz.,Amlodipine,OLMESARTAN MEDOXOMIL+AMLODIPINE 20mg/5mg tablets,Amlodipine,20 mg,,calcium-channel blocker,True,False
804,804.0,804.0,bkI..,Amlodipine,OLMESARTAN+AMLODIPINE+HYDROCHLOROTHIAZIDE,Amlodipine,,,calcium-channel blocker,True,True
805,805.0,805.0,bl51.,Tildiem,Tildiem 60mg m/r tablet,Diltiazem Hydrochloride,60 mg,,calcium-channel blocker,True,False
806,806.0,806.0,bl52.,Calcicard,Calcicard 60mg tablet,Diltiazem Hydrochloride,60 mg,,calcium-channel blocker,True,False
807,807.0,807.0,bl53.,Britiazim,Britiazim 60mg m/r tablet,Diltiazem Hydrochloride,60 mg,,calcium-channel blocker,True,False
808,808.0,808.0,bl54.,Adizem,Adizem-SR 120mg long acting m/r tablet,Diltiazem Hydrochloride,120 mg,,calcium-channel blocker,True,False
809,809.0,809.0,bl56.,Angiozem,Angiozem 60mg m/r tablet,Diltiazem Hydrochloride,60 mg,,calcium-channel blocker,True,False
810,810.0,810.0,bl57.,Adizem,Adizem-60 m/r tablet,Diltiazem Hydrochloride,,,calcium-channel blocker,True,False
811,811.0,811.0,bl58.,Tildiem,Tildiem Retard 90mg long acting m/r tablet,Diltiazem Hydrochloride,90 mg,,calcium-channel blocker,True,False
812,812.0,812.0,bl59.,Tildiem,Tildiem Retard 120mg long acting m/r tablet,Diltiazem Hydrochloride,120 mg,,calcium-channel blocker,True,False
813,813.0,813.0,bl5A.,Tildiem,Tildiem LA 300mg long acting m/r capsule,Diltiazem Hydrochloride,300 mg,,calcium-channel blocker,True,False
814,814.0,814.0,bl5B.,Adizem,Adizem-SR 90mg long acting m/r capsule,Diltiazem Hydrochloride,90 mg,,calcium-channel blocker,True,False
815,815.0,815.0,bl5C.,Adizem,Adizem-SR 120mg long acting m/r capsule,Diltiazem Hydrochloride,120 mg,,calcium-channel blocker,True,False
816,816.0,816.0,bl5D.,Adizem,Adizem-SR 180mg long acting m/r capsule,Diltiazem Hydrochloride,180 mg,,calcium-channel blocker,True,False
817,817.0,817.0,bl5E.,Adizem,Adizem-XL 300mg long acting m/r capsule,Diltiazem Hydrochloride,300 mg,,calcium-channel blocker,True,False
818,818.0,818.0,bl5F.,Dilzem,Dilzem SR 60mg long acting m/r capsule,Diltiazem Hydrochloride,60 mg,,calcium-channel blocker,True,False
819,819.0,819.0,bl5G.,Dilzem,Dilzem SR 90mg long acting m/r capsule,Diltiazem Hydrochloride,90 mg,,calcium-channel blocker,True,False
820,820.0,820.0,bl5H.,Dilzem,Dilzem SR 120mg long acting m/r capsule,Diltiazem Hydrochloride,120 mg,,calcium-channel blocker,True,False
821,821.0,821.0,bl5I.,Adizem,Adizem-XL 240mg m/r capsule,Diltiazem Hydrochloride,240 mg,,calcium-channel blocker,True,False
822,822.0,822.0,bl5J.,Adizem,Adizem-XL 180mg m/r capsule,Diltiazem Hydrochloride,180 mg,,calcium-channel blocker,True,False
823,823.0,823.0,bl5K.,Adizem,Adizem-XL 120mg m/r capsule,Diltiazem Hydrochloride,120 mg,,calcium-channel blocker,True,False
824,824.0,824.0,bl5L.,Dilzem,Dilzem XL 120mg m/r capsule,Diltiazem Hydrochloride,120 mg,,calcium-channel blocker,True,False
825,825.0,825.0,bl5M.,Dilzem,Dilzem XL 180mg m/r capsule,Diltiazem Hydrochloride,180 mg,,calcium-channel blocker,True,False
826,826.0,826.0,bl5N.,Dilzem,Dilzem XL 240mg m/r capsule,Diltiazem Hydrochloride,240 mg,,calcium-channel blocker,True,False
827,827.0,827.0,bl5O.,Slozem,Slozem 120mg m/r capsule,Diltiazem Hydrochloride,120 mg,,calcium-channel blocker,True,False
828,828.0,828.0,bl5P.,Slozem,Slozem 180mg m/r capsule,Diltiazem Hydrochloride,180 mg,,calcium-channel blocker,True,False
829,829.0,829.0,bl5Q.,Slozem,Slozem 240mg m/r capsule,Diltiazem Hydrochloride,240 mg,,calcium-channel blocker,True,False
830,830.0,830.0,bl5R.,Angitil,Angitil SR 90 m/r capsule,Diltiazem Hydrochloride,,,calcium-channel blocker,True,False
831,831.0,831.0,bl5S.,Angitil,Angitil SR 120 m/r capsule,Diltiazem Hydrochloride,,,calcium-channel blocker,True,False
832,832.0,832.0,bl5U.,Angitil,Angitil SR 180 m/r capsule,Diltiazem Hydrochloride,,,calcium-channel blocker,True,False
833,833.0,833.0,bl5V.,Calcicard,Calcicard CR 90mg m/r tablet,Diltiazem Hydrochloride,90 mg,,calcium-channel blocker,True,False
834,834.0,834.0,bl5W.,Calcicard,Calcicard CR 120mg m/r tablet,Diltiazem Hydrochloride,120 mg,,calcium-channel blocker,True,False
835,835.0,835.0,bl5X.,Kentiazem,Kentiazem 60mg m/r capsule,Diltiazem Hydrochloride,60 mg,,calcium-channel blocker,True,False
836,836.0,836.0,bl5Y.,Optil,Optil 60mg m/r tablet,Diltiazem Hydrochloride,60 mg,,calcium-channel blocker,True,False
837,837.0,837.0,bl5Z.,Tildiem,Tildiem LA 200mg m/r capsule,Diltiazem Hydrochloride,200 mg,,calcium-channel blocker,True,False
838,838.0,838.0,bl5j.,Adizem,Adizem-XL Plus m/r capsule,Diltiazem Hydrochloride,,,calcium-channel blocker,True,False
839,839.0,839.0,bl5k.,Angiozem,Angiozem CR 90mg m/r tablet,Diltiazem Hydrochloride,90 mg,,calcium-channel blocker,True,False
840,840.0,840.0,bl5l.,Dilcardia,Dilcardia SR 60mg m/r capsule,Diltiazem Hydrochloride,60 mg,,calcium-channel blocker,True,False
841,841.0,841.0,bl5m.,Angiozem,Angiozem CR 120mg m/r tablet,Diltiazem Hydrochloride,120 mg,,calcium-channel blocker,True,False
842,842.0,842.0,bl5n.,Zemtard,Zemtard 300 XL m/r capsule,Diltiazem Hydrochloride,,,calcium-channel blocker,True,False
843,843.0,843.0,bl5o.,Viazem,Viazem XL 120mg m/r capsule,Diltiazem Hydrochloride,120 mg,,calcium-channel blocker,True,False
844,844.0,844.0,bl5p.,Viazem,Viazem XL 180mg m/r capsule,Diltiazem Hydrochloride,180 mg,,calcium-channel blocker,True,False
845,845.0,845.0,bl5q.,Viazem,Viazem XL 240mg m/r capsule,Diltiazem Hydrochloride,240 mg,,calcium-channel blocker,True,False
846,846.0,846.0,bl5r.,Viazem,Viazem XL 300mg m/r capsule,Diltiazem Hydrochloride,300 mg,,calcium-channel blocker,True,False
847,847.0,847.0,bl5t.,Viazem,Viazem XL 360mg m/r capsule,Diltiazem Hydrochloride,360 mg,,calcium-channel blocker,True,False
848,848.0,848.0,bl5u.,Calazem,Calazem 60mg m/r tablet,Diltiazem Hydrochloride,60 mg,,calcium-channel blocker,True,False
849,849.0,849.0,bl5v.,Dilcardia,Dilcardia SR 90mg m/r capsule,Diltiazem Hydrochloride,90 mg,,calcium-channel blocker,True,False
850,850.0,850.0,bl5w.,Dilcardia,Dilcardia SR 120mg m/r capsule,Diltiazem Hydrochloride,120 mg,,calcium-channel blocker,True,False
851,851.0,851.0,bl5x.,Angitil,Angitil XL 240 m/r capsule,Diltiazem Hydrochloride,,,calcium-channel blocker,True,False
852,852.0,852.0,bl5y.,Angitil,Angitil XL 300 m/r capsule,Diltiazem Hydrochloride,,,calcium-channel blocker,True,False
853,853.0,853.0,bl6..,Lidoflazine,Lidoflazine,Lidoflazine,,,calcium-channel blocker,True,False
854,854.0,854.0,bl61.,Clinium,Clinium 120mg tablet,Lidoflazine,120 mg,,calcium-channel blocker,True,False
855,855.0,855.0,bl6z.,Lidoflazine,Lidoflazine 120mg tablet,Lidoflazine,120 mg,,calcium-channel blocker,True,False
856,856.0,856.0,bl71.,Cardene,Cardene 20mg capsule,Nicardipine Hydrochloride,20 mg,,calcium-channel blocker,True,False
857,857.0,857.0,bl72.,Cardene,Cardene 30mg capsule,Nicardipine Hydrochloride,30 mg,,calcium-channel blocker,True,False
858,858.0,858.0,bl73.,Cardene,Cardene SR 30mg m/r capsule,Nicardipine Hydrochloride,30 mg,,calcium-channel blocker,True,False
859,859.0,859.0,bl74.,Cardene,Cardene SR 45mg m/r capsule,Nicardipine Hydrochloride,45 mg,,calcium-channel blocker,True,False
860,860.0,860.0,bl8..,Nifedipine,Nifedipine,Nifedipine,,,calcium-channel blocker,True,False
861,861.0,861.0,bl81.,Adalat,Adalat 5mg capsule,Nifedipine,5 mg,,calcium-channel blocker,True,False
862,862.0,862.0,bl82.,Adalat,Adalat 10mg capsule,Nifedipine,10 mg,,calcium-channel blocker,True,False
863,863.0,863.0,bl83.,Adalat,Adalat Retard 20 m/r tablet,Nifedipine,,,calcium-channel blocker,True,False
864,864.0,864.0,bl84.,Adalat,Adalat Retard 10 m/r tablet,Nifedipine,,,calcium-channel blocker,True,False
865,865.0,865.0,bl85.,Nifedipine,Nifedipine 5mg capsule,Nifedipine,5 mg,,calcium-channel blocker,True,False
866,866.0,866.0,bl86.,Nifedipine,Nifedipine 10mg capsule,Nifedipine,10 mg,,calcium-channel blocker,True,False
867,867.0,867.0,bl87.,Adalat,Adalat IC 200micrograms/2mL prefilled syringe,Nifedipine,,,calcium-channel blocker,True,False
868,868.0,868.0,bl88.,Nifedipine,Nifedipine 200micrograms/2mL prefilled syringe,Nifedipine,,,calcium-channel blocker,True,False
869,869.0,869.0,bl89.,Vasad,Vasad 5mg capsule,Nifedipine,5 mg,,calcium-channel blocker,True,False
870,870.0,870.0,bl8A.,Adipine,Adipine MR 20 m/r tablet,Nifedipine,,,calcium-channel blocker,True,False
871,871.0,871.0,bl8B.,Adipine,Adipine MR 10 m/r tablet,Nifedipine,,,calcium-channel blocker,True,False
872,872.0,872.0,bl8C.,Unipine,Unipine XL 30mg m/r tablet,Nifedipine,30 mg,,calcium-channel blocker,True,False
873,873.0,873.0,bl8D.,Nimodrel,Nimodrel MR 10 m/r tablet,Nifedipine,,,calcium-channel blocker,True,False
874,874.0,874.0,bl8E.,Nimodrel,Nimodrel MR 20 m/r tablet,Nifedipine,,,calcium-channel blocker,True,False
875,875.0,875.0,bl8F.,Nifedipine,Nifedipine 40mg m/r tablet,Nifedipine,40 mg,,calcium-channel blocker,True,False
876,876.0,876.0,bl8G.,Angiopine,Angiopine 40 LA m/r tablet,Nifedipine,,,calcium-channel blocker,True,False
877,877.0,877.0,bl8H.,Cardilate,Cardilate MR 10mg m/r tablet,Nifedipine,10 mg,,calcium-channel blocker,True,False
878,878.0,878.0,bl8J.,Tensipine,Tensipine MR 10 m/r tablet,Nifedipine,,,calcium-channel blocker,True,False
879,879.0,879.0,bl8K.,Tensipine,Tensipine MR 20 m/r tablet,Nifedipine,,,calcium-channel blocker,True,False
880,880.0,880.0,bl8L.,Fortipine,Fortipine LA40 m/r tablet,Nifedipine,,,calcium-channel blocker,True,False
881,881.0,881.0,bl8M.,Adalat,Adalat LA 20mg m/r tablet,Nifedipine,20 mg,,calcium-channel blocker,True,False
882,882.0,882.0,bl8O.,Slofedipine,Slofedipine 20mg m/r tablet,Nifedipine,20 mg,,calcium-channel blocker,True,False
883,883.0,883.0,bl8P.,Angiopine,Angiopine MR 10mg m/r tablet,Nifedipine,10 mg,,calcium-channel blocker,True,False
884,884.0,884.0,bl8Q.,Genalat,Genalat Retard 10mg m/r tablet,Nifedipine,10 mg,,calcium-channel blocker,True,False
885,885.0,885.0,bl8R.,Genalat,Genalat Retard 20mg m/r tablet,Nifedipine,20 mg,,calcium-channel blocker,True,False
886,886.0,886.0,bl8S.,Nifedipress,Nifedipress MR 10 m/r tablet,Nifedipine,,,calcium-channel blocker,True,False
887,887.0,887.0,bl8T.,Nivaten,Nivaten Retard 10mg m/r tablet,Nifedipine,10 mg,,calcium-channel blocker,True,False
888,888.0,888.0,bl8U.,Nifedipress,Nifedipress MR 20 m/r tablet,Nifedipine,,,calcium-channel blocker,True,False
889,889.0,889.0,bl8V.,Nifedipine,Nifedipine 30mg m/r capsule,Nifedipine,30 mg,,calcium-channel blocker,True,False
890,890.0,890.0,bl8W.,Nifedipine,Nifedipine 60mg m/r capsule,Nifedipine,60 mg,,calcium-channel blocker,True,False
891,891.0,891.0,bl8X.,Coracten,Coracten XL 30mg m/r capsule,Nifedipine,30 mg,,calcium-channel blocker,True,False
892,892.0,892.0,bl8Y.,Coracten,Coracten XL 60mg m/r capsule,Nifedipine,60 mg,,calcium-channel blocker,True,False
893,893.0,893.0,bl8Z.,Nivaten,Nivaten Retard 20mg m/r tablet,Nifedipine,20 mg,,calcium-channel blocker,True,False
894,894.0,894.0,bl8a.,Vasad,Vasad 10mg capsule,Nifedipine,10 mg,,calcium-channel blocker,True,False
895,895.0,895.0,bl8b.,Calcilat,Calcilat 10mg capsule,Nifedipine,10 mg,,calcium-channel blocker,True,False
896,896.0,896.0,bl8e.,Coracten,Coracten SR 20mg m/r capsule,Nifedipine,20 mg,,calcium-channel blocker,True,False
897,897.0,897.0,bl8f.,Angiopine,Angiopine 5mg capsule,Nifedipine,5 mg,,calcium-channel blocker,True,False
898,898.0,898.0,bl8g.,Angiopine,Angiopine 10mg capsule,Nifedipine,10 mg,,calcium-channel blocker,True,False
899,899.0,899.0,bl8i.,Adalat,Adalat LA 30mg m/r tablet,Nifedipine,30 mg,,calcium-channel blocker,True,False
900,900.0,900.0,bl8j.,Adalat,Adalat LA 60mg m/r tablet,Nifedipine,60 mg,,calcium-channel blocker,True,False
901,901.0,901.0,bl8k.,Coracten,Coracten SR 10mg m/r capsule,Nifedipine,10 mg,,calcium-channel blocker,True,False
902,902.0,902.0,bl8l.,Cardilate,Cardilate MR 20mg m/r tablet,Nifedipine,20 mg,,calcium-channel blocker,True,False
903,903.0,903.0,bl8m.,Angiopine,Angiopine MR 20mg m/r tablet,Nifedipine,20 mg,,calcium-channel blocker,True,False
904,904.0,904.0,bl8n.,Nifelease,Nifelease 20mg m/r tablet,Nifedipine,20 mg,,calcium-channel blocker,True,False
905,905.0,905.0,bl8o.,Calanif,Calanif 10mg capsule,Nifedipine,10 mg,,calcium-channel blocker,True,False
906,906.0,906.0,bl8p.,Calanif,Calanif 5mg capsule,Nifedipine,5 mg,,calcium-channel blocker,True,False
907,907.0,907.0,bl8q.,Hypolar,Hypolar Retard 20 m/r tablet,Nifedipine,,,calcium-channel blocker,True,False
908,908.0,908.0,bl8r.,Nifedotard,Nifedotard 20MR m/r tablet,Nifedipine,,,calcium-channel blocker,True,False
909,909.0,909.0,bl8s.,Coroday,Coroday MR 20mg m/r tablet,Nifedipine,20 mg,,calcium-channel blocker,True,False
910,910.0,910.0,bl8t.,Nifopress,Nifopress Retard 20mg m/r tablet,Nifedipine,20 mg,,calcium-channel blocker,True,False
911,911.0,911.0,bl8u.,Nifedipine,Nifedipine 10mg m/r capsule,Nifedipine,10 mg,,calcium-channel blocker,True,False
912,912.0,912.0,bl8v.,Nifedipine,Nifedipine 20mg m/r capsule,Nifedipine,20 mg,,calcium-channel blocker,True,False
913,913.0,913.0,bl8w.,Nifedipine,Nifedipine 10mg m/r tablet,Nifedipine,10 mg,,calcium-channel blocker,True,False
914,914.0,914.0,bl8x.,Nifedipine,Nifedipine 30mg m/r tablet,Nifedipine,30 mg,,calcium-channel blocker,True,False
915,915.0,915.0,bl8y.,Nifedipine,Nifedipine 60mg m/r tablet,Nifedipine,60 mg,,calcium-channel blocker,True,False
916,916.0,916.0,bl8z.,Nifedipine,Nifedipine 20mg m/r tablet,Nifedipine,20 mg,,calcium-channel blocker,True,False
917,917.0,917.0,bl91.,Synadrin,Synadrin 60mg tablet,PrenylamineLactate,60 mg,,calcium-channel blocker,True,False
918,918.0,918.0,bla..,Isradipine,Isradipine,Isradipine,,,calcium-channel blocker,True,False
919,919.0,919.0,bla1.,Isradipine,Isradipine 2.5mg tablet,Isradipine,2.5 mg,,calcium-channel blocker,True,False
920,920.0,920.0,bla2.,Prescal,Prescal 2.5mg tablet,Isradipine,2.5 mg,,calcium-channel blocker,True,False
921,921.0,921.0,blb..,Amlodipine,Amlodipine,Amlodipine,,,calcium-channel blocker,True,False
922,922.0,922.0,blb1.,Amlodipine,Amlodipine 5mg tablet,Amlodipine,5 mg,,calcium-channel blocker,True,False
923,923.0,923.0,blb2.,Amlodipine,Amlodipine 10mg tablet,Amlodipine,10 mg,,calcium-channel blocker,True,False
924,924.0,924.0,blb3.,Istin,Istin 5mg tablet,Amlodipine,5 mg,,calcium-channel blocker,True,False
925,925.0,925.0,blb4.,Istin,Istin 10mg tablet,Amlodipine,10 mg,,calcium-channel blocker,True,False
926,926.0,926.0,blb5.,Amlostin,Amlostin 5mg tablet,Amlodipine,5 mg,,calcium-channel blocker,True,False
927,927.0,927.0,blb6.,Amlostin,Amlostin 10mg tablet,Amlodipine,10 mg,,calcium-channel blocker,True,False
928,928.0,928.0,blb7.,Amlodipine,AMLODIPINE 1mg/mL oral solution,Amlodipine,1 mg/mL,,calcium-channel blocker,True,False
929,929.0,929.0,blb8.,Amlodipine,AMLODIPINE 2mg/mL oral solution,Amlodipine,2 mg/mL,,calcium-channel blocker,True,False
930,930.0,930.0,blc..,Felodipine,Felodipine,Felodipine,,,calcium-channel blocker,True,False
931,931.0,931.0,blc1.,Felodipine,Felodipine 5mg m/r tablet,Felodipine,5 mg,,calcium-channel blocker,True,False
932,932.0,932.0,blc2.,Felodipine,Felodipine 10mg m/r tablet,Felodipine,10 mg,,calcium-channel blocker,True,False
933,933.0,933.0,blc3.,Plendil,Plendil 5mg m/r tablet,Felodipine,5 mg,,calcium-channel blocker,True,False
934,934.0,934.0,blc4.,Plendil,Plendil 10mg m/r tablet,Felodipine,10 mg,,calcium-channel blocker,True,False
935,935.0,935.0,blc5.,Felodipine,Felodipine 2.5mg m/r tablet,Felodipine,2.5 mg,,calcium-channel blocker,True,False
936,936.0,936.0,blc6.,Plendil,Plendil 2.5mg m/r tablet,Felodipine,2.5 mg,,calcium-channel blocker,True,False
937,937.0,937.0,blc7.,Cabren,Cabren 2.5mg m/r tablet,Felodipine,2.5 mg,,calcium-channel blocker,True,False
938,938.0,938.0,blc8.,Cabren,Cabren 5mg m/r tablet,Felodipine,5 mg,,calcium-channel blocker,True,False
939,939.0,939.0,blc9.,Cabren,Cabren 10mg m/r tablet,Felodipine,10 mg,,calcium-channel blocker,True,False
940,940.0,940.0,blca.,Felotens,Felotens XL 5mg m/r tablet,Felodipine,5 mg,,calcium-channel blocker,True,False
941,941.0,941.0,blcb.,Felotens,Felotens XL 10mg m/r tablet,Felodipine,10 mg,,calcium-channel blocker,True,False
942,942.0,942.0,blcc.,Felogen,Felogen XL 5mg m/r tablet,Felodipine,5 mg,,calcium-channel blocker,True,False
943,943.0,943.0,blcf.,Keloc,Keloc SR 5mg m/r tablet,Felodipine,5 mg,,calcium-channel blocker,True,False
944,944.0,944.0,blcg.,Keloc,Keloc SR 10mg m/r tablet,Felodipine,10 mg,,calcium-channel blocker,True,False
945,945.0,945.0,blch.,Felogen,Felogen XL 10mg m/r tablet,Felodipine,10 mg,,calcium-channel blocker,True,False
946,946.0,946.0,blci.,Vascalpha,Vascalpha 5mg m/r tablet,Felodipine,5 mg,,calcium-channel blocker,True,False
947,947.0,947.0,blcj.,Vascalpha,Vascalpha 10mg m/r tablet,Felodipine,10 mg,,calcium-channel blocker,True,False
948,948.0,948.0,blck.,Cardioplen,Cardioplen XL 5mg m/r tablet,Felodipine,5 mg,,calcium-channel blocker,True,False
949,949.0,949.0,blcl.,Cardioplen,Cardioplen XL 10mg m/r tablet,Felodipine,10 mg,,calcium-channel blocker,True,False
950,950.0,950.0,blcm.,Neofel,Neofel XL 5mg m/r tablet,Felodipine,5 mg,,calcium-channel blocker,True,False
951,951.0,951.0,blcn.,Neofel,Neofel XL 10mg m/r tablet,Felodipine,10 mg,,calcium-channel blocker,True,False
952,952.0,952.0,blcq.,Pinefeld,Pinefeld XL 10mg m/r tablet,Felodipine,10 mg,,calcium-channel blocker,True,False
953,953.0,953.0,blcr.,Cardioplen,CARDIOPLEN XL 2.5mg m/r tablets,Felodipine,2.5 mg,,calcium-channel blocker,True,False
954,954.0,954.0,blcs.,Neofel,NEOFEL XL 2.5mg m/r tablets,Felodipine,2.5 mg,,calcium-channel blocker,True,False
955,955.0,955.0,blct.,Felotens,FELOTENS XL 2.5mg m/r tablets,Felodipine,2.5 mg,,calcium-channel blocker,True,False
956,956.0,956.0,ble..,Lacidipine,Lacidipine,Lacidipine,,,calcium-channel blocker,True,False
957,957.0,957.0,ble1.,Lacidipine,Lacidipine 2mg tablet,Lacidipine,2 mg,,calcium-channel blocker,True,False
958,958.0,958.0,ble2.,Lacidipine,Lacidipine 4mg tablet,Lacidipine,4 mg,,calcium-channel blocker,True,False
959,959.0,959.0,ble3.,Motens,Motens 2mg tablet,Lacidipine,2 mg,,calcium-channel blocker,True,False
960,960.0,960.0,ble4.,Motens,Motens 4mg tablet,Lacidipine,4 mg,,calcium-channel blocker,True,False
961,961.0,961.0,ble5.,Molap,MOLAP 4mg tablets,Lacidipine,4 mg,,calcium-channel blocker,True,False
962,962.0,962.0,blg..,Nisoldipine,Nisoldipine,Nisoldipine,,,calcium-channel blocker,True,False
963,963.0,963.0,blg1.,Nisoldipine,Nisoldipine 10mg m/r tablet,Nisoldipine,10 mg,,calcium-channel blocker,True,False
964,964.0,964.0,blg2.,Nisoldipine,Nisoldipine 20mg m/r tablet,Nisoldipine,20 mg,,calcium-channel blocker,True,False
965,965.0,965.0,blg3.,Nisoldipine,Nisoldipine 30mg m/r tablet,Nisoldipine,30 mg,,calcium-channel blocker,True,False
966,966.0,966.0,blg4.,Syscor,Syscor MR 10mg m/r tablet,Nisoldipine,10 mg,,calcium-channel blocker,True,False
967,967.0,967.0,blg5.,Syscor,Syscor MR 20mg m/r tablet,Nisoldipine,20 mg,,calcium-channel blocker,True,False
968,968.0,968.0,blg6.,Syscor,Syscor MR 30mg m/r tablet,Nisoldipine,30 mg,,calcium-channel blocker,True,False
969,969.0,969.0,blh2.,Zanidip,Zanidip 10mg tablet,Lercanidipine Hydrochloride,10 mg,,calcium-channel blocker,True,False
970,970.0,970.0,blh4.,Zanidip,Zanidip 20mg tablet,Lercanidipine Hydrochloride,20 mg,,calcium-channel blocker,True,False
971,971.0,971.0,bli..,Mibefradil,Mibefradil,Mibefradil,,,calcium-channel blocker,True,False
972,972.0,972.0,bli1.,Mibefradil,Mibefradil 50mg tablet,Mibefradil,50 mg,,calcium-channel blocker,True,False
973,973.0,973.0,bli2.,Mibefradil,Mibefradil 100mg tablet,Mibefradil,100 mg,,calcium-channel blocker,True,False
974,974.0,974.0,bli3.,Posicor,Posicor 50mg tablet,Mibefradil,50 mg,,calcium-channel blocker,True,False
975,975.0,975.0,bli4.,Posicor,Posicor 100mg tablet,Mibefradil,100 mg,,calcium-channel blocker,True,False
976,976.0,976.0,blj1.,Zemtard,Zemtard 120 XL m/r capsule,Diltiazem Hydrochloride,,,calcium-channel blocker,True,False
977,977.0,977.0,blj2.,Zemtard,Zemtard 180 XL m/r capsule,Diltiazem Hydrochloride,,,calcium-channel blocker,True,False
978,978.0,978.0,blj3.,Zemtard,Zemtard 240 XL m/r capsule,Diltiazem Hydrochloride,,,calcium-channel blocker,True,False
979,979.0,979.0,blj4.,Optil,Optil SR 90 m/r capsule,Diltiazem Hydrochloride,,,calcium-channel blocker,True,False
980,980.0,980.0,blj5.,Optil,Optil SR 120 m/r capsule,Diltiazem Hydrochloride,,,calcium-channel blocker,True,False
981,981.0,981.0,blj6.,Optil,Optil SR 180 m/r capsule,Diltiazem Hydrochloride,,,calcium-channel blocker,True,False
982,982.0,982.0,blj7.,Optil,Optil XL 240 m/r capsule,Diltiazem Hydrochloride,,,calcium-channel blocker,True,False
983,983.0,983.0,blj8.,Optil,Optil XL 300 m/r capsule,Diltiazem Hydrochloride,,,calcium-channel blocker,True,False
984,984.0,984.0,blj9.,Dilcardia,Dilcardia XL 120mg m/r capsule,Diltiazem Hydrochloride,120 mg,,calcium-channel blocker,True,False
985,985.0,985.0,bljA.,Dilcardia,Dilcardia XL 180mg m/r capsule,Diltiazem Hydrochloride,180 mg,,calcium-channel blocker,True,False
986,986.0,986.0,bljB.,Dilcardia,Dilcardia XL 240mg m/r capsule,Diltiazem Hydrochloride,240 mg,,calcium-channel blocker,True,False
987,987.0,987.0,bljC.,Bi-Carzem,BI-CARZEM SR 60mg m/r capsule,Diltiazem Hydrochloride,60 mg,,calcium-channel blocker,True,False
988,988.0,988.0,bljD.,Bi-Carzem,BI-CARZEM SR 90mg m/r capsule,Diltiazem Hydrochloride,90 mg,,calcium-channel blocker,True,False
989,989.0,989.0,bljE.,Bi-Carzem,BI-CARZEM SR 120mg m/r capsule,Diltiazem Hydrochloride,120 mg,,calcium-channel blocker,True,False
990,990.0,990.0,bljF.,Zildil,Zildil SR 60mg m/r capsule,Diltiazem Hydrochloride,60 mg,,calcium-channel blocker,True,False
991,991.0,991.0,bljG.,Zildil,Zildil SR 90mg m/r capsule,Diltiazem Hydrochloride,90 mg,,calcium-channel blocker,True,False
992,992.0,992.0,bljH.,Zildil,Zildil SR 120mg m/r capsule,Diltiazem Hydrochloride,120 mg,,calcium-channel blocker,True,False
993,993.0,993.0,bljJ.,Slozem,Slozem 300mg m/r capsule,Diltiazem Hydrochloride,300 mg,,calcium-channel blocker,True,False
994,994.0,994.0,bljK.,Bi-Carzem,BI-CARZEM XL 300mg m/r capsule,Diltiazem Hydrochloride,300 mg,,calcium-channel blocker,True,False
995,995.0,995.0,bljL.,Bi-Carzem,BI-CARZEM XL 240mg m/r capsule,Diltiazem Hydrochloride,240 mg,,calcium-channel blocker,True,False
996,996.0,996.0,bljM.,Zemret,Zemret 180 XL m/r capsule,Diltiazem Hydrochloride,,,calcium-channel blocker,True,False
997,997.0,997.0,bljN.,Zemret,Zemret 240 XL m/r capsule,Diltiazem Hydrochloride,,,calcium-channel blocker,True,False
998,998.0,998.0,bljO.,Zemret,Zemret 300 XL m/r capsule,Diltiazem Hydrochloride,,,calcium-channel blocker,True,False
999,999.0,999.0,bljP.,Adizem,Adizem-XL 200mg m/r capsule,Diltiazem Hydrochloride,200 mg,,calcium-channel blocker,True,False
1000,1000.0,1000.0,bljQ.,Disogram,Disogram SR 60mg m/r capsule,Diltiazem Hydrochloride,60 mg,,calcium-channel blocker,True,False
1001,1001.0,1001.0,bljR.,Disogram,Disogram SR 90mg m/r capsule,Diltiazem Hydrochloride,90 mg,,calcium-channel blocker,True,False
1002,1002.0,1002.0,bljS.,Disogram,Disogram SR 120mg m/r capsule,Diltiazem Hydrochloride,120 mg,,calcium-channel blocker,True,False
1003,1003.0,1003.0,bljT.,Disogram,Disogram SR 180mg m/r capsule,Diltiazem Hydrochloride,180 mg,,calcium-channel blocker,True,False
1004,1004.0,1004.0,bljU.,Disogram,Disogram SR 240mg m/r capsule,Diltiazem Hydrochloride,240 mg,,calcium-channel blocker,True,False
1005,1005.0,1005.0,bljV.,Disogram,Disogram SR 300mg m/r capsule,Diltiazem Hydrochloride,300 mg,,calcium-channel blocker,True,False
1006,1006.0,1006.0,bljW.,Horizem,Horizem SR 90mg m/r capsule,Diltiazem Hydrochloride,90 mg,,calcium-channel blocker,True,False
1007,1007.0,1007.0,bljX.,Horizem,Horizem SR 120mg m/r capsule,Diltiazem Hydrochloride,120 mg,,calcium-channel blocker,True,False
1008,1008.0,1008.0,bljY.,Diltiazem Hydrochloride,Diltiazem Hydrochloride XL 180mg m/r capsule,Diltiazem Hydrochloride,180 mg,,calcium-channel blocker,True,False
1009,1009.0,1009.0,bljZ.,Diltiazem Hydrochloride,Diltiazem Hydrochloride XL 240mg m/r capsule,Diltiazem Hydrochloride,240 mg,,calcium-channel blocker,True,False
1010,1010.0,1010.0,blja.,Diltiazem Hydrochloride,Diltiazem Hydrochloride XL 300mg m/r capsule,Diltiazem Hydrochloride,300 mg,,calcium-channel blocker,True,False
1011,1011.0,1011.0,bljb.,Retalzem,RETALZEM MR 60mg m/r tablets,Diltiazem Hydrochloride,60 mg,,calcium-channel blocker,True,False
1012,1012.0,1012.0,bljc.,Uard,UARD 120XL m/r capsules,Diltiazem Hydrochloride,,,calcium-channel blocker,True,False
1013,1013.0,1013.0,bljd.,Uard,UARD 180XL m/r capsules,Diltiazem Hydrochloride,,,calcium-channel blocker,True,False
1014,1014.0,1014.0,blje.,Uard,UARD 240XL m/r capsules,Diltiazem Hydrochloride,,,calcium-channel blocker,True,False
1015,1015.0,1015.0,bljf.,Uard,UARD 300XL m/r capsules,Diltiazem Hydrochloride,,,calcium-channel blocker,True,False
1016,1016.0,1016.0,bll..,Nifedipine,Nifedipine [2],Nifedipine,,,calcium-channel blocker,True,False
1017,1017.0,1017.0,bll1.,Slofedipine,Slofedipine XL 30mg m/r tablet,Nifedipine,30 mg,,calcium-channel blocker,True,False
1018,1018.0,1018.0,bll2.,Slofedipine,Slofedipine XL 60mg m/r tablet,Nifedipine,60 mg,,calcium-channel blocker,True,False
1019,1019.0,1019.0,bll3.,Adipine,Adipine LA 30 m/r tablet,Nifedipine,,,calcium-channel blocker,True,False
1020,1020.0,1020.0,bll4.,Adipine,Adipine LA 60 m/r tablet,Nifedipine,,,calcium-channel blocker,True,False
1021,1021.0,1021.0,bll5.,Hypolar,Hypolar XL 30 m/r tablet,Nifedipine,,,calcium-channel blocker,True,False
1022,1022.0,1022.0,bll6.,Calchan,Calchan MR 20mg m/r tablet,Nifedipine,20 mg,,calcium-channel blocker,True,False
1023,1023.0,1023.0,bll7.,Calchan,Calchan MR 10mg m/r tablet,Nifedipine,10 mg,,calcium-channel blocker,True,False
1024,1024.0,1024.0,bll8.,Kentipine,Kentipine MR 10mg m/r tablet,Nifedipine,10 mg,,calcium-channel blocker,True,False
1025,1025.0,1025.0,bll9.,Kentipine,Kentipine MR 20mg m/r tablet,Nifedipine,20 mg,,calcium-channel blocker,True,False
1026,1026.0,1026.0,blla.,Hypolar,Hypolar Retard 10mg m/r tablet,Nifedipine,10 mg,,calcium-channel blocker,True,False
1027,1027.0,1027.0,bllb.,Valni,Valni 20 Retard 20mg m/r tablet,Nifedipine,20 mg,,calcium-channel blocker,True,False
1028,1028.0,1028.0,bllc.,Adipine,Adipine XL 30mg m/r tablet,Nifedipine,30 mg,,calcium-channel blocker,True,False
1029,1029.0,1029.0,blld.,Adipine,Adipine XL 60mg m/r tablet,Nifedipine,60 mg,,calcium-channel blocker,True,False
1030,1030.0,1030.0,blle.,Nimodrel,Nimodrel XL 60mg m/r tablet,Nifedipine,60 mg,,calcium-channel blocker,True,False
1031,1031.0,1031.0,bllf.,Nimodrel,Nimodrel XL 30mg m/r tablet,Nifedipine,30 mg,,calcium-channel blocker,True,False
1032,1032.0,1032.0,bllg.,Valni,VALNI XL 30mg m/r tablets,Nifedipine,30 mg,,calcium-channel blocker,True,False
1033,1033.0,1033.0,bllh.,Valni,VALNI XL 60mg m/r tablets,Nifedipine,60 mg,,calcium-channel blocker,True,False
1034,1034.0,1034.0,blli.,Nidef,NIDEF 30mg m/r tablets,Nifedipine,30 mg,,calcium-channel blocker,True,False
1035,1035.0,1035.0,bllj.,Nidef,NIDEF 60mg m/r tablets,Nifedipine,60 mg,,calcium-channel blocker,True,False
1036,1036.0,1036.0,bllk.,Adanif,ADANIF XL 30mg m/r tablets,Nifedipine,30 mg,,calcium-channel blocker,True,False
1037,1037.0,1037.0,blll.,Adanif,ADANIF XL 60mg m/r tablets,Nifedipine,60 mg,,calcium-channel blocker,True,False
1038,1038.0,1038.0,c8c1.,Istin,Fabahistin 50mg tablet,Amlodipine,50 mg,,calcium-channel blocker,True,False
1039,1039.0,1039.0,c8c2.,Istin,Fabahistin 50mg/5mL mixture,Amlodipine,50 mg/5 ml,,calcium-channel blocker,True,False
1040,1040.0,1040.0,dh1..,Istin,Betahistine dihydrochloride,Amlodipine,,,calcium-channel blocker,True,False
1041,1041.0,1041.0,dh13.,Istin,Betahistine hydrochloride 16mg tablet,Amlodipine,16 mg,,calcium-channel blocker,True,False
1042,1042.0,1042.0,dh1z.,Istin,Betahistine hydrochloride 8mg tablet,Amlodipine,8 mg,,calcium-channel blocker,True,False
1043,1043.0,1043.0,dt1..,Nimodipine,Nimodipine,Nimodipine,,,calcium-channel blocker,True,False
1044,1044.0,1044.0,dt11.,Nimodipine,Nimodipine 10mg/50mL infusion,Nimodipine,10 mg/50 ml,,calcium-channel blocker,True,False
1045,1045.0,1045.0,dt12.,Nimotop,Nimotop 10mg/50mL infusion,Nimodipine,10 mg/50 ml,,calcium-channel blocker,True,False
1046,1046.0,1046.0,dt13.,Nimodipine,Nimodipine 30mg tablet,Nimodipine,30 mg,,calcium-channel blocker,True,False
1047,1047.0,1047.0,dt14.,Nimotop,Nimotop 30mg tablet,Nimodipine,30 mg,,calcium-channel blocker,True,False
1048,1048.0,1048.0,dt15.,Nimodipine,Nimodipine 50mg/250mL infusion,Nimodipine,50 mg/250 ml,,calcium-channel blocker,True,False
1049,1049.0,1049.0,dt16.,Nimotop,Nimotop IV 50mg/250mL infusion,Nimodipine,50 mg/250 ml,,calcium-channel blocker,True,False
1050,1050.0,1050.0,eb3..,Istin,Colistin,Amlodipine,,,calcium-channel blocker,True,False
1051,1051.0,1051.0,eb3w.,Istin,Colistin sulphate 1.5million units tablet,Amlodipine,,,calcium-channel blocker,True,False
1052,1052.0,1052.0,eb3x.,Istin,"Colistin sulphate 250,000units/5mL syrup",Amlodipine,,,calcium-channel blocker,True,False
1053,1053.0,1053.0,eb3y.,Istin,"Colistin sulphomethate sodium 500,000units injection (pdr for recon)",Amlodipine,,,calcium-channel blocker,True,False
1054,1054.0,1054.0,eb3z.,Istin,Colistin sulphomethate sodium 1million units injection (pdr for recon),Amlodipine,,,calcium-channel blocker,True,False
1055,1055.0,1055.0,ebA..,Istin,Quinupristin+dalfopristin,Amlodipine,,,calcium-channel blocker,True,False
1056,1056.0,1056.0,ebAz.,Istin,Quinupristin+dalfopristin 150mg/350mg infusion (pdr for recon),Amlodipine,150 mg,,calcium-channel blocker,True,False
1057,1057.0,1057.0,gg1H.,Optil,OPTILUBE gel 5g sachet,Diltiazem Hydrochloride,,,calcium-channel blocker,True,False
1058,1058.0,1058.0,gg1I.,Optil,OPTILUBE gel 42g,Diltiazem Hydrochloride,,,calcium-channel blocker,True,False
1059,1059.0,1059.0,gg1J.,Optil,OPTILUBE gel 82g,Diltiazem Hydrochloride,,,calcium-channel blocker,True,False
1060,1060.0,1060.0,gg1K.,Optil,OPTILUBE gel 6mL,Diltiazem Hydrochloride,,,calcium-channel blocker,True,False
1061,1061.0,1061.0,gg1L.,Optil,OPTILUBE gel 11mL,Diltiazem Hydrochloride,,,calcium-channel blocker,True,False
1062,1062.0,1062.0,h43..,Istin,Vincristine sulphate,Amlodipine,,,calcium-channel blocker,True,False
1063,1063.0,1063.0,h431.,Istin,Vincristine 1mg injection (pdr for recon),Amlodipine,1 mg,,calcium-channel blocker,True,False
1064,1064.0,1064.0,h432.,Istin,Vincristine 2mg injection (pdr for recon),Amlodipine,2 mg,,calcium-channel blocker,True,False
1065,1065.0,1065.0,h433.,Istin,Vincristine 5mg injection (pdr for recon),Amlodipine,5 mg,,calcium-channel blocker,True,False
1066,1066.0,1066.0,h43v.,Istin,Vincristine sulphate 1mg/1mL prefilled syringe,Amlodipine,1 mg/1 ml,,calcium-channel blocker,True,False
1067,1067.0,1067.0,h43w.,Istin,Vincristine sulphate 2mg/2mL prefilled syringe,Amlodipine,2 mg/2 ml,,calcium-channel blocker,True,False
1068,1068.0,1068.0,h43x.,Istin,Vincristine sulphate 5mg/5mL injection,Amlodipine,5 mg/5 ml,,calcium-channel blocker,True,False
1069,1069.0,1069.0,h43y.,Istin,Vincristine sulphate 1mg/1mL injection,Amlodipine,1 mg/1 ml,,calcium-channel blocker,True,False
1070,1070.0,1070.0,h43z.,Istin,Vincristine sulphate 2mg/2mL injection,Amlodipine,2 mg/2 ml,,calcium-channel blocker,True,False
1071,1071.0,1071.0,k611.,Istin,Otrivine-Antistin eye drops 10mL,Amlodipine,,,calcium-channel blocker,True,False
1072,1072.0,1072.0,k6h2.,Optil,Optilast 0.05% eye drops 6mL,Diltiazem Hydrochloride,,,calcium-channel blocker,True,False
1073,1073.0,1073.0,k6h4.,Optil,Optilast 0.05% eye drops 8mL,Diltiazem Hydrochloride,,,calcium-channel blocker,True,False
1074,1074.0,1074.0,l952.,Istin,Otrivine-Antistin nose drops,Amlodipine,,,calcium-channel blocker,True,False
1075,1075.0,1075.0,l953.,Istin,Otrivine-Antistin nasal spray,Amlodipine,,,calcium-channel blocker,True,False
1076,1076.0,1076.0,mc2..,Istin,Colistin sulphate,Amlodipine,,,calcium-channel blocker,True,False
1077,1077.0,1077.0,mc2z.,Istin,Colistin sulphate topical powder,Amlodipine,,,calcium-channel blocker,True,False
1078,1078.0,1078.0,oa1R.,Optil,OPTILUBE ACTIVE gel 6mL,Diltiazem Hydrochloride,,,calcium-channel blocker,True,False
1079,1079.0,1079.0,oa1S.,Optil,OPTILUBE ACTIVE gel 11mL,Diltiazem Hydrochloride,,,calcium-channel blocker,True,False
1080,1080.0,1080.0,p1Y3.,Uard,CILGUARD STANDARD 10cmx10cm dressing,Diltiazem Hydrochloride,,,calcium-channel blocker,True,False
1081,1081.0,1081.0,p1Y4.,Uard,CILGUARD STANDARD 15cmx15cm dressing,Diltiazem Hydrochloride,,,calcium-channel blocker,True,False
1082,1082.0,1082.0,p1Y5.,Uard,CILGUARD STANDARD 20cmx10cm dressing,Diltiazem Hydrochloride,,,calcium-channel blocker,True,False
1083,1083.0,1083.0,p1Y6.,Uard,CILGUARD STANDARD 20cmx20cm dressing,Diltiazem Hydrochloride,,,calcium-channel blocker,True,False
1084,1084.0,1084.0,p1Y7.,Uard,CILGUARD STANDARD 20cmx50cm dressing,Diltiazem Hydrochloride,,,calcium-channel blocker,True,False
1085,1085.0,1085.0,p1Y8.,Uard,CILGUARD STANDARD 10cmx60cm dressing,Diltiazem Hydrochloride,,,calcium-channel blocker,True,False
1086,1086.0,1086.0,p1Y9.,Uard,CILGUARD BORDER 10cmx10cm dressing,Diltiazem Hydrochloride,,,calcium-channel blocker,True,False
1087,1087.0,1087.0,p1YA.,Uard,CILGUARD BORDER 15cmx15cm dressing,Diltiazem Hydrochloride,,,calcium-channel blocker,True,False
1088,1088.0,1088.0,p1YB.,Uard,CILGUARD BORDER 20cmx10cm dressing,Diltiazem Hydrochloride,,,calcium-channel blocker,True,False
1089,1089.0,1089.0,p1YC.,Uard,CILGUARD BORDER 20cmx20cm dressing,Diltiazem Hydrochloride,,,calcium-channel blocker,True,False
1090,1090.0,1090.0,p1YD.,Uard,CILGUARD BORDER 20cmx50cm dressing,Diltiazem Hydrochloride,,,calcium-channel blocker,True,False
1091,1091.0,1091.0,p1YE.,Uard,CILGUARD OVERLAP 10cmx10cm dressing,Diltiazem Hydrochloride,,,calcium-channel blocker,True,False
1092,1092.0,1092.0,p1YF.,Uard,CILGUARD OVERLAP 15cmx15cm dressing,Diltiazem Hydrochloride,,,calcium-channel blocker,True,False
1093,1093.0,1093.0,p1YG.,Uard,CILGUARD OVERLAP 20cmx10cm dressing,Diltiazem Hydrochloride,,,calcium-channel blocker,True,False
1094,1094.0,1094.0,p1YH.,Uard,CILGUARD OVERLAP 20cmx20cm dressing,Diltiazem Hydrochloride,,,calcium-channel blocker,True,False
1095,1095.0,1095.0,p46r.,Univer,Ferraris Pocketpeak peak flow meter universal mouthpiece,Verapamil Hydrochloride,,,calcium-channel blocker,True,False
1096,1096.0,1096.0,p46v.,Univer,MicroPeak PSA2200 peak flow meter universal mouthpiece,Verapamil Hydrochloride,,,calcium-channel blocker,True,False
1097,1097.0,1097.0,p8JH.,Univer,Universal Hospital Supplies 10mL balloon 12Ch UN51161210 2-way silicone elastomer coated male length urethral Foley catheter,Verapamil Hydrochloride,,,calcium-channel blocker,True,False
1098,1098.0,1098.0,p8JI.,Univer,Universal Hospital Supplies 10mL balloon 14Ch UN51161410 2-way silicone elastomer coated male length urethral Foley catheter,Verapamil Hydrochloride,,,calcium-channel blocker,True,False
1099,1099.0,1099.0,p8JJ.,Univer,Universal Hospital Supplies 10mL balloon 16Ch UN51161610 2-way silicone elastomer coated male length urethral Foley catheter,Verapamil Hydrochloride,,,calcium-channel blocker,True,False
1100,1100.0,1100.0,p8JK.,Univer,Universal Hospital Supplies 10mL balloon 18Ch UN51161810 2-way silicone elastomer coated male length urethral Foley catheter,Verapamil Hydrochloride,,,calcium-channel blocker,True,False
1101,1101.0,1101.0,p8JL.,Univer,Universal Hospital Supplies 10mL balloon 20Ch UN51162010 2-way silicone elastomer coated male length urethral Foley catheter,Verapamil Hydrochloride,,,calcium-channel blocker,True,False
1102,1102.0,1102.0,p8JM.,Univer,Universal Hospital Supplies 10mL balloon 22Ch UN51162210 2-way silicone elastomer coated male length urethral Foley catheter,Verapamil Hydrochloride,,,calcium-channel blocker,True,False
1103,1103.0,1103.0,p8JN.,Univer,Universal Hospital Supplies 10mL balloon 24Ch UN51162410 2-way silicone elastomer coated male length urethral Foley catheter,Verapamil Hydrochloride,,,calcium-channel blocker,True,False
1104,1104.0,1104.0,p8JO.,Univer,Universal Hospital Supplies 10mL balloon 26Ch UN51162610 2-way silicone elastomer coated male length urethral Foley catheter,Verapamil Hydrochloride,,,calcium-channel blocker,True,False
1105,1105.0,1105.0,p8Ne.,Univer,Universal Hospital Supplies 10mL balloon 12Ch UN41151205 2-way all-silicone male length urethral Foley catheter,Verapamil Hydrochloride,,,calcium-channel blocker,True,False
1106,1106.0,1106.0,p8Nf.,Univer,Universal Hospital Supplies 10mL balloon 14Ch UN41151405 2-way all-silicone male length urethral Foley catheter,Verapamil Hydrochloride,,,calcium-channel blocker,True,False
1107,1107.0,1107.0,p8Ng.,Univer,Universal Hospital Supplies 10mL balloon 16Ch UN41151605 2-way all-silicone male length urethral Foley catheter,Verapamil Hydrochloride,,,calcium-channel blocker,True,False
1108,1108.0,1108.0,p8Nh.,Univer,Universal Hospital Supplies 10mL balloon 18Ch UN41151805 2-way all-silicone male length urethral Foley catheter,Verapamil Hydrochloride,,,calcium-channel blocker,True,False
1109,1109.0,1109.0,p8Ni.,Univer,Universal Hospital Supplies 10mL balloon 20Ch UN41152005 2-way all-silicone male length urethral Foley catheter,Verapamil Hydrochloride,,,calcium-channel blocker,True,False
1110,1110.0,1110.0,p8Nj.,Univer,Universal Hospital Supplies 10mL balloon 22Ch UN41152205 2-way all-silicone male length urethral Foley catheter,Verapamil Hydrochloride,,,calcium-channel blocker,True,False
1111,1111.0,1111.0,p8XF.,Uard,Bardex IC Aquafil 10mL balloon 12Ch D236512S 2-way prefilled male length urethral catheter with hydrogel and Bacti-Guard silver alloy coating,Diltiazem Hydrochloride,,,calcium-channel blocker,True,False
1112,1112.0,1112.0,p8XG.,Uard,Bardex IC Aquafil 10mL balloon 14Ch D236514S 2-way prefilled male length urethral catheter with hydrogel and Bacti-Guard silver alloy coating,Diltiazem Hydrochloride,,,calcium-channel blocker,True,False
1113,1113.0,1113.0,p8XH.,Uard,Bardex IC Aquafil 10mL balloon 16Ch D236516S 2-way prefilled male length urethral catheter with hydrogel and Bacti-Guard silver alloy coating,Diltiazem Hydrochloride,,,calcium-channel blocker,True,False
1114,1114.0,1114.0,p8XI.,Uard,Bardex IC Aquafil 10mL balloon 18Ch D236518S 2-way prefilled male length urethral catheter with hydrogel and Bacti-Guard silver alloy coating,Diltiazem Hydrochloride,,,calcium-channel blocker,True,False
1115,1115.0,1115.0,p8XJ.,Uard,Bardex IC Aquafil 10mL balloon 20Ch D236520S 2-way prefilled male length urethral catheter with hydrogel and Bacti-Guard silver alloy coating,Diltiazem Hydrochloride,,,calcium-channel blocker,True,False
1116,1116.0,1116.0,p8XK.,Uard,Bardex IC Aquafil 10mL balloon 22Ch D236522S 2-way prefilled male length urethral catheter with hydrogel and Bacti-Guard silver alloy coating,Diltiazem Hydrochloride,,,calcium-channel blocker,True,False
1117,1117.0,1117.0,ph24.,Uard,Hypoguard 1mL U100 insulin syringe,Diltiazem Hydrochloride,,,calcium-channel blocker,True,False
1118,1118.0,1118.0,ph29.,Uard,Hypoguard 1mL U100 click/count syringe,Diltiazem Hydrochloride,,,calcium-channel blocker,True,False
1119,1119.0,1119.0,ph2A.,Uard,Hypoguard 1mL U100 pre-set syringe,Diltiazem Hydrochloride,,,calcium-channel blocker,True,False
1120,1120.0,1120.0,ph7G.,Univer,Unilet Universal ComforTouch 0.45mm(26gauge) lancet,Verapamil Hydrochloride,,,calcium-channel blocker,True,False
1121,1121.0,1121.0,ph7Z.,Uard,Hypoguard Supreme 0.36mm(28gauge) lancet,Diltiazem Hydrochloride,,,calcium-channel blocker,True,False
1122,1122.0,1122.0,ph9n.,Univer,MICRODOT UNIVERSAL 1.8mm(26gauge) lancet,Verapamil Hydrochloride,,,calcium-channel blocker,True,False
1123,1123.0,1123.0,ph9x.,Univer,MEDLANCE PLUS UNIVERSAL 1.8mm(21gauge) lancet,Verapamil Hydrochloride,,,calcium-channel blocker,True,False
1124,1124.0,1124.0,phD2.,Univer,ACTI-LANCE UNIVERSAL 1.8mm(23gauge) lancet,Verapamil Hydrochloride,,,calcium-channel blocker,True,False
1125,1125.0,1125.0,puh4.,Uard,Hypoguard GA blood Glucose testing strip x50,Diltiazem Hydrochloride,,,calcium-channel blocker,True,False
1126,1126.0,1126.0,puh6.,Uard,Hypoguard Supreme blood Glucose testing strip x50,Diltiazem Hydrochloride,,,calcium-channel blocker,True,False
1127,1127.0,1127.0,puhL.,Uard,Hypoguard Supreme Spectrum blood glucose testing strip x50,Diltiazem Hydrochloride,,,calcium-channel blocker,True,False
1128,1128.0,1128.0,q5l..,Univer,Universal hosp leg bag,Verapamil Hydrochloride,,,calcium-channel blocker,True,False
1129,1129.0,1129.0,s223.,Univer,Hollister Universal 7760 stoma adhesive remover wipe,Verapamil Hydrochloride,,,calcium-channel blocker,True,False
1130,1130.0,1130.0,se55.,Uard,Guardian irrigator 38mm/4803 x5,Diltiazem Hydrochloride,,,calcium-channel blocker,True,False
1131,1131.0,1131.0,se56.,Uard,Guardian irrigator 51mm/4804 x5,Diltiazem Hydrochloride,,,calcium-channel blocker,True,False
1132,1132.0,1132.0,se57.,Uard,Guardian irrigator 64mm/4805 x5,Diltiazem Hydrochloride,,,calcium-channel blocker,True,False
1133,1133.0,1133.0,se58.,Uard,Guardian irrigator 102mm/4806 x5,Diltiazem Hydrochloride,,,calcium-channel blocker,True,False
1134,1134.0,1134.0,sgi1.,Uard,OstoGuard RMC1 barrier cream 60g,Diltiazem Hydrochloride,,,calcium-channel blocker,True,False
1135,1135.0,1135.0,sgi2.,Uard,OstoGuard RMC2 barrier cream 2g sachets,Diltiazem Hydrochloride,,,calcium-channel blocker,True,False
1136,1136.0,1136.0,sgi6.,Uard,OSTOGUARD RMC3 barrier film sachet 3mL,Diltiazem Hydrochloride,,,calcium-channel blocker,True,False
1137,1137.0,1137.0,sgi7.,Uard,OSTOGUARD RMC4 barrier film 30mL,Diltiazem Hydrochloride,,,calcium-channel blocker,True,False
1138,1138.0,1138.0,sgi8.,Uard,OSTOGUARD RMC5 barrier film 50mL,Diltiazem Hydrochloride,,,calcium-channel blocker,True,False
1139,1139.0,1139.0,sj35.,Univer,HOLLISTER 9779 universal catheter access port,Verapamil Hydrochloride,,,calcium-channel blocker,True,False
1140,1140.0,1140.0,sk42.,Uard,Guardian 4606 102mm clear drainable pouch two-piece ostomy system,Diltiazem Hydrochloride,,,calcium-channel blocker,True,False
1141,1141.0,1141.0,sk47.,Uard,Guardian 25mm/4402 flanges x5,Diltiazem Hydrochloride,,,calcium-channel blocker,True,False
1142,1142.0,1142.0,sk48.,Uard,Guardian 38mm/4403 flanges x5,Diltiazem Hydrochloride,,,calcium-channel blocker,True,False
1143,1143.0,1143.0,sk49.,Uard,Guardian 51mm/4404 flanges x5,Diltiazem Hydrochloride,,,calcium-channel blocker,True,False
1144,1144.0,1144.0,sk4A.,Uard,Guardian 4522 25mm mini opaque closed pouch+filter two-piece ostomy system,Diltiazem Hydrochloride,,,calcium-channel blocker,True,False
1145,1145.0,1145.0,sk4B.,Uard,Guardian 4523 38mm mini opaque closed pouch+filter two-piece ostomy system,Diltiazem Hydrochloride,,,calcium-channel blocker,True,False
1146,1146.0,1146.0,sk4C.,Uard,Guardian 4524 51mm mini opaque closed pouch+filter two-piece ostomy system,Diltiazem Hydrochloride,,,calcium-channel blocker,True,False
1147,1147.0,1147.0,sk4D.,Uard,Guardian 4525 64mm mini opaque closed pouch+filter two-piece ostomy system,Diltiazem Hydrochloride,,,calcium-channel blocker,True,False
1148,1148.0,1148.0,sk4F.,Uard,Guardian 4303 38mm opaque stoma cap+filter two-piece ostomy system,Diltiazem Hydrochloride,,,calcium-channel blocker,True,False
1149,1149.0,1149.0,sk4G.,Uard,Guardian 4304 51mm opaque stoma cap+filter two-piece ostomy system,Diltiazem Hydrochloride,,,calcium-channel blocker,True,False
1150,1150.0,1150.0,sk4H.,Uard,Guardian 4305 64mm opaque stoma cap+filter two-piece ostomy system,Diltiazem Hydrochloride,,,calcium-channel blocker,True,False
1151,1151.0,1151.0,sk4J.,Uard,Guardian 25mm/4422 flanges x5,Diltiazem Hydrochloride,,,calcium-channel blocker,True,False
1152,1152.0,1152.0,sk4K.,Uard,Guardian 38mm/4423 flanges x5,Diltiazem Hydrochloride,,,calcium-channel blocker,True,False
1153,1153.0,1153.0,sk4L.,Uard,Guardian 51mm/4424 flanges x5,Diltiazem Hydrochloride,,,calcium-channel blocker,True,False
1154,1154.0,1154.0,sk4M.,Uard,Guardian 64mm/4425 flanges x5,Diltiazem Hydrochloride,,,calcium-channel blocker,True,False
1155,1155.0,1155.0,sk4N.,Uard,Guardian 4202 25mm belt adaptor two-piece ostomy system,Diltiazem Hydrochloride,,,calcium-channel blocker,True,False
1156,1156.0,1156.0,sk4P.,Uard,Guardian 4203 38mm belt adaptor two-piece ostomy system,Diltiazem Hydrochloride,,,calcium-channel blocker,True,False
1157,1157.0,1157.0,sk4Q.,Uard,Guardian 4204 51mm belt adaptor two-piece ostomy system,Diltiazem Hydrochloride,,,calcium-channel blocker,True,False
1158,1158.0,1158.0,sk4R.,Uard,Guardian 4205 64mm belt adaptor two-piece ostomy system,Diltiazem Hydrochloride,,,calcium-channel blocker,True,False
1159,1159.0,1159.0,sk4S.,Uard,Guardian 4206 102mm belt adaptor two-piece ostomy system,Diltiazem Hydrochloride,,,calcium-channel blocker,True,False
1160,1160.0,1160.0,sk4a.,Uard,Guardian 64mm/4405 flanges x5,Diltiazem Hydrochloride,,,calcium-channel blocker,True,False
1161,1161.0,1161.0,sk4b.,Uard,Guardian 102mm/4406 flanges x5,Diltiazem Hydrochloride,,,calcium-channel blocker,True,False
1162,1162.0,1162.0,sk4c.,Uard,Guardian 4513 38mm opaque closed pouch two-piece ostomy system,Diltiazem Hydrochloride,,,calcium-channel blocker,True,False
1163,1163.0,1163.0,sk4d.,Uard,Guardian 4514 51mm opaque closed pouch two-piece ostomy system,Diltiazem Hydrochloride,,,calcium-channel blocker,True,False
1164,1164.0,1164.0,sk4e.,Uard,Guardian 4515 64mm opaque closed pouch two-piece ostomy system,Diltiazem Hydrochloride,,,calcium-channel blocker,True,False
1165,1165.0,1165.0,sk4f.,Uard,Guardian 4702 25mm urostomy pouch two-piece ostomy system,Diltiazem Hydrochloride,,,calcium-channel blocker,True,False
1166,1166.0,1166.0,sk4g.,Uard,Guardian 4703 38mm urostomy pouch two-piece ostomy system,Diltiazem Hydrochloride,,,calcium-channel blocker,True,False
1167,1167.0,1167.0,sk4h.,Uard,Guardian 4704 51mm urostomy pouch two-piece ostomy system,Diltiazem Hydrochloride,,,calcium-channel blocker,True,False
1168,1168.0,1168.0,sk4i.,Uard,Guardian 4503 38mm clear closed pouch two-piece ostomy system,Diltiazem Hydrochloride,,,calcium-channel blocker,True,False
1169,1169.0,1169.0,sk4j.,Uard,Guardian 4504 51mm clear closed pouch two-piece ostomy system,Diltiazem Hydrochloride,,,calcium-channel blocker,True,False
1170,1170.0,1170.0,sk4k.,Uard,Guardian 4505 64mm clear closed pouch two-piece ostomy system,Diltiazem Hydrochloride,,,calcium-channel blocker,True,False
1171,1171.0,1171.0,sk4l.,Uard,Guardian 4602 25mm clear drainable pouch two-piece ostomy system,Diltiazem Hydrochloride,,,calcium-channel blocker,True,False
1172,1172.0,1172.0,sk4m.,Uard,Guardian 4603 38mm clear drainable pouch two-piece ostomy system,Diltiazem Hydrochloride,,,calcium-channel blocker,True,False
1173,1173.0,1173.0,sk4n.,Uard,Guardian 4604 51mm clear drainable pouch two-piece ostomy system,Diltiazem Hydrochloride,,,calcium-channel blocker,True,False
1174,1174.0,1174.0,sk4o.,Uard,Guardian 4605 64mm clear drainable pouch two-piece ostomy system,Diltiazem Hydrochloride,,,calcium-channel blocker,True,False
1175,1175.0,1175.0,sk4p.,Uard,Guardian 4612 25mm opaque drainable pouch two-piece ostomy system,Diltiazem Hydrochloride,,,calcium-channel blocker,True,False
1176,1176.0,1176.0,sk4q.,Uard,Guardian 4613 38mm opaque drainable pouch two-piece ostomy system,Diltiazem Hydrochloride,,,calcium-channel blocker,True,False
1177,1177.0,1177.0,sk4r.,Uard,Guardian 4614 51mm opaque drainable pouch two-piece ostomy system,Diltiazem Hydrochloride,,,calcium-channel blocker,True,False
1178,1178.0,1178.0,sk4s.,Uard,Guardian 4615 64mm opaque drainable pouch two-piece ostomy system,Diltiazem Hydrochloride,,,calcium-channel blocker,True,False
1179,1179.0,1179.0,sk4t.,Uard,Guardian 4642 25mm mini opaque drainable pouch two-piece ostomy system,Diltiazem Hydrochloride,,,calcium-channel blocker,True,False
1180,1180.0,1180.0,sk4u.,Uard,Guardian 4643 38mm mini opaque drainable pouch two-piece ostomy system,Diltiazem Hydrochloride,,,calcium-channel blocker,True,False
1181,1181.0,1181.0,sk4v.,Uard,Guardian 4644 51mm mini opaque drainable pouch two-piece ostomy system,Diltiazem Hydrochloride,,,calcium-channel blocker,True,False
1182,1182.0,1182.0,sk4w.,Uard,Guardian 4645 64mm mini opaque drainable pouch two-piece ostomy system,Diltiazem Hydrochloride,,,calcium-channel blocker,True,False
1183,1183.0,1183.0,sk4x.,Uard,Guardian 420 belt adaptor x10,Diltiazem Hydrochloride,,,calcium-channel blocker,True,False
1184,1184.0,1184.0,sk4y.,Uard,Guardian 4502 25mm clear closed pouch two-piece ostomy system,Diltiazem Hydrochloride,,,calcium-channel blocker,True,False
1185,1185.0,1185.0,sk4z.,Uard,Guardian 4512 25mm opaque closed pouch two-piece ostomy system,Diltiazem Hydrochloride,,,calcium-channel blocker,True,False
1186,1186.0,1186.0,wy02n,Uard,Hypoguard (UK) Ltd,Diltiazem Hydrochloride,,,calcium-channel blocker,True,False
1187,1187.0,1187.0,wy06s,Univer,Universal Hospital Supplies,Verapamil Hydrochloride,,,calcium-channel blocker,True,False
1188,1188.0,1188.0,x008F,Nifedipine,Modified release nifedipine,Nifedipine,,,calcium-channel blocker,True,False
1189,1189.0,1189.0,x009B,Nifedipine,Parenteral nifedipine,Nifedipine,,,calcium-channel blocker,True,False
1190,1190.0,1190.0,x00Du,Adalat,Adalate 10mg capsule,Nifedipine,10 mg,,calcium-channel blocker,True,False
1191,1191.0,1191.0,x00KG,Istin,Otrivine-Antistin eye drops,Amlodipine,,,calcium-channel blocker,True,False
1192,1192.0,1192.0,x00Pw,Istin,Vincristine sulphate 5mg/25mL infusion,Amlodipine,5 mg/25 ml,,calcium-channel blocker,True,False
1193,1193.0,1193.0,x00Px,Istin,Vincristine sulphate 10mg/50mL infusion,Amlodipine,10 mg/50 ml,,calcium-channel blocker,True,False
1194,1194.0,1194.0,x00Py,Istin,Vincristine sulphate 5mg/50mL infusion,Amlodipine,5 mg/50 ml,,calcium-channel blocker,True,False
1195,1195.0,1195.0,x00Pz,Istin,Vincristine sulphate 10mg/100mL infusion,Amlodipine,10 mg/100 ml,,calcium-channel blocker,True,False
1196,1196.0,1196.0,x00Th,Univer,Univer 120mg m/r capsule,Verapamil Hydrochloride,120 mg,,calcium-channel blocker,True,False
1197,1197.0,1197.0,x00Ti,Univer,Univer 180mg m/r capsule,Verapamil Hydrochloride,180 mg,,calcium-channel blocker,True,False
1198,1198.0,1198.0,x00Tj,Univer,Univer 240mg m/r capsule,Verapamil Hydrochloride,240 mg,,calcium-channel blocker,True,False
1199,1199.0,1199.0,x00Tl,Adalat,Adalat AR 20mg m/r tablet,Nifedipine,20 mg,,calcium-channel blocker,True,False
1200,1200.0,1200.0,x00Tm,Adalat,Adalate LP 20mg m/r tablet,Nifedipine,20 mg,,calcium-channel blocker,True,False
1201,1201.0,1201.0,x00pm,Univer,Universal sterile plastic leg bag,Verapamil Hydrochloride,,,calcium-channel blocker,True,False
1202,1202.0,1202.0,x00v7,Uard,Guardian two-piece ostomy system,Diltiazem Hydrochloride,,,calcium-channel blocker,True,False
1203,1203.0,1203.0,x01Ak,Istin,Vincristine,Amlodipine,,,calcium-channel blocker,True,False
1204,1204.0,1204.0,x01CW,Nifedipine,Oral nifedipine,Nifedipine,,,calcium-channel blocker,True,False
1205,1205.0,1205.0,x01RN,Istin,Betahistine,Amlodipine,,,calcium-channel blocker,True,False
1206,1206.0,1206.0,x01fQ,Uard,Guardian 'F' floating flange two-piece ostomy system,Diltiazem Hydrochloride,,,calcium-channel blocker,True,False
1207,1207.0,1207.0,x01fR,Uard,Guardian 'S' stationary flange two-piece ostomy system,Diltiazem Hydrochloride,,,calcium-channel blocker,True,False
1208,1208.0,1208.0,x01fS,Uard,Guardian closed pouch two-piece ostomy system,Diltiazem Hydrochloride,,,calcium-channel blocker,True,False
1209,1209.0,1209.0,x01fT,Uard,Guardian closed mini pouch two-piece ostomy system,Diltiazem Hydrochloride,,,calcium-channel blocker,True,False
1210,1210.0,1210.0,x01fU,Uard,Guardian drainable pouch two-piece ostomy system,Diltiazem Hydrochloride,,,calcium-channel blocker,True,False
1211,1211.0,1211.0,x01fV,Uard,Guardian drainable mini pouch two-piece ostomy system,Diltiazem Hydrochloride,,,calcium-channel blocker,True,False
1212,1212.0,1212.0,x01fW,Uard,Guardian urostomy pouch two-piece ostomy system,Diltiazem Hydrochloride,,,calcium-channel blocker,True,False
1213,1213.0,1213.0,x01fX,Uard,Guardian stoma cap+filter two-piece ostomy system,Diltiazem Hydrochloride,,,calcium-channel blocker,True,False
1214,1214.0,1214.0,x01fY,Uard,Guardian belt adaptor two-piece ostomy system,Diltiazem Hydrochloride,,,calcium-channel blocker,True,False
1215,1215.0,1215.0,x01xp,Uard,Hollister 4803 38mm/flange irrigator drain for guardian two-peice system,Diltiazem Hydrochloride,,,calcium-channel blocker,True,False
1216,1216.0,1216.0,x01xq,Uard,Hollister 4804 51mm/flange irrigator drain for guardian two-peice system,Diltiazem Hydrochloride,,,calcium-channel blocker,True,False
1217,1217.0,1217.0,x01xr,Uard,Hollister 4805 64mm/flange irrigator drain for guardian two-peice system,Diltiazem Hydrochloride,,,calcium-channel blocker,True,False
1218,1218.0,1218.0,x01xs,Uard,Hollister 4806 102mm/flange irrigator drain for guardian two-peice system,Diltiazem Hydrochloride,,,calcium-channel blocker,True,False
1219,1219.0,1219.0,x021S,Uard,Guardian 4402 25mm 'F' floating flange two-piece ostomy system,Diltiazem Hydrochloride,,,calcium-channel blocker,True,False
1220,1220.0,1220.0,x021T,Uard,Guardian 4403 38mm 'F' floating flange two-piece ostomy system,Diltiazem Hydrochloride,,,calcium-channel blocker,True,False
1221,1221.0,1221.0,x021U,Uard,Guardian 4404 51mm 'F' floating flange two-piece ostomy system,Diltiazem Hydrochloride,,,calcium-channel blocker,True,False
1222,1222.0,1222.0,x021V,Uard,Guardian 4405 64mm 'F' floating flange two-piece ostomy system,Diltiazem Hydrochloride,,,calcium-channel blocker,True,False
1223,1223.0,1223.0,x021W,Uard,Guardian 4406 102mm 'F' floating flange two-piece ostomy system,Diltiazem Hydrochloride,,,calcium-channel blocker,True,False
1224,1224.0,1224.0,x021X,Uard,Guardian 4422 25mm 'S' stationary flange two-piece ostomy system,Diltiazem Hydrochloride,,,calcium-channel blocker,True,False
1225,1225.0,1225.0,x021Y,Uard,Guardian 4423 38mm 'S' stationary flange two-piece ostomy system,Diltiazem Hydrochloride,,,calcium-channel blocker,True,False
1226,1226.0,1226.0,x021Z,Uard,Guardian 4424 51mm 'S' stationary flange two-piece ostomy system,Diltiazem Hydrochloride,,,calcium-channel blocker,True,False
1227,1227.0,1227.0,x021a,Uard,Guardian 4425 64mm 'S' stationary flange two-piece ostomy system,Diltiazem Hydrochloride,,,calcium-channel blocker,True,False
1228,1228.0,1228.0,x029M,Uard,Hypoguard GA blood glucose testing strip,Diltiazem Hydrochloride,,,calcium-channel blocker,True,False
1229,1229.0,1229.0,x029O,Uard,Hypoguard Supreme blood glucose testing strip,Diltiazem Hydrochloride,,,calcium-channel blocker,True,False
1230,1230.0,1230.0,x02QH,Adalat,Adalat,Nifedipine,,,calcium-channel blocker,True,False
1231,1231.0,1231.0,x02QI,Adalat,Adalat Retard,Nifedipine,,,calcium-channel blocker,True,False
1232,1232.0,1232.0,x02QJ,Adalat,Adalat LA,Nifedipine,,,calcium-channel blocker,True,False
1233,1233.0,1233.0,x02QK,Adipine,Adipine MR,Nifedipine,,,calcium-channel blocker,True,False
1234,1234.0,1234.0,x02QL,Angiopine,Angiopine,Nifedipine,,,calcium-channel blocker,True,False
1235,1235.0,1235.0,x02QM,Angiopine,Angiopine MR,Nifedipine,,,calcium-channel blocker,True,False
1236,1236.0,1236.0,x02QN,Calanif,Calanif,Nifedipine,,,calcium-channel blocker,True,False
1237,1237.0,1237.0,x02QO,Calcilat,Calcilat,Nifedipine,,,calcium-channel blocker,True,False
1238,1238.0,1238.0,x02QP,Cardilate,Cardilate MR,Nifedipine,,,calcium-channel blocker,True,False
1239,1239.0,1239.0,x02QQ,Hypolar,Hypolar Retard,Nifedipine,,,calcium-channel blocker,True,False
1240,1240.0,1240.0,x02QR,Nifelease,Nifelease,Nifedipine,,,calcium-channel blocker,True,False
1241,1241.0,1241.0,x02QU,Adizem,Adizem,Diltiazem Hydrochloride,,,calcium-channel blocker,True,False
1242,1242.0,1242.0,x02QV,Adizem,Adizem-SR,Diltiazem Hydrochloride,,,calcium-channel blocker,True,False
1243,1243.0,1243.0,x02QW,Adizem,Adizem-XL,Diltiazem Hydrochloride,,,calcium-channel blocker,True,False
1244,1244.0,1244.0,x02QY,Angiozem,Angiozem,Diltiazem Hydrochloride,,,calcium-channel blocker,True,False
1245,1245.0,1245.0,x02QZ,Angitil,Angitil SR,Diltiazem Hydrochloride,,,calcium-channel blocker,True,False
1246,1246.0,1246.0,x02Qa,Britiazim,Britiazim,Diltiazem Hydrochloride,,,calcium-channel blocker,True,False
1247,1247.0,1247.0,x02Qb,Calcicard,Calcicard CR,Diltiazem Hydrochloride,,,calcium-channel blocker,True,False
1248,1248.0,1248.0,x02Qc,Dilzem,Dilzem,Diltiazem Hydrochloride,,,calcium-channel blocker,True,False
1249,1249.0,1249.0,x02Qd,Dilzem,Dilzem SR,Diltiazem Hydrochloride,,,calcium-channel blocker,True,False
1250,1250.0,1250.0,x02Qe,Dilzem,Dilzem XL,Diltiazem Hydrochloride,,,calcium-channel blocker,True,False
1251,1251.0,1251.0,x02Qg,Slozem,Slozem,Diltiazem Hydrochloride,,,calcium-channel blocker,True,False
1252,1252.0,1252.0,x02Qh,Tildiem,Tildiem,Diltiazem Hydrochloride,,,calcium-channel blocker,True,False
1253,1253.0,1253.0,x02Qi,Tildiem,Tildiem Retard,Diltiazem Hydrochloride,,,calcium-channel blocker,True,False
1254,1254.0,1254.0,x02Qj,Tildiem,Tildiem LA,Diltiazem Hydrochloride,,,calcium-channel blocker,True,False
1255,1255.0,1255.0,x02Qk,Coracten,Coracten SR,Nifedipine,,,calcium-channel blocker,True,False
1256,1256.0,1256.0,x02Sn,Adalat,Adalate,Nifedipine,,,calcium-channel blocker,True,False
1257,1257.0,1257.0,x02So,Adalat,Adalate LP,Nifedipine,,,calcium-channel blocker,True,False
1258,1258.0,1258.0,x02VO,Berkatens,Berkatens,Verapamil Hydrochloride,,,calcium-channel blocker,True,False
1259,1259.0,1259.0,x02VT,Adalat,Beta-Adalat,Nifedipine,,,calcium-channel blocker,True,False
1260,1260.0,1260.0,x02Wn,Cardene,Cardene,Nicardipine Hydrochloride,,,calcium-channel blocker,True,False
1261,1261.0,1261.0,x02Wo,Cardene,Cardene SR,Nicardipine Hydrochloride,,,calcium-channel blocker,True,False
1262,1262.0,1262.0,x02Y2,Cordilox,Cordilox,Verapamil Hydrochloride,,,calcium-channel blocker,True,False
1263,1263.0,1263.0,x02fz,Istin,Istin,Amlodipine,,,calcium-channel blocker,True,False
1264,1264.0,1264.0,x02gI,Keloc,Kelocyanor,Felodipine,,,calcium-channel blocker,True,False
1265,1265.0,1265.0,x02jv,Motens,Motens,Lacidipine,,,calcium-channel blocker,True,False
1266,1266.0,1266.0,x02ku,Nimotop,Nimotop,Nimodipine,,,calcium-channel blocker,True,False
1267,1267.0,1267.0,x02mL,Istin,Otrivine-Antistin,Amlodipine,,,calcium-channel blocker,True,False
1268,1268.0,1268.0,x02nh,Plendil,Plendil,Felodipine,,,calcium-channel blocker,True,False
1269,1269.0,1269.0,x02o9,Prescal,Prescal,Isradipine,,,calcium-channel blocker,True,False
1270,1270.0,1270.0,x02qh,Securon,Securon,Verapamil Hydrochloride,,,calcium-channel blocker,True,False
1271,1271.0,1271.0,x03d3,Unipine,Unipine XL,Nifedipine,,,calcium-channel blocker,True,False
1272,1272.0,1272.0,x03e0,Nimodrel,Nimodrel MR,Nifedipine,,,calcium-channel blocker,True,False
1273,1273.0,1273.0,x03e5,Adizem,Adizem-XL Plus,Diltiazem Hydrochloride,,,calcium-channel blocker,True,False
1274,1274.0,1274.0,x03hZ,Tensipine,Tensipine MR,Nifedipine,,,calcium-channel blocker,True,False
1275,1275.0,1275.0,x03iy,Zemtard,Zemtard XL,Diltiazem Hydrochloride,,,calcium-channel blocker,True,False
1276,1276.0,1276.0,x03jP,Fortipine,Fortipine LA,Nifedipine,,,calcium-channel blocker,True,False
1277,1277.0,1277.0,x03lF,Nifedotard,Nifedotard 20MR,Nifedipine,,,calcium-channel blocker,True,False
1278,1278.0,1278.0,x03lM,Slofedipine,Slofedipine,Nifedipine,,,calcium-channel blocker,True,False
1279,1279.0,1279.0,x03lh,Verapress,Verapress MR,Verapamil Hydrochloride,,,calcium-channel blocker,True,False
1280,1280.0,1280.0,x03n2,Viazem,Viazem XL,Diltiazem Hydrochloride,,,calcium-channel blocker,True,False
1281,1281.0,1281.0,x03pa,Genalat,Genalat Retard,Nifedipine,,,calcium-channel blocker,True,False
1282,1282.0,1282.0,x03qf,Zanidip,Zanidip,Lercanidipine Hydrochloride,,,calcium-channel blocker,True,False
1283,1283.0,1283.0,x03rU,Posicor,Posicor,Mibefradil,,,calcium-channel blocker,True,False
1284,1284.0,1284.0,x03rp,Calazem,Calazem,Diltiazem Hydrochloride,,,calcium-channel blocker,True,False
1285,1285.0,1285.0,x03t6,Kentiazem,Kentiazem,Diltiazem Hydrochloride,,,calcium-channel blocker,True,False
1286,1286.0,1286.0,x03vs,Securon,Securon IV,Verapamil Hydrochloride,,,calcium-channel blocker,True,False
1287,1287.0,1287.0,x03vt,Securon,Securon SR,Verapamil Hydrochloride,,,calcium-channel blocker,True,False
1288,1288.0,1288.0,x03yS,Tensipine,Tensipine MR 10,Nifedipine,,,calcium-channel blocker,True,False
1289,1289.0,1289.0,x03yT,Tensipine,Tensipine MR 20,Nifedipine,,,calcium-channel blocker,True,False
1290,1290.0,1290.0,x03yp,Univer,Univer,Verapamil Hydrochloride,,,calcium-channel blocker,True,False
1291,1291.0,1291.0,x03zv,Fortipine,Fortipine LA40,Nifedipine,,,calcium-channel blocker,True,False
1292,1292.0,1292.0,x040C,Verapress,Verapress MR 240,Verapamil Hydrochloride,,,calcium-channel blocker,True,False
1293,1293.0,1293.0,x044T,Nifedipress,Nifedipress MR 20,Nifedipine,,,calcium-channel blocker,True,False
1294,1294.0,1294.0,x045x,Nimodrel,Nimodrel MR 10,Nifedipine,,,calcium-channel blocker,True,False
1295,1295.0,1295.0,x045y,Nimodrel,Nimodrel MR 20,Nifedipine,,,calcium-channel blocker,True,False
1296,1296.0,1296.0,x046e,Angiopine,Angiopine 40 LA,Nifedipine,,,calcium-channel blocker,True,False
1297,1297.0,1297.0,x046f,Angiozem,Angiozem CR,Diltiazem Hydrochloride,,,calcium-channel blocker,True,False
1298,1298.0,1298.0,x047Y,Adalat,Adalat AR,Nifedipine,,,calcium-channel blocker,True,False
1299,1299.0,1299.0,x047Z,Adalat,Adalat Retard 10,Nifedipine,,,calcium-channel blocker,True,False
1300,1300.0,1300.0,x047a,Adalat,Adalat Retard 20,Nifedipine,,,calcium-channel blocker,True,False
1301,1301.0,1301.0,x047f,Adipine,Adipine MR 10,Nifedipine,,,calcium-channel blocker,True,False
1302,1302.0,1302.0,x047g,Adipine,Adipine MR 20,Nifedipine,,,calcium-channel blocker,True,False
1303,1303.0,1303.0,x047h,Adizem,Adizem-60,Diltiazem Hydrochloride,,,calcium-channel blocker,True,False
1304,1304.0,1304.0,x048t,Syscor,Syscor MR,Nisoldipine,,,calcium-channel blocker,True,False
1305,1305.0,1305.0,x048z,Securon,Half Securon SR,Verapamil Hydrochloride,,,calcium-channel blocker,True,False
1306,1306.0,1306.0,x049o,Hypolar,Hypolar Retard 20,Nifedipine,,,calcium-channel blocker,True,False
1307,1307.0,1307.0,x049y,Zemtard,Zemtard 300 XL,Diltiazem Hydrochloride,,,calcium-channel blocker,True,False
1308,1308.0,1308.0,x04bG,Optil,Optil,Diltiazem Hydrochloride,,,calcium-channel blocker,True,False
1309,1309.0,1309.0,x04c4,Dilcardia,Dilcardia SR,Diltiazem Hydrochloride,,,calcium-channel blocker,True,False
1310,1310.0,1310.0,x04cf,Nifedipress,Nifedipress MR 10,Nifedipine,,,calcium-channel blocker,True,False
1311,1311.0,1311.0,x04om,Nivaten,Nivaten Retard,Nifedipine,,,calcium-channel blocker,True,False
1312,1312.0,1312.0,x04pM,Optil,Optilast 0.05% eye drops,Diltiazem Hydrochloride,,,calcium-channel blocker,True,False
1313,1313.0,1313.0,x04pN,Optil,Optilast,Diltiazem Hydrochloride,,,calcium-channel blocker,True,False
1314,1314.0,1314.0,x04qk,Coroday,Coroday MR,Nifedipine,,,calcium-channel blocker,True,False
1315,1315.0,1315.0,x04qm,Angitil,Angitil XL 240,Diltiazem Hydrochloride,,,calcium-channel blocker,True,False
1316,1316.0,1316.0,x04qn,Angitil,Angitil XL 300,Diltiazem Hydrochloride,,,calcium-channel blocker,True,False
1317,1317.0,1317.0,x04t2,Angitil,Angitil SR 90,Diltiazem Hydrochloride,,,calcium-channel blocker,True,False
1318,1318.0,1318.0,x04t3,Angitil,Angitil SR 120,Diltiazem Hydrochloride,,,calcium-channel blocker,True,False
1319,1319.0,1319.0,x04t4,Angitil,Angitil SR 180,Diltiazem Hydrochloride,,,calcium-channel blocker,True,False
1320,1320.0,1320.0,x04t9,Zemtard,Zemtard 120 XL,Diltiazem Hydrochloride,,,calcium-channel blocker,True,False
1321,1321.0,1321.0,x04tA,Zemtard,Zemtard 180 XL,Diltiazem Hydrochloride,,,calcium-channel blocker,True,False
1322,1322.0,1322.0,x04tB,Zemtard,Zemtard 240 XL,Diltiazem Hydrochloride,,,calcium-channel blocker,True,False
1323,1323.0,1323.0,x04vM,Ethimil,Ethimil MR 240,Verapamil Hydrochloride,,,calcium-channel blocker,True,False
1324,1324.0,1324.0,x04vd,Cordilox,Cordilox MR 240,Verapamil Hydrochloride,,,calcium-channel blocker,True,False
1325,1325.0,1325.0,x04vg,Coracten,Coracten XL,Nifedipine,,,calcium-channel blocker,True,False
1326,1326.0,1326.0,x04vl,Optil,Optil SR 90,Diltiazem Hydrochloride,,,calcium-channel blocker,True,False
1327,1327.0,1327.0,x04vm,Optil,Optil SR 120,Diltiazem Hydrochloride,,,calcium-channel blocker,True,False
1328,1328.0,1328.0,x04vn,Optil,Optil SR 180,Diltiazem Hydrochloride,,,calcium-channel blocker,True,False
1329,1329.0,1329.0,x04vo,Optil,Optil XL 240,Diltiazem Hydrochloride,,,calcium-channel blocker,True,False
1330,1330.0,1330.0,x04vp,Optil,Optil XL 300,Diltiazem Hydrochloride,,,calcium-channel blocker,True,False
1331,1331.0,1331.0,x04wJ,Vertab,Vertab SR 240,Verapamil Hydrochloride,,,calcium-channel blocker,True,False
1332,1332.0,1332.0,x04wL,Nifopress,Nifopress Retard,Nifedipine,,,calcium-channel blocker,True,False
1333,1333.0,1333.0,x04wM,Slofedipine,Slofedipine XL,Nifedipine,,,calcium-channel blocker,True,False
1334,1334.0,1334.0,x04wl,Dilcardia,Dilcardia XL,Diltiazem Hydrochloride,,,calcium-channel blocker,True,False
1335,1335.0,1335.0,x04yc,Adipine,Adipine LA 30,Nifedipine,,,calcium-channel blocker,True,False
1336,1336.0,1336.0,x04yd,Adipine,Adipine LA 60,Nifedipine,,,calcium-channel blocker,True,False
1337,1337.0,1337.0,x0575,Bi-Carzem,BI-CARZEM SR,Diltiazem Hydrochloride,,,calcium-channel blocker,True,False
1338,1338.0,1338.0,x05Bx,Uard,Hypoguard Supreme Spectrum blood glucose testing strip,Diltiazem Hydrochloride,,,calcium-channel blocker,True,False
1339,1339.0,1339.0,x05Cl,Zildil,Zildil SR,Diltiazem Hydrochloride,,,calcium-channel blocker,True,False
1340,1340.0,1340.0,x05Dw,Hypolar,Hypolar XL 30,Nifedipine,,,calcium-channel blocker,True,False
1341,1341.0,1341.0,x05Ei,Bi-Carzem,BI-CARZEM XL,Diltiazem Hydrochloride,,,calcium-channel blocker,True,False
1342,1342.0,1342.0,x05G5,Calchan,Calchan MR,Nifedipine,,,calcium-channel blocker,True,False
1343,1343.0,1343.0,x05JR,Zemret,Zemret 180 XL,Diltiazem Hydrochloride,,,calcium-channel blocker,True,False
1344,1344.0,1344.0,x05Jl,Zemret,Zemret 240 XL,Diltiazem Hydrochloride,,,calcium-channel blocker,True,False
1345,1345.0,1345.0,x05Jm,Zemret,Zemret 300 XL,Diltiazem Hydrochloride,,,calcium-channel blocker,True,False
1346,1346.0,1346.0,x05Kw,Amlodipine,Amlodipine - chemical,Amlodipine,,,calcium-channel blocker,True,False
1347,1347.0,1347.0,x05Kx,Amlodipine,Amlodipine besylate - chemical,Amlodipine,,,calcium-channel blocker,True,False
1348,1348.0,1348.0,x05MD,Istin,Betahistine dihydrochloride - chemical,Amlodipine,,,calcium-channel blocker,True,False
1349,1349.0,1349.0,x05ME,Istin,Betahistine hydrochloride - chemical,Amlodipine,,,calcium-channel blocker,True,False
1350,1350.0,1350.0,x05Xz,Zolvera,Zolvera,Verapamil Hydrochloride,,,calcium-channel blocker,True,False
1351,1351.0,1351.0,x05bu,Disogram,Disogram SR,Diltiazem Hydrochloride,,,calcium-channel blocker,True,False
1352,1352.0,1352.0,x05dP,Horizem,Horizem SR,Diltiazem Hydrochloride,,,calcium-channel blocker,True,False
1353,1353.0,1353.0,x05ek,Uard,OstoGuard RMC1 barrier cream,Diltiazem Hydrochloride,,,calcium-channel blocker,True,False
1354,1354.0,1354.0,x05hA,Diltiazem Hydrochloride,Diltiazem Hydrochloride XL,Diltiazem Hydrochloride,,,calcium-channel blocker,True,False
1355,1355.0,1355.0,x05i1,Ranvera,Ranvera MR,Verapamil Hydrochloride,,,calcium-channel blocker,True,False
1356,1356.0,1356.0,x05i3,Cabren,Cabren,Felodipine,,,calcium-channel blocker,True,False
1357,1357.0,1357.0,x05j1,Uard,OstoGuard RMC2 barrier cream sachet,Diltiazem Hydrochloride,,,calcium-channel blocker,True,False
1358,1358.0,1358.0,x05jB,Vera-Til,Vera-Til SR,Verapamil Hydrochloride,,,calcium-channel blocker,True,False
1359,1359.0,1359.0,x05ok,Kentipine,Kentipine MR,Nifedipine,,,calcium-channel blocker,True,False
1360,1360.0,1360.0,x05pF,Felotens,Felotens XL,Felodipine,,,calcium-channel blocker,True,False
1361,1361.0,1361.0,x05pk,Felogen,Felogen XL,Felodipine,,,calcium-channel blocker,True,False
1362,1362.0,1362.0,x05qe,Keloc,Keloc SR,Felodipine,,,calcium-channel blocker,True,False
1363,1363.0,1363.0,x05rz,Vascalpha,Vascalpha,Felodipine,,,calcium-channel blocker,True,False
1364,1364.0,1364.0,x05sM,Valni,Valni Retard,Nifedipine,,,calcium-channel blocker,True,False
1365,1365.0,1365.0,x05u3,Cardioplen,Cardioplen XL,Felodipine,,,calcium-channel blocker,True,False
1366,1366.0,1366.0,x05uo,Amlostin,Amlostin,Amlodipine,,,calcium-channel blocker,True,False
1367,1367.0,1367.0,x05vQ,Neofel,Neofel XL,Felodipine,,,calcium-channel blocker,True,False
1368,1368.0,1368.0,x05wO,Adipine,Adipine XL,Nifedipine,,,calcium-channel blocker,True,False
1369,1369.0,1369.0,x05xk,Pinefeld,Pinefeld XL,Felodipine,,,calcium-channel blocker,True,False
1370,1370.0,1370.0,x0606,Nimodrel,Nimodrel XL,Nifedipine,,,calcium-channel blocker,True,False
1371,1371.0,1371.0,.031.,Univer,University academic (& [staff]),Verapamil Hydrochloride,,,calcium-channel blocker,True,False
1372,1372.0,1372.0,.031.,Univer,University academic staff,Verapamil Hydrochloride,,,calcium-channel blocker,True,False
1373,1373.0,1373.0,.031.,Univer,Academic - university,Verapamil Hydrochloride,,,calcium-channel blocker,True,False
1374,1374.0,1374.0,.031.,Univer,University acad. staff,Verapamil Hydrochloride,,,calcium-channel blocker,True,False
1375,1375.0,1375.0,.0311,Univer,University vice-chancellor,Verapamil Hydrochloride,,,calcium-channel blocker,True,False
1376,1376.0,1376.0,.0312,Univer,University professor,Verapamil Hydrochloride,,,calcium-channel blocker,True,False
1377,1377.0,1377.0,.0313,Univer,University lecturer,Verapamil Hydrochloride,,,calcium-channel blocker,True,False
1378,1378.0,1378.0,.0314,Univer,University dean,Verapamil Hydrochloride,,,calcium-channel blocker,True,False
1379,1379.0,1379.0,.031Z,Univer,University teacher NOS,Verapamil Hydrochloride,,,calcium-channel blocker,True,False
1380,1380.0,1380.0,.09Z.,Uard,(Private detective) or (security guard) or (other protective services),Diltiazem Hydrochloride,,,calcium-channel blocker,True,False
1381,1381.0,1381.0,.09Z.,Uard,Security guard,Diltiazem Hydrochloride,,,calcium-channel blocker,True,False
1382,1382.0,1382.0,.09Z.,Uard,Guard - security,Diltiazem Hydrochloride,,,calcium-channel blocker,True,False
1383,1383.0,1383.0,.09Z1,Uard,Coastguard,Diltiazem Hydrochloride,,,calcium-channel blocker,True,False
1384,1384.0,1384.0,.09Z9,Uard,Security guard,Diltiazem Hydrochloride,,,calcium-channel blocker,True,False
1385,1385.0,1385.0,.0I24,Uard,Railway guard,Diltiazem Hydrochloride,,,calcium-channel blocker,True,False
1386,1386.0,1386.0,.13Io,Uard,Has guardian appointed under the Adults with Incapacity (Scotland) Act 2000,Diltiazem Hydrochloride,,,calcium-channel blocker,True,False
1387,1387.0,1387.0,.13T2,Uard,Guardian's allowance,Diltiazem Hydrochloride,,,calcium-channel blocker,True,False
1388,1388.0,1388.0,.25D.,Uard,O/E - guarding on palpation,Diltiazem Hydrochloride,,,calcium-channel blocker,True,False
1389,1389.0,1389.0,.25D.,Uard,O/E - guarding of abdomen,Diltiazem Hydrochloride,,,calcium-channel blocker,True,False
1390,1390.0,1390.0,.25D1,Uard,O/E - no guarding on palpation,Diltiazem Hydrochloride,,,calcium-channel blocker,True,False
1391,1391.0,1391.0,.25D2,Uard,O/E - guarding-R.hypochondrium,Diltiazem Hydrochloride,,,calcium-channel blocker,True,False
1392,1392.0,1392.0,.25D3,Uard,O/E - guarding - epigastrium,Diltiazem Hydrochloride,,,calcium-channel blocker,True,False
1393,1393.0,1393.0,.25D4,Uard,O/E - guarding-L.hypochondrium,Diltiazem Hydrochloride,,,calcium-channel blocker,True,False
1394,1394.0,1394.0,.25D5,Uard,O/E - guarding - R.lumbar,Diltiazem Hydrochloride,,,calcium-channel blocker,True,False
1395,1395.0,1395.0,.25D6,Uard,O/E - guarding - umbilical,Diltiazem Hydrochloride,,,calcium-channel blocker,True,False
1396,1396.0,1396.0,.25D7,Uard,O/E - guarding - L.lumbar,Diltiazem Hydrochloride,,,calcium-channel blocker,True,False
1397,1397.0,1397.0,.25D8,Uard,O/E - guarding - R.iliac,Diltiazem Hydrochloride,,,calcium-channel blocker,True,False
1398,1398.0,1398.0,.25D9,Uard,O/E - guarding - hypogastrium,Diltiazem Hydrochloride,,,calcium-channel blocker,True,False
1399,1399.0,1399.0,.25DA,Uard,O/E - guarding - L.iliac,Diltiazem Hydrochloride,,,calcium-channel blocker,True,False
1400,1400.0,1400.0,.25DZ,Uard,O/E -guarding on palpation NOS,Diltiazem Hydrochloride,,,calcium-channel blocker,True,False
1401,1401.0,1401.0,.662R,Motens,Normotensive,Lacidipine,,,calcium-channel blocker,True,False
1402,1402.0,1402.0,.687C,Univer,Malnutrition universal screening tool score,Verapamil Hydrochloride,,,calcium-channel blocker,True,False
1403,1403.0,1403.0,.687C,Univer,MUST (malnutrition universal screening tool) score,Verapamil Hydrochloride,,,calcium-channel blocker,True,False
1404,1404.0,1404.0,.6995,Univer,University admission medical,Verapamil Hydrochloride,,,calcium-channel blocker,True,False
1405,1405.0,1405.0,.7396,Sular,Extracapsular extraction of lens,Nisoldipine,,,calcium-channel blocker,True,False
1406,1406.0,1406.0,.7396,Sular,Extracapsular cataract extraction,Nisoldipine,,,calcium-channel blocker,True,False
1407,1407.0,1407.0,.7396,Sular,ECCE - Extracapsular cataract extraction,Nisoldipine,,,calcium-channel blocker,True,False
1408,1408.0,1408.0,.8E73,Istin,Assisting exercise,Amlodipine,,,calcium-channel blocker,True,False
1409,1409.0,1409.0,.9142,Univer,Patient away at college or university,Verapamil Hydrochloride,,,calcium-channel blocker,True,False
1410,1410.0,1410.0,.918N,Uard,Legal guardian - home telephone number,Diltiazem Hydrochloride,,,calcium-channel blocker,True,False
1411,1411.0,1411.0,.918P,Uard,Legal guardian - mobile telephone number,Diltiazem Hydrochloride,,,calcium-channel blocker,True,False
1412,1412.0,1412.0,.918Q,Uard,Legal guardian - work telephone number,Diltiazem Hydrochloride,,,calcium-channel blocker,True,False
1413,1413.0,1413.0,.918R,Uard,Legal guardian - email address,Diltiazem Hydrochloride,,,calcium-channel blocker,True,False
1414,1414.0,1414.0,.918S,Uard,Legal guardian details,Diltiazem Hydrochloride,,,calcium-channel blocker,True,False
1415,1415.0,1415.0,.9d40,Uard,Guardian,Diltiazem Hydrochloride,,,calcium-channel blocker,True,False
1416,1416.0,1416.0,.K24.,Istin,Pregnancy with hypertension (& [pre-existing]),Amlodipine,,,calcium-channel blocker,True,False
1417,1417.0,1417.0,.K24.,Istin,Preg.+ pre-existing hypertensn,Amlodipine,,,calcium-channel blocker,True,False
1418,1418.0,1418.0,.K24.,Istin,Pregnancy with pre-existing hypertension,Amlodipine,,,calcium-channel blocker,True,False
1419,1419.0,1419.0,135o.,Univer,Universalist,Verapamil Hydrochloride,,,calcium-channel blocker,True,False
1420,1420.0,1420.0,135p.,Univer,Unitarian Universalist,Verapamil Hydrochloride,,,calcium-channel blocker,True,False
1421,1421.0,1421.0,13If0,Uard,Unborn child is cause for safeguarding concern,Diltiazem Hydrochloride,,,calcium-channel blocker,True,False
1422,1422.0,1422.0,13Io.,Uard,Has guardian appointed under the Adults with Incapacity (Scotland) Act 2000,Diltiazem Hydrochloride,,,calcium-channel blocker,True,False
1423,1423.0,1423.0,13WX.,Uard,Child is cause for safeguarding concern,Diltiazem Hydrochloride,,,calcium-channel blocker,True,False
1424,1424.0,1424.0,19EJ.,Istin,Able to distinguish stool and flatus,Amlodipine,,,calcium-channel blocker,True,False
1425,1425.0,1425.0,38B7.,Uard,Assessment of risk for deprivation of liberty in accordance with Mental Capacity Act 2005 Deprivation of liberty safeguards Code of Practice,Diltiazem Hydrochloride,,,calcium-channel blocker,True,False
1426,1426.0,1426.0,38G4.,Uard,Safeguarding children and young people toolkit for general practice (2009 revision),Diltiazem Hydrochloride,,,calcium-channel blocker,True,False
1427,1427.0,1427.0,38Gk.,Univer,Malnutrition universal screening tool,Verapamil Hydrochloride,,,calcium-channel blocker,True,False
1428,1428.0,1428.0,38QS.,Univer,University of Washington Quality of Life questionnaire version 4,Verapamil Hydrochloride,,,calcium-channel blocker,True,False
1429,1429.0,1429.0,65e..,Univer,Universal precautions,Verapamil Hydrochloride,,,calcium-channel blocker,True,False
1430,1430.0,1430.0,662R.,Motens,Normotensive,Lacidipine,,,calcium-channel blocker,True,False
1431,1431.0,1431.0,687C.,Univer,Malnutrition universal screening tool score,Verapamil Hydrochloride,,,calcium-channel blocker,True,False
1432,1432.0,1432.0,687C.,Univer,MUST (malnutrition universal screening tool) score,Verapamil Hydrochloride,,,calcium-channel blocker,True,False
1433,1433.0,1433.0,68Nx.,Uard,Parent/guardian not aware of any contraindication to immunisation,Diltiazem Hydrochloride,,,calcium-channel blocker,True,False
1434,1434.0,1434.0,7K1Jd,Sular,Closed reduction of intracapsular fracture of neck of femur and internal fixation using a dynamic hip screw,Nisoldipine,,,calcium-channel blocker,True,False
1435,1435.0,1435.0,7K1Y0,Sular,Remanipulation of intracapsular fracture of neck of femur and fixation using nail or screw,Nisoldipine,,,calcium-channel blocker,True,False
1436,1436.0,1436.0,86804,Istin,Colistin desensitisation therapy,Amlodipine,,,calcium-channel blocker,True,False
1437,1437.0,1437.0,8CMh.,Uard,Safeguarding adults protection plan completed,Diltiazem Hydrochloride,,,calcium-channel blocker,True,False
1438,1438.0,1438.0,8CSC.,Uard,Safeguarding adults protection plan agreed,Diltiazem Hydrochloride,,,calcium-channel blocker,True,False
1439,1439.0,1439.0,8Hkc.,Uard,Referral to safeguarding adults team,Diltiazem Hydrochloride,,,calcium-channel blocker,True,False
1440,1440.0,1440.0,8Hkh.,Uard,Referral to safeguarding children team,Diltiazem Hydrochloride,,,calcium-channel blocker,True,False
1441,1441.0,1441.0,918N.,Uard,Legal guardian - home telephone number,Diltiazem Hydrochloride,,,calcium-channel blocker,True,False
1442,1442.0,1442.0,918P.,Uard,Legal guardian - mobile telephone number,Diltiazem Hydrochloride,,,calcium-channel blocker,True,False
1443,1443.0,1443.0,918Q.,Uard,Legal guardian - work telephone number,Diltiazem Hydrochloride,,,calcium-channel blocker,True,False
1444,1444.0,1444.0,918R.,Uard,Legal guardian - email address,Diltiazem Hydrochloride,,,calcium-channel blocker,True,False
1445,1445.0,1445.0,918S.,Uard,Legal guardian details,Diltiazem Hydrochloride,,,calcium-channel blocker,True,False
1446,1446.0,1446.0,9Ea3.,Istin,Less than 24 weeks involving risk of injury to the physical/mental health of any existing children of the pregnant woman's family,Amlodipine,,,calcium-channel blocker,True,False
1447,1447.0,1447.0,9NfS.,Univer,Requires information on USB (universal serial bus) mass storage device,Verapamil Hydrochloride,,,calcium-channel blocker,True,False
1448,1448.0,1448.0,9NgB.,Uard,Child no longer safeguarding concern,Diltiazem Hydrochloride,,,calcium-channel blocker,True,False
1449,1449.0,1449.0,9Ngf.,Uard,No safeguarding issues identified,Diltiazem Hydrochloride,,,calcium-channel blocker,True,False
1450,1450.0,1450.0,9Ngj.,Uard,Adult safeguarding concern,Diltiazem Hydrochloride,,,calcium-channel blocker,True,False
1451,1451.0,1451.0,9Ngk.,Uard,Adult no longer safeguarding concern,Diltiazem Hydrochloride,,,calcium-channel blocker,True,False
1452,1452.0,1452.0,9Ngl0,Univer,Under care of health visiting service - Universal,Verapamil Hydrochloride,,,calcium-channel blocker,True,False
1453,1453.0,1453.0,9Ngl1,Univer,Under care of health visiting service - Universal plus,Verapamil Hydrochloride,,,calcium-channel blocker,True,False
1454,1454.0,1454.0,9Ngl2,Univer,Under care of health visiting service - Universal partnership plus,Verapamil Hydrochloride,,,calcium-channel blocker,True,False
1455,1455.0,1455.0,9Ngz3,Univer,Under care of school nursing service - Universal,Verapamil Hydrochloride,,,calcium-channel blocker,True,False
1456,1456.0,1456.0,9Ngz4,Univer,Under care of school nursing service - Universal plus,Verapamil Hydrochloride,,,calcium-channel blocker,True,False
1457,1457.0,1457.0,9Ngz5,Univer,Under care of school nursing service - Universal partnership plus,Verapamil Hydrochloride,,,calcium-channel blocker,True,False
1458,1458.0,1458.0,9NgzR,Uard,Unborn child no longer cause for safeguarding concern,Diltiazem Hydrochloride,,,calcium-channel blocker,True,False
1459,1459.0,1459.0,9NzE.,Uard,Legal guardian present at encounter,Diltiazem Hydrochloride,,,calcium-channel blocker,True,False
1460,1460.0,1460.0,9Rd..,Uard,SAR (Safeguarding Adults Return) referral conclusion,Diltiazem Hydrochloride,,,calcium-channel blocker,True,False
1461,1461.0,1461.0,9Rd0.,Uard,SAR (Safeguarding Adults Return) referral conclusion - investigation fully substantiated,Diltiazem Hydrochloride,,,calcium-channel blocker,True,False
1462,1462.0,1462.0,9Rd1.,Uard,SAR (Safeguarding Adults Return) referral conclusion - investigation partially substantiated,Diltiazem Hydrochloride,,,calcium-channel blocker,True,False
1463,1463.0,1463.0,9Rd2.,Uard,SAR (Safeguarding Adults Return) referral conclusion - investigation not substantiated,Diltiazem Hydrochloride,,,calcium-channel blocker,True,False
1464,1464.0,1464.0,9Rd3.,Uard,SAR (Safeguarding Adults Return) referral conclusion - investigation inconclusive,Diltiazem Hydrochloride,,,calcium-channel blocker,True,False
1465,1465.0,1465.0,9Rd4.,Uard,SAR (Safeguarding Adults Return) referral conclusion - investigation ceased at individual's request,Diltiazem Hydrochloride,,,calcium-channel blocker,True,False
1466,1466.0,1466.0,9d40.,Uard,Guardian,Diltiazem Hydrochloride,,,calcium-channel blocker,True,False
1467,1467.0,1467.0,9lJ..,Istin,Existing patient paper record available,Amlodipine,,,calcium-channel blocker,True,False
1468,1468.0,1468.0,F164.,Uard,Brown-Sequard syndrome,Diltiazem Hydrochloride,,,calcium-channel blocker,True,False
1469,1469.0,1469.0,L180X,Istin,"[X]Pre-existing diabetes mellitus, unspecified",Amlodipine,,,calcium-channel blocker,True,False
1470,1470.0,1470.0,M240K,Univer,Alopecia universalis,Verapamil Hydrochloride,,,calcium-channel blocker,True,False
1471,1471.0,1471.0,M240K,Univer,Universal alopecia areata,Verapamil Hydrochloride,,,calcium-channel blocker,True,False
1472,1472.0,1472.0,SP07T,Sular,Anterior capsular phimosis,Nisoldipine,,,calcium-channel blocker,True,False
1473,1473.0,1473.0,bd38.,Adalat,Beta-Adalat capsule,Nifedipine,,,calcium-channel blocker,True,False
1474,1474.0,1474.0,h32v.,Istin,Vincristine sulphate 1mg/1mL prefilled syringe,Amlodipine,1 mg/1 ml,,calcium-channel blocker,True,False
1475,1475.0,1475.0,x01CT,Amlodipine,Amlodipine,Amlodipine,,,calcium-channel blocker,True,False
1476,1476.0,1476.0,AC7x0,Amias,Syngamiasis,Candesartan Cilexetil,,,Angiotensin-II Receptor Antagonists,False,False
1477,1477.0,1477.0,C3541,Hypercal,Hypercalcaemia: [NEC] or [secondary],Reserpine And Rauwolfia Alkaloids,,,Centrally-Acting Antihypertensive Drugs,False,False
1478,1478.0,1478.0,C3541,Hypercal,Secondary hypercalcaemia,Reserpine And Rauwolfia Alkaloids,,,Centrally-Acting Antihypertensive Drugs,False,False
1479,1479.0,1479.0,C3541,Hypercal,Hypercalcaemia NEC,Reserpine And Rauwolfia Alkaloids,,,Centrally-Acting Antihypertensive Drugs,False,False
1480,1480.0,1480.0,C3542,Hypercal,Idiopathic hypercalcaemia,Reserpine And Rauwolfia Alkaloids,,,Centrally-Acting Antihypertensive Drugs,False,False
1481,1481.0,1481.0,C3544,Hypercal,Hypercalciuria,Reserpine And Rauwolfia Alkaloids,,,Centrally-Acting Antihypertensive Drugs,False,False
1482,1482.0,1482.0,C3544,Hypercal,Hypercalcinuria,Reserpine And Rauwolfia Alkaloids,,,Centrally-Acting Antihypertensive Drugs,False,False
1483,1483.0,1483.0,C3544,Hypercal,Hypercalcuria,Reserpine And Rauwolfia Alkaloids,,,Centrally-Acting Antihypertensive Drugs,False,False
1484,1484.0,1484.0,C3545,Hypercal,Familial benign hypercalcaemia,Reserpine And Rauwolfia Alkaloids,,,Centrally-Acting Antihypertensive Drugs,False,False
1485,1485.0,1485.0,X30Jn,Hypercal,Bartter's syndrome with hypercalciuria and nephrocalcinosis,Reserpine And Rauwolfia Alkaloids,,,Centrally-Acting Antihypertensive Drugs,False,False
1486,1486.0,1486.0,X30Kd,Hypercal,Hypercalcaemic nephropathy,Reserpine And Rauwolfia Alkaloids,,,Centrally-Acting Antihypertensive Drugs,False,False
1487,1487.0,1487.0,X30Lv,Hypercal,Acute hypercalcaemia of dialysis,Reserpine And Rauwolfia Alkaloids,,,Centrally-Acting Antihypertensive Drugs,False,False
1488,1488.0,1488.0,X40BT,Ranace,Placenta membranacea,Ramipril,,,Angiotensin-Converting Enzyme Inhibitors,False,False
1489,1489.0,1489.0,X40QU,Hypercal,Secondary hypercalcaemia,Reserpine And Rauwolfia Alkaloids,,,Centrally-Acting Antihypertensive Drugs,False,False
1490,1490.0,1490.0,X40Qa,Hypercal,Hypercalcaemia,Reserpine And Rauwolfia Alkaloids,,,Centrally-Acting Antihypertensive Drugs,False,False
1491,1491.0,1491.0,X40Qc,Hypercal,Familial hypocalciuric hypercalcaemia,Reserpine And Rauwolfia Alkaloids,,,Centrally-Acting Antihypertensive Drugs,False,False
1492,1492.0,1492.0,X40Qc,Hypercal,FHH - Familial hypocalciuric hypercalcaemia,Reserpine And Rauwolfia Alkaloids,,,Centrally-Acting Antihypertensive Drugs,False,False
1493,1493.0,1493.0,X40Qd,Hypercal,Hypercalcaemia of malignancy,Reserpine And Rauwolfia Alkaloids,,,Centrally-Acting Antihypertensive Drugs,False,False
1494,1494.0,1494.0,X40Qd,Hypercal,Malignant hypercalcaemia,Reserpine And Rauwolfia Alkaloids,,,Centrally-Acting Antihypertensive Drugs,False,False
1495,1495.0,1495.0,X40Qe,Hypercal,Drug-induced hypercalcaemia,Reserpine And Rauwolfia Alkaloids,,,Centrally-Acting Antihypertensive Drugs,False,False
1496,1496.0,1496.0,X40Qg,Hypercal,Familial idiopathic hypercalciuria,Reserpine And Rauwolfia Alkaloids,,,Centrally-Acting Antihypertensive Drugs,False,False
1497,1497.0,1497.0,X40Qt,Hypercal,Hypercalciuric rickets,Reserpine And Rauwolfia Alkaloids,,,Centrally-Acting Antihypertensive Drugs,False,False
1498,1498.0,1498.0,X40Qu,Hypercal,Hypercalciuric rickets,Reserpine And Rauwolfia Alkaloids,,,Centrally-Acting Antihypertensive Drugs,False,False
1499,1499.0,1499.0,X40Qu,Hypercal,HHRH - Hereditary hypophosphataemic rickets with hypercalciuria,Reserpine And Rauwolfia Alkaloids,,,Centrally-Acting Antihypertensive Drugs,False,False
1500,1500.0,1500.0,X40RR,Hypercal,Familial hypomagnesaemia-hypercalciuria,Reserpine And Rauwolfia Alkaloids,,,Centrally-Acting Antihypertensive Drugs,False,False
1501,1501.0,1501.0,X77Wu,Captopril,Captopril suppression test,Captopril,,,Angiotensin-Converting Enzyme Inhibitors,False,False
1502,1502.0,1502.0,X78EK,Captopril,Fetal captopril/enalapril syndrome,Captopril,,,Angiotensin-Converting Enzyme Inhibitors,False,False
1503,1503.0,1503.0,X78EO,Minoxidil,Fetal minoxidil syndrome,Minoxidil,,,Vasodilator Antihypertensive Drugs,False,False
1504,1504.0,1504.0,XE11e,Hypercal,Hypercalcaemia NEC,Reserpine And Rauwolfia Alkaloids,,,Centrally-Acting Antihypertensive Drugs,False,False
1505,1505.0,1505.0,XE13M,Hypercal,(Phosphorus &/or calcium disorders (& [hypercalcaemia] or [hypercalcinuria] or [hypocalcaemia]) or (nephrocalcinosis),Reserpine And Rauwolfia Alkaloids,,,Centrally-Acting Antihypertensive Drugs,False,False
1506,1506.0,1506.0,XE13M,Hypercal,Hypercalcinuria,Reserpine And Rauwolfia Alkaloids,,,Centrally-Acting Antihypertensive Drugs,False,False
1507,1507.0,1507.0,XE13M,Hypercal,Hypercalcaemia,Reserpine And Rauwolfia Alkaloids,,,Centrally-Acting Antihypertensive Drugs,False,False
1508,1508.0,1508.0,XM19f,Hypercal,[EDTA] Nephrocalcinosis and hypercalcaemic nephropathy associated with renal failure,Reserpine And Rauwolfia Alkaloids,,,Centrally-Acting Antihypertensive Drugs,False,False
1509,1509.0,1509.0,Xa0AE,Hypercal,Infantile hypercalcaemia,Reserpine And Rauwolfia Alkaloids,,,Centrally-Acting Antihypertensive Drugs,False,False
1510,1510.0,1510.0,Xa0AF,Hypercal,Idiopathic infantile hypercalcaemia - mild form,Reserpine And Rauwolfia Alkaloids,,,Centrally-Acting Antihypertensive Drugs,False,False
1511,1511.0,1511.0,Xa0Qd,Hypercal,Idiopathic infantile hypercalcaemia - severe form,Reserpine And Rauwolfia Alkaloids,,,Centrally-Acting Antihypertensive Drugs,False,False
1512,1512.0,1512.0,XacIH,Aliskiren,Aliskiren declined,Aliskiren,,,Renin Inhibitors,False,False
1513,1513.0,1513.0,XacIK,Aliskiren,Aliskiren not tolerated,Aliskiren,,,Renin Inhibitors,False,False
1514,1514.0,1514.0,a4c..,Thelin,Propantheline bromide [antispasmodic],Sitaxentan Sodium,,,Vasodilator Antihypertensive Drugs,False,False
1515,1515.0,1515.0,a4c1.,Thelin,Propantheline bromide 15mg tablet,Sitaxentan Sodium,15 mg,,Vasodilator Antihypertensive Drugs,False,False
1516,1516.0,1516.0,bA1..,Ramipril,Felodipine+ramipril,Ramipril,,,Angiotensin-Converting Enzyme Inhibitors,True,False
1517,1517.0,1517.0,bA11.,Triapin,Triapin mite 2.5mg/2.5mg tablet,Ramipril,2.5 mg,,Angiotensin-Converting Enzyme Inhibitors,False,False
1518,1518.0,1518.0,bA12.,Triapin,Triapin 5mg/5mg tablet,Ramipril,5 mg,,Angiotensin-Converting Enzyme Inhibitors,False,False
1519,1519.0,1519.0,bA1y.,Ramipril,Felodipine+ramipril 2.5mg/2.5mg tablet,Ramipril,2.5 mg,,Angiotensin-Converting Enzyme Inhibitors,True,False
1520,1520.0,1520.0,bA1z.,Ramipril,Felodipine+ramipril 5mg/5mg tablet,Ramipril,5 mg,,Angiotensin-Converting Enzyme Inhibitors,True,False
1521,1521.0,1521.0,be1..,Diazoxide,Diazoxide [cardiovascular use],Diazoxide,,,Vasodilator Antihypertensive Drugs,False,False
1522,1522.0,1522.0,be1z.,Diazoxide,Diazoxide 300mg/20mL injection,Diazoxide,300 mg/20 ml,,Vasodilator Antihypertensive Drugs,False,False
1523,1523.0,1523.0,be21.,Apresoline,Apresoline 25mg tablet,Hydralazine Hydrochloride,25 mg,,Vasodilator Antihypertensive Drugs,False,False
1524,1524.0,1524.0,be22.,Apresoline,Apresoline 50mg tablet,Hydralazine Hydrochloride,50 mg,,Vasodilator Antihypertensive Drugs,False,False
1525,1525.0,1525.0,be23.,Apresoline,Apresoline 20mg injection (pdr for recon),Hydralazine Hydrochloride,20 mg,,Vasodilator Antihypertensive Drugs,False,False
1526,1526.0,1526.0,be3..,Minoxidil,Minoxidil,Minoxidil,,,Vasodilator Antihypertensive Drugs,False,False
1527,1527.0,1527.0,be31.,Loniten,Loniten 2.5mg tablet,Minoxidil,2.5 mg,,Vasodilator Antihypertensive Drugs,False,False
1528,1528.0,1528.0,be32.,Loniten,Loniten 5mg tablet,Minoxidil,5 mg,,Vasodilator Antihypertensive Drugs,False,False
1529,1529.0,1529.0,be33.,Loniten,Loniten 10mg tablet,Minoxidil,10 mg,,Vasodilator Antihypertensive Drugs,False,False
1530,1530.0,1530.0,be3x.,Minoxidil,Minoxidil 2.5mg tablet,Minoxidil,2.5 mg,,Vasodilator Antihypertensive Drugs,False,False
1531,1531.0,1531.0,be3y.,Minoxidil,Minoxidil 5mg tablet,Minoxidil,5 mg,,Vasodilator Antihypertensive Drugs,False,False
1532,1532.0,1532.0,be3z.,Minoxidil,Minoxidil 10mg tablet,Minoxidil,10 mg,,Vasodilator Antihypertensive Drugs,False,False
1533,1533.0,1533.0,bf11.,Catapres,Catapres 100mcg tablet,Clonidine Hydrochloride,,,Centrally-Acting Antihypertensive Drugs,False,False
1534,1534.0,1534.0,bf12.,Catapres,Catapres 300mcg tablet,Clonidine Hydrochloride,,,Centrally-Acting Antihypertensive Drugs,False,False
1535,1535.0,1535.0,bf13.,Catapres,Catapres 250micrograms Perlonget,Clonidine Hydrochloride,,,Centrally-Acting Antihypertensive Drugs,False,False
1536,1536.0,1536.0,bf14.,Catapres,Catapres 150mcg/1mL injection,Clonidine Hydrochloride,,,Centrally-Acting Antihypertensive Drugs,False,False
1537,1537.0,1537.0,bf2..,Methyldopa,Methyldopa,Methyldopa,,,Centrally-Acting Antihypertensive Drugs,False,False
1538,1538.0,1538.0,bf2..,Methyldopa,Alpha methyldopa,Methyldopa,,,Centrally-Acting Antihypertensive Drugs,False,False
1539,1539.0,1539.0,bf21.,Methyldopa,Methyldopa 125mg tablet,Methyldopa,125 mg,,Centrally-Acting Antihypertensive Drugs,False,False
1540,1540.0,1540.0,bf22.,Methyldopa,Methyldopa 250mg tablet,Methyldopa,250 mg,,Centrally-Acting Antihypertensive Drugs,False,False
1541,1541.0,1541.0,bf23.,Methyldopa,Methyldopa 500mg tablet,Methyldopa,500 mg,,Centrally-Acting Antihypertensive Drugs,False,False
1542,1542.0,1542.0,bf29.,Dopamet,Dopamet 125mg tablet,Methyldopa,125 mg,,Centrally-Acting Antihypertensive Drugs,False,False
1543,1543.0,1543.0,bf2a.,Dopamet,Dopamet 250mg tablet,Methyldopa,250 mg,,Centrally-Acting Antihypertensive Drugs,False,False
1544,1544.0,1544.0,bf2b.,Dopamet,Dopamet 500mg tablet,Methyldopa,500 mg,,Centrally-Acting Antihypertensive Drugs,False,False
1545,1545.0,1545.0,bf2c.,Medomet,Medomet 250mg capsule,Methyldopa,250 mg,,Centrally-Acting Antihypertensive Drugs,False,False
1546,1546.0,1546.0,bf2d.,Medomet,Medomet 250mg tablet,Methyldopa,250 mg,,Centrally-Acting Antihypertensive Drugs,False,False
1547,1547.0,1547.0,bf2e.,Medomet,Medomet 500mg tablet,Methyldopa,500 mg,,Centrally-Acting Antihypertensive Drugs,False,False
1548,1548.0,1548.0,bf2f.,Hydromet,Hydromet tablet,Methyldopa,,,Centrally-Acting Antihypertensive Drugs,False,False
1549,1549.0,1549.0,bf2g.,Metalpha,Metalpha 250mg tablet,Methyldopa,250 mg,,Centrally-Acting Antihypertensive Drugs,False,False
1550,1550.0,1550.0,bf2h.,Metalpha,Metalpha 500mg tablet,Methyldopa,500 mg,,Centrally-Acting Antihypertensive Drugs,False,False
1551,1551.0,1551.0,bf2j.,Methyldopa,Methyldopa+hydrochlorothiazide 250mg/15mg tablet,Methyldopa,250 mg,,Centrally-Acting Antihypertensive Drugs,False,True
1552,1552.0,1552.0,bf2v.,Methyldopa,Methyldopa 250mg/5mL oral suspension,Methyldopa,250 mg/5 ml,,Centrally-Acting Antihypertensive Drugs,False,False
1553,1553.0,1553.0,bf2w.,Methyldopa,Methyldopate hydrochloride 250mg/5mL injection,Methyldopa,250 mg/5 ml,,Centrally-Acting Antihypertensive Drugs,False,False
1554,1554.0,1554.0,bf2z.,Methyldopa,Methyldopa 250mg capsule,Methyldopa,250 mg,,Centrally-Acting Antihypertensive Drugs,False,False
1555,1555.0,1555.0,bf33.,Decaserpyl,Decaserpyl 5mg tablet,Reserpine And Rauwolfia Alkaloids,5 mg,,Centrally-Acting Antihypertensive Drugs,False,False
1556,1556.0,1556.0,bf34.,Decaserpyl,Decaserpyl 10mg tablet,Reserpine And Rauwolfia Alkaloids,10 mg,,Centrally-Acting Antihypertensive Drugs,False,False
1557,1557.0,1557.0,bf35.,Hypercal,Hypercal 2mg tablet,Reserpine And Rauwolfia Alkaloids,2 mg,,Centrally-Acting Antihypertensive Drugs,False,False
1558,1558.0,1558.0,bf36.,Rauwiloid,Rauwiloid 2mg tablet,Reserpine And Rauwolfia Alkaloids,2 mg,,Centrally-Acting Antihypertensive Drugs,False,False
1559,1559.0,1559.0,bf37.,Serpasil,Serpasil 100micrograms tablet,Reserpine And Rauwolfia Alkaloids,,,Centrally-Acting Antihypertensive Drugs,False,False
1560,1560.0,1560.0,bf38.,Serpasil,Serpasil 250micrograms tablet,Reserpine And Rauwolfia Alkaloids,,,Centrally-Acting Antihypertensive Drugs,False,False
1561,1561.0,1561.0,bf39.,Abicol,Abicol tablet,Reserpine And Rauwolfia Alkaloids,,,Centrally-Acting Antihypertensive Drugs,False,False
1562,1562.0,1562.0,bf3a.,Decaserpyl,Decaserpyl Plus tablet,Reserpine And Rauwolfia Alkaloids,,,Centrally-Acting Antihypertensive Drugs,False,False
1563,1563.0,1563.0,bf3b.,Rautrax,Rautrax tablet,Reserpine And Rauwolfia Alkaloids,,,Centrally-Acting Antihypertensive Drugs,False,False
1564,1564.0,1564.0,bf3c.,Serpasil,Serpasil-Esidrex tablet,Reserpine And Rauwolfia Alkaloids,,,Centrally-Acting Antihypertensive Drugs,False,True
1565,1565.0,1565.0,bf4..,Moxonidine,Moxonidine,Moxonidine,,,Centrally-Acting Antihypertensive Drugs,False,False
1566,1566.0,1566.0,bf41.,Moxonidine,Moxonidine 200micrograms tablet,Moxonidine,,,Centrally-Acting Antihypertensive Drugs,False,False
1567,1567.0,1567.0,bf42.,Moxonidine,Moxonidine 400micrograms tablet,Moxonidine,,,Centrally-Acting Antihypertensive Drugs,False,False
1568,1568.0,1568.0,bf43.,Physiotens,Physiotens 200micrograms tablet,Moxonidine,,,Centrally-Acting Antihypertensive Drugs,False,False
1569,1569.0,1569.0,bf44.,Physiotens,Physiotens 400micrograms tablet,Moxonidine,,,Centrally-Acting Antihypertensive Drugs,False,False
1570,1570.0,1570.0,bf45.,Moxonidine,Moxonidine 300micrograms tablet,Moxonidine,,,Centrally-Acting Antihypertensive Drugs,False,False
1571,1571.0,1571.0,bf46.,Physiotens,Physiotens 300micrograms tablet,Moxonidine,,,Centrally-Acting Antihypertensive Drugs,False,False
1572,1572.0,1572.0,bg13.,Bendogen,Bendogen 10mg tablet,Betanidine Sulfate,10 mg,,Adrenergic Neurone Blocking Drugs,False,False
1573,1573.0,1573.0,bg14.,Bendogen,Bendogen 50mg tablet,Betanidine Sulfate,50 mg,,Adrenergic Neurone Blocking Drugs,False,False
1574,1574.0,1574.0,bg15.,Esbatal,Esbatal 10mg tablet,Betanidine Sulfate,10 mg,,Adrenergic Neurone Blocking Drugs,False,False
1575,1575.0,1575.0,bg16.,Esbatal,Esbatal 50mg tablet,Betanidine Sulfate,50 mg,,Adrenergic Neurone Blocking Drugs,False,False
1576,1576.0,1576.0,bg21.,Declinax,Declinax 10mg tablet,Debrisoquine Sulfate,10 mg,,Adrenergic Neurone Blocking Drugs,False,False
1577,1577.0,1577.0,bg22.,Declinax,Declinax 20mg tablet,Debrisoquine Sulfate,20 mg,,Adrenergic Neurone Blocking Drugs,False,False
1578,1578.0,1578.0,bh1..,Indoramin,Indoramin hydrochloride,Indoramin,,,Alpha-Adrenoceptor Blocking Drugs,False,False
1579,1579.0,1579.0,bh11.,Baratol,Baratol 25mg tablet,Indoramin,25 mg,,Alpha-Adrenoceptor Blocking Drugs,False,False
1580,1580.0,1580.0,bh12.,Baratol,Baratol 50mg tablet,Indoramin,50 mg,,Alpha-Adrenoceptor Blocking Drugs,False,False
1581,1581.0,1581.0,bh14.,Indoramin,Indoramin 20mg tablet,Indoramin,20 mg,,Alpha-Adrenoceptor Blocking Drugs,False,False
1582,1582.0,1582.0,bh1y.,Indoramin,Indoramin 25mg tablet,Indoramin,25 mg,,Alpha-Adrenoceptor Blocking Drugs,False,False
1583,1583.0,1583.0,bh1z.,Indoramin,Indoramin 50mg tablet,Indoramin,50 mg,,Alpha-Adrenoceptor Blocking Drugs,False,False
1584,1584.0,1584.0,bh21.,Dibenyline,Dibenyline [cvs] 10mg capsule,Phenoxybenzamine Hydrochloride,10 mg,,Alpha-Adrenoceptor Blocking Drugs,False,False
1585,1585.0,1585.0,bh22.,Dibenyline,Dibenyline 100mg/2mL infusion concentrate,Phenoxybenzamine Hydrochloride,100 mg/2 ml,,Alpha-Adrenoceptor Blocking Drugs,False,False
1586,1586.0,1586.0,bh31.,Rogitine,Rogitine 10mg/1mL injection,Phentolamine Mesilate,10 mg/1 ml,,Alpha-Adrenoceptor Blocking Drugs,False,False
1587,1587.0,1587.0,bh32.,Rogitine,Rogitine 50mg/5mL injection,Phentolamine Mesilate,50 mg/5 ml,,Alpha-Adrenoceptor Blocking Drugs,False,False
1588,1588.0,1588.0,bh41.,Hypovase,Hypovase 500mcg tablet,Prazosin Hydrochloride,,,Alpha-Adrenoceptor Blocking Drugs,False,False
1589,1589.0,1589.0,bh42.,Hypovase,Hypovase 1mg tablet,Prazosin Hydrochloride,1 mg,,Alpha-Adrenoceptor Blocking Drugs,False,False
1590,1590.0,1590.0,bh43.,Hypovase,Hypovase 2mg tablet,Prazosin Hydrochloride,2 mg,,Alpha-Adrenoceptor Blocking Drugs,False,False
1591,1591.0,1591.0,bh44.,Hypovase,Hypovase 5mg tablet,Prazosin Hydrochloride,5 mg,,Alpha-Adrenoceptor Blocking Drugs,False,False
1592,1592.0,1592.0,bh45.,Hypovase,Hypovase tablet starter pack,Prazosin Hydrochloride,,,Alpha-Adrenoceptor Blocking Drugs,False,False
1593,1593.0,1593.0,bh46.,Alphavase,Alphavase 500micrograms tablet,Prazosin Hydrochloride,,,Alpha-Adrenoceptor Blocking Drugs,False,False
1594,1594.0,1594.0,bh47.,Alphavase,Alphavase 1mg tablet,Prazosin Hydrochloride,1 mg,,Alpha-Adrenoceptor Blocking Drugs,False,False
1595,1595.0,1595.0,bh48.,Alphavase,Alphavase 2mg tablet,Prazosin Hydrochloride,2 mg,,Alpha-Adrenoceptor Blocking Drugs,False,False
1596,1596.0,1596.0,bh49.,Alphavase,Alphavase 5mg tablet,Prazosin Hydrochloride,5 mg,,Alpha-Adrenoceptor Blocking Drugs,False,False
1597,1597.0,1597.0,bh4A.,Kentovace,Kentovace 500micrograms tablet,Prazosin Hydrochloride,,,Alpha-Adrenoceptor Blocking Drugs,False,False
1598,1598.0,1598.0,bh4B.,Kentovace,Kentovace 1mg tablet,Prazosin Hydrochloride,1 mg,,Alpha-Adrenoceptor Blocking Drugs,False,False
1599,1599.0,1599.0,bh4C.,Kentovace,Kentovace 2mg tablet,Prazosin Hydrochloride,2 mg,,Alpha-Adrenoceptor Blocking Drugs,False,False
1600,1600.0,1600.0,bh4D.,Kentovace,Kentovace 5mg tablet,Prazosin Hydrochloride,5 mg,,Alpha-Adrenoceptor Blocking Drugs,False,False
1601,1601.0,1601.0,bh51.,Hytrin,Hytrin 2mg tablet,Terazosin Hydrochloride,2 mg,,Alpha-Adrenoceptor Blocking Drugs,False,False
1602,1602.0,1602.0,bh52.,Hytrin,Hytrin 5mg tablet,Terazosin Hydrochloride,5 mg,,Alpha-Adrenoceptor Blocking Drugs,False,False
1603,1603.0,1603.0,bh53.,Hytrin,Hytrin 10mg tablet,Terazosin Hydrochloride,10 mg,,Alpha-Adrenoceptor Blocking Drugs,False,False
1604,1604.0,1604.0,bh54.,Hytrin,Hytrin tablet starter pack,Terazosin Hydrochloride,,,Alpha-Adrenoceptor Blocking Drugs,False,False
1605,1605.0,1605.0,bh57.,Hytrin,HYTRIN 1mg tablets,Terazosin Hydrochloride,1 mg,,Alpha-Adrenoceptor Blocking Drugs,False,False
1606,1606.0,1606.0,bh6E.,Slocinx,SLOCINX XL 4mg m/r tablets,Doxazosin Mesilate,4 mg,,Alpha-Adrenoceptor Blocking Drugs,False,False
1607,1607.0,1607.0,bh6G.,Oxandosin,OXANDOSIN XL 4mg m/r tablets,Doxazosin Mesilate,4 mg,,Alpha-Adrenoceptor Blocking Drugs,False,False
1608,1608.0,1608.0,bh6H.,Raporsin,RAPORSIN XL 4mg m/r tablets,Doxazosin Mesilate,4 mg,,Alpha-Adrenoceptor Blocking Drugs,False,False
1609,1609.0,1609.0,bi1..,Captopril,Captopril,Captopril,,,Angiotensin-Converting Enzyme Inhibitors,False,False
1610,1610.0,1610.0,bi11.,Acepril,Acepril 12.5mg tablet,Captopril,12.5 mg,,Angiotensin-Converting Enzyme Inhibitors,False,False
1611,1611.0,1611.0,bi12.,Acepril,Acepril 25mg tablet,Captopril,25 mg,,Angiotensin-Converting Enzyme Inhibitors,False,False
1612,1612.0,1612.0,bi13.,Acepril,Acepril 25mg tablets x56,Captopril,25 mg,,Angiotensin-Converting Enzyme Inhibitors,False,False
1613,1613.0,1613.0,bi14.,Acepril,Acepril 50mg tablet,Captopril,50 mg,,Angiotensin-Converting Enzyme Inhibitors,False,False
1614,1614.0,1614.0,bi15.,Acepril,Acepril 50mg tablets x56,Captopril,50 mg,,Angiotensin-Converting Enzyme Inhibitors,False,False
1615,1615.0,1615.0,bi16.,Capoten,Capoten 12.5mg tablet,Captopril,12.5 mg,,Angiotensin-Converting Enzyme Inhibitors,False,False
1616,1616.0,1616.0,bi17.,Capoten,Capoten 25mg tablet,Captopril,25 mg,,Angiotensin-Converting Enzyme Inhibitors,False,False
1617,1617.0,1617.0,bi18.,Capoten,Capoten 25mg tablets x56,Captopril,25 mg,,Angiotensin-Converting Enzyme Inhibitors,False,False
1618,1618.0,1618.0,bi19.,Capoten,Capoten 50mg tablet,Captopril,50 mg,,Angiotensin-Converting Enzyme Inhibitors,False,False
1619,1619.0,1619.0,bi1D.,Capto-Co,Capto-Co 25mg/12.5mg tablet,Co-Zidocapt,25 mg,,Angiotensin-Converting Enzyme Inhibitors,False,False
1620,1620.0,1620.0,bi1E.,Capto-Co,Capto-Co 50mg/25mg tablet,Co-Zidocapt,50 mg,,Angiotensin-Converting Enzyme Inhibitors,False,False
1621,1621.0,1621.0,bi1H.,Noyada,NOYADA 5mg/5mL oral solution,Captopril,5 mg/5 ml,,Angiotensin-Converting Enzyme Inhibitors,False,False
1622,1622.0,1622.0,bi1I.,Captopril,CAPTOPRIL 5mg/5mL oral solution,Captopril,5 mg/5 ml,,Angiotensin-Converting Enzyme Inhibitors,False,False
1623,1623.0,1623.0,bi1J.,Noyada,NOYADA 25mg/5mL oral solution,Captopril,25 mg/5 ml,,Angiotensin-Converting Enzyme Inhibitors,False,False
1624,1624.0,1624.0,bi1K.,Captopril,CAPTOPRIL 25mg/5mL oral solution,Captopril,25 mg/5 ml,,Angiotensin-Converting Enzyme Inhibitors,False,False
1625,1625.0,1625.0,bi1a.,Capoten,Capoten 50mg tablets x56,Captopril,50 mg,,Angiotensin-Converting Enzyme Inhibitors,False,False
1626,1626.0,1626.0,bi1b.,Acezide,Acezide 50mg tablets x56,Co-Zidocapt,50 mg,,Angiotensin-Converting Enzyme Inhibitors,False,False
1627,1627.0,1627.0,bi1c.,Capozide,Capozide 50mg tablets x28,Co-Zidocapt,50 mg,,Angiotensin-Converting Enzyme Inhibitors,False,False
1628,1628.0,1628.0,bi1d.,Capozide,Capozide LS 25mg tablets x28CP,Co-Zidocapt,25 mg,,Angiotensin-Converting Enzyme Inhibitors,False,False
1629,1629.0,1629.0,bi1e.,Captopril,Captopril+hydrochlorothiazide 25mg/12.5mg tablet,Captopril,25 mg,,Angiotensin-Converting Enzyme Inhibitors,False,True
1630,1630.0,1630.0,bi1f.,Captopril,Captopril+hydrochlorothiazide 50mg/25mg tablet,Captopril,50 mg,,Angiotensin-Converting Enzyme Inhibitors,False,True
1631,1631.0,1631.0,bi1g.,Ecopace,Ecopace 12.5mg tablet,Captopril,12.5 mg,,Angiotensin-Converting Enzyme Inhibitors,False,False
1632,1632.0,1632.0,bi1h.,Ecopace,Ecopace 25mg tablet,Captopril,25 mg,,Angiotensin-Converting Enzyme Inhibitors,False,False
1633,1633.0,1633.0,bi1i.,Ecopace,Ecopace 50mg tablet,Captopril,50 mg,,Angiotensin-Converting Enzyme Inhibitors,False,False
1634,1634.0,1634.0,bi1j.,Kaplon,Kaplon 12.5mg tablet,Captopril,12.5 mg,,Angiotensin-Converting Enzyme Inhibitors,False,False
1635,1635.0,1635.0,bi1k.,Kaplon,Kaplon 25mg tablet,Captopril,25 mg,,Angiotensin-Converting Enzyme Inhibitors,False,False
1636,1636.0,1636.0,bi1l.,Kaplon,Kaplon 50mg tablet,Captopril,50 mg,,Angiotensin-Converting Enzyme Inhibitors,False,False
1637,1637.0,1637.0,bi1m.,Hyteneze,Hyteneze 12.5 tablet,Captopril,,5.0,Angiotensin-Converting Enzyme Inhibitors,False,False
1638,1638.0,1638.0,bi1n.,Hyteneze,Hyteneze 25 tablet,Captopril,,25.0,Angiotensin-Converting Enzyme Inhibitors,False,False
1639,1639.0,1639.0,bi1o.,Hyteneze,Hyteneze 50 tablet,Captopril,,50.0,Angiotensin-Converting Enzyme Inhibitors,False,False
1640,1640.0,1640.0,bi1p.,Tensopril,Tensopril 12.5mg tablet,Captopril,12.5 mg,,Angiotensin-Converting Enzyme Inhibitors,False,False
1641,1641.0,1641.0,bi1q.,Tensopril,Tensopril 25mg tablet,Captopril,25 mg,,Angiotensin-Converting Enzyme Inhibitors,False,False
1642,1642.0,1642.0,bi1r.,Tensopril,Tensopril 50mg tablet,Captopril,50 mg,,Angiotensin-Converting Enzyme Inhibitors,False,False
1643,1643.0,1643.0,bi1s.,Capozide,CAPOZIDE 50mg/25mg tablets,Co-Zidocapt,50 mg,,Angiotensin-Converting Enzyme Inhibitors,False,False
1644,1644.0,1644.0,bi1v.,Captopril,Captopril 12.5mg tablet,Captopril,12.5 mg,,Angiotensin-Converting Enzyme Inhibitors,False,False
1645,1645.0,1645.0,bi1w.,Captopril,Captopril 25mg tablet,Captopril,25 mg,,Angiotensin-Converting Enzyme Inhibitors,False,False
1646,1646.0,1646.0,bi1x.,Captopril,Captopril 25mg tablets x56,Captopril,25 mg,,Angiotensin-Converting Enzyme Inhibitors,False,False
1647,1647.0,1647.0,bi1y.,Captopril,Captopril 50mg tablets x56,Captopril,50 mg,,Angiotensin-Converting Enzyme Inhibitors,False,False
1648,1648.0,1648.0,bi1z.,Captopril,Captopril 50mg tablet,Captopril,50 mg,,Angiotensin-Converting Enzyme Inhibitors,False,False
1649,1649.0,1649.0,bi21.,Innovace,Innovace 2.5mg tablet,Enalapril Maleate,2.5 mg,,Angiotensin-Converting Enzyme Inhibitors,False,False
1650,1650.0,1650.0,bi22.,Innovace,Innovace 5mg tablet,Enalapril Maleate,5 mg,,Angiotensin-Converting Enzyme Inhibitors,False,False
1651,1651.0,1651.0,bi23.,Innovace,Innovace 5mg tablets x28,Enalapril Maleate,5 mg,,Angiotensin-Converting Enzyme Inhibitors,False,False
1652,1652.0,1652.0,bi24.,Innovace,Innovace 10mg tablet,Enalapril Maleate,10 mg,,Angiotensin-Converting Enzyme Inhibitors,False,False
1653,1653.0,1653.0,bi25.,Innovace,Innovace 10mg tablets x28,Enalapril Maleate,10 mg,,Angiotensin-Converting Enzyme Inhibitors,False,False
1654,1654.0,1654.0,bi26.,Innovace,Innovace 20mg tablet,Enalapril Maleate,20 mg,,Angiotensin-Converting Enzyme Inhibitors,False,False
1655,1655.0,1655.0,bi27.,Innovace,Innovace 20mg tablets x28,Enalapril Maleate,20 mg,,Angiotensin-Converting Enzyme Inhibitors,False,False
1656,1656.0,1656.0,bi28.,Innozide,Innozide tablet,Enalapril Maleate,,,Angiotensin-Converting Enzyme Inhibitors,False,False
1657,1657.0,1657.0,bi29.,Innovace,Innovace tablet starter pack,Enalapril Maleate,,,Angiotensin-Converting Enzyme Inhibitors,False,False
1658,1658.0,1658.0,bi2E.,Innovace,Innovace Melt 2.5mg wafer,Enalapril Maleate,2.5 mg,,Angiotensin-Converting Enzyme Inhibitors,False,False
1659,1659.0,1659.0,bi2F.,Innovace,Innovace Melt 5mg wafer,Enalapril Maleate,5 mg,,Angiotensin-Converting Enzyme Inhibitors,False,False
1660,1660.0,1660.0,bi2G.,Innovace,Innovace Melt 10mg wafer,Enalapril Maleate,10 mg,,Angiotensin-Converting Enzyme Inhibitors,False,False
1661,1661.0,1661.0,bi2H.,Innovace,Innovace Melt 20mg wafer,Enalapril Maleate,20 mg,,Angiotensin-Converting Enzyme Inhibitors,False,False
1662,1662.0,1662.0,bi2J.,Pralenal,Pralenal 2.5mg tablet,Enalapril Maleate,2.5 mg,,Angiotensin-Converting Enzyme Inhibitors,False,False
1663,1663.0,1663.0,bi2K.,Pralenal,Pralenal 5mg tablet,Enalapril Maleate,5 mg,,Angiotensin-Converting Enzyme Inhibitors,False,False
1664,1664.0,1664.0,bi2L.,Pralenal,Pralenal 10mg tablet,Enalapril Maleate,10 mg,,Angiotensin-Converting Enzyme Inhibitors,False,False
1665,1665.0,1665.0,bi2M.,Pralenal,Pralenal 20mg tablet,Enalapril Maleate,20 mg,,Angiotensin-Converting Enzyme Inhibitors,False,False
1666,1666.0,1666.0,bi3..,Lisinopril,Lisinopril,Lisinopril,,,Angiotensin-Converting Enzyme Inhibitors,False,False
1667,1667.0,1667.0,bi31.,Lisinopril,Lisinopril 2.5mg tablet,Lisinopril,2.5 mg,,Angiotensin-Converting Enzyme Inhibitors,False,False
1668,1668.0,1668.0,bi32.,Lisinopril,Lisinopril 5mg tablet,Lisinopril,5 mg,,Angiotensin-Converting Enzyme Inhibitors,False,False
1669,1669.0,1669.0,bi33.,Lisinopril,Lisinopril 10mg tablet,Lisinopril,10 mg,,Angiotensin-Converting Enzyme Inhibitors,False,False
1670,1670.0,1670.0,bi34.,Lisinopril,Lisinopril 20mg tablet,Lisinopril,20 mg,,Angiotensin-Converting Enzyme Inhibitors,False,False
1671,1671.0,1671.0,bi35.,Carace,Carace 2.5mg tablet,Lisinopril,2.5 mg,,Angiotensin-Converting Enzyme Inhibitors,False,False
1672,1672.0,1672.0,bi36.,Carace,Carace 5mg tablets 28CP,Lisinopril,5 mg,,Angiotensin-Converting Enzyme Inhibitors,False,False
1673,1673.0,1673.0,bi37.,Carace,Carace 5mg tablet,Lisinopril,5 mg,,Angiotensin-Converting Enzyme Inhibitors,False,False
1674,1674.0,1674.0,bi38.,Carace,Carace 10mg tablets 28CP,Lisinopril,10 mg,,Angiotensin-Converting Enzyme Inhibitors,False,False
1675,1675.0,1675.0,bi39.,Carace,Carace 10mg tablet,Lisinopril,10 mg,,Angiotensin-Converting Enzyme Inhibitors,False,False
1676,1676.0,1676.0,bi3a.,Carace,Carace 20mg tablets 28CP,Lisinopril,20 mg,,Angiotensin-Converting Enzyme Inhibitors,False,False
1677,1677.0,1677.0,bi3b.,Carace,Carace 20mg tablet,Lisinopril,20 mg,,Angiotensin-Converting Enzyme Inhibitors,False,False
1678,1678.0,1678.0,bi3c.,Zestril,Zestril 2.5mg tablets 28CP,Lisinopril,2.5 mg,,Angiotensin-Converting Enzyme Inhibitors,False,False
1679,1679.0,1679.0,bi3d.,Zestril,Zestril 2.5mg tablet,Lisinopril,2.5 mg,,Angiotensin-Converting Enzyme Inhibitors,False,False
1680,1680.0,1680.0,bi3e.,Zestril,Zestril 5mg tablets 28CP,Lisinopril,5 mg,,Angiotensin-Converting Enzyme Inhibitors,False,False
1681,1681.0,1681.0,bi3f.,Zestril,Zestril 5mg tablet,Lisinopril,5 mg,,Angiotensin-Converting Enzyme Inhibitors,False,False
1682,1682.0,1682.0,bi3g.,Zestril,Zestril 10mg tablets 28CP,Lisinopril,10 mg,,Angiotensin-Converting Enzyme Inhibitors,False,False
1683,1683.0,1683.0,bi3h.,Zestril,Zestril 10mg tablet,Lisinopril,10 mg,,Angiotensin-Converting Enzyme Inhibitors,False,False
1684,1684.0,1684.0,bi3i.,Zestril,Zestril 20mg tablets 28CP,Lisinopril,20 mg,,Angiotensin-Converting Enzyme Inhibitors,False,False
1685,1685.0,1685.0,bi3j.,Zestril,Zestril 20mg tablet,Lisinopril,20 mg,,Angiotensin-Converting Enzyme Inhibitors,False,False
1686,1686.0,1686.0,bi3k.,Carace,Carace 20 Plus tablet,Lisinopril,,,Angiotensin-Converting Enzyme Inhibitors,False,False
1687,1687.0,1687.0,bi3l.,Carace,Carace 10 Plus tablet,Lisinopril,,,Angiotensin-Converting Enzyme Inhibitors,False,False
1688,1688.0,1688.0,bi3m.,Zestoretic,Zestoretic tablets 28CP,Lisinopril,,,Angiotensin-Converting Enzyme Inhibitors,False,False
1689,1689.0,1689.0,bi3n.,Zestoretic,Zestoretic 20 tablet,Lisinopril,,20.0,Angiotensin-Converting Enzyme Inhibitors,False,False
1690,1690.0,1690.0,bi3p.,Lisinopril,Lisinopril+hydrochlorothiazide 20mg/12.5mg tablet,Lisinopril,20 mg,,Angiotensin-Converting Enzyme Inhibitors,False,True
1691,1691.0,1691.0,bi3q.,Zestril,Zestril 2.5mg starter pack,Lisinopril,2.5 mg,,Angiotensin-Converting Enzyme Inhibitors,False,False
1692,1692.0,1692.0,bi3r.,Lisinopril,Lisinopril 2.5mg tablet starter pack,Lisinopril,2.5 mg,,Angiotensin-Converting Enzyme Inhibitors,False,False
1693,1693.0,1693.0,bi3s.,Zestoretic,Zestoretic 10 tablet,Lisinopril,,10.0,Angiotensin-Converting Enzyme Inhibitors,False,False
1694,1694.0,1694.0,bi3t.,Lisinopril,Lisinopril+hydrochlorothiazide 10mg/12.5mg tablet,Lisinopril,10 mg,,Angiotensin-Converting Enzyme Inhibitors,False,True
1695,1695.0,1695.0,bi3u.,Caralpha,Caralpha 10/12.5mg tablet,Lisinopril,12.5 mg,,Angiotensin-Converting Enzyme Inhibitors,False,False
1696,1696.0,1696.0,bi3v.,Caralpha,Caralpha 20/12.5mg tablet,Lisinopril,12.5 mg,,Angiotensin-Converting Enzyme Inhibitors,False,False
1697,1697.0,1697.0,bi3w.,Lisicostad,Lisicostad HCT 20/12.5mg tablet,Lisinopril,12.5 mg,,Angiotensin-Converting Enzyme Inhibitors,False,False
1698,1698.0,1698.0,bi3x.,Lisicostad,Lisicostad HCT 10/12.5mg tablet,Lisinopril,12.5 mg,,Angiotensin-Converting Enzyme Inhibitors,False,False
1699,1699.0,1699.0,bi3y.,Lisinopril,LISINOPRIL 1mg/mL oral solution,Lisinopril,1 mg/mL,,Angiotensin-Converting Enzyme Inhibitors,False,False
1700,1700.0,1700.0,bi44.,Accupro,Accupro 5mg tablets 28CP,Quinapril Hydrochloride,5 mg,,Angiotensin-Converting Enzyme Inhibitors,False,False
1701,1701.0,1701.0,bi45.,Accupro,Accupro 10mg tablets 28CP,Quinapril Hydrochloride,10 mg,,Angiotensin-Converting Enzyme Inhibitors,False,False
1702,1702.0,1702.0,bi46.,Accupro,Accupro 20mg tablets 28CP,Quinapril Hydrochloride,20 mg,,Angiotensin-Converting Enzyme Inhibitors,False,False
1703,1703.0,1703.0,bi47.,Accuretic,Accuretic tablet,Quinapril Hydrochloride,,,Angiotensin-Converting Enzyme Inhibitors,False,False
1704,1704.0,1704.0,bi49.,Accupro,Accupro 40mg tablet,Quinapril Hydrochloride,40 mg,,Angiotensin-Converting Enzyme Inhibitors,False,False
1705,1705.0,1705.0,bi4B.,Quinil,Quinil 5mg tablet,Quinapril Hydrochloride,5 mg,,Angiotensin-Converting Enzyme Inhibitors,False,False
1706,1706.0,1706.0,bi4C.,Quinil,Quinil 10mg tablet,Quinapril Hydrochloride,10 mg,,Angiotensin-Converting Enzyme Inhibitors,False,False
1707,1707.0,1707.0,bi4D.,Quinil,Quinil 20mg tablet,Quinapril Hydrochloride,20 mg,,Angiotensin-Converting Enzyme Inhibitors,False,False
1708,1708.0,1708.0,bi4E.,Quinil,Quinil 40mg tablet,Quinapril Hydrochloride,40 mg,,Angiotensin-Converting Enzyme Inhibitors,False,False
1709,1709.0,1709.0,bi5..,Perindopril,Perindopril erbumine,Perindopril,,,Angiotensin-Converting Enzyme Inhibitors,False,False
1710,1710.0,1710.0,bi5..,Perindopril,Perindopril tert-butylamine,Perindopril,,,Angiotensin-Converting Enzyme Inhibitors,False,False
1711,1711.0,1711.0,bi51.,Perindopril,Perindopril erbumine 2mg tablet,Perindopril,2 mg,,Angiotensin-Converting Enzyme Inhibitors,False,False
1712,1712.0,1712.0,bi51.,Perindopril,Perindopril tert-butylamine 2mg tablet,Perindopril,2 mg,,Angiotensin-Converting Enzyme Inhibitors,False,False
1713,1713.0,1713.0,bi52.,Perindopril,Perindopril erbumine 4mg tablet,Perindopril,4 mg,,Angiotensin-Converting Enzyme Inhibitors,False,False
1714,1714.0,1714.0,bi52.,Perindopril,Perindopril tert-butylamine 4mg tablet,Perindopril,4 mg,,Angiotensin-Converting Enzyme Inhibitors,False,False
1715,1715.0,1715.0,bi53.,Coversyl,Coversyl 2mg tablet,Perindopril,2 mg,,Angiotensin-Converting Enzyme Inhibitors,False,False
1716,1716.0,1716.0,bi54.,Coversyl,Coversyl 4mg tablet,Perindopril,4 mg,,Angiotensin-Converting Enzyme Inhibitors,False,False
1717,1717.0,1717.0,bi55.,Perindopril,Perindopril erbumine+indapamide 4mg/1.25mg tablet,Perindopril,4 mg,,Angiotensin-Converting Enzyme Inhibitors,False,True
1718,1718.0,1718.0,bi55.,Perindopril,Perindopril tert-butylamine+indapamide 4mg/1.25mg tablet,Perindopril,4 mg,,Angiotensin-Converting Enzyme Inhibitors,False,True
1719,1719.0,1719.0,bi56.,Coversyl,Coversyl Plus 4mg/1.25mg tablet,Perindopril,4 mg,,Angiotensin-Converting Enzyme Inhibitors,False,False
1720,1720.0,1720.0,bi57.,Perindopril,Perindopril erbumine 8mg tablet,Perindopril,8 mg,,Angiotensin-Converting Enzyme Inhibitors,False,False
1721,1721.0,1721.0,bi57.,Perindopril,Perindopril tert-butylamine 8mg tablet,Perindopril,8 mg,,Angiotensin-Converting Enzyme Inhibitors,False,False
1722,1722.0,1722.0,bi58.,Coversyl,Coversyl 8mg tablet,Perindopril,8 mg,,Angiotensin-Converting Enzyme Inhibitors,False,False
1723,1723.0,1723.0,bi6..,Ramipril,Ramipril,Ramipril,,,Angiotensin-Converting Enzyme Inhibitors,False,False
1724,1724.0,1724.0,bi61.,Ramipril,Ramipril 1.25mg capsule,Ramipril,1.25 mg,,Angiotensin-Converting Enzyme Inhibitors,False,False
1725,1725.0,1725.0,bi62.,Ramipril,Ramipril 2.5mg capsule,Ramipril,2.5 mg,,Angiotensin-Converting Enzyme Inhibitors,False,False
1726,1726.0,1726.0,bi63.,Ramipril,Ramipril 5mg capsule,Ramipril,5 mg,,Angiotensin-Converting Enzyme Inhibitors,False,False
1727,1727.0,1727.0,bi64.,Tritace,Tritace 1.25mg capsule,Ramipril,1.25 mg,,Angiotensin-Converting Enzyme Inhibitors,False,False
1728,1728.0,1728.0,bi65.,Tritace,Tritace 2.5mg capsule,Ramipril,2.5 mg,,Angiotensin-Converting Enzyme Inhibitors,False,False
1729,1729.0,1729.0,bi66.,Tritace,Tritace 5mg capsule,Ramipril,5 mg,,Angiotensin-Converting Enzyme Inhibitors,False,False
1730,1730.0,1730.0,bi67.,Ramipril,Ramipril 10mg capsule,Ramipril,10 mg,,Angiotensin-Converting Enzyme Inhibitors,False,False
1731,1731.0,1731.0,bi68.,Tritace,Tritace 10mg capsule,Ramipril,10 mg,,Angiotensin-Converting Enzyme Inhibitors,False,False
1732,1732.0,1732.0,bi69.,Ramipril,Ramipril 2.5mg+5mg+10mg capsules titration pack,Ramipril,2.5 mg,,Angiotensin-Converting Enzyme Inhibitors,False,False
1733,1733.0,1733.0,bi6A.,Tritace,Tritace Titration Pack,Ramipril,,,Angiotensin-Converting Enzyme Inhibitors,False,False
1734,1734.0,1734.0,bi6B.,Ramipril,Ramipril 1.25mg tablet,Ramipril,1.25 mg,,Angiotensin-Converting Enzyme Inhibitors,False,False
1735,1735.0,1735.0,bi6C.,Ramipril,Ramipril 2.5mg tablet,Ramipril,2.5 mg,,Angiotensin-Converting Enzyme Inhibitors,False,False
1736,1736.0,1736.0,bi6D.,Ramipril,Ramipril 5mg tablet,Ramipril,5 mg,,Angiotensin-Converting Enzyme Inhibitors,False,False
1737,1737.0,1737.0,bi6E.,Ramipril,Ramipril 10mg tablet,Ramipril,10 mg,,Angiotensin-Converting Enzyme Inhibitors,False,False
1738,1738.0,1738.0,bi6F.,Ramipril,RAMIPRIL 2.5mg+5mg+10mg tablets titration pack,Ramipril,2.5 mg,,Angiotensin-Converting Enzyme Inhibitors,False,False
1739,1739.0,1739.0,bi6G.,Ramipril,RAMIPRIL 2.5mg/5mL oral solution,Ramipril,5 mg/5 ml,,Angiotensin-Converting Enzyme Inhibitors,False,False
1740,1740.0,1740.0,bi6o.,Tritace,TRITACE Titration Pack tablets,Ramipril,,,Angiotensin-Converting Enzyme Inhibitors,False,False
1741,1741.0,1741.0,bi6p.,Ranace,Ranace 10mg capsule,Ramipril,10 mg,,Angiotensin-Converting Enzyme Inhibitors,False,False
1742,1742.0,1742.0,bi6q.,Ranace,Ranace 5mg capsule,Ramipril,5 mg,,Angiotensin-Converting Enzyme Inhibitors,False,False
1743,1743.0,1743.0,bi6r.,Ranace,Ranace 2.5mg capsule,Ramipril,2.5 mg,,Angiotensin-Converting Enzyme Inhibitors,False,False
1744,1744.0,1744.0,bi6s.,Ranace,Ranace 1.25mg capsule,Ramipril,1.25 mg,,Angiotensin-Converting Enzyme Inhibitors,False,False
1745,1745.0,1745.0,bi6t.,Lopace,Lopace 2.5mg capsule,Ramipril,2.5 mg,,Angiotensin-Converting Enzyme Inhibitors,False,False
1746,1746.0,1746.0,bi6u.,Lopace,Lopace 5mg capsule,Ramipril,5 mg,,Angiotensin-Converting Enzyme Inhibitors,False,False
1747,1747.0,1747.0,bi6v.,Lopace,Lopace 10mg capsule,Ramipril,10 mg,,Angiotensin-Converting Enzyme Inhibitors,False,False
1748,1748.0,1748.0,bi6w.,Tritace,Tritace 10mg tablet,Ramipril,10 mg,,Angiotensin-Converting Enzyme Inhibitors,False,False
1749,1749.0,1749.0,bi6x.,Tritace,Tritace 5mg tablet,Ramipril,5 mg,,Angiotensin-Converting Enzyme Inhibitors,False,False
1750,1750.0,1750.0,bi6y.,Tritace,Tritace 2.5mg tablet,Ramipril,2.5 mg,,Angiotensin-Converting Enzyme Inhibitors,False,False
1751,1751.0,1751.0,bi6z.,Tritace,Tritace 1.25mg tablet,Ramipril,1.25 mg,,Angiotensin-Converting Enzyme Inhibitors,False,False
1752,1752.0,1752.0,bi73.,Staril,Staril 10mg tablet,Fosinopril Sodium,10 mg,,Angiotensin-Converting Enzyme Inhibitors,False,False
1753,1753.0,1753.0,bi74.,Staril,Staril 20mg tablet,Fosinopril Sodium,20 mg,,Angiotensin-Converting Enzyme Inhibitors,False,False
1754,1754.0,1754.0,bi8..,Cilazapril,Cilazapril,Cilazapril,,,Angiotensin-Converting Enzyme Inhibitors,False,False
1755,1755.0,1755.0,bi81.,Cilazapril,Cilazapril 250micrograms tablet,Cilazapril,,,Angiotensin-Converting Enzyme Inhibitors,False,False
1756,1756.0,1756.0,bi82.,Cilazapril,Cilazapril 500micrograms tablet,Cilazapril,,,Angiotensin-Converting Enzyme Inhibitors,False,False
1757,1757.0,1757.0,bi83.,Cilazapril,Cilazapril 1mg tablet,Cilazapril,1 mg,,Angiotensin-Converting Enzyme Inhibitors,False,False
1758,1758.0,1758.0,bi84.,Cilazapril,Cilazapril 2.5mg tablet,Cilazapril,2.5 mg,,Angiotensin-Converting Enzyme Inhibitors,False,False
1759,1759.0,1759.0,bi85.,Vascace,Vascace 250micrograms tablet,Cilazapril,,,Angiotensin-Converting Enzyme Inhibitors,False,False
1760,1760.0,1760.0,bi86.,Vascace,Vascace 500mcg tablet,Cilazapril,,,Angiotensin-Converting Enzyme Inhibitors,False,False
1761,1761.0,1761.0,bi87.,Vascace,Vascace 1mg tablet,Cilazapril,1 mg,,Angiotensin-Converting Enzyme Inhibitors,False,False
1762,1762.0,1762.0,bi88.,Vascace,Vascace 2.5mg tablet,Cilazapril,2.5 mg,,Angiotensin-Converting Enzyme Inhibitors,False,False
1763,1763.0,1763.0,bi89.,Vascace,Vascace 5mg tablet,Cilazapril,5 mg,,Angiotensin-Converting Enzyme Inhibitors,False,False
1764,1764.0,1764.0,bi8a.,Cilazapril,Cilazapril 5mg tablet,Cilazapril,5 mg,,Angiotensin-Converting Enzyme Inhibitors,False,False
1765,1765.0,1765.0,bi9..,Trandolapril,Trandolapril,Trandolapril,,,Angiotensin-Converting Enzyme Inhibitors,False,False
1766,1766.0,1766.0,bi91.,Trandolapril,Trandolapril 500micrograms capsule,Trandolapril,,,Angiotensin-Converting Enzyme Inhibitors,False,False
1767,1767.0,1767.0,bi92.,Trandolapril,Trandolapril 1mg capsule,Trandolapril,1 mg,,Angiotensin-Converting Enzyme Inhibitors,False,False
1768,1768.0,1768.0,bi93.,Trandolapril,Trandolapril 2mg capsule,Trandolapril,2 mg,,Angiotensin-Converting Enzyme Inhibitors,False,False
1769,1769.0,1769.0,bi94.,Gopten,Gopten 500micrograms capsule,Trandolapril,,,Angiotensin-Converting Enzyme Inhibitors,False,False
1770,1770.0,1770.0,bi95.,Gopten,Gopten 1mg capsule,Trandolapril,1 mg,,Angiotensin-Converting Enzyme Inhibitors,False,False
1771,1771.0,1771.0,bi96.,Gopten,Gopten 2mg capsule,Trandolapril,2 mg,,Angiotensin-Converting Enzyme Inhibitors,False,False
1772,1772.0,1772.0,bi97.,Odrik,Odrik 500micrograms capsule,Trandolapril,,,Angiotensin-Converting Enzyme Inhibitors,False,False
1773,1773.0,1773.0,bi98.,Odrik,Odrik 1mg capsule,Trandolapril,1 mg,,Angiotensin-Converting Enzyme Inhibitors,False,False
1774,1774.0,1774.0,bi99.,Odrik,Odrik 2mg capsule,Trandolapril,2 mg,,Angiotensin-Converting Enzyme Inhibitors,False,False
1775,1775.0,1775.0,bi9A.,Gopten,Gopten 4mg capsule,Trandolapril,4 mg,,Angiotensin-Converting Enzyme Inhibitors,False,False
1776,1776.0,1776.0,bi9z.,Trandolapril,Trandolapril 4mg capsule,Trandolapril,4 mg,,Angiotensin-Converting Enzyme Inhibitors,False,False
1777,1777.0,1777.0,biA3.,Perdix,Perdix 7.5mg tablet,Moexipril Hydrochloride,7.5 mg,,Angiotensin-Converting Enzyme Inhibitors,False,False
1778,1778.0,1778.0,biA4.,Perdix,Perdix 15mg tablet,Moexipril Hydrochloride,15 mg,,Angiotensin-Converting Enzyme Inhibitors,False,False
1779,1779.0,1779.0,biB1.,Tanatril,Tanatril 5mg tablet,Imidapril Hydrochloride,5 mg,,Angiotensin-Converting Enzyme Inhibitors,False,False
1780,1780.0,1780.0,biB2.,Tanatril,Tanatril 10mg tablet,Imidapril Hydrochloride,10 mg,,Angiotensin-Converting Enzyme Inhibitors,False,False
1781,1781.0,1781.0,biB3.,Tanatril,Tanatril 20mg tablet,Imidapril Hydrochloride,20 mg,,Angiotensin-Converting Enzyme Inhibitors,False,False
1782,1782.0,1782.0,biC..,Perindopril,PERINDOPRIL ARGININE,Perindopril,,,Angiotensin-Converting Enzyme Inhibitors,False,False
1783,1783.0,1783.0,biC1.,Coversyl,COVERSYL ARGININE 2.5mg tablets,Perindopril,2.5 mg,,Angiotensin-Converting Enzyme Inhibitors,False,False
1784,1784.0,1784.0,biC2.,Perindopril,PERINDOPRIL ARGININE 2.5mg tablets,Perindopril,2.5 mg,,Angiotensin-Converting Enzyme Inhibitors,False,False
1785,1785.0,1785.0,biC3.,Coversyl,COVERSYL ARGININE 5mg tablets,Perindopril,5 mg,,Angiotensin-Converting Enzyme Inhibitors,False,False
1786,1786.0,1786.0,biC4.,Perindopril,PERINDOPRIL ARGININE 5mg tablets,Perindopril,5 mg,,Angiotensin-Converting Enzyme Inhibitors,False,False
1787,1787.0,1787.0,biC5.,Coversyl,COVERSYL ARGININE 10mg tablets,Perindopril,10 mg,,Angiotensin-Converting Enzyme Inhibitors,False,False
1788,1788.0,1788.0,biC6.,Perindopril,PERINDOPRIL ARGININE 10mg tablets,Perindopril,10 mg,,Angiotensin-Converting Enzyme Inhibitors,False,False
1789,1789.0,1789.0,biC7.,Coversyl,COVERSYL ARGININE PLUS 5mg/1.25mg tablets,Perindopril,5 mg,,Angiotensin-Converting Enzyme Inhibitors,False,False
1790,1790.0,1790.0,biC8.,Perindopril,PERINDOPRIL ARGININE+INDAPAMIDE 5mg/1.25mg tablets,Perindopril,5 mg,,Angiotensin-Converting Enzyme Inhibitors,False,True
1791,1791.0,1791.0,bj11.,Arfonad,Arfonad 250mg/5mL infusion concentrate,Trimetaphan Camsilate,250 mg/5 ml,,Ganglion-Blocking Drugs,False,False
1792,1792.0,1792.0,bk1..,Metirosine,Metirosine,Metirosine,,,Alpha-Adrenoceptor Blocking Drugs,False,False
1793,1793.0,1793.0,bk11.,Demser,Demser 250mg capsule,Metirosine,250 mg,,Alpha-Adrenoceptor Blocking Drugs,False,False
1794,1794.0,1794.0,bk1z.,Metirosine,Metirosine 250mg capsule,Metirosine,250 mg,,Alpha-Adrenoceptor Blocking Drugs,False,False
1795,1795.0,1795.0,bk21.,Hypercal,Hypercal-B tablet,Reserpine And Rauwolfia Alkaloids,,,Centrally-Acting Antihypertensive Drugs,False,False
1796,1796.0,1796.0,bk22.,Seominal,Seominal tablet,Reserpine And Rauwolfia Alkaloids,,,Centrally-Acting Antihypertensive Drugs,False,False
1797,1797.0,1797.0,bk3..,Losartan,Losartan,Losartan Potassium,,,Angiotensin-II Receptor Antagonists,False,False
1798,1798.0,1798.0,bk31.,Losartan,Losartan potassium 25mg tablet,Losartan Potassium,25 mg,,Angiotensin-II Receptor Antagonists,False,False
1799,1799.0,1799.0,bk32.,Losartan,Losartan potassium 50mg tablet,Losartan Potassium,50 mg,,Angiotensin-II Receptor Antagonists,False,False
1800,1800.0,1800.0,bk33.,Cozaar,Cozaar 25mg tablet,Losartan Potassium,25 mg,,Angiotensin-II Receptor Antagonists,False,False
1801,1801.0,1801.0,bk33.,Cozaar,Cozaar Half Strength 25mg tablet,Losartan Potassium,25 mg,,Angiotensin-II Receptor Antagonists,False,False
1802,1802.0,1802.0,bk34.,Cozaar,Cozaar 50mg tablet,Losartan Potassium,50 mg,,Angiotensin-II Receptor Antagonists,False,False
1803,1803.0,1803.0,bk35.,Losartan,Losartan potassium+hydrochlorothiazide 50mg/12.5mg tablet,Losartan Potassium,50 mg,,Angiotensin-II Receptor Antagonists,False,True
1804,1804.0,1804.0,bk36.,Cozaar,Cozaar-Comp 50mg/12.5mg tablet,Losartan Potassium,50 mg,,Angiotensin-II Receptor Antagonists,False,False
1805,1805.0,1805.0,bk37.,Losartan,Losartan potassium 100mg tablet,Losartan Potassium,100 mg,,Angiotensin-II Receptor Antagonists,False,False
1806,1806.0,1806.0,bk38.,Cozaar,Cozaar 100mg tablet,Losartan Potassium,100 mg,,Angiotensin-II Receptor Antagonists,False,False
1807,1807.0,1807.0,bk39.,Cozaar,Cozaar-Comp 100mg/25mg tablet,Losartan Potassium,100 mg,,Angiotensin-II Receptor Antagonists,False,False
1808,1808.0,1808.0,bk3A.,Cozaar,COZAAR-COMP 100mg/12.5mg tablets,Losartan Potassium,100 mg,,Angiotensin-II Receptor Antagonists,False,False
1809,1809.0,1809.0,bk3B.,Cozaar,COZAAR 12.5mg tablets,Losartan Potassium,12.5 mg,,Angiotensin-II Receptor Antagonists,False,False
1810,1810.0,1810.0,bk3C.,Losartan Pot,LOSARTAN POTASSIUM 12.5mg tablets,Losartan Potassium,12.5 mg,,Angiotensin-II Receptor Antagonists,False,False
1811,1811.0,1811.0,bk3D.,Cozaar,COZAAR 2.5mg/mL oral suspension,Losartan Potassium,5 mg/mL,,Angiotensin-II Receptor Antagonists,False,False
1812,1812.0,1812.0,bk3E.,Losartan Pot,LOSARTAN POTASSIUM 2.5mg/mL oral suspension,Losartan Potassium,5 mg/mL,,Angiotensin-II Receptor Antagonists,False,False
1813,1813.0,1813.0,bk3y.,Losartan Pot,LOSARTAN POTASSIUM+HYDROCHLOROTHIAZIDE 100mg/12.5mg tablets,Losartan Potassium,100 mg,,Angiotensin-II Receptor Antagonists,False,True
1814,1814.0,1814.0,bk3z.,Losartan,Losartan potassium+hydrochlorothiazide 100mg/25mg tablet,Losartan Potassium,100 mg,,Angiotensin-II Receptor Antagonists,False,True
1815,1815.0,1815.0,bk4..,Valsartan,Valsartan,Valsartan,,,Angiotensin-II Receptor Antagonists,False,False
1816,1816.0,1816.0,bk41.,Valsartan,Valsartan 40mg capsule,Valsartan,40 mg,,Angiotensin-II Receptor Antagonists,False,False
1817,1817.0,1817.0,bk42.,Valsartan,Valsartan 80mg capsule,Valsartan,80 mg,,Angiotensin-II Receptor Antagonists,False,False
1818,1818.0,1818.0,bk43.,Valsartan,Valsartan 160mg capsule,Valsartan,160 mg,,Angiotensin-II Receptor Antagonists,False,False
1819,1819.0,1819.0,bk44.,Diovan,Diovan 40mg capsule,Valsartan,40 mg,,Angiotensin-II Receptor Antagonists,False,False
1820,1820.0,1820.0,bk45.,Diovan,Diovan 80mg capsule,Valsartan,80 mg,,Angiotensin-II Receptor Antagonists,False,False
1821,1821.0,1821.0,bk46.,Diovan,Diovan 160mg capsule,Valsartan,160 mg,,Angiotensin-II Receptor Antagonists,False,False
1822,1822.0,1822.0,bk47.,Diovan,Co-Diovan 160mg/12.5mg tablet,Valsartan,160 mg,,Angiotensin-II Receptor Antagonists,False,False
1823,1823.0,1823.0,bk48.,Diovan,Co-Diovan 160mg/25mg tablet,Valsartan,160 mg,,Angiotensin-II Receptor Antagonists,False,False
1824,1824.0,1824.0,bk49.,Diovan,Co-Diovan 80mg/12.5mg tablet,Valsartan,80 mg,,Angiotensin-II Receptor Antagonists,False,False
1825,1825.0,1825.0,bk4A.,Diovan,Diovan 40mg tablet,Valsartan,40 mg,,Angiotensin-II Receptor Antagonists,False,False
1826,1826.0,1826.0,bk4B.,Diovan,DIOVAN 320mg tablets,Valsartan,320 mg,,Angiotensin-II Receptor Antagonists,False,False
1827,1827.0,1827.0,bk4C.,Diovan,DIOVAN 3mg/mL oral solution,Valsartan,3 mg/mL,,Angiotensin-II Receptor Antagonists,False,False
1828,1828.0,1828.0,bk4s.,Valsartan,VALSARTAN 80mg tablets,Valsartan,80 mg,,Angiotensin-II Receptor Antagonists,False,False
1829,1829.0,1829.0,bk4t.,Valsartan,VALSARTAN 160mg tablets,Valsartan,160 mg,,Angiotensin-II Receptor Antagonists,False,False
1830,1830.0,1830.0,bk4u.,Valsartan,VALSARTAN 3mg/mL oral solution,Valsartan,3 mg/mL,,Angiotensin-II Receptor Antagonists,False,False
1831,1831.0,1831.0,bk4v.,Valsartan,VALSARTAN 320mg tablets,Valsartan,320 mg,,Angiotensin-II Receptor Antagonists,False,False
1832,1832.0,1832.0,bk4w.,Valsartan,Valsartan 40mg tablet,Valsartan,40 mg,,Angiotensin-II Receptor Antagonists,False,False
1833,1833.0,1833.0,bk4x.,Valsartan,Valsartan+hydrochlorothiazide 80mg/12.5mg tablet,Valsartan,80 mg,,Angiotensin-II Receptor Antagonists,False,True
1834,1834.0,1834.0,bk4y.,Valsartan,Valsartan+hydrochlorothiazide 160mg/25mg tablet,Valsartan,160 mg,,Angiotensin-II Receptor Antagonists,False,True
1835,1835.0,1835.0,bk4z.,Valsartan,Valsartan+hydrochlorothiazide 160mg/12.5mg tablet,Valsartan,160 mg,,Angiotensin-II Receptor Antagonists,False,True
1836,1836.0,1836.0,bk5..,Irbesartan,Irbesartan,Irbesartan,,,Angiotensin-II Receptor Antagonists,False,False
1837,1837.0,1837.0,bk51.,Irbesartan,Irbesartan 75mg tablet,Irbesartan,75 mg,,Angiotensin-II Receptor Antagonists,False,False
1838,1838.0,1838.0,bk52.,Irbesartan,Irbesartan 150mg tablet,Irbesartan,150 mg,,Angiotensin-II Receptor Antagonists,False,False
1839,1839.0,1839.0,bk53.,Irbesartan,Irbesartan 300mg tablet,Irbesartan,300 mg,,Angiotensin-II Receptor Antagonists,False,False
1840,1840.0,1840.0,bk54.,Aprovel,Aprovel 75mg tablet,Irbesartan,75 mg,,Angiotensin-II Receptor Antagonists,False,False
1841,1841.0,1841.0,bk55.,Aprovel,Aprovel 150mg tablet,Irbesartan,150 mg,,Angiotensin-II Receptor Antagonists,False,False
1842,1842.0,1842.0,bk56.,Aprovel,Aprovel 300mg tablet,Irbesartan,300 mg,,Angiotensin-II Receptor Antagonists,False,False
1843,1843.0,1843.0,bk57.,CoAprovel,CoAprovel 150mg/12.5mg tablet,Irbesartan,150 mg,,Angiotensin-II Receptor Antagonists,False,False
1844,1844.0,1844.0,bk58.,CoAprovel,CoAprovel 300mg/12.5mg tablet,Irbesartan,300 mg,,Angiotensin-II Receptor Antagonists,False,False
1845,1845.0,1845.0,bk59.,CoAprovel,COAPROVEL 300mg/25mg tablets,Irbesartan,300 mg,,Angiotensin-II Receptor Antagonists,False,False
1846,1846.0,1846.0,bk5x.,Irbesartan,IRBESARTAN+HYDROCHLOROTHIAZIDE 300mg/25mg tablets,Irbesartan,300 mg,,Angiotensin-II Receptor Antagonists,False,True
1847,1847.0,1847.0,bk5y.,Irbesartan,Irbesartan+hydrochlorothiazide 300mg/12.5mg tablet,Irbesartan,300 mg,,Angiotensin-II Receptor Antagonists,False,True
1848,1848.0,1848.0,bk5z.,Irbesartan,Irbesartan+hydrochlorothiazide 150mg/12.5mg tablet,Irbesartan,150 mg,,Angiotensin-II Receptor Antagonists,False,True
1849,1849.0,1849.0,bk6..,Trandolapril,Trandolapril+verapamil hydrochloride,Trandolapril,,,Angiotensin-Converting Enzyme Inhibitors,True,False
1850,1850.0,1850.0,bk61.,Trandolapril,Trandolapril+verapamil hydrochloride 2mg/180mg m/r capsule,Trandolapril,2 mg,,Angiotensin-Converting Enzyme Inhibitors,True,False
1851,1851.0,1851.0,bk62.,Tarka,Tarka 2mg/180mg m/r capsule,Trandolapril,2 mg,,Angiotensin-Converting Enzyme Inhibitors,False,False
1852,1852.0,1852.0,bk7..,Candesartan,Candesartan cilexetil,Candesartan Cilexetil,,,Angiotensin-II Receptor Antagonists,False,False
1853,1853.0,1853.0,bk71.,Candesartan,Candesartan cilexetil 2mg tablet,Candesartan Cilexetil,2 mg,,Angiotensin-II Receptor Antagonists,False,False
1854,1854.0,1854.0,bk72.,Candesartan,Candesartan cilexetil 4mg tablet,Candesartan Cilexetil,4 mg,,Angiotensin-II Receptor Antagonists,False,False
1855,1855.0,1855.0,bk73.,Candesartan,Candesartan cilexetil 8mg tablet,Candesartan Cilexetil,8 mg,,Angiotensin-II Receptor Antagonists,False,False
1856,1856.0,1856.0,bk74.,Candesartan,Candesartan cilexetil 16mg tablet,Candesartan Cilexetil,16 mg,,Angiotensin-II Receptor Antagonists,False,False
1857,1857.0,1857.0,bk75.,Amias,Amias 2mg tablet,Candesartan Cilexetil,2 mg,,Angiotensin-II Receptor Antagonists,False,False
1858,1858.0,1858.0,bk76.,Amias,Amias 4mg tablet,Candesartan Cilexetil,4 mg,,Angiotensin-II Receptor Antagonists,False,False
1859,1859.0,1859.0,bk77.,Amias,Amias 8mg tablet,Candesartan Cilexetil,8 mg,,Angiotensin-II Receptor Antagonists,False,False
1860,1860.0,1860.0,bk78.,Amias,Amias 16mg tablet,Candesartan Cilexetil,16 mg,,Angiotensin-II Receptor Antagonists,False,False
1861,1861.0,1861.0,bk79.,Amias,Amias 32mg tablet,Candesartan Cilexetil,32 mg,,Angiotensin-II Receptor Antagonists,False,False
1862,1862.0,1862.0,bk7z.,Candesartan,Candesartan cilexetil 32mg tablet,Candesartan Cilexetil,32 mg,,Angiotensin-II Receptor Antagonists,False,False
1863,1863.0,1863.0,bk8..,Telmisartan,Telmisartan,Telmisartan,,,Angiotensin-II Receptor Antagonists,False,False
1864,1864.0,1864.0,bk81.,Telmisartan,Telmisartan 40mg tablet,Telmisartan,40 mg,,Angiotensin-II Receptor Antagonists,False,False
1865,1865.0,1865.0,bk82.,Telmisartan,Telmisartan 80mg tablet,Telmisartan,80 mg,,Angiotensin-II Receptor Antagonists,False,False
1866,1866.0,1866.0,bk83.,Micardis,Micardis 40mg tablet,Telmisartan,40 mg,,Angiotensin-II Receptor Antagonists,False,False
1867,1867.0,1867.0,bk84.,Micardis,Micardis 80mg tablet,Telmisartan,80 mg,,Angiotensin-II Receptor Antagonists,False,False
1868,1868.0,1868.0,bk85.,Micardis,Micardis 20mg tablet,Telmisartan,20 mg,,Angiotensin-II Receptor Antagonists,False,False
1869,1869.0,1869.0,bk86.,Micardis,MicardisPlus 40mg/12.5mg tablet,Telmisartan,40 mg,,Angiotensin-II Receptor Antagonists,False,False
1870,1870.0,1870.0,bk87.,Micardis,MicardisPlus 80mg/12.5mg tablet,Telmisartan,80 mg,,Angiotensin-II Receptor Antagonists,False,False
1871,1871.0,1871.0,bk88.,Micardis,MICARDISPLUS 80mg/25mg tablets,Telmisartan,80 mg,,Angiotensin-II Receptor Antagonists,False,False
1872,1872.0,1872.0,bk8w.,Telmisartan,TELMISARTAN+HYDROCHLOROTHIAZIDE 80mg/25mg tablets,Telmisartan,80 mg,,Angiotensin-II Receptor Antagonists,False,True
1873,1873.0,1873.0,bk8x.,Telmisartan,Telmisartan+hydrochlorothiazide 40mg/12.5mg tablet,Telmisartan,40 mg,,Angiotensin-II Receptor Antagonists,False,True
1874,1874.0,1874.0,bk8y.,Telmisartan,Telmisartan+hydrochlorothiazide 80mg/12.5mg tablet,Telmisartan,80 mg,,Angiotensin-II Receptor Antagonists,False,True
1875,1875.0,1875.0,bk8z.,Telmisartan,Telmisartan 20mg tablet,Telmisartan,20 mg,,Angiotensin-II Receptor Antagonists,False,False
1876,1876.0,1876.0,bk9..,Eprosartan,Eprosartan,Eprosartan,,,Angiotensin-II Receptor Antagonists,False,False
1877,1877.0,1877.0,bk91.,Teveten,Teveten 300mg tablet,Eprosartan,300 mg,,Angiotensin-II Receptor Antagonists,False,False
1878,1878.0,1878.0,bk92.,Teveten,Teveten 400mg tablet,Eprosartan,400 mg,,Angiotensin-II Receptor Antagonists,False,False
1879,1879.0,1879.0,bk93.,Teveten,Teveten 600mg tablet,Eprosartan,600 mg,,Angiotensin-II Receptor Antagonists,False,False
1880,1880.0,1880.0,bk9x.,Eprosartan,Eprosartan 300mg tablet,Eprosartan,300 mg,,Angiotensin-II Receptor Antagonists,False,False
1881,1881.0,1881.0,bk9y.,Eprosartan,Eprosartan 400mg tablet,Eprosartan,400 mg,,Angiotensin-II Receptor Antagonists,False,False
1882,1882.0,1882.0,bk9z.,Eprosartan,Eprosartan 600mg tablet,Eprosartan,600 mg,,Angiotensin-II Receptor Antagonists,False,False
1883,1883.0,1883.0,bkA..,Bosentan,Bosentan,Bosentan,,,Vasodilator Antihypertensive Drugs,False,False
1884,1884.0,1884.0,bkA1.,Bosentan,Bosentan monohydrate 62.5mg tablet,Bosentan,62.5 mg,,Vasodilator Antihypertensive Drugs,False,False
1885,1885.0,1885.0,bkA2.,Bosentan,Bosentan monohydrate 125mg tablet,Bosentan,125 mg,,Vasodilator Antihypertensive Drugs,False,False
1886,1886.0,1886.0,bkA3.,Tracleer,Tracleer 62.5mg tablet,Bosentan,62.5 mg,,Vasodilator Antihypertensive Drugs,False,False
1887,1887.0,1887.0,bkA4.,Tracleer,Tracleer 125mg tablet,Bosentan,125 mg,,Vasodilator Antihypertensive Drugs,False,False
1888,1888.0,1888.0,bkB..,Olmesartan,Olmesartan,Olmesartan,,,Angiotensin-II Receptor Antagonists,False,False
1889,1889.0,1889.0,bkB1.,Olmesartan,Olmesartan medoxomil 10mg tablet,Olmesartan,10 mg,,Angiotensin-II Receptor Antagonists,False,False
1890,1890.0,1890.0,bkB2.,Olmesartan,Olmesartan medoxomil 20mg tablet,Olmesartan,20 mg,,Angiotensin-II Receptor Antagonists,False,False
1891,1891.0,1891.0,bkB3.,Olmesartan,Olmesartan medoxomil 40mg tablet,Olmesartan,40 mg,,Angiotensin-II Receptor Antagonists,False,False
1892,1892.0,1892.0,bkB4.,Olmetec,Olmetec 10mg tablet,Olmesartan,10 mg,,Angiotensin-II Receptor Antagonists,False,False
1893,1893.0,1893.0,bkB5.,Olmetec,Olmetec 20mg tablet,Olmesartan,20 mg,,Angiotensin-II Receptor Antagonists,False,False
1894,1894.0,1894.0,bkB6.,Olmetec,Olmetec 40mg tablet,Olmesartan,40 mg,,Angiotensin-II Receptor Antagonists,False,False
1895,1895.0,1895.0,bkC..,Olmesartan,Hydrochlorothiazide + Olmesartan,Olmesartan,,,Angiotensin-II Receptor Antagonists,False,True
1896,1896.0,1896.0,bkC1.,Olmetec,Olmetec Plus 20mg/12.5mg tablet,Olmesartan,20 mg,,Angiotensin-II Receptor Antagonists,False,False
1897,1897.0,1897.0,bkC2.,Olmetec,Olmetec Plus 20mg/25mg tablet,Olmesartan,20 mg,,Angiotensin-II Receptor Antagonists,False,False
1898,1898.0,1898.0,bkC3.,Olmetec,OLMETEC PLUS 40mg/12.5mg tablets,Olmesartan,40 mg,,Angiotensin-II Receptor Antagonists,False,False
1899,1899.0,1899.0,bkCx.,Olmesartan,OLMESARTAN+HYDROCHLOROTHIAZIDE 40mg/12.5mg tablets,Olmesartan,40 mg,,Angiotensin-II Receptor Antagonists,False,True
1900,1900.0,1900.0,bkCy.,Olmesartan,Olmesartan + hydrochlorothiazide 20mg/25mg tablet,Olmesartan,20 mg,,Angiotensin-II Receptor Antagonists,False,True
1901,1901.0,1901.0,bkCz.,Olmesartan,Olmesartan + hydrochlorothiazide 20mg/12.5mg tablet,Olmesartan,20 mg,,Angiotensin-II Receptor Antagonists,False,True
1902,1902.0,1902.0,bkD..,Valsartan,AMLODIPINE + VALSARTAN,Valsartan,,,Angiotensin-II Receptor Antagonists,True,False
1903,1903.0,1903.0,bkD1.,Valsartan,AMLODIPINE+VALSARTAN 5mg/80mg tablets,Valsartan,5 mg,,Angiotensin-II Receptor Antagonists,True,False
1904,1904.0,1904.0,bkD2.,Valsartan,AMLODIPINE+VALSARTAN 5mg/160mg tablets,Valsartan,5 mg,,Angiotensin-II Receptor Antagonists,True,False
1905,1905.0,1905.0,bkD3.,Valsartan,AMLODIPINE+VALSARTAN 10mg/160mg tablets,Valsartan,10 mg,,Angiotensin-II Receptor Antagonists,True,False
1906,1906.0,1906.0,bkE1.,Thelin,THELIN 100mg tablets,Sitaxentan Sodium,100 mg,,Vasodilator Antihypertensive Drugs,False,False
1907,1907.0,1907.0,bkEz.,Sitaxentan Sod,SITAXENTAN SODIUM 100mg tablets,Sitaxentan Sodium,100 mg,,Vasodilator Antihypertensive Drugs,False,False
1908,1908.0,1908.0,bkF..,Aliskiren,ALISKIREN,Aliskiren,,,Renin Inhibitors,False,False
1909,1909.0,1909.0,bkF1.,Rasilez,RASILEZ 150mg tablets,Aliskiren,150 mg,,Renin Inhibitors,False,False
1910,1910.0,1910.0,bkF2.,Rasilez,RASILEZ 300mg tablets,Aliskiren,300 mg,,Renin Inhibitors,False,False
1911,1911.0,1911.0,bkFy.,Aliskiren,ALISKIREN 300mg tablets,Aliskiren,300 mg,,Renin Inhibitors,False,False
1912,1912.0,1912.0,bkFz.,Aliskiren,ALISKIREN 150mg tablets,Aliskiren,150 mg,,Renin Inhibitors,False,False
1913,1913.0,1913.0,bkG..,Ambrisentan,AMBRISENTAN,Ambrisentan,,,Vasodilator Antihypertensive Drugs,False,False
1914,1914.0,1914.0,bkG1.,Volibris,VOLIBRIS 5mg tablets,Ambrisentan,5 mg,,Vasodilator Antihypertensive Drugs,False,False
1915,1915.0,1915.0,bkG2.,Volibris,VOLIBRIS 10mg tablets,Ambrisentan,10 mg,,Vasodilator Antihypertensive Drugs,False,False
1916,1916.0,1916.0,bkGy.,Ambrisentan,AMBRISENTAN 10mg tablets,Ambrisentan,10 mg,,Vasodilator Antihypertensive Drugs,False,False
1917,1917.0,1917.0,bkGz.,Ambrisentan,AMBRISENTAN 5mg tablets,Ambrisentan,5 mg,,Vasodilator Antihypertensive Drugs,False,False
1918,1918.0,1918.0,bkH..,Olmesartan,OLMESARTAN+AMLODIPINE,Olmesartan,,,Angiotensin-II Receptor Antagonists,True,False
1919,1919.0,1919.0,bkH1.,Sevikar,SEVIKAR 20mg/5mg tablets,Olmesartan,20 mg,,Angiotensin-II Receptor Antagonists,False,False
1920,1920.0,1920.0,bkH2.,Sevikar,SEVIKAR 40mg/5mg tablets,Olmesartan,40 mg,,Angiotensin-II Receptor Antagonists,False,False
1921,1921.0,1921.0,bkH3.,Sevikar,SEVIKAR 40mg/10mg tablets,Olmesartan,40 mg,,Angiotensin-II Receptor Antagonists,False,False
1922,1922.0,1922.0,bkHx.,Olmesartan,OLMESARTAN MEDOXOMIL+AMLODIPINE 40mg/10mg tablets,Olmesartan,40 mg,,Angiotensin-II Receptor Antagonists,True,False
1923,1923.0,1923.0,bkHy.,Olmesartan,OLMESARTAN MEDOXOMIL+AMLODIPINE 40mg/5mg tablets,Olmesartan,40 mg,,Angiotensin-II Receptor Antagonists,True,False
1924,1924.0,1924.0,bkHz.,Olmesartan,OLMESARTAN MEDOXOMIL+AMLODIPINE 20mg/5mg tablets,Olmesartan,20 mg,,Angiotensin-II Receptor Antagonists,True,False
1925,1925.0,1925.0,bkI..,Olmesartan,OLMESARTAN+AMLODIPINE+HYDROCHLOROTHIAZIDE,Olmesartan,,,Angiotensin-II Receptor Antagonists,True,True
1926,1926.0,1926.0,bkI1.,Sevikar,SEVIKAR HCT 20mg/5mg/12.5mg tablets,Olmesartan,20 mg,,Angiotensin-II Receptor Antagonists,False,False
1927,1927.0,1927.0,bkI2.,Sevikar,SEVIKAR HCT 40mg/5mg/12.5mg tablets,Olmesartan,40 mg,,Angiotensin-II Receptor Antagonists,False,False
1928,1928.0,1928.0,bkI3.,Sevikar,SEVIKAR HCT 40mg/10mg/12.5mg tablets,Olmesartan,40 mg,,Angiotensin-II Receptor Antagonists,False,False
1929,1929.0,1929.0,bkI4.,Sevikar,SEVIKAR HCT 40mg/5mg/25mg tablets,Olmesartan,40 mg,,Angiotensin-II Receptor Antagonists,False,False
1930,1930.0,1930.0,bkI5.,Sevikar,SEVIKAR HCT 40mg/10mg/25mg tablets,Olmesartan,40 mg,,Angiotensin-II Receptor Antagonists,False,False
1931,1931.0,1931.0,bkJ1.,Edarbi,EDARBI 20mg tablets,Azilsartan Medoxomil,20 mg,,Angiotensin-II Receptor Antagonists,False,False
1932,1932.0,1932.0,bkJ2.,Azilsartan Medoxomil,AZILSARTAN MEDOXOMIL 20mg tablets,Azilsartan Medoxomil,20 mg,,Angiotensin-II Receptor Antagonists,False,False
1933,1933.0,1933.0,bkJ3.,Edarbi,EDARBI 40mg tablets,Azilsartan Medoxomil,40 mg,,Angiotensin-II Receptor Antagonists,False,False
1934,1934.0,1934.0,bkJ4.,Azilsartan Medoxomil,AZILSARTAN MEDOXOMIL 40mg tablets,Azilsartan Medoxomil,40 mg,,Angiotensin-II Receptor Antagonists,False,False
1935,1935.0,1935.0,bkJ5.,Edarbi,EDARBI 80mg tablets,Azilsartan Medoxomil,80 mg,,Angiotensin-II Receptor Antagonists,False,False
1936,1936.0,1936.0,bkJ6.,Azilsartan Medoxomil,AZILSARTAN MEDOXOMIL 80mg tablets,Azilsartan Medoxomil,80 mg,,Angiotensin-II Receptor Antagonists,False,False
1937,1937.0,1937.0,bkK..,Macitentan,MACITENTAN,Macitentan,,,Vasodilator Antihypertensive Drugs,False,False
1938,1938.0,1938.0,bkK1.,Opsumit,OPSUMIT 10mg tablets,Macitentan,10 mg,,Vasodilator Antihypertensive Drugs,False,False
1939,1939.0,1939.0,bkK2.,Macitentan,MACITENTAN 10mg tablets,Macitentan,10 mg,,Vasodilator Antihypertensive Drugs,False,False
1940,1940.0,1940.0,bkL..,Valsartan,SACUBITRIL+VALSARTAN,Valsartan,,,Angiotensin-II Receptor Antagonists,False,False
1941,1941.0,1941.0,bkL1.,Entresto,ENTRESTO 24mg/26mg tablets,Sacubitril/Valsartan,24 mg,,Angiotensin-II Receptor Antagonists,False,False
1942,1942.0,1942.0,bkL2.,Valsartan,SACUBITRIL+VALSARTAN 24mg/26mg tablets,Valsartan,24 mg,,Angiotensin-II Receptor Antagonists,False,False
1943,1943.0,1943.0,bkL3.,Entresto,ENTRESTO 49mg/51mg tablets,Sacubitril/Valsartan,49 mg,,Angiotensin-II Receptor Antagonists,False,False
1944,1944.0,1944.0,bkL4.,Valsartan,SACUBITRIL+VALSARTAN 49mg/51mg tablets,Valsartan,49 mg,,Angiotensin-II Receptor Antagonists,False,False
1945,1945.0,1945.0,bkL5.,Entresto,ENTRESTO 97mg/103mg tablets,Sacubitril/Valsartan,97 mg,,Angiotensin-II Receptor Antagonists,False,False
1946,1946.0,1946.0,bkL6.,Valsartan,SACUBITRIL+VALSARTAN 97mg/103mg tablets,Valsartan,97 mg,,Angiotensin-II Receptor Antagonists,False,False
1947,1947.0,1947.0,blca.,Lotens,Felotens XL 5mg m/r tablet,Guanethidine Monosulfate,5 mg,,Adrenergic Neurone Blocking Drugs,True,False
1948,1948.0,1948.0,blcb.,Lotens,Felotens XL 10mg m/r tablet,Guanethidine Monosulfate,10 mg,,Adrenergic Neurone Blocking Drugs,True,False
1949,1949.0,1949.0,blct.,Lotens,FELOTENS XL 2.5mg m/r tablets,Guanethidine Monosulfate,2.5 mg,,Adrenergic Neurone Blocking Drugs,True,False
1950,1950.0,1950.0,bn7..,Iloprost,Iloprost,Iloprost,,,Vasodilator Antihypertensive Drugs,False,False
1951,1951.0,1951.0,bn71.,Iloprost,Iloprost 100micrograms/1mL infusion concentrate,Iloprost,,,Vasodilator Antihypertensive Drugs,False,False
1952,1952.0,1952.0,bn72.,Iloprost,Iloprost 10micrograms/mL nebuliser solution 2mL ampoule,Iloprost,,,Vasodilator Antihypertensive Drugs,False,False
1953,1953.0,1953.0,bn73.,Ventavis,Ventavis 10micrograms/mL nebuliser solution 2mL ampoule,Iloprost,,,Vasodilator Antihypertensive Drugs,False,False
1954,1954.0,1954.0,bn74.,Ventavis,VENTAVIS 10micrograms/mL nebuliser solution 1mL ampoules,Iloprost,,,Vasodilator Antihypertensive Drugs,False,False
1955,1955.0,1955.0,bn75.,Iloprost,ILOPROST 10micrograms/mL nebuliser solution 1mL ampoules,Iloprost,,,Vasodilator Antihypertensive Drugs,False,False
1956,1956.0,1956.0,f71..,Diazoxide,Diazoxide [endocrine use],Diazoxide,,,Vasodilator Antihypertensive Drugs,False,False
1957,1957.0,1957.0,f71x.,Diazoxide,Diazoxide 50mg capsule,Diazoxide,50 mg,,Vasodilator Antihypertensive Drugs,False,False
1958,1958.0,1958.0,f71y.,Diazoxide,Diazoxide oral powder,Diazoxide,,,Vasodilator Antihypertensive Drugs,False,False
1959,1959.0,1959.0,f71z.,Diazoxide,Diazoxide 50mg tablet,Diazoxide,50 mg,,Vasodilator Antihypertensive Drugs,False,False
1960,1960.0,1960.0,gc41.,Dibenyline,Dibenyline 10mg capsule,Phenoxybenzamine Hydrochloride,10 mg,,Alpha-Adrenoceptor Blocking Drugs,False,False
1961,1961.0,1961.0,gc51.,Hytrin,Hytrin BPH tablet starter pack,Terazosin Hydrochloride,,,Alpha-Adrenoceptor Blocking Drugs,False,False
1962,1962.0,1962.0,gc52.,Hytrin,Hytrin BPH 2mg tablet,Terazosin Hydrochloride,2 mg,,Alpha-Adrenoceptor Blocking Drugs,False,False
1963,1963.0,1963.0,gc53.,Hytrin,Hytrin BPH 5mg tablet,Terazosin Hydrochloride,5 mg,,Alpha-Adrenoceptor Blocking Drugs,False,False
1964,1964.0,1964.0,gc54.,Hytrin,Hytrin BPH 10mg tablet,Terazosin Hydrochloride,10 mg,,Alpha-Adrenoceptor Blocking Drugs,False,False
1965,1965.0,1965.0,gc55.,Hytrin,HYTRIN BPH 1mg tablets,Terazosin Hydrochloride,1 mg,,Alpha-Adrenoceptor Blocking Drugs,False,False
1966,1966.0,1966.0,gh57.,Revatio,Revatio 20mg tablet,Sildenafil(Vasodilator Antihypertensive),20 mg,,Vasodilator Antihypertensive Drugs,False,False
1967,1967.0,1967.0,gh58.,Revatio,REVATIO 40mg/50mL solution for injection,Sildenafil(Vasodilator Antihypertensive),40 mg/50 ml,,Vasodilator Antihypertensive Drugs,False,False
1968,1968.0,1968.0,gh59.,Revatio,REVATIO 10mg/12.5mL solution for injection,Sildenafil(Vasodilator Antihypertensive),10 mg,,Vasodilator Antihypertensive Drugs,False,False
1969,1969.0,1969.0,gh5A.,Revatio,REVATIO 10mg/mL oral suspension,Sildenafil(Vasodilator Antihypertensive),10 mg/mL,,Vasodilator Antihypertensive Drugs,False,False
1970,1970.0,1970.0,gh75.,Adcirca,ADCIRCA 20mg tablets,Tadalafil (Vasodilator Antihypertensive),20 mg,,Vasodilator Antihypertensive Drugs,False,False
1971,1971.0,1971.0,id14.,Tenex,Glutenex biscuits 18x14g,Guanfacine Hydrochloride,,,Centrally-Acting Antihypertensive Drugs,False,False
1972,1972.0,1972.0,idGN.,Tenex,GLUTENEX GF white bread mix 500g,Guanfacine Hydrochloride,,,Centrally-Acting Antihypertensive Drugs,False,False
1973,1973.0,1973.0,ih...,Hypercal,Treatment of hypercalcaemia,Reserpine And Rauwolfia Alkaloids,,,Centrally-Acting Antihypertensive Drugs,False,False
1974,1974.0,1974.0,mb3..,Minoxidil,Minoxidil [androgen alopecia],Minoxidil,,,Vasodilator Antihypertensive Drugs,False,False
1975,1975.0,1975.0,mb31.,Minoxidil,Minoxidil 20mg/mL topical liquid,Minoxidil,20 mg/mL,,Vasodilator Antihypertensive Drugs,False,False
1976,1976.0,1976.0,mb33.,Minoxidil,Minoxidil 50mg/mL topical liquid,Minoxidil,50 mg/mL,,Vasodilator Antihypertensive Drugs,False,False
1977,1977.0,1977.0,mb37.,Minoxidil,MINOXIDIL 5% cutaneous foam,Minoxidil,,,Vasodilator Antihypertensive Drugs,False,False
1978,1978.0,1978.0,x001j,Captopril,Captopril+diuretic,Captopril,,,Angiotensin-Converting Enzyme Inhibitors,False,False
1979,1979.0,1979.0,x007H,Lisinopril,Lisinopril+diuretic,Lisinopril,,,Angiotensin-Converting Enzyme Inhibitors,False,False
1980,1980.0,1980.0,x007d,Methyldopa,Methyldopa+diuretic,Methyldopa,,,Centrally-Acting Antihypertensive Drugs,False,False
1981,1981.0,1981.0,x00en,Accupro,Accupro 5mg tablet,Quinapril Hydrochloride,5 mg,,Angiotensin-Converting Enzyme Inhibitors,False,False
1982,1982.0,1982.0,x00eo,Accupro,Accupro 10mg tablet,Quinapril Hydrochloride,10 mg,,Angiotensin-Converting Enzyme Inhibitors,False,False
1983,1983.0,1983.0,x00ep,Accupro,Accupro 20mg tablet,Quinapril Hydrochloride,20 mg,,Angiotensin-Converting Enzyme Inhibitors,False,False
1984,1984.0,1984.0,x00eq,Acezide,Acezide tablet,Co-Zidocapt,,,Angiotensin-Converting Enzyme Inhibitors,False,False
1985,1985.0,1985.0,x00f0,Capozide,Capozide tablet,Co-Zidocapt,,,Angiotensin-Converting Enzyme Inhibitors,False,False
1986,1986.0,1986.0,x00f1,Capozide,Capozide LS tablet,Co-Zidocapt,,,Angiotensin-Converting Enzyme Inhibitors,False,False
1987,1987.0,1987.0,x00fw,Renitec,Renitec 5mg tablet,Enalapril Maleate,5 mg,,Angiotensin-Converting Enzyme Inhibitors,False,False
1988,1988.0,1988.0,x01CO,Indoramin,Indoramin product,Indoramin,,,Alpha-Adrenoceptor Blocking Drugs,False,False
1989,1989.0,1989.0,x01CO,Indoramin,Indoramin,Indoramin,,,Alpha-Adrenoceptor Blocking Drugs,False,False
1990,1990.0,1990.0,x01Dk,Thelin,Propantheline,Sitaxentan Sodium,,,Vasodilator Antihypertensive Drugs,False,False
1991,1991.0,1991.0,x01OE,Tenex,Glutenex biscuits,Guanfacine Hydrochloride,,,Centrally-Acting Antihypertensive Drugs,False,False
1992,1992.0,1992.0,x01Qg,Perindopril,Perindopril,Perindopril,,,Angiotensin-Converting Enzyme Inhibitors,False,False
1993,1993.0,1993.0,x01RL,Diazoxide,Diazoxide,Diazoxide,,,Vasodilator Antihypertensive Drugs,False,False
1994,1994.0,1994.0,x02Sb,Accupro,Accupro,Quinapril Hydrochloride,,,Angiotensin-Converting Enzyme Inhibitors,False,False
1995,1995.0,1995.0,x02Sc,Accuretic,Accuretic,Quinapril Hydrochloride,,,Angiotensin-Converting Enzyme Inhibitors,False,False
1996,1996.0,1996.0,x02Sd,Acepril,Acepril,Captopril,,,Angiotensin-Converting Enzyme Inhibitors,False,False
1997,1997.0,1997.0,x02TQ,Alphavase,Alphavase,Prazosin Hydrochloride,,,Alpha-Adrenoceptor Blocking Drugs,False,False
1998,1998.0,1998.0,x02U9,Apresoline,Apresoline,Hydralazine Hydrochloride,,,Vasodilator Antihypertensive Drugs,False,False
1999,1999.0,1999.0,x02UJ,Arfonad,Arfonad,Trimetaphan Camsilate,,,Ganglion-Blocking Drugs,False,False
2000,2000.0,2000.0,x02Uy,Baratol,Baratol,Indoramin,,,Alpha-Adrenoceptor Blocking Drugs,False,False
2001,2001.0,2001.0,x02VF,Bendogen,Bendogen,Betanidine Sulfate,,,Adrenergic Neurone Blocking Drugs,False,False
2002,2002.0,2002.0,x02Wf,Capoten,Capoten,Captopril,,,Angiotensin-Converting Enzyme Inhibitors,False,False
2003,2003.0,2003.0,x02Wj,Carace,Carace,Lisinopril,,,Angiotensin-Converting Enzyme Inhibitors,False,False
2004,2004.0,2004.0,x02Wk,Carace Plus,Carace Plus,Lisinopril,,,Angiotensin-Converting Enzyme Inhibitors,False,False
2005,2005.0,2005.0,x02Wv,Catapres,Catapres,Clonidine Hydrochloride,,,Centrally-Acting Antihypertensive Drugs,False,False
2006,2006.0,2006.0,x02YD,Coversyl,Coversyl,Perindopril,,,Angiotensin-Converting Enzyme Inhibitors,False,False
2007,2007.0,2007.0,x02YE,Cozaar,Cozaar,Losartan Potassium,,,Angiotensin-II Receptor Antagonists,False,False
2008,2008.0,2008.0,x02Yr,Declinax,Declinax,Debrisoquine Sulfate,,,Adrenergic Neurone Blocking Drugs,False,False
2009,2009.0,2009.0,x02Yz,Demser,Demser,Metirosine,,,Alpha-Adrenoceptor Blocking Drugs,False,False
2010,2010.0,2010.0,x02Za,Dibenyline,Dibenyline,Phenoxybenzamine Hydrochloride,,,Alpha-Adrenoceptor Blocking Drugs,False,False
2011,2011.0,2011.0,x02aO,Dopamet,Dopamet,Methyldopa,,,Centrally-Acting Antihypertensive Drugs,False,False
2012,2012.0,2012.0,x02eC,Gopten,Gopten,Trandolapril,,,Angiotensin-Converting Enzyme Inhibitors,False,False
2013,2013.0,2013.0,x02fA,Hydromet,Hydromet,Methyldopa,,,Centrally-Acting Antihypertensive Drugs,False,False
2014,2014.0,2014.0,x02fG,Hypovase,Hypovase,Prazosin Hydrochloride,,,Alpha-Adrenoceptor Blocking Drugs,False,False
2015,2015.0,2015.0,x02fH,Hytrin,Hytrin,Terazosin Hydrochloride,,,Alpha-Adrenoceptor Blocking Drugs,False,False
2016,2016.0,2016.0,x02fI,Hytrin,Hytrin BPH,Terazosin Hydrochloride,,,Alpha-Adrenoceptor Blocking Drugs,False,False
2017,2017.0,2017.0,x02fl,Innovace,Innovace,Enalapril Maleate,,,Angiotensin-Converting Enzyme Inhibitors,False,False
2018,2018.0,2018.0,x02fm,Innozide,Innozide,Enalapril Maleate,,,Angiotensin-Converting Enzyme Inhibitors,False,False
2019,2019.0,2019.0,x02hq,Loniten,Loniten,Minoxidil,,,Vasodilator Antihypertensive Drugs,False,False
2020,2020.0,2020.0,x02iU,Medomet,Medomet,Methyldopa,,,Centrally-Acting Antihypertensive Drugs,False,False
2021,2021.0,2021.0,x02ij,Metalpha,Metalpha,Methyldopa,,,Centrally-Acting Antihypertensive Drugs,False,False
2022,2022.0,2022.0,x02lk,Odrik,Odrik,Trandolapril,,,Angiotensin-Converting Enzyme Inhibitors,False,False
2023,2023.0,2023.0,x02pJ,Renitec,Renitec,Enalapril Maleate,,,Angiotensin-Converting Enzyme Inhibitors,False,False
2024,2024.0,2024.0,x02q3,Rogitine,Rogitine,Phentolamine Mesilate,,,Alpha-Adrenoceptor Blocking Drugs,False,False
2025,2025.0,2025.0,x02rU,Staril,Staril,Fosinopril Sodium,,,Angiotensin-Converting Enzyme Inhibitors,False,False
2026,2026.0,2026.0,x02tS,Tritace,Tritace,Ramipril,,,Angiotensin-Converting Enzyme Inhibitors,False,False
2027,2027.0,2027.0,x02u7,Vascace,Vascace,Cilazapril,,,Angiotensin-Converting Enzyme Inhibitors,False,False
2028,2028.0,2028.0,x02uy,Zestoretic,Zestoretic,Lisinopril,,,Angiotensin-Converting Enzyme Inhibitors,False,False
2029,2029.0,2029.0,x03ce,Perdix,Perdix,Moexipril Hydrochloride,,,Angiotensin-Converting Enzyme Inhibitors,False,False
2030,2030.0,2030.0,x03dG,Kentovace,Kentovace,Prazosin Hydrochloride,,,Alpha-Adrenoceptor Blocking Drugs,False,False
2031,2031.0,2031.0,x03h1,Zestril,Zestril,Lisinopril,,,Angiotensin-Converting Enzyme Inhibitors,False,False
2032,2032.0,2032.0,x03i1,Physiotens,Physiotens,Moxonidine,,,Centrally-Acting Antihypertensive Drugs,False,False
2033,2033.0,2033.0,x03kD,Ecopace,Ecopace,Captopril,,,Angiotensin-Converting Enzyme Inhibitors,False,False
2034,2034.0,2034.0,x03lH,Kaplon,Kaplon,Captopril,,,Angiotensin-Converting Enzyme Inhibitors,False,False
2035,2035.0,2035.0,x03lt,Cozaar,Cozaar-Comp,Losartan Potassium,,,Angiotensin-II Receptor Antagonists,False,False
2036,2036.0,2036.0,x03qX,Aprovel,Aprovel,Irbesartan,,,Angiotensin-II Receptor Antagonists,False,False
2037,2037.0,2037.0,x03rX,Tarka,Tarka,Trandolapril,,,Angiotensin-Converting Enzyme Inhibitors,False,False
2038,2038.0,2038.0,x03xa,Diovan,Diovan,Valsartan,,,Angiotensin-II Receptor Antagonists,False,False
2039,2039.0,2039.0,x03zU,Cozaar,Cozaar Half Strength,Losartan Potassium,,,Angiotensin-II Receptor Antagonists,False,False
2040,2040.0,2040.0,x040z,Capozide,Capozide,Co-Zidocapt,,,Angiotensin-Converting Enzyme Inhibitors,False,False
2041,2041.0,2041.0,x0410,Capozide,Capozide LS,Co-Zidocapt,,,Angiotensin-Converting Enzyme Inhibitors,False,False
2042,2042.0,2042.0,x0411,Carace,Carace 10 Plus,Lisinopril,,,Angiotensin-Converting Enzyme Inhibitors,False,False
2043,2043.0,2043.0,x0412,Carace,Carace 20 Plus,Lisinopril,,,Angiotensin-Converting Enzyme Inhibitors,False,False
2044,2044.0,2044.0,x047M,Acezide,Acezide,Co-Zidocapt,,,Angiotensin-Converting Enzyme Inhibitors,False,False
2045,2045.0,2045.0,x04A0,Zestoretic,Zestoretic 10,Lisinopril,,,Angiotensin-Converting Enzyme Inhibitors,False,False
2046,2046.0,2046.0,x04A1,Zestoretic,Zestoretic 20,Lisinopril,,,Angiotensin-Converting Enzyme Inhibitors,False,False
2047,2047.0,2047.0,x04bR,Amias,Amias,Candesartan Cilexetil,,,Angiotensin-II Receptor Antagonists,False,False
2048,2048.0,2048.0,x04c7,Innovace,Innovace Melt,Enalapril Maleate,,,Angiotensin-Converting Enzyme Inhibitors,False,False
2049,2049.0,2049.0,x04t5,Hyteneze,Hyteneze 12.5,Captopril,,,Angiotensin-Converting Enzyme Inhibitors,False,False
2050,2050.0,2050.0,x04t6,Hyteneze,Hyteneze 25,Captopril,,,Angiotensin-Converting Enzyme Inhibitors,False,False
2051,2051.0,2051.0,x04t7,Hyteneze,Hyteneze 50,Captopril,,,Angiotensin-Converting Enzyme Inhibitors,False,False
2052,2052.0,2052.0,x04t8,Tensopril,Tensopril,Captopril,,,Angiotensin-Converting Enzyme Inhibitors,False,False
2053,2053.0,2053.0,x04xj,Tanatril,Tanatril,Imidapril Hydrochloride,,,Angiotensin-Converting Enzyme Inhibitors,False,False
2054,2054.0,2054.0,x051w,Triapin,Triapin mite,Ramipril,,,Angiotensin-Converting Enzyme Inhibitors,False,False
2055,2055.0,2055.0,x051x,Triapin,Triapin,Ramipril,,,Angiotensin-Converting Enzyme Inhibitors,False,False
2056,2056.0,2056.0,x052v,Micardis,Micardis,Telmisartan,,,Angiotensin-II Receptor Antagonists,False,False
2057,2057.0,2057.0,x054w,Capto-Co,Capto-Co,Co-Zidocapt,,,Angiotensin-Converting Enzyme Inhibitors,False,False
2058,2058.0,2058.0,x055s,Pralenal,Pralenal,Enalapril Maleate,,,Angiotensin-Converting Enzyme Inhibitors,False,False
2059,2059.0,2059.0,x056P,Teveten,Teveten,Eprosartan,,,Angiotensin-II Receptor Antagonists,False,False
2060,2060.0,2060.0,x05Dq,CoAprovel,CoAprovel,Irbesartan,,,Angiotensin-II Receptor Antagonists,False,False
2061,2061.0,2061.0,x05df,Perindopril,Perindopril+indapamide,Perindopril,,,Angiotensin-Converting Enzyme Inhibitors,False,True
2062,2062.0,2062.0,x05dg,Coversyl,Coversyl Plus,Perindopril,,,Angiotensin-Converting Enzyme Inhibitors,False,False
2063,2063.0,2063.0,x05gd,Tracleer,Tracleer,Bosentan,,,Vasodilator Antihypertensive Drugs,False,False
2064,2064.0,2064.0,x05j2,Micardis,MicardisPlus,Telmisartan,,,Angiotensin-II Receptor Antagonists,False,False
2065,2065.0,2065.0,x05mo,Olmetec,Olmetec,Olmesartan,,,Angiotensin-II Receptor Antagonists,False,False
2066,2066.0,2066.0,x05pF,Lotens,Felotens XL,Guanethidine Monosulfate,,,Adrenergic Neurone Blocking Drugs,True,False
2067,2067.0,2067.0,x05sk,Caralpha,Caralpha,Lisinopril,,,Angiotensin-Converting Enzyme Inhibitors,False,False
2068,2068.0,2068.0,x05u2,Diovan,Co-Diovan,Valsartan,,,Angiotensin-II Receptor Antagonists,False,False
2069,2069.0,2069.0,x05uH,Lopace,Lopace,Ramipril,,,Angiotensin-Converting Enzyme Inhibitors,False,False
2070,2070.0,2070.0,x05vC,Lisicostad,Lisicostad HCT,Lisinopril,,,Angiotensin-Converting Enzyme Inhibitors,False,False
2071,2071.0,2071.0,x05vO,Ranace,Ranace,Ramipril,,,Angiotensin-Converting Enzyme Inhibitors,False,False
2072,2072.0,2072.0,x05x1,Quinil,Quinil,Quinapril Hydrochloride,,,Angiotensin-Converting Enzyme Inhibitors,False,False
2073,2073.0,2073.0,x0601,Revatio,Revatio,Sildenafil(Vasodilator Antihypertensive),,,Vasodilator Antihypertensive Drugs,False,False
2074,2074.0,2074.0,x060W,Olmetec,Olmetec Plus,Olmesartan,,,Angiotensin-II Receptor Antagonists,False,False
2075,2075.0,2075.0,.C543,Hypercal,(Phosphorus &/or calcium disorders (& [hypercalcaemia] or [hypercalcinuria] or [hypocalcaemia]) or (nephrocalcinosis),Reserpine And Rauwolfia Alkaloids,,,Centrally-Acting Antihypertensive Drugs,False,False
2076,2076.0,2076.0,.C543,Hypercal,Hypercalcinuria,Reserpine And Rauwolfia Alkaloids,,,Centrally-Acting Antihypertensive Drugs,False,False
2077,2077.0,2077.0,.C543,Hypercal,Hypercalcaemia,Reserpine And Rauwolfia Alkaloids,,,Centrally-Acting Antihypertensive Drugs,False,False
2078,2078.0,2078.0,8I7W.,Aliskiren,Aliskiren not tolerated,Aliskiren,,,Renin Inhibitors,False,False
2079,2079.0,2079.0,8IH9.,Aliskiren,Aliskiren declined,Aliskiren,,,Renin Inhibitors,False,False
2080,2080.0,2080.0,C1513,Hypercal,Bartter's syndrome with hypercalciuria and nephrocalcinosis,Reserpine And Rauwolfia Alkaloids,,,Centrally-Acting Antihypertensive Drugs,False,False
2081,2081.0,2081.0,C354D,Hypercal,Familial hypocalciuric hypercalcaemia,Reserpine And Rauwolfia Alkaloids,,,Centrally-Acting Antihypertensive Drugs,False,False
2082,2082.0,2082.0,C354D,Hypercal,FHH - Familial hypocalciuric hypercalcaemia,Reserpine And Rauwolfia Alkaloids,,,Centrally-Acting Antihypertensive Drugs,False,False
2083,2083.0,2083.0,SP3y9,Hypercal,Acute hypercalcaemia of dialysis,Reserpine And Rauwolfia Alkaloids,,,Centrally-Acting Antihypertensive Drugs,False,False
2084,2084.0,2084.0,bi1F.,Captopril,Captopril+hydrochlorothiazide 25mg/12.5mg tablet,Captopril,25 mg,,Angiotensin-Converting Enzyme Inhibitors,False,True
2085,2085.0,2085.0,bi1G.,Captopril,Captopril+hydrochlorothiazide 50mg/25mg tablet,Captopril,50 mg,,Angiotensin-Converting Enzyme Inhibitors,False,True
2086,2086.0,2086.0,X77HU,Mannitol,Mannitol/cellobiose ratio,Mannitol,,,diuretic,False,True
2087,2087.0,2087.0,X77YR,Furosemide,Furosemide test,Furosemide,,,diuretic,False,True
2088,2088.0,2088.0,X77em,Isosorbide,Isosorbide test,Isosorbide,,,diuretic,False,True
2089,2089.0,2089.0,X77h3,Mannitol,Mannitol/cellobiose ratio small intestine permeability study,Mannitol,,,diuretic,False,True
2090,2090.0,2090.0,XM0l6,Mannitol,Mannitol,Mannitol,,,diuretic,False,True
2091,2091.0,2091.0,XaCnp,Torem,Storeman technician - Royal Electrical and Mechanical Engineers,Torasemide,,,diuretic,False,True
2092,2092.0,2092.0,XaCoV,Torem,Technical storeman - Royal Armoured Corps,Torasemide,,,diuretic,False,True
2093,2093.0,2093.0,XaJC4,Spironol,Spironolactone prophylaxis,Spironolactone,,,diuretic,False,True
2094,2094.0,2094.0,XaMjG,Spironol,Spironolactone declined,Spironolactone,,,diuretic,False,True
2095,2095.0,2095.0,XaYWl,Spironol,Spironolactone not indicated,Spironolactone,,,diuretic,False,True
2096,2096.0,2096.0,XaYsV,Eplerenone,Eplerenone therapy declined,Eplerenone,,,diuretic,False,True
2097,2097.0,2097.0,XaeC4,Eplerenone,Eplerenone prophylaxis,Eplerenone,,,diuretic,False,True
2098,2098.0,2098.0,XaeaY,Xipamide,Xipamide prophylaxis,Xipamide,,,diuretic,False,True
2099,2099.0,2099.0,XaeaZ,Metolazone,Metolazone prophylaxis,Metolazone,,,diuretic,False,True
2100,2100.0,2100.0,Xaeaa,Bendroflumethiazide,Bendroflumethiazide prophylaxis,Bendroflumethiazide,,,diuretic,False,True
2101,2101.0,2101.0,b21..,Bendroflumethiazide,Bendroflumethiazide,Bendroflumethiazide,,,diuretic,False,True
2102,2102.0,2102.0,b211.,Bendroflumethiazide,Bendroflumethiazide 2.5mg tablet,Bendroflumethiazide,2.5 mg,,diuretic,False,True
2103,2103.0,2103.0,b212.,Bendroflumethiazide,Bendroflumethiazide 5mg tablet,Bendroflumethiazide,5 mg,,diuretic,False,True
2104,2104.0,2104.0,b213.,Aprinox,Aprinox 2.5mg tablet,Bendroflumethiazide,2.5 mg,,diuretic,False,True
2105,2105.0,2105.0,b214.,Aprinox,Aprinox 5mg tablet,Bendroflumethiazide,5 mg,,diuretic,False,True
2106,2106.0,2106.0,b215.,Berkozide,Berkozide 2.5mg tablet,Bendroflumethiazide,2.5 mg,,diuretic,False,True
2107,2107.0,2107.0,b216.,Berkozide,Berkozide 5mg tablet,Bendroflumethiazide,5 mg,,diuretic,False,True
2108,2108.0,2108.0,b217.,Centyl,Centyl 2.5mg tablet,Bendroflumethiazide,2.5 mg,,diuretic,False,True
2109,2109.0,2109.0,b218.,Centyl,Centyl 5mg tablet,Bendroflumethiazide,5 mg,,diuretic,False,True
2110,2110.0,2110.0,b219.,Neo-Naclex,Neo-Naclex 5mg tablet,Bendroflumethiazide,5 mg,,diuretic,False,True
2111,2111.0,2111.0,b21A.,Neo-Bendromax,Neo-Bendromax 2.5mg tablet,Bendroflumethiazide,2.5 mg,,diuretic,False,True
2112,2112.0,2112.0,b21B.,Neo-Bendromax,Neo-Bendromax 5mg tablet,Bendroflumethiazide,5 mg,,diuretic,False,True
2113,2113.0,2113.0,b21a.,Urizide,Urizide 5mg tablet,Bendroflumethiazide,5 mg,,diuretic,False,True
2114,2114.0,2114.0,b21b.,Neo-Naclex,NEO-NACLEX 2.5mg tablets,Bendroflumethiazide,2.5 mg,,diuretic,False,True
2115,2115.0,2115.0,b22..,Chloroth,Chlorothiazide,Chlorothiazide,,,diuretic,False,True
2116,2116.0,2116.0,b221.,Saluric,Saluric 500mg tablet,Chlorothiazide,500 mg,,diuretic,False,True
2117,2117.0,2117.0,b222.,Diuril,Diuril 250mg/5mL oral suspension,Chlorothiazide,250 mg/5 ml,,diuretic,False,True
2118,2118.0,2118.0,b22y.,Chloroth,Chlorothiazide 250mg/5mL oral suspension,Chlorothiazide,250 mg/5 ml,,diuretic,False,True
2119,2119.0,2119.0,b22z.,Chloroth,Chlorothiazide 500mg tablet,Chlorothiazide,500 mg,,diuretic,False,True
2120,2120.0,2120.0,b23..,Chlortalidone,Chlortalidone,Chlortalidone,,,diuretic,False,True
2121,2121.0,2121.0,b231.,Hygroton,Hygroton 50mg tablet,Chlortalidone,50 mg,,diuretic,False,True
2122,2122.0,2122.0,b232.,Hygroton,Hygroton 100mg tablet,Chlortalidone,100 mg,,diuretic,False,True
2123,2123.0,2123.0,b23y.,Chlortalidone,Chlortalidone 50mg tablet,Chlortalidone,50 mg,,diuretic,False,True
2124,2124.0,2124.0,b25..,Cyclopenth,Cyclopenthiazide,Cyclopenthiazide,,,diuretic,False,True
2125,2125.0,2125.0,b251.,Navidrex,Navidrex 500mcg tablet,Cyclopenthiazide,,,diuretic,False,True
2126,2126.0,2126.0,b25z.,Cyclopenth,Cyclopenthiazide 500mcg tablet,Cyclopenthiazide,,,diuretic,False,True
2127,2127.0,2127.0,b26..,Chloroth,Hydrochlorothiazide,Chlorothiazide,,,diuretic,False,True
2128,2128.0,2128.0,b261.,Esidrex,Esidrex 25mg tablet,Hydrochlorothiazide,25 mg,,diuretic,False,True
2129,2129.0,2129.0,b262.,Esidrex,Esidrex 50mg tablet,Hydrochlorothiazide,50 mg,,diuretic,False,True
2130,2130.0,2130.0,b263.,Saluric,HydroSaluric 25mg tablet,Chlorothiazide,25 mg,,diuretic,False,True
2131,2131.0,2131.0,b264.,Saluric,HydroSaluric 50mg tablet,Chlorothiazide,50 mg,,diuretic,False,True
2132,2132.0,2132.0,b26y.,Chloroth,Hydrochlorothiazide 50mg tablet,Chlorothiazide,50 mg,,diuretic,False,True
2133,2133.0,2133.0,b26z.,Chloroth,Hydrochlorothiazide 25mg tablet,Chlorothiazide,25 mg,,diuretic,False,True
2134,2134.0,2134.0,b27..,Hydroflumet,Hydroflumethiazide,Hydroflumethiazide,,,diuretic,False,True
2135,2135.0,2135.0,b271.,Hydrenox,Hydrenox 50mg tablet,Hydroflumethiazide,50 mg,,diuretic,False,True
2136,2136.0,2136.0,b27z.,Hydroflumet,Hydroflumethiazide 50mg tablet,Hydroflumethiazide,50 mg,,diuretic,False,True
2137,2137.0,2137.0,b28..,Indapamide,Indapamide,Indapamide,,,diuretic,False,True
2138,2138.0,2138.0,b281.,Natrilix,Natrilix 2.5mg tablet,Indapamide,2.5 mg,,diuretic,False,True
2139,2139.0,2139.0,b282.,Indaxa 2.5,Nindaxa 2.5mg tablet,Indapamide,2.5 mg,,diuretic,False,True
2140,2140.0,2140.0,b283.,Natramid,Natramid 2.5mg tablet,Indapamide,2.5 mg,,diuretic,False,True
2141,2141.0,2141.0,b284.,Opumide,Opumide 2.5mg tablet,Indapamide,2.5 mg,,diuretic,False,True
2142,2142.0,2142.0,b285.,Indapamide,Indapamide 1.5mg m/r tablet,Indapamide,1.5 mg,,diuretic,False,True
2143,2143.0,2143.0,b286.,Natrilix,Natrilix SR 1.5mg m/r tablet,Indapamide,1.5 mg,,diuretic,False,True
2144,2144.0,2144.0,b287.,Ethibide XL,ETHIBIDE XL 1.5mg m/r tablets,Indapamide,1.5 mg,,diuretic,False,True
2145,2145.0,2145.0,b288.,Indipam XL,INDIPAM XL 1.5mg m/r tablets,Indapamide,1.5 mg,,diuretic,False,True
2146,2146.0,2146.0,b289.,Mapemid,MAPEMID XL 1.5mg m/r tablets,Indapamide,1.5 mg,,diuretic,False,True
2147,2147.0,2147.0,b28z.,Indapamide,Indapamide 2.5mg tablet,Indapamide,2.5 mg,,diuretic,False,True
2148,2148.0,2148.0,b29..,Mefruside,Mefruside,Mefruside,,,diuretic,False,True
2149,2149.0,2149.0,b291.,Baycaron,Baycaron 25mg tablet,Mefruside,25 mg,,diuretic,False,True
2150,2150.0,2150.0,b29z.,Mefruside,Mefruside 25mg tablet,Mefruside,25 mg,,diuretic,False,True
2151,2151.0,2151.0,b2a..,Methyclothiazide,Methyclothiazide,Methyclothiazide,,,diuretic,False,True
2152,2152.0,2152.0,b2a1.,Enduron,Enduron 5mg tablet,Methyclothiazide,5 mg,,diuretic,False,True
2153,2153.0,2153.0,b2az.,Methyclothiazide,Methyclothiazide 5mg tablet,Methyclothiazide,5 mg,,diuretic,False,True
2154,2154.0,2154.0,b2b..,Metolazone,Metolazone,Metolazone,,,diuretic,False,True
2155,2155.0,2155.0,b2b1.,Metenix,Metenix-5 tablet,Metolazone,,5.0,diuretic,False,True
2156,2156.0,2156.0,b2b2.,Xuret,Xuret 500micrograms tablet,Metolazone,,,diuretic,False,True
2157,2157.0,2157.0,b2b3.,Metolazone,Metolazone 500micrograms tablet,Metolazone,,,diuretic,False,True
2158,2158.0,2158.0,b2bz.,Metolazone,Metolazone 5mg tablet,Metolazone,5 mg,,diuretic,False,True
2159,2159.0,2159.0,b2c..,Polythiazide,Polythiazide,Polythiazide,,,diuretic,False,True
2160,2160.0,2160.0,b2c1.,Nephril,Nephril 1mg tablet,Polythiazide,1 mg,,diuretic,False,True
2161,2161.0,2161.0,b2cz.,Polythiazide,Polythiazide 1mg tablet,Polythiazide,1 mg,,diuretic,False,True
2162,2162.0,2162.0,b2d..,Xipamide,Xipamide,Xipamide,,,diuretic,False,True
2163,2163.0,2163.0,b2d1.,Diurexan,Diurexan 20mg tablet,Xipamide,20 mg,,diuretic,False,True
2164,2164.0,2164.0,b2dz.,Xipamide,Xipamide 20mg tablet,Xipamide,20 mg,,diuretic,False,True
2165,2165.0,2165.0,b31..,Furosemide,Furosemide,Furosemide,,,diuretic,False,True
2166,2166.0,2166.0,b311.,Furosemide,Furosemide 20mg tablet,Furosemide,20 mg,,diuretic,False,True
2167,2167.0,2167.0,b312.,Furosemide,Furosemide 40mg tablet,Furosemide,40 mg,,diuretic,False,True
2168,2168.0,2168.0,b313.,Furosemide,Furosemide 500mg tablet,Furosemide,500 mg,,diuretic,False,True
2169,2169.0,2169.0,b314.,Aluzine,Aluzine 20mg tablet,Furosemide,20 mg,,diuretic,False,True
2170,2170.0,2170.0,b315.,Aluzine,Aluzine 40mg tablet,Furosemide,40 mg,,diuretic,False,True
2171,2171.0,2171.0,b316.,Aluzine,Aluzine 500mg tablet,Furosemide,500 mg,,diuretic,False,True
2172,2172.0,2172.0,b317.,Diuresal,Diuresal 40mg tablet,Furosemide,40 mg,,diuretic,False,True
2173,2173.0,2173.0,b318.,Diuresal,Diuresal 20mg/2mL injection,Furosemide,20 mg/2 ml,,diuretic,False,True
2174,2174.0,2174.0,b319.,Diuresal,Diuresal 50mg/5mL injection,Furosemide,50 mg/5 ml,,diuretic,False,True
2175,2175.0,2175.0,b31C.,Furosemide,Furosemide 80mg/8mL prefilled syringe,Furosemide,80 mg/8 ml,,diuretic,False,True
2176,2176.0,2176.0,b31E.,Froop,Froop 40mg tablet,Furosemide,40 mg,,diuretic,False,True
2177,2177.0,2177.0,b31F.,Frusol,Frusol 20mg/5mL s/f oral solution,Furosemide,20 mg/5 ml,,diuretic,False,True
2178,2178.0,2178.0,b31G.,Frusol,Frusol 40mg/5mL s/f oral solution,Furosemide,40 mg/5 ml,,diuretic,False,True
2179,2179.0,2179.0,b31H.,Frusol,Frusol 50mg/5mL s/f oral solution,Furosemide,50 mg/5 ml,,diuretic,False,True
2180,2180.0,2180.0,b31a.,Dryptal,Dryptal 40mg tablet,Furosemide,40 mg,,diuretic,False,True
2181,2181.0,2181.0,b31b.,Dryptal,Dryptal 500mg tablet,Furosemide,500 mg,,diuretic,False,True
2182,2182.0,2182.0,b31c.,Dryptal,Dryptal 20mg/2mL injection,Furosemide,20 mg/2 ml,,diuretic,False,True
2183,2183.0,2183.0,b31d.,Dryptal,Dryptal 50mg/5mL injection,Furosemide,50 mg/5 ml,,diuretic,False,True
2184,2184.0,2184.0,b31e.,Dryptal,Dryptal 250mg/25mL injection,Furosemide,250 mg/25 ml,,diuretic,False,True
2185,2185.0,2185.0,b31f.,Frusetic,Frusetic 40mg tablet,Furosemide,40 mg,,diuretic,False,True
2186,2186.0,2186.0,b31g.,Frusid,Frusid 40mg tablet,Furosemide,40 mg,,diuretic,False,True
2187,2187.0,2187.0,b31h.,Lasix,Lasix 20mg tablet,Furosemide,20 mg,,diuretic,False,True
2188,2188.0,2188.0,b31i.,Lasix,Lasix 40mg tablet,Furosemide,40 mg,,diuretic,False,True
2189,2189.0,2189.0,b31j.,Lasix,Lasix 500mg tablet,Furosemide,500 mg,,diuretic,False,True
2190,2190.0,2190.0,b31k.,Lasix,Lasix 1mg/mL paediatric liquid,Furosemide,1 mg/mL,,diuretic,False,True
2191,2191.0,2191.0,b31l.,Lasix,Lasix 20mg/2mL injection,Furosemide,20 mg/2 ml,,diuretic,False,True
2192,2192.0,2192.0,b31m.,Lasix,Lasix 50mg/5mL injection,Furosemide,50 mg/5 ml,,diuretic,False,True
2193,2193.0,2193.0,b31n.,Lasix,Lasix 250mg/25mL injection,Furosemide,250 mg/25 ml,,diuretic,False,True
2194,2194.0,2194.0,b31o.,Frumax,Frumax 40mg tablet,Furosemide,40 mg,,diuretic,False,True
2195,2195.0,2195.0,b31p.,Rusyde,Rusyde 20mg tablet,Furosemide,20 mg,,diuretic,False,True
2196,2196.0,2196.0,b31q.,Rusyde,Rusyde 40mg tablet,Furosemide,40 mg,,diuretic,False,True
2197,2197.0,2197.0,b31r.,Furosemide,Furosemide 20mg/5mL s/f oral solution,Furosemide,20 mg/5 ml,,diuretic,False,True
2198,2198.0,2198.0,b31s.,Furosemide,Furosemide 40mg/5mL s/f oral solution,Furosemide,40 mg/5 ml,,diuretic,False,True
2199,2199.0,2199.0,b31t.,Furosemide,Furosemide 50mg/5mL s/f oral solution,Furosemide,50 mg/5 ml,,diuretic,False,True
2200,2200.0,2200.0,b31u.,Furosemide,Furosemide 50mg/5mL injection,Furosemide,50 mg/5 ml,,diuretic,False,True
2201,2201.0,2201.0,b31y.,Furosemide,Furosemide 20mg/2mL injection,Furosemide,20 mg/2 ml,,diuretic,False,True
2202,2202.0,2202.0,b31z.,Furosemide,Furosemide 250mg/25mL injection,Furosemide,250 mg/25 ml,,diuretic,False,True
2203,2203.0,2203.0,b32..,Bumetanide,Bumetanide,Bumetanide,,,diuretic,False,True
2204,2204.0,2204.0,b327.,Betinex,Betinex 1mg tablet,Bumetanide,1 mg,,diuretic,False,True
2205,2205.0,2205.0,b328.,Betinex,Betinex 5mg tablet,Bumetanide,5 mg,,diuretic,False,True
2206,2206.0,2206.0,b32u.,Bumetanide,Bumetanide 1mg tablet,Bumetanide,1 mg,,diuretic,False,True
2207,2207.0,2207.0,b32v.,Bumetanide,Bumetanide 5mg tablet,Bumetanide,5 mg,,diuretic,False,True
2208,2208.0,2208.0,b32w.,Bumetanide,Bumetanide 1mg/5mL oral liquid,Bumetanide,1 mg/5 ml,,diuretic,False,True
2209,2209.0,2209.0,b32x.,Bumetanide,Bumetanide 1mg/2mL injection,Bumetanide,1 mg/2 ml,,diuretic,False,True
2210,2210.0,2210.0,b32y.,Bumetanide,Bumetanide 2mg/4mL injection,Bumetanide,2 mg/4 ml,,diuretic,False,True
2211,2211.0,2211.0,b32z.,Bumetanide,Bumetanide 5mg/10mL injection,Bumetanide,5 mg/10 ml,,diuretic,False,True
2212,2212.0,2212.0,b331.,Edecrin,Edecrin 50mg tablet,Etacrynic Acid,50 mg,,diuretic,False,True
2213,2213.0,2213.0,b332.,Edecrin,Edecrin 50mg injection (pdr for recon),Etacrynic Acid,50 mg,,diuretic,False,True
2214,2214.0,2214.0,b34..,Piretanide,Piretanide,Piretanide,,,diuretic,False,True
2215,2215.0,2215.0,b341.,Arelix,Arelix 6mg capsule,Piretanide,6 mg,,diuretic,False,True
2216,2216.0,2216.0,b34z.,Piretanide,Piretanide 6mg m/r capsule,Piretanide,6 mg,,diuretic,False,True
2217,2217.0,2217.0,b35..,Torasemide,Torasemide,Torasemide,,,diuretic,False,True
2218,2218.0,2218.0,b351.,Torem,Torem 2.5mg tablet,Torasemide,2.5 mg,,diuretic,False,True
2219,2219.0,2219.0,b352.,Torem,Torem 5mg tablet,Torasemide,5 mg,,diuretic,False,True
2220,2220.0,2220.0,b353.,Torem,Torem 10mg tablet,Torasemide,10 mg,,diuretic,False,True
2221,2221.0,2221.0,b354.,Torem,Torem 10mg/2mL injection,Torasemide,10 mg/2 ml,,diuretic,False,True
2222,2222.0,2222.0,b355.,Torem,Torem 20mg/4mL injection,Torasemide,20 mg/4 ml,,diuretic,False,True
2223,2223.0,2223.0,b356.,Torasemide,Torasemide 2.5mg tablet,Torasemide,2.5 mg,,diuretic,False,True
2224,2224.0,2224.0,b357.,Torasemide,Torasemide 5mg tablet,Torasemide,5 mg,,diuretic,False,True
2225,2225.0,2225.0,b358.,Torasemide,Torasemide 10mg tablet,Torasemide,10 mg,,diuretic,False,True
2226,2226.0,2226.0,b359.,Torasemide,Torasemide 10mg/2mL injection,Torasemide,10 mg/2 ml,,diuretic,False,True
2227,2227.0,2227.0,b35A.,Torasemide,Torasemide 20mg/4mL injection,Torasemide,20 mg/4 ml,,diuretic,False,True
2228,2228.0,2228.0,b411.,Midamor,Midamor 5mg tablet,Amiloride Hydrochloride,5 mg,,diuretic,False,True
2229,2229.0,2229.0,b412.,Amilospare,Amilospare 5mg tablet,Amiloride Hydrochloride,5 mg,,diuretic,False,True
2230,2230.0,2230.0,b414.,Berkamil,Berkamil 5mg tablet,Amiloride Hydrochloride,5 mg,,diuretic,False,True
2231,2231.0,2231.0,b415.,Amilamont,Amilamont 5mg/mL s/f oral solution,Amiloride Hydrochloride,5 mg/mL,,diuretic,False,True
2232,2232.0,2232.0,b421.,Spiroctan-M,Spiroctan-M 200mg/10mL injection,Potassium Canrenoate,200 mg/10 ml,,diuretic,False,True
2233,2233.0,2233.0,b43..,Spironol,Spironolactone,Spironolactone,,,diuretic,False,True
2234,2234.0,2234.0,b431.,Spironol,Spironolactone 25mg tablet,Spironolactone,25 mg,,diuretic,False,True
2235,2235.0,2235.0,b432.,Spironol,Spironolactone 50mg tablet,Spironolactone,50 mg,,diuretic,False,True
2236,2236.0,2236.0,b433.,Spironol,Spironolactone 100mg tablet,Spironolactone,100 mg,,diuretic,False,True
2237,2237.0,2237.0,b434.,Aldactone,Aldactone 25mg tablet,Spironolactone,25 mg,,diuretic,False,True
2238,2238.0,2238.0,b435.,Aldactone,Aldactone 50mg tablet,Spironolactone,50 mg,,diuretic,False,True
2239,2239.0,2239.0,b436.,Aldactone,Aldactone 100mg tablet,Spironolactone,100 mg,,diuretic,False,True
2240,2240.0,2240.0,b437.,Diatensec,Diatensec 50mg tablet,Spironolactone,50 mg,,diuretic,False,True
2241,2241.0,2241.0,b438.,Laractone,Laractone 25mg tablet,Spironolactone,25 mg,,diuretic,False,True
2242,2242.0,2242.0,b439.,Laractone,Laractone 100mg tablet,Spironolactone,100 mg,,diuretic,False,True
2243,2243.0,2243.0,b43A.,Spirospare,Spirospare 25mg tablet,Spironolactone,25 mg,,diuretic,False,True
2244,2244.0,2244.0,b43a.,Spiretic,Spiretic 25mg tablet,Spironolactone,25 mg,,diuretic,False,True
2245,2245.0,2245.0,b43b.,Spiretic,Spiretic 100mg tablet,Spironolactone,100 mg,,diuretic,False,True
2246,2246.0,2246.0,b43c.,Spiroctan,Spiroctan 25mg tablet,Spironolactone,25 mg,,diuretic,False,True
2247,2247.0,2247.0,b43d.,Spiroctan,Spiroctan 50mg tablet,Spironolactone,50 mg,,diuretic,False,True
2248,2248.0,2248.0,b43e.,Spiroctan,Spiroctan 100mg capsule,Spironolactone,100 mg,,diuretic,False,True
2249,2249.0,2249.0,b43f.,Spirolone,Spirolone 25mg tablet,Spironolactone,25 mg,,diuretic,False,True
2250,2250.0,2250.0,b43g.,Spirolone,Spirolone 50mg tablet,Spironolactone,50 mg,,diuretic,False,True
2251,2251.0,2251.0,b43h.,Spirolone,Spirolone 100mg tablet,Spironolactone,100 mg,,diuretic,False,True
2252,2252.0,2252.0,b43i.,Laractone,Laractone 50mg tablet,Spironolactone,50 mg,,diuretic,False,True
2253,2253.0,2253.0,b43j.,Spirospare,Spirospare 100mg tablet,Spironolactone,100 mg,,diuretic,False,True
2254,2254.0,2254.0,b43k.,Spironol,Spironolactone 5mg/5mL s/f suspension,Spironolactone,5 mg/5 ml,,diuretic,False,True
2255,2255.0,2255.0,b43l.,Spironol,Spironolactone 10mg/5mL s/f suspension,Spironolactone,10 mg/5 ml,,diuretic,False,True
2256,2256.0,2256.0,b43m.,Spironol,Spironolactone 25mg/5mL s/f suspension,Spironolactone,25 mg/5 ml,,diuretic,False,True
2257,2257.0,2257.0,b43n.,Spironol,Spironolactone 50mg/5mL s/f suspension,Spironolactone,50 mg/5 ml,,diuretic,False,True
2258,2258.0,2258.0,b43z.,Spironol,Spironolactone 100mg capsule,Spironolactone,100 mg,,diuretic,False,True
2259,2259.0,2259.0,b44..,Triamterene,Triamterene,Triamterene,,,diuretic,False,True
2260,2260.0,2260.0,b441.,Dytac,Dytac 50mg capsule,Triamterene,50 mg,,diuretic,False,True
2261,2261.0,2261.0,b44z.,Triamterene,Triamterene 50mg capsule,Triamterene,50 mg,,diuretic,False,True
2262,2262.0,2262.0,b45..,Eplerenone,Eplerenone,Eplerenone,,,diuretic,False,True
2263,2263.0,2263.0,b451.,Inspra,Inspra 25mg tablet,Eplerenone,25 mg,,diuretic,False,True
2264,2264.0,2264.0,b452.,Inspra,Inspra 50mg tablet,Eplerenone,50 mg,,diuretic,False,True
2265,2265.0,2265.0,b45y.,Eplerenone,Eplerenone 50mg tablet,Eplerenone,50 mg,,diuretic,False,True
2266,2266.0,2266.0,b45z.,Eplerenone,Eplerenone 25mg tablet,Eplerenone,25 mg,,diuretic,False,True
2267,2267.0,2267.0,b511.,Aldactide,Aldactide 25 tablet,Co-Flumactone (Hydroflumeth/Spironol),,25.0,diuretic,False,True
2268,2268.0,2268.0,b512.,Aldactide,Aldactide 50 tablet,Co-Flumactone (Hydroflumeth/Spironol),,50.0,diuretic,False,True
2269,2269.0,2269.0,b513.,Amil-Co,Amil-Co tablet,Co-Amilozide (Amiloride HCl/Hydchloroth),,,diuretic,False,True
2270,2270.0,2270.0,b514.,Dyazide,Dyazide tablet,Co-Triamterzide(Triamterene/Hydchloroth),,,diuretic,False,True
2271,2271.0,2271.0,b515.,Dytide,Dytide capsule,Triamterene With Thiazides,,,diuretic,False,True
2272,2272.0,2272.0,b517.,Frusene,Frusene tablet,Triamterene With Loop Diuretics,,,diuretic,False,True
2273,2273.0,2273.0,b518.,Kalspare,Kalspare tablet,Triamterene With Thiazides,,,diuretic,False,True
2274,2274.0,2274.0,b519.,Lasilactone,Lasilactone capsule,Spironolactone With Loop Diuretics,,,diuretic,False,True
2275,2275.0,2275.0,b51B.,Fru-Co,Fru-Co tablet,Co-Amilofruse (Amiloride HCl/Frusemide),,,diuretic,False,True
2276,2276.0,2276.0,b51C.,Cyclopenth,Amiloride hydrochloride+cyclopenthiazide 2.5mg/250micrograms tablet,Cyclopenthiazide,2.5 mg,,diuretic,False,True
2277,2277.0,2277.0,b51D.,Bumetanide,Amiloride hydrochloride+bumetanide 5mg/1mg tablet,Bumetanide,5 mg,,diuretic,False,True
2278,2278.0,2278.0,b51E.,Triamterene,Triamterene+benzthiazide 50mg/25mg capsule,Triamterene,50 mg,,diuretic,False,True
2279,2279.0,2279.0,b51F.,Triamterene,Triamterene+chlorthalidone 50mg/25mg tablet,Triamterene,50 mg,,diuretic,False,True
2280,2280.0,2280.0,b51G.,Chlortalidone,Triamterene+chlortalidone 50mg/50mg tablet,Chlortalidone,50 mg,,diuretic,False,True
2281,2281.0,2281.0,b51G.,Triamterene,Triamterene+chlorthalidone 50mg/50mg tablet,Triamterene,50 mg,,diuretic,False,True
2282,2282.0,2282.0,b51H.,Furosemide,Triamterene+furosemide 50mg/40mg tablet,Furosemide,50 mg,,diuretic,False,True
2283,2283.0,2283.0,b51H.,Triamterene,Triamterene+frusemide 50mg/40mg tablet,Triamterene,50 mg,,diuretic,False,True
2284,2284.0,2284.0,b51J.,Furosemide,Spironolactone+furosemide 50mg/20mg capsule,Furosemide,50 mg,,diuretic,False,True
2285,2285.0,2285.0,b51J.,Spironol,Spironolactone+frusemide 50mg/20mg capsule,Spironolactone,50 mg,,diuretic,False,True
2286,2286.0,2286.0,b51K.,Delvas,Delvas tablet,Co-Amilozide (Amiloride HCl/Hydchloroth),,,diuretic,False,True
2287,2287.0,2287.0,b51L.,Aridil,Aridil 2.5mg/20mg tablet,Co-Amilofruse (Amiloride HCl/Frusemide),2.5 mg,,diuretic,False,True
2288,2288.0,2288.0,b51M.,Aridil,Aridil 5mg/40mg tablet,Co-Amilofruse (Amiloride HCl/Frusemide),5 mg,,diuretic,False,True
2289,2289.0,2289.0,b51N.,Aridil,Aridil 10mg/80mg tablet,Co-Amilofruse (Amiloride HCl/Frusemide),10 mg,,diuretic,False,True
2290,2290.0,2290.0,b51O.,Spiro-Co,Spiro-Co 25mg tablet,Co-Flumactone (Hydroflumeth/Spironol),25 mg,,diuretic,False,True
2291,2291.0,2291.0,b51P.,Spiro-Co,Spiro-Co 50mg tablet,Co-Flumactone (Hydroflumeth/Spironol),50 mg,,diuretic,False,True
2292,2292.0,2292.0,b51Q.,Zida-Co,Zida-Co 5mg/50mg tablet,Co-Amilozide (Amiloride HCl/Hydchloroth),5 mg,,diuretic,False,True
2293,2293.0,2293.0,b51R.,Frusemek,Frusemek 5mg/40mg tablet,Co-Amilofruse (Amiloride HCl/Frusemide),5 mg,,diuretic,False,True
2294,2294.0,2294.0,b51S.,Froop,Froop Co 5mg/40mg tablet,Furosemide,5 mg,,diuretic,False,True
2295,2295.0,2295.0,b51T.,Komil,Komil 5/40 tablet,Co-Amilofruse (Amiloride HCl/Frusemide),,40.0,diuretic,False,True
2296,2296.0,2296.0,b51a.,Moduret 25,Moduret 25 tablet,Co-Amilozide (Amiloride HCl/Hydchloroth),,25.0,diuretic,False,True
2297,2297.0,2297.0,b51b.,Moduretic,Moduretic tablet,Co-Amilozide (Amiloride HCl/Hydchloroth),,,diuretic,False,True
2298,2298.0,2298.0,b51c.,Moduretic,Moduretic oral solution,Co-Amilozide (Amiloride HCl/Hydchloroth),,,diuretic,False,True
2299,2299.0,2299.0,b51d.,Normetic,Normetic tablet,Co-Amilozide (Amiloride HCl/Hydchloroth),,,diuretic,False,True
2300,2300.0,2300.0,b51e.,Synuretic,Synuretic tablet,Co-Amilozide (Amiloride HCl/Hydchloroth),,,diuretic,False,True
2301,2301.0,2301.0,b51f.,Triam-Co,Triam-Co tablet,Co-Triamterzide(Triamterene/Hydchloroth),,,diuretic,False,True
2302,2302.0,2302.0,b51h.,Lasoride,Lasoride tablet,Co-Amilofruse (Amiloride HCl/Frusemide),,,diuretic,False,True
2303,2303.0,2303.0,b51m.,Vasetic,Vasetic Co-amilozide 5/50mg tablet,Co-Amilozide (Amiloride HCl/Hydchloroth),50 mg,,diuretic,False,True
2304,2304.0,2304.0,b51n.,Frusene,Frusene tablets 56CP,Triamterene With Loop Diuretics,,,diuretic,False,True
2305,2305.0,2305.0,b51r.,Navispare,Navispare tablet,Amiloride Hydrochloride With Thiazides,,,diuretic,False,True
2306,2306.0,2306.0,b51s.,Amilmaxco,Amilmaxco 5/50 tablet,Co-Amilozide (Amiloride HCl/Hydchloroth),,50.0,diuretic,False,True
2307,2307.0,2307.0,b51w.,Kalspare,Kalspare LS tablet,Triamterene With Thiazides,,,diuretic,False,True
2308,2308.0,2308.0,b61..,Mannitol,Mannitol product,Mannitol,,,diuretic,False,True
2309,2309.0,2309.0,b61..,Mannitol,E421 - Mannitol,Mannitol,,,diuretic,False,True
2310,2310.0,2310.0,b611.,Mannitol,Mannitol 10% intravenous infusion 500mL,Mannitol,,,diuretic,False,True
2311,2311.0,2311.0,b612.,Mannitol,Mannitol 20% intravenous infusion 250mL,Mannitol,,,diuretic,False,True
2312,2312.0,2312.0,b613.,Mannitol,Mannitol 20% intravenous infusion 500mL,Mannitol,,,diuretic,False,True
2313,2313.0,2313.0,b614.,Mannitol,Mannitol 25% intravenous infusion 50mL,Mannitol,,,diuretic,False,True
2314,2314.0,2314.0,b619.,Mannitol,Min-I-Jet Mannitol 25% injection 50mL,Mannitol,,,diuretic,False,True
2315,2315.0,2315.0,b61A.,Mannitol,Mannitol 25% prefilled syringe 50mL,Mannitol,,,diuretic,False,True
2316,2316.0,2316.0,b61C.,Mannitol,MANNITOL 40mg powder for inhalation capsules,Mannitol,40 mg,,diuretic,False,True
2317,2317.0,2317.0,b913.,Centyl,Centyl K m/r tablet,Bendroflumethiazide,,,diuretic,False,True
2318,2318.0,2318.0,b914.,Diumide-K Continus,Diumide-K Continus m/r tablet,Furosemide/Potassium,,,diuretic,False,True
2319,2319.0,2319.0,b915.,Esidrex,Esidrex K tablet,Hydrochlorothiazide,,,diuretic,False,True
2320,2320.0,2320.0,b916.,Hygroton,Hygroton K tablet combination pack,Chlortalidone,,,diuretic,False,True
2321,2321.0,2321.0,b917.,Lasikal,Lasikal m/r tablet,Furosemide/Potassium,,,diuretic,False,True
2322,2322.0,2322.0,b918.,Lasix,Lasix+K tablets 30day-CP combination pack,Furosemide,,,diuretic,False,True
2323,2323.0,2323.0,b919.,Navidrex,Navidrex-K tablet,Cyclopenthiazide,,,diuretic,False,True
2324,2324.0,2324.0,b91a.,Neo-Naclex,Neo-Naclex K m/r tablet,Bendroflumethiazide,,,diuretic,False,True
2325,2325.0,2325.0,b91b.,Bumetanide,Bumetanide+potassium 500micrograms/7.7mmol m/r tablet,Bumetanide,,,diuretic,False,True
2326,2326.0,2326.0,b91c.,Bendroflumethiazide,Bendroflumethiazide+potassium 2.5mg/7.7mmol m/r tablet,Bendroflumethiazide,2.5 mg,,diuretic,False,True
2327,2327.0,2327.0,b91f.,Furosemide,Furosemide+potassium 20mg/10mmol m/r tablet,Furosemide,20 mg,,diuretic,False,True
2328,2328.0,2328.0,b91h.,Bendroflumethiazide,Bendroflumethiazide+potassium 2.5mg/8.4mmol m/r tablet,Bendroflumethiazide,2.5 mg,,diuretic,False,True
2329,2329.0,2329.0,bdeA.,Chloroth,Metoprolol tartrate+hydrochlorothiazide 100mg/12.5mg tablet,Chlorothiazide,100 mg,,diuretic,False,True
2330,2330.0,2330.0,bdeB.,Chloroth,Metoprolol tartrate+hydrochlorothiazide 200mg/25mg m/r tablet,Chlorothiazide,200 mg,,diuretic,False,True
2331,2331.0,2331.0,bdeD.,Bendroflumethiazide,Nadolol+bendroflumethiazide 40mg/5mg tablet,Bendroflumethiazide,40 mg,,diuretic,False,True
2332,2332.0,2332.0,bdeH.,Chloroth,Sotalol hydrochloride+hydrochlorothiazide 160mg/25mg tablet,Chlorothiazide,160 mg,,diuretic,False,True
2333,2333.0,2333.0,bdeJ.,Chloroth,Sotalol hydrochloride+hydrochlorothiazide 80mg/12.5mg tablet,Chlorothiazide,80 mg,,diuretic,False,True
2334,2334.0,2334.0,bdeK.,Co-Amilozide,Timolol maleate+co-amilozide 10mg/2.5mg/25mg tablet,Co-Amilozide (Amiloride HCl/Hydchloroth),10 mg,,diuretic,False,True
2335,2335.0,2335.0,bdeL.,Bendroflumethiazide,Timolol maleate+bendroflumethiazide 10mg/2.5mg tablet,Bendroflumethiazide,10 mg,,diuretic,False,True
2336,2336.0,2336.0,bdem.,Chlortalidone,Atenolol+chlortalidone 50mg/12.5mg tablet,Chlortalidone,50 mg,,diuretic,False,True
2337,2337.0,2337.0,bden.,Chlortalidone,Atenolol+chlortalidone 100mg/25mg tablet,Chlortalidone,100 mg,,diuretic,False,True
2338,2338.0,2338.0,bdex.,Chloroth,Acebutolol+hydrochlorothiazide 200mg/12.5mg tablet,Chlorothiazide,200 mg,,diuretic,False,True
2339,2339.0,2339.0,bdey.,Co-Amilozide,Atenolol+co-amilozide 50mg/2.5mg/25mg capsule,Co-Amilozide (Amiloride HCl/Hydchloroth),50 mg,,diuretic,False,True
2340,2340.0,2340.0,bdf8.,Chloroth,Bisoprolol fumarate+hydrochlorothiazide 10mg/6.25mg tablet,Chlorothiazide,10 mg,,diuretic,False,True
2341,2341.0,2341.0,bf2j.,Chloroth,Methyldopa+hydrochlorothiazide 250mg/15mg tablet,Chlorothiazide,250 mg,,diuretic,False,True
2342,2342.0,2342.0,bf3c.,Esidrex,Serpasil-Esidrex tablet,Hydrochlorothiazide,,,diuretic,False,True
2343,2343.0,2343.0,bi1e.,Chloroth,Captopril+hydrochlorothiazide 25mg/12.5mg tablet,Chlorothiazide,25 mg,,diuretic,False,True
2344,2344.0,2344.0,bi1f.,Chloroth,Captopril+hydrochlorothiazide 50mg/25mg tablet,Chlorothiazide,50 mg,,diuretic,False,True
2345,2345.0,2345.0,bi2b.,Chloroth,Enalapril maleate+hydrochlorothiazide 20mg/12.5mg tablet,Chlorothiazide,20 mg,,diuretic,False,True
2346,2346.0,2346.0,bi3p.,Chloroth,Lisinopril+hydrochlorothiazide 20mg/12.5mg tablet,Chlorothiazide,20 mg,,diuretic,False,True
2347,2347.0,2347.0,bi3t.,Chloroth,Lisinopril+hydrochlorothiazide 10mg/12.5mg tablet,Chlorothiazide,10 mg,,diuretic,False,True
2348,2348.0,2348.0,bi48.,Chloroth,Quinalapril+hydrochlorothiazide 10mg/12.5mg tablet,Chlorothiazide,10 mg,,diuretic,False,True
2349,2349.0,2349.0,bi4F.,Chloroth,QUINAPRIL+HYDROCHLOROTHIAZIDE 20mg/12.5mg tablets,Chlorothiazide,20 mg,,diuretic,False,True
2350,2350.0,2350.0,bi55.,Indapamide,Perindopril erbumine+indapamide 4mg/1.25mg tablet,Indapamide,4 mg,,diuretic,False,True
2351,2351.0,2351.0,bi55.,Indapamide,Perindopril tert-butylamine+indapamide 4mg/1.25mg tablet,Indapamide,4 mg,,diuretic,False,True
2352,2352.0,2352.0,biC8.,Indapamide,PERINDOPRIL ARGININE+INDAPAMIDE 5mg/1.25mg tablets,Indapamide,5 mg,,diuretic,False,True
2353,2353.0,2353.0,bk35.,Chloroth,Losartan potassium+hydrochlorothiazide 50mg/12.5mg tablet,Chlorothiazide,50 mg,,diuretic,False,True
2354,2354.0,2354.0,bk3y.,Chloroth,LOSARTAN POTASSIUM+HYDROCHLOROTHIAZIDE 100mg/12.5mg tablets,Chlorothiazide,100 mg,,diuretic,False,True
2355,2355.0,2355.0,bk3z.,Chloroth,Losartan potassium+hydrochlorothiazide 100mg/25mg tablet,Chlorothiazide,100 mg,,diuretic,False,True
2356,2356.0,2356.0,bk4x.,Chloroth,Valsartan+hydrochlorothiazide 80mg/12.5mg tablet,Chlorothiazide,80 mg,,diuretic,False,True
2357,2357.0,2357.0,bk4y.,Chloroth,Valsartan+hydrochlorothiazide 160mg/25mg tablet,Chlorothiazide,160 mg,,diuretic,False,True
2358,2358.0,2358.0,bk4z.,Chloroth,Valsartan+hydrochlorothiazide 160mg/12.5mg tablet,Chlorothiazide,160 mg,,diuretic,False,True
2359,2359.0,2359.0,bk5x.,Chloroth,IRBESARTAN+HYDROCHLOROTHIAZIDE 300mg/25mg tablets,Chlorothiazide,300 mg,,diuretic,False,True
2360,2360.0,2360.0,bk5y.,Chloroth,Irbesartan+hydrochlorothiazide 300mg/12.5mg tablet,Chlorothiazide,300 mg,,diuretic,False,True
2361,2361.0,2361.0,bk5z.,Chloroth,Irbesartan+hydrochlorothiazide 150mg/12.5mg tablet,Chlorothiazide,150 mg,,diuretic,False,True
2362,2362.0,2362.0,bk8w.,Chloroth,TELMISARTAN+HYDROCHLOROTHIAZIDE 80mg/25mg tablets,Chlorothiazide,80 mg,,diuretic,False,True
2363,2363.0,2363.0,bk8x.,Chloroth,Telmisartan+hydrochlorothiazide 40mg/12.5mg tablet,Chlorothiazide,40 mg,,diuretic,False,True
2364,2364.0,2364.0,bk8y.,Chloroth,Telmisartan+hydrochlorothiazide 80mg/12.5mg tablet,Chlorothiazide,80 mg,,diuretic,False,True
2365,2365.0,2365.0,bkC..,Chloroth,Hydrochlorothiazide + Olmesartan,Chlorothiazide,,,diuretic,False,True
2366,2366.0,2366.0,bkCx.,Chloroth,OLMESARTAN+HYDROCHLOROTHIAZIDE 40mg/12.5mg tablets,Chlorothiazide,40 mg,,diuretic,False,True
2367,2367.0,2367.0,bkCy.,Chloroth,Olmesartan + hydrochlorothiazide 20mg/25mg tablet,Chlorothiazide,20 mg,,diuretic,False,True
2368,2368.0,2368.0,bkCz.,Chloroth,Olmesartan + hydrochlorothiazide 20mg/12.5mg tablet,Chlorothiazide,20 mg,,diuretic,False,True
2369,2369.0,2369.0,bkI..,Chloroth,OLMESARTAN+AMLODIPINE+HYDROCHLOROTHIAZIDE,Chlorothiazide,,,diuretic,True,True
2370,2370.0,2370.0,bl2..,Isosorbide,Isosorbide dinitrate,Isosorbide,,,diuretic,False,True
2371,2371.0,2371.0,bl2..,Isosorbide,ISDN - isosorbide dinitrate,Isosorbide,,,diuretic,False,True
2372,2372.0,2372.0,bl3..,Isosorbide,Isosorbide mononitrate product,Isosorbide,,,diuretic,False,True
2373,2373.0,2373.0,bl3..,Isosorbide,Isosorbide mononitrate,Isosorbide,,,diuretic,False,True
2374,2374.0,2374.0,bl3..,Isosorbide,ISMN - isosorbide mononitrate,Isosorbide,,,diuretic,False,True
2375,2375.0,2375.0,bl3..,Isosorbide,ISMO - isosorbide mononitrate,Isosorbide,,,diuretic,False,True
2376,2376.0,2376.0,bl3L.,Isosorbide,Isosorbide mononitrate 60mg m/r capsule,Isosorbide,60 mg,,diuretic,False,True
2377,2377.0,2377.0,bl3M.,Isosorbide,Isosorbide mononitrate 40mg m/r capsule,Isosorbide,40 mg,,diuretic,False,True
2378,2378.0,2378.0,bl3Y.,Isosorbide,Isosorbide mononitrate 25mg m/r tablet,Isosorbide,25 mg,,diuretic,False,True
2379,2379.0,2379.0,bl3Z.,Isosorbide,Isosorbide mononitrate 50mg m/r tablet,Isosorbide,50 mg,,diuretic,False,True
2380,2380.0,2380.0,bl3d.,Isosorbide,Isosorbide mononitrate 50mg m/r capsule,Isosorbide,50 mg,,diuretic,False,True
2381,2381.0,2381.0,bl3j.,Isosorbide,Isosorbide mononitrate 40mg m/r tablet,Isosorbide,40 mg,,diuretic,False,True
2382,2382.0,2382.0,bl3p.,Isosorbide,Isosorbide mononitrate 10mg+20mg tablet starter pack,Isosorbide,10 mg,,diuretic,False,True
2383,2383.0,2383.0,bl3u.,Isosorbide,Isosorbide mononitrate 25mg m/r capsule,Isosorbide,25 mg,,diuretic,False,True
2384,2384.0,2384.0,bl3v.,Isosorbide,Isosorbide mononitrate 10mg tablet,Isosorbide,10 mg,,diuretic,False,True
2385,2385.0,2385.0,bl3w.,Isosorbide,Isosorbide mononitrate 20mg tablet,Isosorbide,20 mg,,diuretic,False,True
2386,2386.0,2386.0,bl3x.,Isosorbide,Isosorbide mononitrate 40mg tablet,Isosorbide,40 mg,,diuretic,False,True
2387,2387.0,2387.0,bl3y.,Isosorbide,Isosorbide mononitrate 60mg m/r tablet,Isosorbide,60 mg,,diuretic,False,True
2388,2388.0,2388.0,bl3z.,Isosorbide,Isosorbide mononitrate 20mg m/r tablet,Isosorbide,20 mg,,diuretic,False,True
2389,2389.0,2389.0,bl5i.,Chloroth,Diltiazem hydrochloride+hydrochlorothiazide 150mg/12.5mg m/r capsule,Chlorothiazide,150 mg,,diuretic,True,True
2390,2390.0,2390.0,blk..,Isosorbide,Isosorbide mononitrate 2,Isosorbide,,,diuretic,False,True
2391,2391.0,2391.0,blm..,Isosorbide,Isosorbide mononitrate+aspirin,Isosorbide,,,diuretic,False,True
2392,2392.0,2392.0,blmy.,Isosorbide,Isosorbide mononitrate+aspirin 60mg/150mg m/r tablet,Isosorbide,60 mg,,diuretic,False,True
2393,2393.0,2393.0,blmz.,Isosorbide,Isosorbide mononitrate+aspirin 60mg/75mg m/r tablet,Isosorbide,60 mg,,diuretic,False,True
2394,2394.0,2394.0,bly..,Isosorbide,Isosorbide dinitrate [generic additions],Isosorbide,,,diuretic,False,True
2395,2395.0,2395.0,bly1.,Isosorbide,Isosorbide dinitrate 5mg sublingual tablet,Isosorbide,5 mg,,diuretic,False,True
2396,2396.0,2396.0,bly2.,Isosorbide,Isosorbide dinitrate 10mg tablet,Isosorbide,10 mg,,diuretic,False,True
2397,2397.0,2397.0,bly3.,Isosorbide,Isosorbide dinitrate 20mg tablet,Isosorbide,20 mg,,diuretic,False,True
2398,2398.0,2398.0,bly4.,Isosorbide,Isosorbide dinitrate 30mg tablet,Isosorbide,30 mg,,diuretic,False,True
2399,2399.0,2399.0,bly5.,Isosorbide,Isosorbide dinitrate 20mg m/r tablet,Isosorbide,20 mg,,diuretic,False,True
2400,2400.0,2400.0,bly6.,Isosorbide,Isosorbide dinitrate 20mg m/r capsule,Isosorbide,20 mg,,diuretic,False,True
2401,2401.0,2401.0,bly7.,Isosorbide,Isosorbide dinitrate 40mg m/r capsule,Isosorbide,40 mg,,diuretic,False,True
2402,2402.0,2402.0,bly8.,Isosorbide,Isosorbide dinitrate 5mg chewable tablet,Isosorbide,5 mg,,diuretic,False,True
2403,2403.0,2403.0,bly9.,Isosorbide,Isosorbide dinitrate 40mg tablet,Isosorbide,40 mg,,diuretic,False,True
2404,2404.0,2404.0,blya.,Isosorbide,Isosorbide dinitrate 25mg/50mL injection,Isosorbide,25 mg/50 ml,,diuretic,False,True
2405,2405.0,2405.0,blyb.,Isosorbide,Isosorbide dinitrate 1.25mg spray,Isosorbide,1.25 mg,,diuretic,False,True
2406,2406.0,2406.0,blyc.,Isosorbide,Isosorbide dinitrate 30mg transdermal spray,Isosorbide,30 mg,,diuretic,False,True
2407,2407.0,2407.0,blyw.,Isosorbide,Isosorbide dinitrate 40mg m/r tablet,Isosorbide,40 mg,,diuretic,False,True
2408,2408.0,2408.0,blyx.,Isosorbide,Isosorbide dinitrate 10mg/10mL injection,Isosorbide,10 mg/10 ml,,diuretic,False,True
2409,2409.0,2409.0,blyy.,Isosorbide,Isosorbide dinitrate 50mg/50mL injection,Isosorbide,50 mg/50 ml,,diuretic,False,True
2410,2410.0,2410.0,blyz.,Isosorbide,Isosorbide dinitrate 100mg/100mL injection,Isosorbide,100 mg/100 ml,,diuretic,False,True
2411,2411.0,2411.0,heD..,Torem,Toremifene,Torasemide,,,diuretic,False,True
2412,2412.0,2412.0,heD1.,Torem,Toremifene 60mg tablet,Torasemide,60 mg,,diuretic,False,True
2413,2413.0,2413.0,heI..,Arelix,DEGARELIX,Piretanide,,,diuretic,False,True
2414,2414.0,2414.0,heI2.,Arelix,DEGARELIX 80mg powder and solvent for solution for injection,Piretanide,80 mg,,diuretic,False,True
2415,2415.0,2415.0,heI4.,Arelix,DEGARELIX 120mg powder+solvent for solution for injection,Piretanide,120 mg,,diuretic,False,True
2416,2416.0,2416.0,x006v,Isosorbide,Modified release isosorbide dinitrate,Isosorbide,,,diuretic,False,True
2417,2417.0,2417.0,x006w,Isosorbide,Parenteral isosorbide dinitrate,Isosorbide,,,diuretic,False,True
2418,2418.0,2418.0,x006y,Isosorbide,Modified release isosorbide mononitrate,Isosorbide,,,diuretic,False,True
2419,2419.0,2419.0,x00B5,Spironol,Spironolactone+loop diuretic,Spironolactone,,,diuretic,False,True
2420,2420.0,2420.0,x00B6,Spironol,Spironolactone+thiazide diuretic,Spironolactone,,,diuretic,False,True
2421,2421.0,2421.0,x00Ba,Triamterene,Triamterene+loop diuretic,Triamterene,,,diuretic,False,True
2422,2422.0,2422.0,x00Bb,Triamterene,Triamterene+thiazide diuretic,Triamterene,,,diuretic,False,True
2423,2423.0,2423.0,x00Oo,Mannitol,Mannitol 10% infusion,Mannitol,,,diuretic,False,True
2424,2424.0,2424.0,x00Op,Mannitol,Mannitol 20% infusion,Mannitol,,,diuretic,False,True
2425,2425.0,2425.0,x00Yo,Mannitol,Mannitol 25% prefilled syringe,Mannitol,,,diuretic,False,True
2426,2426.0,2426.0,x00Yx,Mannitol,Min-I-Jet Mannitol 25% prefilled syringe,Mannitol,,,diuretic,False,True
2427,2427.0,2427.0,x00fV,Lasix,Lasix+K tablet combination pack,Furosemide,,,diuretic,False,True
2428,2428.0,2428.0,x01Qm,Bumetanide,Oral bumetanide,Bumetanide,,,diuretic,False,True
2429,2429.0,2429.0,x01Qn,Bumetanide,Parenteral bumetanide,Bumetanide,,,diuretic,False,True
2430,2430.0,2430.0,x01Qo,Furosemide,Oral furosemide,Furosemide,,,diuretic,False,True
2431,2431.0,2431.0,x01Qp,Furosemide,Parenteral furosemide,Furosemide,,,diuretic,False,True
2432,2432.0,2432.0,x01Qr,Torasemide,Oral torasemide,Torasemide,,,diuretic,False,True
2433,2433.0,2433.0,x01Qs,Torasemide,Parenteral torasemide,Torasemide,,,diuretic,False,True
2434,2434.0,2434.0,x01Qu,Amizide,Amipramizide,Co-Amilozide (Amiloride HCl/Hydchloroth),,,diuretic,False,True
2435,2435.0,2435.0,x01Qx,Mannitol,Mannitol 15% infusion,Mannitol,,,diuretic,False,True
2436,2436.0,2436.0,x01RD,Isosorbide,Oral isosorbide dinitrate,Isosorbide,,,diuretic,False,True
2437,2437.0,2437.0,x02Rk,Chlortalidone,Atenolol+chlortalidone,Chlortalidone,,,diuretic,False,True
2438,2438.0,2438.0,x02S3,Lasilactone,Lasilactone,Spironolactone With Loop Diuretics,,,diuretic,False,True
2439,2439.0,2439.0,x02T4,Aldactide,Aldactide,Co-Flumactone (Hydroflumeth/Spironol),,,diuretic,False,True
2440,2440.0,2440.0,x02T5,Aldactone,Aldactone,Spironolactone,,,diuretic,False,True
2441,2441.0,2441.0,x02Tb,Amil-Co,Amil-Co,Co-Amilozide (Amiloride HCl/Hydchloroth),,,diuretic,False,True
2442,2442.0,2442.0,x02Tc,Amilmaxco,Amilmaxco,Co-Amilozide (Amiloride HCl/Hydchloroth),,,diuretic,False,True
2443,2443.0,2443.0,x02Td,Amilospare,Amilospare,Amiloride Hydrochloride,,,diuretic,False,True
2444,2444.0,2444.0,x02UA,Aprinox,Aprinox,Bendroflumethiazide,,,diuretic,False,True
2445,2445.0,2445.0,x02UI,Arelix,Arelix,Piretanide,,,diuretic,False,True
2446,2446.0,2446.0,x02UK,Aridil,Aridil,Co-Amilofruse (Amiloride HCl/Frusemide),,,diuretic,False,True
2447,2447.0,2447.0,x02V0,Baycaron,Baycaron,Mefruside,,,diuretic,False,True
2448,2448.0,2448.0,x02VN,Berkamil,Berkamil,Amiloride Hydrochloride,,,diuretic,False,True
2449,2449.0,2449.0,x02VR,Berkozide,Berkozide,Bendroflumethiazide,,,diuretic,False,True
2450,2450.0,2450.0,x02Yx,Delvas,Delvas,Co-Amilozide (Amiloride HCl/Hydchloroth),,,diuretic,False,True
2451,2451.0,2451.0,x02aE,Diurexan,Diurexan,Xipamide,,,diuretic,False,True
2452,2452.0,2452.0,x02aa,Dryptal,Dryptal,Furosemide,,,diuretic,False,True
2453,2453.0,2453.0,x02ao,Dyazide,Dyazide,Co-Triamterzide(Triamterene/Hydchloroth),,,diuretic,False,True
2454,2454.0,2454.0,x02as,Dytac,Dytac,Triamterene,,,diuretic,False,True
2455,2455.0,2455.0,x02at,Dytide,Dytide,Triamterene With Thiazides,,,diuretic,False,True
2456,2456.0,2456.0,x02ay,Edecrin,Edecrin,Etacrynic Acid,,,diuretic,False,True
2457,2457.0,2457.0,x02dN,Froop,Froop,Furosemide,,,diuretic,False,True
2458,2458.0,2458.0,x02dO,Fru-Co,Fru-Co,Co-Amilofruse (Amiloride HCl/Frusemide),,,diuretic,False,True
2459,2459.0,2459.0,x02dS,Frusid,Frusid,Furosemide,,,diuretic,False,True
2460,2460.0,2460.0,x02f7,Hydrenox,Hydrenox,Hydroflumethiazide,,,diuretic,False,True
2461,2461.0,2461.0,x02fB,Saluric,HydroSaluric,Chlorothiazide,,,diuretic,False,True
2462,2462.0,2462.0,x02fC,Hygroton,Hygroton,Chlortalidone,,,diuretic,False,True
2463,2463.0,2463.0,x02g6,Kalspare,Kalspare,Triamterene With Thiazides,,,diuretic,False,True
2464,2464.0,2464.0,x02h7,Lasikal,Lasikal,Furosemide/Potassium,,,diuretic,False,True
2465,2465.0,2465.0,x02h8,Lasix,Lasix,Furosemide,,,diuretic,False,True
2466,2466.0,2466.0,x02hA,Lasoride,Lasoride,Co-Amilofruse (Amiloride HCl/Frusemide),,,diuretic,False,True
2467,2467.0,2467.0,x02im,Metenix,Metenix-5,Metolazone,,,diuretic,False,True
2468,2468.0,2468.0,x02j1,Midamor,Midamor,Amiloride Hydrochloride,,,diuretic,False,True
2469,2469.0,2469.0,x02ji,Moduret 25,Moduret 25,Co-Amilozide (Amiloride HCl/Hydchloroth),,,diuretic,False,True
2470,2470.0,2470.0,x02jj,Moduretic,Moduretic,Co-Amilozide (Amiloride HCl/Hydchloroth),,,diuretic,False,True
2471,2471.0,2471.0,x02kS,Natramid,Natramid,Indapamide,,,diuretic,False,True
2472,2472.0,2472.0,x02kU,Natrilix,Natrilix,Indapamide,,,diuretic,False,True
2473,2473.0,2473.0,x02kW,Navidrex,Navidrex,Cyclopenthiazide,,,diuretic,False,True
2474,2474.0,2474.0,x02kX,Navispare,Navispare,Amiloride Hydrochloride With Thiazides,,,diuretic,False,True
2475,2475.0,2475.0,x02kb,Neo-Bendromax,Neo-Bendromax,Bendroflumethiazide,,,diuretic,False,True
2476,2476.0,2476.0,x02ke,Neo-Naclex,Neo-Naclex,Bendroflumethiazide,,,diuretic,False,True
2477,2477.0,2477.0,x02kf,Neo-Naclex,Neo-Naclex K,Bendroflumethiazide,,,diuretic,False,True
2478,2478.0,2478.0,x02kk,Nephril,Nephril,Polythiazide,,,diuretic,False,True
2479,2479.0,2479.0,x02qC,Rusyde,Rusyde,Furosemide,,,diuretic,False,True
2480,2480.0,2480.0,x02qQ,Saluric,Saluric,Chlorothiazide,,,diuretic,False,True
2481,2481.0,2481.0,x02rM,Spiretic,Spiretic,Spironolactone,,,diuretic,False,True
2482,2482.0,2482.0,x02rN,Spiro-Co,Spiro-Co,Co-Flumactone (Hydroflumeth/Spironol),,,diuretic,False,True
2483,2483.0,2483.0,x02rO,Spiroctan,Spiroctan,Spironolactone,,,diuretic,False,True
2484,2484.0,2484.0,x02rP,Spiroctan-M,Spiroctan-M,Potassium Canrenoate,,,diuretic,False,True
2485,2485.0,2485.0,x02rQ,Spirolone,Spirolone,Spironolactone,,,diuretic,False,True
2486,2486.0,2486.0,x02rR,Spirospare,Spirospare,Spironolactone,,,diuretic,False,True
2487,2487.0,2487.0,x02sv,Torem,Torem,Torasemide,,,diuretic,False,True
2488,2488.0,2488.0,x02tB,Triam-Co,Triam-Co,Co-Triamterzide(Triamterene/Hydchloroth),,,diuretic,False,True
2489,2489.0,2489.0,x02um,Xuret,Xuret,Metolazone,,,diuretic,False,True
2490,2490.0,2490.0,x02uz,Zida-Co,Zida-Co,Co-Amilozide (Amiloride HCl/Hydchloroth),,,diuretic,False,True
2491,2491.0,2491.0,x03eT,Amilamont,Amilamont,Amiloride Hydrochloride,,,diuretic,False,True
2492,2492.0,2492.0,x03iG,Frusemek,Frusemek,Co-Amilofruse (Amiloride HCl/Frusemide),,,diuretic,False,True
2493,2493.0,2493.0,x03jn,Bendroflumethiazide,Atenolol+bendroflumethiazide,Bendroflumethiazide,,,diuretic,False,True
2494,2494.0,2494.0,x03jo,Co-Amilozide,Atenolol+co-amilozide,Co-Amilozide (Amiloride HCl/Hydchloroth),,,diuretic,False,True
2495,2495.0,2495.0,x03kF,Natrilix,Natrilix SR,Indapamide,,,diuretic,False,True
2496,2496.0,2496.0,x03qm,Isosorbide,Transdermal isosorbide dinitrate,Isosorbide,,,diuretic,False,True
2497,2497.0,2497.0,x03sd,Lasix,Lasix+K,Furosemide,,,diuretic,False,True
2498,2498.0,2498.0,x03xm,Diumide-K Continus,Diumide-K Continus,Furosemide/Potassium,,,diuretic,False,True
2499,2499.0,2499.0,x03zy,Frusene,Frusene,Triamterene With Loop Diuretics,,,diuretic,False,True
2500,2500.0,2500.0,x041k,Mannitol,Min-I-Jet Mannitol,Mannitol,,,diuretic,False,True
2501,2501.0,2501.0,x044c,Opumide,Opumide,Indapamide,,,diuretic,False,True
2502,2502.0,2502.0,x047r,Aldactide,Aldactide 25,Co-Flumactone (Hydroflumeth/Spironol),,,diuretic,False,True
2503,2503.0,2503.0,x047s,Aldactide,Aldactide 50,Co-Flumactone (Hydroflumeth/Spironol),,,diuretic,False,True
2504,2504.0,2504.0,x04rj,Froop,Froop Co,Furosemide,,,diuretic,False,True
2505,2505.0,2505.0,x04vH,Betinex,Betinex,Bumetanide,,,diuretic,False,True
2506,2506.0,2506.0,x04vQ,Frusol,Frusol,Furosemide,,,diuretic,False,True
2507,2507.0,2507.0,x05DC,Centyl,Centyl K,Bendroflumethiazide,,,diuretic,False,True
2508,2508.0,2508.0,x05Lq,Bendroflumethiazide,Bendroflumethiazide - chemical,Bendroflumethiazide,,,diuretic,False,True
2509,2509.0,2509.0,x05df,Indapamide,Perindopril+indapamide,Indapamide,,,diuretic,False,True
2510,2510.0,2510.0,x05el,Komil,Komil,Co-Amilofruse (Amiloride HCl/Frusemide),,,diuretic,False,True
2511,2511.0,2511.0,x05q1,Diuril,Diuril,Chlorothiazide,,,diuretic,False,True
2512,2512.0,2512.0,x05vb,Inspra,Inspra,Eplerenone,,,diuretic,False,True
2513,2513.0,2513.0,.8B6G,Spironol,Spironolactone prophylaxis,Spironolactone,,,diuretic,False,True
2514,2514.0,2514.0,8B6F0,Eplerenone,Eplerenone prophylaxis,Eplerenone,,,diuretic,False,True
2515,2515.0,2515.0,8B6F1,Xipamide,Xipamide prophylaxis,Xipamide,,,diuretic,False,True
2516,2516.0,2516.0,8B6F2,Metolazone,Metolazone prophylaxis,Metolazone,,,diuretic,False,True
2517,2517.0,2517.0,8B6F3,Bendroflumethiazide,Bendroflumethiazide prophylaxis,Bendroflumethiazide,,,diuretic,False,True
2518,2518.0,2518.0,8B6G.,Spironol,Spironolactone prophylaxis,Spironolactone,,,diuretic,False,True
2519,2519.0,2519.0,8I3K0,Spironol,Spironolactone declined,Spironolactone,,,diuretic,False,True
2520,2520.0,2520.0,8I3K1,Eplerenone,Eplerenone therapy declined,Eplerenone,,,diuretic,False,True
2521,2521.0,2521.0,8I6A0,Spironol,Spironolactone not indicated,Spironolactone,,,diuretic,False,True
2522,2522.0,2522.0,bi1F.,Chloroth,Captopril+hydrochlorothiazide 25mg/12.5mg tablet,Chlorothiazide,25 mg,,diuretic,False,True
2523,2523.0,2523.0,bi1G.,Chloroth,Captopril+hydrochlorothiazide 50mg/25mg tablet,Chlorothiazide,50 mg,,diuretic,False,True
2524,2524.0,2524.0,44L6.,Nicotinic Acid,Serum nicotinic acid,Nicotinic Acid,,,statin,False,False
2525,2525.0,2525.0,Ub05r,Omega 3,Omega 3 fatty acid requirement,Omega-3-Acid Ethyl Esters,,,statin,False,False
2526,2526.0,2526.0,Ub05r,Omega 3,N 3 - Omega 3 fatty acid requirement,Omega-3-Acid Ethyl Esters,,,statin,False,False
2527,2527.0,2527.0,Ub05r,Omega 3,N 3 - Recommended omega 3 fatty acid intake,Omega-3-Acid Ethyl Esters,,,statin,False,False
2528,2528.0,2528.0,Ub05r,Omega 3,Recommended omega 3 fatty acid intake,Omega-3-Acid Ethyl Esters,,,statin,False,False
2529,2529.0,2529.0,Ub06X,Omega 3,Omega 3 fatty acid supplementation,Omega-3-Acid Ethyl Esters,,,statin,False,False
2530,2530.0,2530.0,Ub07a,Omega 3,Omega 3 fatty acid intake,Omega-3-Acid Ethyl Esters,,,statin,False,False
2531,2531.0,2531.0,Ub08r,Omega 3,Omega 3 fatty acid,Omega-3-Acid Ethyl Esters,,,statin,False,False
2532,2532.0,2532.0,Ub15N,Nicotinic Acid,nicotinic acid equivalents/day,Nicotinic Acid,,,statin,False,False
2533,2533.0,2533.0,Ub15O,Nicotinic Acid,nicotinic acid equivalents/kg body weight,Nicotinic Acid,,,statin,False,False
2534,2534.0,2534.0,X40Vb,Sitosterol,Sitosterolaemic xanthomatosis,Sitosterol,,,statin,False,False
2535,2535.0,2535.0,X40Vb,Sitosterol,Beta-sitosterolaemia,Sitosterol,,,statin,False,False
2536,2536.0,2536.0,X40Vb,Sitosterol,Sitosterolaemia with xanthomatosis,Sitosterol,,,statin,False,False
2537,2537.0,2537.0,X40Xf,Sitosterol,Sitosterolaemia,Sitosterol,,,statin,False,False
2538,2538.0,2538.0,X80J9,Sitosterol,Sitosterol,Sitosterol,,,statin,False,False
2539,2539.0,2539.0,XE2e3,Nicotinic Acid,Serum nicotinic acid,Nicotinic Acid,,,statin,False,False
2540,2540.0,2540.0,XE2ej,Nicotinic Acid,Serum nicotinic acid,Nicotinic Acid,,,statin,False,False
2541,2541.0,2541.0,Xa9M3,Lopid,Leptotyphlopidae,Gemfibrozil,,,statin,False,False
2542,2542.0,2542.0,XaJ5c,Lopid,Clopidogrel not tolerated,Gemfibrozil,,,statin,False,False
2543,2543.0,2543.0,XaJ5l,Lopid,Clopidogrel not indicated,Gemfibrozil,,,statin,False,False
2544,2544.0,2544.0,XaJ6Z,Lopid,Clopidogrel declined,Gemfibrozil,,,statin,False,False
2545,2545.0,2545.0,XaJd8,Lopid,Clopidogrel prophylaxis,Gemfibrozil,,,statin,False,False
2546,2546.0,2546.0,XaLJH,Lopid,Clopidogrel indicated,Gemfibrozil,,,statin,False,False
2547,2547.0,2547.0,Xaa4s,Lopid,Planned stop date for clopidogrel therapy,Gemfibrozil,,,statin,False,False
2548,2548.0,2548.0,Xaa4u,Lopid,Clopidogrel therapy stopped,Gemfibrozil,,,statin,False,False
2549,2549.0,2549.0,aa2..,Colestyramine,Colestyramine [antidiarrhoeal use],Colestyramine,,,statin,False,False
2550,2550.0,2550.0,aa21.,Questran,Questran powder 4g,Colestyramine,,,statin,False,False
2551,2551.0,2551.0,aa2z.,Colestyramine,Colestyramine powder 4g,Colestyramine,,,statin,False,False
2552,2552.0,2552.0,bn31.,Bradilan,Bradilan 250mg e/c tablet,Nicofuranose,250 mg,,statin,False,False
2553,2553.0,2553.0,bn39.,Nicofuranose,Nicofuranose 250mg e/c tablet,Nicofuranose,250 mg,,statin,False,False
2554,2554.0,2554.0,bu5..,Lopid,Clopidogrel,Gemfibrozil,,,statin,False,False
2555,2555.0,2555.0,bu51.,Lopid,Clopidogrel 75mg tablet,Gemfibrozil,75 mg,,statin,False,False
2556,2556.0,2556.0,bu54.,Lopid,CLOPIDOGREL 300mg tablets,Gemfibrozil,300 mg,,statin,False,False
2557,2557.0,2557.0,bu6..,Lopid,Ticlopidine,Gemfibrozil,,,statin,False,False
2558,2558.0,2558.0,bu61.,Lopid,Ticlopidine hydrochloride 250mg tablet,Gemfibrozil,250 mg,,statin,False,False
2559,2559.0,2559.0,bx1..,Bezafibrate,Bezafibrate product,Bezafibrate,,,statin,False,False
2560,2560.0,2560.0,bx1..,Bezafibrate,Bezafibrate,Bezafibrate,,,statin,False,False
2561,2561.0,2561.0,bx11.,Bezalip,Bezalip 200mg tablet,Bezafibrate,200 mg,,statin,False,False
2562,2562.0,2562.0,bx12.,Bezalip,Bezalip-Mono 400mg m/r tablet,Bezafibrate,400 mg,,statin,False,False
2563,2563.0,2563.0,bx13.,Bezafibrate,Bezafibrate 200mg tablet,Bezafibrate,200 mg,,statin,False,False
2564,2564.0,2564.0,bx14.,Bezafibrate,Bezafibrate 400mg m/r tablet,Bezafibrate,400 mg,,statin,False,False
2565,2565.0,2565.0,bx15.,Bezagen,Bezagen XL 400mg m/r tablet,Bezafibrate,400 mg,,statin,False,False
2566,2566.0,2566.0,bx16.,Liparol,Liparol XL 400mg m/r tablet,Bezafibrate,400 mg,,statin,False,False
2567,2567.0,2567.0,bx17.,Zimbacol,Zimbacol XL 400mg m/r tablet,Bezafibrate,400 mg,,statin,False,False
2568,2568.0,2568.0,bx18.,Fibrazate,Fibrazate XL 400mg m/r tablet,Bezafibrate,400 mg,,statin,False,False
2569,2569.0,2569.0,bx2..,Colestyramine,Colestyramine [lipid lowering use],Colestyramine,,,statin,False,False
2570,2570.0,2570.0,bx21.,Questran,Questran 4g/sachet powder,Colestyramine,,,statin,False,False
2571,2571.0,2571.0,bx22.,Questran,Questran Light 4g/sachet powder,Colestyramine,,,statin,False,False
2572,2572.0,2572.0,bx22.,Questran,Questran-A 4g/sachet powder,Colestyramine,,,statin,False,False
2573,2573.0,2573.0,bx23.,Colestyramine,Colestyramine 4g/sachet powder,Colestyramine,,,statin,False,False
2574,2574.0,2574.0,bx25.,Colestyramine,Colestyramine+aspartame 4g/sachet powder,Colestyramine,,,statin,False,False
2575,2575.0,2575.0,bx26.,Cholemin,Cholemin 4g/sachet powder,Colestyramine,,,statin,False,False
2576,2576.0,2576.0,bx27.,Colestyramine,Colestyramine+aspartame 4g/sachet s/f oral powder,Colestyramine,,,statin,False,False
2577,2577.0,2577.0,bx28.,Questran,Questran Light 4g/sachet s/f oral powder,Colestyramine,,,statin,False,False
2578,2578.0,2578.0,bx3..,Clofibrate,Clofibrate,Clofibrate,,,statin,False,False
2579,2579.0,2579.0,bx31.,Atromid-S,Atromid-S 500mg capsule,Clofibrate,500 mg,,statin,False,False
2580,2580.0,2580.0,bx3z.,Clofibrate,Clofibrate 500mg capsule,Clofibrate,500 mg,,statin,False,False
2581,2581.0,2581.0,bx41.,Colestid,Colestid 5g/sachet granules,Colestipol Hydrochloride,,,statin,False,False
2582,2582.0,2582.0,bx43.,Colestid,Colestid Orange 5g/sachet granules,Colestipol Hydrochloride,,,statin,False,False
2583,2583.0,2583.0,bx51.,Choloxin,Choloxin 2mg tablet,Dextrothyroxine Sodium,2 mg,,statin,False,False
2584,2584.0,2584.0,bx6..,Gemfibrozil,Gemfibrozil product,Gemfibrozil,,,statin,False,False
2585,2585.0,2585.0,bx6..,Gemfibrozil,Gemfibrozil,Gemfibrozil,,,statin,False,False
2586,2586.0,2586.0,bx61.,Lopid,Lopid 300 capsule,Gemfibrozil,,,statin,False,False
2587,2587.0,2587.0,bx62.,Lopid,Lopid 600 tablet,Gemfibrozil,,600.0,statin,False,False
2588,2588.0,2588.0,bx63.,Gemfibrozil,Gemfibrozil 600mg tablet,Gemfibrozil,600 mg,,statin,False,False
2589,2589.0,2589.0,bx64.,Emfib,Emfib 300mg capsule,Gemfibrozil,300 mg,,statin,False,False
2590,2590.0,2590.0,bx6z.,Gemfibrozil,Gemfibrozil 300mg capsule,Gemfibrozil,300 mg,,statin,False,False
2591,2591.0,2591.0,bx7..,Nicofuranose,Nicofuranose,Nicofuranose,,,statin,False,False
2592,2592.0,2592.0,bx84.,Nicotinic Acid,Nicotinic acid 375mg m/r tablet and nicotinic acid 500mg m/r tablet and nicotinic acid 750mg m/r tablet starter pack,Nicotinic Acid,375 mg,,statin,False,False
2593,2593.0,2593.0,bx88.,Niaspan,Niaspan 375mg and 500mg and 750mg m/r tablet starter pack,Nicotinic Acid,375 mg,,statin,False,False
2594,2594.0,2594.0,bx89.,Niaspan,Niaspan 500mg m/r tablet,Nicotinic Acid,500 mg,,statin,False,False
2595,2595.0,2595.0,bx8a.,Niaspan,Niaspan 750mg m/r tablet,Nicotinic Acid,750 mg,,statin,False,False
2596,2596.0,2596.0,bx8b.,Niaspan,Niaspan 1000mg m/r tablet,Nicotinic Acid,1000 mg,,statin,False,False
2597,2597.0,2597.0,bx8c.,Tredaptive,TREDAPTIVE 1000mg/20mg m/r tablets,Nicotinic Acid/Laropiprant,1000 mg,,statin,False,False
2598,2598.0,2598.0,bx8d.,Nicotinic Acid/Laropiprant,NICOTINIC ACID/LAROPIPRANT 1000mg/20mg m/r tablets,Nicotinic Acid/Laropiprant,1000 mg,,statin,False,False
2599,2599.0,2599.0,bx9..,Probucol,Probucol,Probucol,,,statin,False,False
2600,2600.0,2600.0,bx91.,Lurselle,Lurselle 250mg tablet,Probucol,250 mg,,statin,False,False
2601,2601.0,2601.0,bx9z.,Probucol,Probucol 250mg tablet,Probucol,250 mg,,statin,False,False
2602,2602.0,2602.0,bxa..,Omega 3,Omega 3-marine triglycerides,Omega-3-Acid Ethyl Esters,,,statin,False,False
2603,2603.0,2603.0,bxa1.,Maxepa,Maxepa 1g capsule,Omega-3 Marine Triglycerides,,,statin,False,False
2604,2604.0,2604.0,bxa2.,Maxepa,Maxepa liquid,Omega-3 Marine Triglycerides,,,statin,False,False
2605,2605.0,2605.0,bxa6.,Maxepa,Maxepa oral emulsion,Omega-3 Marine Triglycerides,,,statin,False,False
2606,2606.0,2606.0,bxa7.,Omacor,Omacor 1g capsule,Omega-3-Acid Ethyl Esters,,,statin,False,False
2607,2607.0,2607.0,bxa8.,Teromeg,TEROMEG 1g capsules,Omega-3-Acid Ethyl Esters,,,statin,False,False
2608,2608.0,2608.0,bxa9.,Prestylon,PRESTYLON 1g capsules,Omega-3-Acid Ethyl Esters,,,statin,False,False
2609,2609.0,2609.0,bxaA.,Nebbaro,NEBBARO 1000mg capsules,Omega-3-Acid Ethyl Esters,1000 mg,,statin,False,False
2610,2610.0,2610.0,bxaB.,Dualtis,DUALTIS 1000mg capsules,Omega-3-Acid Ethyl Esters,1000 mg,,statin,False,False
2611,2611.0,2611.0,bxb..,Acipimox,Acipimox,Acipimox,,,statin,False,False
2612,2612.0,2612.0,bxb1.,Olbetam,Olbetam 250mg capsule,Acipimox,250 mg,,statin,False,False
2613,2613.0,2613.0,bxb2.,Acipimox,Acipimox 250mg capsule,Acipimox,250 mg,,statin,False,False
2614,2614.0,2614.0,bxc..,Fenofibrate,Fenofibrate,Fenofibrate,,,statin,False,False
2615,2615.0,2615.0,bxc1.,Fenofibrate,Fenofibrate 100mg capsule,Fenofibrate,100 mg,,statin,False,False
2616,2616.0,2616.0,bxc2.,Lipantil,Lipantil 100mg capsules 21CP,Fenofibrate,100 mg,,statin,False,False
2617,2617.0,2617.0,bxc3.,Lipantil,Lipantil 100mg capsules 84CP,Fenofibrate,100 mg,,statin,False,False
2618,2618.0,2618.0,bxc4.,Fenofibrate,Fenofibrate 200mg capsule,Fenofibrate,200 mg,,statin,False,False
2619,2619.0,2619.0,bxc5.,Lipantil,Lipantil Micro 200mg capsule,Fenofibrate,200 mg,,statin,False,False
2620,2620.0,2620.0,bxc6.,Fenofibrate,Fenofibrate 67mg capsule,Fenofibrate,67 mg,,statin,False,False
2621,2621.0,2621.0,bxc7.,Lipantil,Lipantil Micro 67mg capsule,Fenofibrate,67 mg,,statin,False,False
2622,2622.0,2622.0,bxc8.,Fenofibrate,Fenofibrate 267mg capsule,Fenofibrate,267 mg,,statin,False,False
2623,2623.0,2623.0,bxc9.,Lipantil,Lipantil Micro 267mg capsule,Fenofibrate,267 mg,,statin,False,False
2624,2624.0,2624.0,bxcA.,Fenofibrate,Fenofibrate 160mg m/r tablet,Fenofibrate,160 mg,,statin,False,False
2625,2625.0,2625.0,bxcB.,Supralip,Supralip 160mg m/r tablet,Fenofibrate,160 mg,,statin,False,False
2626,2626.0,2626.0,bxcC.,Fenofibrate,Fenofibrate Micro 200mg capsule,Fenofibrate,200 mg,,statin,False,False
2627,2627.0,2627.0,bxcD.,Fenogal,Fenogal 200mg capsule,Fenofibrate,200 mg,,statin,False,False
2628,2628.0,2628.0,bxcE.,Fenofibrate,FENOFIBRATE 160mg tablets,Fenofibrate,160 mg,,statin,False,False
2629,2629.0,2629.0,bxd..,Simvastatin,Simvastatin,Simvastatin,,,statin,False,False
2630,2630.0,2630.0,bxd1.,Simvastatin,Simvastatin 10mg tablet,Simvastatin,10 mg,,statin,False,False
2631,2631.0,2631.0,bxd2.,Simvastatin,Simvastatin 20mg tablet,Simvastatin,20 mg,,statin,False,False
2632,2632.0,2632.0,bxd3.,Zocor,Zocor 10mg tablets 28CP,Simvastatin,10 mg,,statin,False,False
2633,2633.0,2633.0,bxd4.,Zocor,Zocor 20mg tablets 28CP,Simvastatin,20 mg,,statin,False,False
2634,2634.0,2634.0,bxd5.,Simvastatin,Simvastatin 40mg tablet,Simvastatin,40 mg,,statin,False,False
2635,2635.0,2635.0,bxd6.,Zocor,Zocor 40mg tablet,Simvastatin,40 mg,,statin,False,False
2636,2636.0,2636.0,bxd7.,Zocor,Zocor 10mg tablet,Simvastatin,10 mg,,statin,False,False
2637,2637.0,2637.0,bxd8.,Zocor,Zocor 20mg tablet,Simvastatin,20 mg,,statin,False,False
2638,2638.0,2638.0,bxd9.,Zocor,Zocor 80mg tablet,Simvastatin,80 mg,,statin,False,False
2639,2639.0,2639.0,bxdA.,Simvador,Simvador 10mg tablet,Simvastatin,10 mg,,statin,False,False
2640,2640.0,2640.0,bxdB.,Simvador,Simvador 20mg tablet,Simvastatin,20 mg,,statin,False,False
2641,2641.0,2641.0,bxdC.,Simvador,Simvador 40mg tablet,Simvastatin,40 mg,,statin,False,False
2642,2642.0,2642.0,bxdD.,Ranzolont,Ranzolont 10mg tablet,Simvastatin,10 mg,,statin,False,False
2643,2643.0,2643.0,bxdE.,Ranzolont,Ranzolont 20mg tablet,Simvastatin,20 mg,,statin,False,False
2644,2644.0,2644.0,bxdF.,Ranzolont,Ranzolont 40mg tablet,Simvastatin,40 mg,,statin,False,False
2645,2645.0,2645.0,bxdG.,Zocor,Zocor Heart-Pro 10mg tablet,Simvastatin,10 mg,,statin,False,False
2646,2646.0,2646.0,bxdH.,Inegy,Inegy 10mg/20mg tablet,Simvastatin & Ezetimibe,10 mg,,statin,False,False
2647,2647.0,2647.0,bxdI.,Inegy,Inegy 10mg/40mg tablet,Simvastatin & Ezetimibe,10 mg,,statin,False,False
2648,2648.0,2648.0,bxdJ.,Inegy,Inegy 10mg/80mg tablet,Simvastatin & Ezetimibe,10 mg,,statin,False,False
2649,2649.0,2649.0,bxdK.,Simvador,SIMVADOR 80mg tablets,Simvastatin,80 mg,,statin,False,False
2650,2650.0,2650.0,bxdu.,Simvastatin,SIMVASTATIN 20mg/5mL oral suspension,Simvastatin,20 mg/5 ml,,statin,False,False
2651,2651.0,2651.0,bxdv.,Simvastatin,SIMVASTATIN 40mg/5mL oral suspension,Simvastatin,40 mg/5 ml,,statin,False,False
2652,2652.0,2652.0,bxdw.,Ezetimibe,Simvastatin 80mg / ezetimibe 10mg tablet,Ezetimibe,80 mg,,statin,False,False
2653,2653.0,2653.0,bxdx.,Ezetimibe,Simvastatin 40mg / ezetimibe 10mg tablet,Ezetimibe,40 mg,,statin,False,False
2654,2654.0,2654.0,bxdy.,Ezetimibe,Simvastatin 20mg / ezetimibe 10mg tablet,Ezetimibe,20 mg,,statin,False,False
2655,2655.0,2655.0,bxdz.,Simvastatin,Simvastatin 80mg tablet,Simvastatin,80 mg,,statin,False,False
2656,2656.0,2656.0,bxe3.,Lipostat,Lipostat 10mg tablet,Pravastatin Sodium,10 mg,,statin,False,False
2657,2657.0,2657.0,bxe4.,Lipostat,Lipostat 20mg tablet,Pravastatin Sodium,20 mg,,statin,False,False
2658,2658.0,2658.0,bxe8.,Lipostat,Lipostat 40mg tablet,Pravastatin Sodium,40 mg,,statin,False,False
2659,2659.0,2659.0,bxf..,Ciprofibrate,Ciprofibrate,Ciprofibrate,,,statin,False,False
2660,2660.0,2660.0,bxf1.,Modalim,Modalim 100mg tablet,Ciprofibrate,100 mg,,statin,False,False
2661,2661.0,2661.0,bxf2.,Ciprofibrate,Ciprofibrate 100mg tablet,Ciprofibrate,100 mg,,statin,False,False
2662,2662.0,2662.0,bxg1.,Lescol,Lescol 20mg capsule,Fluvastatin Sodium,20 mg,,statin,False,False
2663,2663.0,2663.0,bxg2.,Lescol,Lescol 40mg capsule,Fluvastatin Sodium,40 mg,,statin,False,False
2664,2664.0,2664.0,bxg5.,Lescol,Lescol XL 80mg m/r tablet,Fluvastatin Sodium,80 mg,,statin,False,False
2665,2665.0,2665.0,bxg6.,Luvinsta,LUVINSTA XL 80mg m/r tablets,Fluvastatin Sodium,80 mg,,statin,False,False
2666,2666.0,2666.0,bxg7.,Stefluvin,STEFLUVIN XL 80mg m/r tablets,Fluvastatin Sodium,80 mg,,statin,False,False
2667,2667.0,2667.0,bxg8.,Dorisin,DORISIN XL 80mg m/r tablets,Fluvastatin Sodium,80 mg,,statin,False,False
2668,2668.0,2668.0,bxg9.,Nandovar XL,NANDOVAR XL 80mg m/r tablets,Fluvastatin Sodium,80 mg,,statin,False,False
2669,2669.0,2669.0,bxh2.,Fybozest,Fybozest Orange 3.5g s/f granules,Ispaghula Husk,,,statin,False,False
2670,2670.0,2670.0,bxi..,Atorvastatin,Atorvastatin,Atorvastatin,,,statin,False,False
2671,2671.0,2671.0,bxi1.,Atorvastatin,Atorvastatin 10mg tablet,Atorvastatin,10 mg,,statin,False,False
2672,2672.0,2672.0,bxi2.,Atorvastatin,Atorvastatin 20mg tablet,Atorvastatin,20 mg,,statin,False,False
2673,2673.0,2673.0,bxi3.,Atorvastatin,Atorvastatin 40mg tablet,Atorvastatin,40 mg,,statin,False,False
2674,2674.0,2674.0,bxi4.,Lipitor,Lipitor 10mg tablet,Atorvastatin,10 mg,,statin,False,False
2675,2675.0,2675.0,bxi5.,Lipitor,Lipitor 20mg tablet,Atorvastatin,20 mg,,statin,False,False
2676,2676.0,2676.0,bxi6.,Lipitor,Lipitor 40mg tablet,Atorvastatin,40 mg,,statin,False,False
2677,2677.0,2677.0,bxi7.,Lipitor,Lipitor 80mg tablet,Atorvastatin,80 mg,,statin,False,False
2678,2678.0,2678.0,bxi8.,Lipitor,LIPITOR 10mg chewable tablets,Atorvastatin,10 mg,,statin,False,False
2679,2679.0,2679.0,bxi9.,Atorvastatin,ATORVASTATIN 10mg chewable tablets,Atorvastatin,10 mg,,statin,False,False
2680,2680.0,2680.0,bxiA.,Lipitor,LIPITOR 20mg chewable tablets,Atorvastatin,20 mg,,statin,False,False
2681,2681.0,2681.0,bxiB.,Atorvastatin,ATORVASTATIN 20mg chewable tablets,Atorvastatin,20 mg,,statin,False,False
2682,2682.0,2682.0,bxiy.,Atorvastatin,ATORVASTATIN 60mg tablets,Atorvastatin,60 mg,,statin,False,False
2683,2683.0,2683.0,bxiz.,Atorvastatin,Atorvastatin 80mg tablet,Atorvastatin,80 mg,,statin,False,False
2684,2684.0,2684.0,bxj..,Cerivastatin,Cerivastatin,Cerivastatin,,,statin,False,False
2685,2685.0,2685.0,bxj1.,Cerivastatin,Cerivastatin sodium 100micrograms tablet,Cerivastatin,,,statin,False,False
2686,2686.0,2686.0,bxj2.,Cerivastatin,Cerivastatin sodium 200micrograms tablet,Cerivastatin,,,statin,False,False
2687,2687.0,2687.0,bxj3.,Cerivastatin,Cerivastatin sodium 300micrograms tablet,Cerivastatin,,,statin,False,False
2688,2688.0,2688.0,bxj4.,Lipobay,Lipobay 100micrograms tablet,Cerivastatin,,,statin,False,False
2689,2689.0,2689.0,bxj5.,Lipobay,Lipobay 200micrograms tablet,Cerivastatin,,,statin,False,False
2690,2690.0,2690.0,bxj6.,Lipobay,Lipobay 300micrograms tablet,Cerivastatin,,,statin,False,False
2691,2691.0,2691.0,bxj7.,Cerivastatin,Cerivastatin sodium 400micrograms tablet,Cerivastatin,,,statin,False,False
2692,2692.0,2692.0,bxj8.,Lipobay,Lipobay 400micrograms tablet,Cerivastatin,,,statin,False,False
2693,2693.0,2693.0,bxj9.,Lipobay,Lipobay 800micrograms tablet,Cerivastatin,,,statin,False,False
2694,2694.0,2694.0,bxjz.,Cerivastatin,Cerivastatin sodium 800micrograms tablet,Cerivastatin,,,statin,False,False
2695,2695.0,2695.0,bxk1.,Crestor,Crestor 10mg tablet,Rosuvastatin Calcium,10 mg,,statin,False,False
2696,2696.0,2696.0,bxk2.,Crestor,Crestor 20mg tablet,Rosuvastatin Calcium,20 mg,,statin,False,False
2697,2697.0,2697.0,bxk3.,Crestor,Crestor 40mg tablet,Rosuvastatin Calcium,40 mg,,statin,False,False
2698,2698.0,2698.0,bxk4.,Crestor,Crestor 5mg tablet,Rosuvastatin Calcium,5 mg,,statin,False,False
2699,2699.0,2699.0,bxl..,Ezetimibe,Ezetimibe,Ezetimibe,,,statin,False,False
2700,2700.0,2700.0,bxl1.,Ezetimibe,Ezetimibe 10mg tablet,Ezetimibe,10 mg,,statin,False,False
2701,2701.0,2701.0,bxlz.,Ezetrol,Ezetrol 10mg tablet,Ezetimibe,10 mg,,statin,False,False
2702,2702.0,2702.0,bxm..,Colesevelam Hydrochloride,COLESEVELAM HYDROCHLORIDE,Colesevelam Hydrochloride,,,statin,False,False
2703,2703.0,2703.0,bxm1.,Cholestagel,CHOLESTAGEL 625mg tablets,Colesevelam Hydrochloride,625 mg,,statin,False,False
2704,2704.0,2704.0,bxn..,Lomitapide,LOMITAPIDE,Lomitapide,,,statin,False,False
2705,2705.0,2705.0,bxn1.,Lojuxta,LOJUXTA 5mg capsules,Lomitapide,5 mg,,statin,False,False
2706,2706.0,2706.0,bxn2.,Lomitapide,LOMITAPIDE 5mg capsules,Lomitapide,5 mg,,statin,False,False
2707,2707.0,2707.0,bxn3.,Lojuxta,LOJUXTA 10mg capsules,Lomitapide,10 mg,,statin,False,False
2708,2708.0,2708.0,bxn4.,Lomitapide,LOMITAPIDE 10mg capsules,Lomitapide,10 mg,,statin,False,False
2709,2709.0,2709.0,bxn5.,Lojuxta,LOJUXTA 20mg capsules,Lomitapide,20 mg,,statin,False,False
2710,2710.0,2710.0,bxn6.,Lomitapide,LOMITAPIDE 20mg capsules,Lomitapide,20 mg,,statin,False,False
2711,2711.0,2711.0,bxo..,Evolocumab,EVOLOCUMAB,Evolocumab,,,statin,False,False
2712,2712.0,2712.0,bxo1.,Repatha,REPATHA 140mg/1mL solution for injection prefilled syringe,Evolocumab,140 mg/1 ml,,statin,False,False
2713,2713.0,2713.0,bxo2.,Evolocumab,EVOLOCUMAB 140mg/1mL soln for inj prefilled syringe,Evolocumab,140 mg/1 ml,,statin,False,False
2714,2714.0,2714.0,bxo3.,Repatha,REPATHA SURECLICK 140mg/1mL soln for inj prefilled pen,Evolocumab,140 mg/1 ml,,statin,False,False
2715,2715.0,2715.0,bxo4.,Evolocumab,EVOLOCUMAB 140mg/1mL solution for injection prefilled pen,Evolocumab,140 mg/1 ml,,statin,False,False
2716,2716.0,2716.0,bxp..,Alirocumab,ALIROCUMAB,Alirocumab,,,statin,False,False
2717,2717.0,2717.0,bxp1.,Praluent,PRALUENT 75mg/1mL solution for injection prefilled pen,Alirocumab,75 mg/1 ml,,statin,False,False
2718,2718.0,2718.0,bxp2.,Alirocumab,ALIROCUMAB 75mg/1mL solution for injection prefilled pen,Alirocumab,75 mg/1 ml,,statin,False,False
2719,2719.0,2719.0,bxp3.,Praluent,PRALUENT 150mg/1mL solution for injection prefilled pen,Alirocumab,150 mg/1 ml,,statin,False,False
2720,2720.0,2720.0,bxp4.,Alirocumab,ALIROCUMAB 150mg/1mL solution for injection prefilled pen,Alirocumab,150 mg/1 ml,,statin,False,False
2721,2721.0,2721.0,h5I..,Liplat,Oxaliplatin,Pravastatin Sodium,,,statin,False,False
2722,2722.0,2722.0,h5Iv.,Liplat,OXALIPLATIN 200mg/40mL infusion concentrate,Pravastatin Sodium,200 mg/40 ml,,statin,False,False
2723,2723.0,2723.0,h5Iw.,Liplat,Oxaliplatin 100mg/20mL infusion concentrate,Pravastatin Sodium,100 mg/20 ml,,statin,False,False
2724,2724.0,2724.0,h5Ix.,Liplat,Oxaliplatin 50mg/10mL infusion concentrate,Pravastatin Sodium,50 mg/10 ml,,statin,False,False
2725,2725.0,2725.0,h5Iy.,Liplat,Oxaliplatin 50mg infusion (pdr for recon),Pravastatin Sodium,50 mg,,statin,False,False
2726,2726.0,2726.0,h5Iz.,Liplat,Oxaliplatin 100mg infusion (pdr for recon),Pravastatin Sodium,100 mg,,statin,False,False
2727,2727.0,2727.0,s9c5.,Dorisin,DEOGEL 2010 deodorising and lubricating gel 200g,Fluvastatin Sodium,,,statin,False,False
2728,2728.0,2728.0,s9cA.,Dorisin,DEOGEL 2020 deodorising and lubricating gel sachet,Fluvastatin Sodium,,,statin,False,False
2729,2729.0,2729.0,x0029,Clofibrate,Clofibrate group,Clofibrate,,,statin,False,False
2730,2730.0,2730.0,x00E2,Lipantil,Lipantil 100mg capsule,Fenofibrate,100 mg,,statin,False,False
2731,2731.0,2731.0,x00Tb,Cardyl,Avlocardyl Retard 160mg m/r capsule,Atorvastatin,160 mg,,statin,False,False
2732,2732.0,2732.0,x01p5,Dorisin,Ostobon 4750 stoma deodorising powder,Fluvastatin Sodium,,,statin,False,False
2733,2733.0,2733.0,x029e,Colestyramine,Colestyramine sugar free powder,Colestyramine,,,statin,False,False
2734,2734.0,2734.0,x02Mi,Colestyramine,Colestyramine product,Colestyramine,,,statin,False,False
2735,2735.0,2735.0,x02Mi,Colestyramine,Colestyramine,Colestyramine,,,statin,False,False
2736,2736.0,2736.0,x02Uj,Atromid-S,Atromid-S,Clofibrate,,,statin,False,False
2737,2737.0,2737.0,x02Un,Cardyl,Avlocardyl Retard,Atorvastatin,,,statin,False,False
2738,2738.0,2738.0,x02Vg,Bezalip,Bezalip,Bezafibrate,,,statin,False,False
2739,2739.0,2739.0,x02Vh,Bezalip,Bezalip-Mono,Bezafibrate,,,statin,False,False
2740,2740.0,2740.0,x02XH,Cholemin,Cholemin,Colestyramine,,,statin,False,False
2741,2741.0,2741.0,x02Xk,Colestid,Colestid,Colestipol Hydrochloride,,,statin,False,False
2742,2742.0,2742.0,x02hM,Lescol,Lescol,Fluvastatin Sodium,,,statin,False,False
2743,2743.0,2743.0,x02ha,Lipantil,Lipantil,Fenofibrate,,,statin,False,False
2744,2744.0,2744.0,x02hc,Lipostat,Lipostat,Pravastatin Sodium,,,statin,False,False
2745,2745.0,2745.0,x02hs,Lopid,Lopid,Gemfibrozil,,,statin,False,False
2746,2746.0,2746.0,x02i1,Lurselle,Lurselle,Probucol,,,statin,False,False
2747,2747.0,2747.0,x02iI,Maxepa,Maxepa,Omega-3 Marine Triglycerides,,,statin,False,False
2748,2748.0,2748.0,x02jb,Modalim,Modalim,Ciprofibrate,,,statin,False,False
2749,2749.0,2749.0,x02lo,Olbetam,Olbetam,Acipimox,,,statin,False,False
2750,2750.0,2750.0,x02ot,Questran,Questran Light,Colestyramine,,,statin,False,False
2751,2751.0,2751.0,x03d7,Zocor,Zocor,Simvastatin,,,statin,False,False
2752,2752.0,2752.0,x03jA,Fybozest,Fybozest Orange,Ispaghula Husk,,,statin,False,False
2753,2753.0,2753.0,x03jx,Lipitor,Lipitor,Atorvastatin,,,statin,False,False
2754,2754.0,2754.0,x03l1,Lipobay,Lipobay,Cerivastatin,,,statin,False,False
2755,2755.0,2755.0,x03s1,Questran,Questran,Colestyramine,,,statin,False,False
2756,2756.0,2756.0,x03vR,Lipantil,Lipantil Micro,Fenofibrate,,,statin,False,False
2757,2757.0,2757.0,x03xI,Emfib,Emfib,Gemfibrozil,,,statin,False,False
2758,2758.0,2758.0,x03zD,Colestid,Colestid Orange,Colestipol Hydrochloride,,,statin,False,False
2759,2759.0,2759.0,x04ui,Bezagen,Bezagen XL,Bezafibrate,,,statin,False,False
2760,2760.0,2760.0,x057j,Liparol,Liparol XL,Bezafibrate,,,statin,False,False
2761,2761.0,2761.0,x05CA,Zimbacol,Zimbacol XL,Bezafibrate,,,statin,False,False
2762,2762.0,2762.0,x05CE,Lescol,Lescol XL,Fluvastatin Sodium,,,statin,False,False
2763,2763.0,2763.0,x05D5,Supralip,Supralip,Fenofibrate,,,statin,False,False
2764,2764.0,2764.0,x05K2,Acipimox,Acipimox - chemical,Acipimox,,,statin,False,False
2765,2765.0,2765.0,x05LP,Atorvastatin,Atorvastatin - chemical,Atorvastatin,,,statin,False,False
2766,2766.0,2766.0,x05Zu,Fenofibrate,Fenofibrate Micro,Fenofibrate,,,statin,False,False
2767,2767.0,2767.0,x05f8,Omacor,Omacor,Omega-3-Acid Ethyl Esters,,,statin,False,False
2768,2768.0,2768.0,x05gZ,Fenogal,Fenogal,Fenofibrate,,,statin,False,False
2769,2769.0,2769.0,x05ll,Crestor,Crestor,Rosuvastatin Calcium,,,statin,False,False
2770,2770.0,2770.0,x05mX,Ezetrol,Ezetrol,Ezetimibe,,,statin,False,False
2771,2771.0,2771.0,x05pD,Simvador,Simvador,Simvastatin,,,statin,False,False
2772,2772.0,2772.0,x05qD,Niaspan,Niaspan,Nicotinic Acid,,,statin,False,False
2773,2773.0,2773.0,x05tC,Ranzolont,Ranzolont,Simvastatin,,,statin,False,False
2774,2774.0,2774.0,x05uS,Zocor,Zocor Heart-Pro,Simvastatin,,,statin,False,False
2775,2775.0,2775.0,x05vi,Fibrazate,Fibrazate,Bezafibrate,,,statin,False,False
2776,2776.0,2776.0,x05xL,Ezetimibe,Ezetimibe+simvastatin,Ezetimibe,,,statin,False,False
2777,2777.0,2777.0,x05xO,Inegy,Inegy,Simvastatin & Ezetimibe,,,statin,False,False
2778,2778.0,2778.0,.44L6,Nicotinic Acid,Serum nicotinic acid,Nicotinic Acid,,,statin,False,False
2779,2779.0,2779.0,.8B6P,Lopid,Clopidogrel prophylaxis,Gemfibrozil,,,statin,False,False
2780,2780.0,2780.0,.8BG9,Lopid,Clopidogrel indicated,Gemfibrozil,,,statin,False,False
2781,2781.0,2781.0,.8I3R,Lopid,Clopidogrel declined,Gemfibrozil,,,statin,False,False
2782,2782.0,2782.0,.8I6B,Lopid,Clopidogrel not indicated,Gemfibrozil,,,statin,False,False
2783,2783.0,2783.0,.8I72,Lopid,Clopidogrel not tolerated,Gemfibrozil,,,statin,False,False
2784,2784.0,2784.0,8B6P.,Lopid,Clopidogrel prophylaxis,Gemfibrozil,,,statin,False,False
2785,2785.0,2785.0,8B6P0,Lopid,Planned stop date for clopidogrel therapy,Gemfibrozil,,,statin,False,False
2786,2786.0,2786.0,8B6P1,Lopid,Clopidogrel therapy stopped,Gemfibrozil,,,statin,False,False
2787,2787.0,2787.0,8BG9.,Lopid,Clopidogrel indicated,Gemfibrozil,,,statin,False,False
2788,2788.0,2788.0,8I3R.,Lopid,Clopidogrel declined,Gemfibrozil,,,statin,False,False
2789,2789.0,2789.0,8I6B.,Lopid,Clopidogrel not indicated,Gemfibrozil,,,statin,False,False
2790,2790.0,2790.0,8I72.,Lopid,Clopidogrel not tolerated,Gemfibrozil,,,statin,False,False
2791,2791.0,2791.0,bx71.,Bradilan,Bradilan 250mg e/c tablet,Nicofuranose,250 mg,,statin,False,False
2792,2792.0,2792.0,bx7z.,Nicofuranose,Nicofuranose 250mg e/c tablet,Nicofuranose,250 mg,,statin,False,False
2793,2793.0,2793.0,x00g6,Zocor,Zocor 10mg tablet,Simvastatin,10 mg,,statin,False,False
2794,2794.0,2794.0,x00g7,Zocor,Zocor 20mg tablet,Simvastatin,20 mg,,statin,False,False
2795,2795.0,,X75lZ,Soprol,Peripheral vasoproliferative retinopathy,Bisoprolol Fumarate,,,beta blockers,False,False
2796,2796.0,,X77uC,Concor,Discordant ventriculoarterial connection with concordant atrioventricular connection,Bisoprolol Fumarate,,,beta blockers,False,False
2797,2797.0,,XM04s,Soprol,Vasoproliferative retinopathy,Bisoprolol Fumarate,,,beta blockers,False,False
2798,2798.0,,Xa5LO,Atenolol,Atenolol sensitivity,Atenolol,,,beta blockers,False,False
2799,2799.0,,Xa8f7,Concor,Salmonella concord,Bisoprolol Fumarate,,,beta blockers,False,False
2800,2800.0,,Xa8vy,Kalten,Salmonella kaltenhausen,Atenolol With Diuretic,,,beta blockers,False,False
2801,2801.0,,XaQDq,Concor,Needs assistance with medication concordance,Bisoprolol Fumarate,,,beta blockers,False,False
2802,2802.0,,XaQaL,Soprol,Bisoprolol not indicated,Bisoprolol Fumarate,,,beta blockers,False,False
2803,2803.0,,XaQaM,Carvedilol,Carvedilol not indicated,Carvedilol,,,beta blockers,False,False
2804,2804.0,,XaQaN,Nebivolol,Nebivolol not indicated,Nebivolol,,,beta blockers,False,False
2805,2805.0,,XaQaO,Soprol,Bisoprolol not tolerated,Bisoprolol Fumarate,,,beta blockers,False,False
2806,2806.0,,XaQaP,Carvedilol,Carvedilol not tolerated,Carvedilol,,,beta blockers,False,False
2807,2807.0,,XaQaQ,Nebivolol,Nebivolol not tolerated,Nebivolol,,,beta blockers,False,False
2808,2808.0,,bc7..,Practolol,Practolol [antiarrhythmic],Practolol,,,beta blockers,False,False
2809,2809.0,,bc71.,Eraldin,Eraldin 10mg/5mL injection,Practolol,10 mg/5 ml,,beta blockers,False,False
2810,2810.0,,bc7z.,Practolol,Practolol 10mg/5mL injection,Practolol,10 mg/5 ml,,beta blockers,False,False
2811,2811.0,,bd15.,Angilol,Angilol 10mg tablet,Propranolol Hydrochloride,10 mg,,beta blockers,False,False
2812,2812.0,,bd16.,Angilol,Angilol 40mg tablet,Propranolol Hydrochloride,40 mg,,beta blockers,False,False
2813,2813.0,,bd17.,Angilol,Angilol 80mg tablet,Propranolol Hydrochloride,80 mg,,beta blockers,False,False
2814,2814.0,,bd18.,Angilol,Angilol 160mg tablet,Propranolol Hydrochloride,160 mg,,beta blockers,False,False
2815,2815.0,,bd19.,Apsolol,Apsolol 10mg tablet,Propranolol Hydrochloride,10 mg,,beta blockers,False,False
2816,2816.0,,bd1A.,Propanix,Propanix 10mg tablet,Propranolol Hydrochloride,10 mg,,beta blockers,False,False
2817,2817.0,,bd1B.,Propanix,Propanix 40mg tablet,Propranolol Hydrochloride,40 mg,,beta blockers,False,False
2818,2818.0,,bd1C.,Propanix,Propanix 80mg tablet,Propranolol Hydrochloride,80 mg,,beta blockers,False,False
2819,2819.0,,bd1D.,Propanix,Propanix 160mg tablet,Propranolol Hydrochloride,160 mg,,beta blockers,False,False
2820,2820.0,,bd1E.,Propanix,Propanix SR 160mg m/r capsule,Propranolol Hydrochloride,160 mg,,beta blockers,False,False
2821,2821.0,,bd1F.,Betadur,Betadur CR 160mg m/r capsule,Propranolol Hydrochloride,160 mg,,beta blockers,False,False
2822,2822.0,,bd1G.,Beta-Prograne,Beta-Prograne 160mg m/r capsule,Propranolol Hydrochloride,160 mg,,beta blockers,False,False
2823,2823.0,,bd1K.,Betadur,Half-Betadur CR 80mg m/r capsule,Propranolol Hydrochloride,80 mg,,beta blockers,False,False
2824,2824.0,,bd1L.,Beta-Prograne,Half Beta-Prograne 80mg m/r capsule,Propranolol Hydrochloride,80 mg,,beta blockers,False,False
2825,2825.0,,bd1M.,Sloprolol,Sloprolol 80mg m/r capsule,Propranolol Hydrochloride,80 mg,,beta blockers,False,False
2826,2826.0,,bd1N.,Probeta,Probeta LA 160mg m/r capsule,Propranolol Hydrochloride,160 mg,,beta blockers,False,False
2827,2827.0,,bd1O.,Lopranol,Lopranol LA 160mg m/r capsule,Propranolol Hydrochloride,160 mg,,beta blockers,False,False
2828,2828.0,,bd1S.,Propanix,Half Propanix LA 80mg m/r capsule,Propranolol Hydrochloride,80 mg,,beta blockers,False,False
2829,2829.0,,bd1T.,Propanix,Propanix LA 160mg m/r capsule,Propranolol Hydrochloride,160 mg,,beta blockers,False,False
2830,2830.0,,bd1U.,Propatard,Half Propatard LA 80mg m/r capsule,Propranolol Hydrochloride,80 mg,,beta blockers,False,False
2831,2831.0,,bd1V.,Propatard,Propatard LA 160mg m/r capsule,Propranolol Hydrochloride,160 mg,,beta blockers,False,False
2832,2832.0,,bd1Z.,Syprol,Syprol 5mg/5mL oral solution,Propranolol Hydrochloride,5 mg/5 ml,,beta blockers,False,False
2833,2833.0,,bd1a.,Apsolol,Apsolol 40mg tablet,Propranolol Hydrochloride,40 mg,,beta blockers,False,False
2834,2834.0,,bd1b.,Apsolol,Apsolol 80mg tablet,Propranolol Hydrochloride,80 mg,,beta blockers,False,False
2835,2835.0,,bd1c.,Apsolol,Apsolol 160mg tablet,Propranolol Hydrochloride,160 mg,,beta blockers,False,False
2836,2836.0,,bd1d.,Bedranol,Bedranol 10mg tablet,Propranolol Hydrochloride,10 mg,,beta blockers,False,False
2837,2837.0,,bd1e.,Bedranol,Bedranol 40mg tablet,Propranolol Hydrochloride,40 mg,,beta blockers,False,False
2838,2838.0,,bd1f.,Bedranol,Bedranol 80mg tablet,Propranolol Hydrochloride,80 mg,,beta blockers,False,False
2839,2839.0,,bd1g.,Bedranol,Bedranol SR 160mg m/r capsule,Propranolol Hydrochloride,160 mg,,beta blockers,False,False
2840,2840.0,,bd1h.,Berkolol,Berkolol 10mg tablet,Propranolol Hydrochloride,10 mg,,beta blockers,False,False
2841,2841.0,,bd1i.,Berkolol,Berkolol 40mg tablet,Propranolol Hydrochloride,40 mg,,beta blockers,False,False
2842,2842.0,,bd1j.,Berkolol,Berkolol 80mg tablet,Propranolol Hydrochloride,80 mg,,beta blockers,False,False
2843,2843.0,,bd1k.,Berkolol,Berkolol 160mg tablet,Propranolol Hydrochloride,160 mg,,beta blockers,False,False
2844,2844.0,,bd1l.,Inderal,Half-Inderal LA 80mg m/r capsule,Propranolol Hydrochloride,80 mg,,beta blockers,False,False
2845,2845.0,,bd1m.,Inderal,Inderal 10mg tablet,Propranolol Hydrochloride,10 mg,,beta blockers,False,False
2846,2846.0,,bd1n.,Inderal,Inderal 40mg tablet,Propranolol Hydrochloride,40 mg,,beta blockers,False,False
2847,2847.0,,bd1o.,Inderal,Inderal 80mg tablet,Propranolol Hydrochloride,80 mg,,beta blockers,False,False
2848,2848.0,,bd1p.,Inderal,Inderal 160mg tablet,Propranolol Hydrochloride,160 mg,,beta blockers,False,False
2849,2849.0,,bd1q.,Inderal,Inderal 1mg/1mL injection,Propranolol Hydrochloride,1 mg/1 ml,,beta blockers,False,False
2850,2850.0,,bd1r.,Inderal,Inderal-LA 160mg m/r capsule,Propranolol Hydrochloride,160 mg,,beta blockers,False,False
2851,2851.0,,bd1s.,Sloprolol,Sloprolol 160mg m/r capsule,Propranolol Hydrochloride,160 mg,,beta blockers,False,False
2852,2852.0,,bd1t.,Cardinol,Cardinol 10mg tablet,Propranolol Hydrochloride,10 mg,,beta blockers,False,False
2853,2853.0,,bd1u.,Cardinol,Cardinol 40mg tablet,Propranolol Hydrochloride,40 mg,,beta blockers,False,False
2854,2854.0,,bd1v.,Cardinol,Cardinol 80mg tablet,Propranolol Hydrochloride,80 mg,,beta blockers,False,False
2855,2855.0,,bd1w.,Cardinol,Cardinol 160mg tablet,Propranolol Hydrochloride,160 mg,,beta blockers,False,False
2856,2856.0,,bd1z.,Syprol,Syprol 10mg/5mL oral solution,Propranolol Hydrochloride,10 mg/5 ml,,beta blockers,False,False
2857,2857.0,,bd21.,Sectral,Sectral 100mg capsule,Acebutolol Hydrochloride,100 mg,,beta blockers,False,False
2858,2858.0,,bd22.,Sectral,Sectral 200mg capsule,Acebutolol Hydrochloride,200 mg,,beta blockers,False,False
2859,2859.0,,bd23.,Sectral,Sectral 400mg tablet,Acebutolol Hydrochloride,400 mg,,beta blockers,False,False
2860,2860.0,,bd24.,Sectral,Sectral 10mg/2mL injection,Acebutolol Hydrochloride,10 mg/2 ml,,beta blockers,False,False
2861,2861.0,,bd3..,Atenolol,Atenolol,Atenolol,,,beta blockers,False,False
2862,2862.0,,bd31.,Tenormin,Tenormin 100mg tablet,Atenolol,100 mg,,beta blockers,False,False
2863,2863.0,,bd32.,Tenormin,Tenormin 25mg/5mL syrup,Atenolol,25 mg/5 ml,,beta blockers,False,False
2864,2864.0,,bd33.,Tenormin,Tenormin 5mg/10mL injection,Atenolol,5 mg/10 ml,,beta blockers,False,False
2865,2865.0,,bd34.,Tenormin,Tenormin LS 50mg tablet,Atenolol,50 mg,,beta blockers,False,False
2866,2866.0,,bd35.,Atenolol,Atenolol 50mg tablet,Atenolol,50 mg,,beta blockers,False,False
2867,2867.0,,bd36.,Atenolol,Atenolol 100mg tablet,Atenolol,100 mg,,beta blockers,False,False
2868,2868.0,,bd37.,Tenormin,Tenormin CCU pack,Atenolol,,,beta blockers,False,False
2869,2869.0,,bd3a.,Antipressan,Antipressan 50mg tablet,Atenolol,50 mg,,beta blockers,False,False
2870,2870.0,,bd3b.,Antipressan,Antipressan 100mg tablet,Atenolol,100 mg,,beta blockers,False,False
2871,2871.0,,bd3c.,Tenormin,Tenormin 25 tablet,Atenolol,,25.0,beta blockers,False,False
2872,2872.0,,bd3d.,Vasaten,Vasaten 50mg tablet,Atenolol,50 mg,,beta blockers,False,False
2873,2873.0,,bd3e.,Vasaten,Vasaten 100mg tablet,Atenolol,100 mg,,beta blockers,False,False
2874,2874.0,,bd3f.,Atenix,Atenix 50mg tablet,Atenolol,50 mg,,beta blockers,False,False
2875,2875.0,,bd3g.,Atenix,Atenix 100mg tablet,Atenolol,100 mg,,beta blockers,False,False
2876,2876.0,,bd3h.,Totamol,Totamol 50mg tablet,Atenolol,50 mg,,beta blockers,False,False
2877,2877.0,,bd3i.,Totamol,Totamol 100mg tablet,Atenolol,100 mg,,beta blockers,False,False
2878,2878.0,,bd3j.,Atenolol,Atenolol 25mg tablet,Atenolol,25 mg,,beta blockers,False,False
2879,2879.0,,bd3k.,Totamol,Totamol 25mg tablet,Atenolol,25 mg,,beta blockers,False,False
2880,2880.0,,bd3l.,Antipressan,Antipressan 25mg tablet,Atenolol,25 mg,,beta blockers,False,False
2881,2881.0,,bd3x.,Atenolol,Atenolol 25mg/5mL syrup,Atenolol,25 mg/5 ml,,beta blockers,False,False
2882,2882.0,,bd3y.,Atenolol,Atenolol 5mg/10mL injection,Atenolol,5 mg/10 ml,,beta blockers,False,False
2883,2883.0,,bd3z.,Atenix,Atenix 25mg tablet,Atenolol,25 mg,,beta blockers,False,False
2884,2884.0,,bd4..,Betaxolol HCl,Betaxolol HCl [b-blocker],Betaxolol Hydrochloride,,,beta blockers,False,False
2885,2885.0,,bd41.,Kerlone,Kerlone 20mg tablet,Betaxolol Hydrochloride,20 mg,,beta blockers,False,False
2886,2886.0,,bd54.,Labrocol,Labrocol 100mg tablet,Labetalol Hydrochloride,100 mg,,beta blockers,False,False
2887,2887.0,,bd55.,Labrocol,Labrocol 200mg tablet,Labetalol Hydrochloride,200 mg,,beta blockers,False,False
2888,2888.0,,bd56.,Labrocol,Labrocol 400mg tablet,Labetalol Hydrochloride,400 mg,,beta blockers,False,False
2889,2889.0,,bd57.,Trandate,Trandate 50mg tablet,Labetalol Hydrochloride,50 mg,,beta blockers,False,False
2890,2890.0,,bd58.,Trandate,Trandate 100mg tablet,Labetalol Hydrochloride,100 mg,,beta blockers,False,False
2891,2891.0,,bd59.,Trandate,Trandate 200mg tablet,Labetalol Hydrochloride,200 mg,,beta blockers,False,False
2892,2892.0,,bd5a.,Trandate,Trandate 400mg tablet,Labetalol Hydrochloride,400 mg,,beta blockers,False,False
2893,2893.0,,bd5b.,Trandate,Trandate 100mg/20mL injection,Labetalol Hydrochloride,100 mg/20 ml,,beta blockers,False,False
2894,2894.0,,bd6..,Toprol,Metoprolol tartrate,Metoprolol Tartrate,,,beta blockers,False,False
2895,2895.0,,bd61.,Betaloc,Betaloc 50mg tablet,Metoprolol Tartrate,50 mg,,beta blockers,False,False
2896,2896.0,,bd62.,Betaloc,Betaloc 100mg tablet,Metoprolol Tartrate,100 mg,,beta blockers,False,False
2897,2897.0,,bd63.,Betaloc,Betaloc 5mg/5mL injection,Metoprolol Tartrate,5 mg/5 ml,,beta blockers,False,False
2898,2898.0,,bd64.,Betaloc,Betaloc-SA 200mg Durule,Metoprolol Tartrate,200 mg,,beta blockers,False,False
2899,2899.0,,bd65.,Lopresor,Lopresor 50mg tablet,Metoprolol Tartrate,50 mg,,beta blockers,False,False
2900,2900.0,,bd66.,Lopresor,Lopresor 100mg tablet,Metoprolol Tartrate,100 mg,,beta blockers,False,False
2901,2901.0,,bd67.,Mepranix,Mepranix 50mg tablet,Metoprolol Tartrate,50 mg,,beta blockers,False,False
2902,2902.0,,bd68.,Mepranix,Mepranix 100mg tablet,Metoprolol Tartrate,100 mg,,beta blockers,False,False
2903,2903.0,,bd6a.,Lopresor,Lopresor 5mg/5mL injection,Metoprolol Tartrate,5 mg/5 ml,,beta blockers,False,False
2904,2904.0,,bd6b.,Lopresor,Lopresor SR 200mg m/r tablet,Metoprolol Tartrate,200 mg,,beta blockers,False,False
2905,2905.0,,bd6c.,Arbralene,Arbralene 50mg tablet,Metoprolol Tartrate,50 mg,,beta blockers,False,False
2906,2906.0,,bd6d.,Arbralene,Arbralene 100mg tablet,Metoprolol Tartrate,100 mg,,beta blockers,False,False
2907,2907.0,,bd6e.,Tensomex,Tensomex 100mg tablet,Metoprolol Tartrate,100 mg,,beta blockers,False,False
2908,2908.0,,bd6w.,Toprol,Metoprolol tartrate 100mg tablet,Metoprolol Tartrate,100 mg,,beta blockers,False,False
2909,2909.0,,bd6x.,Toprol,Metoprolol tartrate 50mg tablet,Metoprolol Tartrate,50 mg,,beta blockers,False,False
2910,2910.0,,bd6y.,Toprol,Metoprolol tartrate 5mg/5mL injection,Metoprolol Tartrate,5 mg/5 ml,,beta blockers,False,False
2911,2911.0,,bd6z.,Toprol,Metoprolol tartrate 200mg m/r tablet,Metoprolol Tartrate,200 mg,,beta blockers,False,False
2912,2912.0,,bd7..,Nadolol,Nadolol,Nadolol,,,beta blockers,False,False
2913,2913.0,,bd71.,Corgard,Corgard 40mg tablet,Nadolol,40 mg,,beta blockers,False,False
2914,2914.0,,bd72.,Corgard,Corgard 80mg tablet,Nadolol,80 mg,,beta blockers,False,False
2915,2915.0,,bd7y.,Nadolol,Nadolol 40mg tablet,Nadolol,40 mg,,beta blockers,False,False
2916,2916.0,,bd7z.,Nadolol,Nadolol 80mg tablet,Nadolol,80 mg,,beta blockers,False,False
2917,2917.0,,bd85.,Apsolox,Apsolox 20mg tablet,Oxprenolol Hydrochloride,20 mg,,beta blockers,False,False
2918,2918.0,,bd86.,Apsolox,Apsolox 40mg tablet,Oxprenolol Hydrochloride,40 mg,,beta blockers,False,False
2919,2919.0,,bd87.,Apsolox,Apsolox 80mg tablet,Oxprenolol Hydrochloride,80 mg,,beta blockers,False,False
2920,2920.0,,bd88.,Apsolox,Apsolox 160mg tablet,Oxprenolol Hydrochloride,160 mg,,beta blockers,False,False
2921,2921.0,,bd89.,Laracor,Laracor 20mg tablet,Oxprenolol Hydrochloride,20 mg,,beta blockers,False,False
2922,2922.0,,bd8a.,Laracor,Laracor 40mg tablet,Oxprenolol Hydrochloride,40 mg,,beta blockers,False,False
2923,2923.0,,bd8b.,Laracor,Laracor 80mg tablet,Oxprenolol Hydrochloride,80 mg,,beta blockers,False,False
2924,2924.0,,bd8c.,Laracor,Laracor 160mg tablet,Oxprenolol Hydrochloride,160 mg,,beta blockers,False,False
2925,2925.0,,bd8d.,Slow-Pren,Slow-Pren 160mg m/r tablet,Oxprenolol Hydrochloride,160 mg,,beta blockers,False,False
2926,2926.0,,bd8e.,Slow-Trasicor,Slow-Trasicor 160mg m/r tablet,Oxprenolol Hydrochloride,160 mg,,beta blockers,False,False
2927,2927.0,,bd8f.,Trasicor,Trasicor 20mg tablet,Oxprenolol Hydrochloride,20 mg,,beta blockers,False,False
2928,2928.0,,bd8g.,Trasicor,Trasicor 40mg tablet,Oxprenolol Hydrochloride,40 mg,,beta blockers,False,False
2929,2929.0,,bd8h.,Trasicor,Trasicor 80mg tablet,Oxprenolol Hydrochloride,80 mg,,beta blockers,False,False
2930,2930.0,,bd8i.,Trasicor,Trasicor 160mg tablet,Oxprenolol Hydrochloride,160 mg,,beta blockers,False,False
2931,2931.0,,bd8j.,Trasicor,Trasicor 2mg injection,Oxprenolol Hydrochloride,2 mg,,beta blockers,False,False
2932,2932.0,,bd8k.,Paritane,Paritane 20mg tablet,Oxprenolol Hydrochloride,20 mg,,beta blockers,False,False
2933,2933.0,,bd8l.,Paritane,Paritane 40mg tablet,Oxprenolol Hydrochloride,40 mg,,beta blockers,False,False
2934,2934.0,,bd8m.,Paritane,Paritane 80mg tablet,Oxprenolol Hydrochloride,80 mg,,beta blockers,False,False
2935,2935.0,,bd8n.,Paritane,Paritane 160mg tablet,Oxprenolol Hydrochloride,160 mg,,beta blockers,False,False
2936,2936.0,,bda..,Pindolol,Pindolol,Pindolol,,,beta blockers,False,False
2937,2937.0,,bda1.,Visken,Visken 5mg tablet,Pindolol,5 mg,,beta blockers,False,False
2938,2938.0,,bda2.,Visken,Visken 15mg tablet,Pindolol,15 mg,,beta blockers,False,False
2939,2939.0,,bda3.,Betadren,Betadren 5mg tablet,Pindolol,5 mg,,beta blockers,False,False
2940,2940.0,,bda4.,Betadren,Betadren 15mg tablet,Pindolol,15 mg,,beta blockers,False,False
2941,2941.0,,bday.,Pindolol,Pindolol 5mg tablet,Pindolol,5 mg,,beta blockers,False,False
2942,2942.0,,bdaz.,Pindolol,Pindolol 15mg tablet,Pindolol,15 mg,,beta blockers,False,False
2943,2943.0,,bdb..,Practolol,Practolol [b-blocker],Practolol,,,beta blockers,False,False
2944,2944.0,,bdc1.,Beta-Cardone,Beta-Cardone 40mg tablet,Sotalol Hydrochloride,40 mg,,beta blockers,False,False
2945,2945.0,,bdc2.,Beta-Cardone,Beta-Cardone 80mg tablet,Sotalol Hydrochloride,80 mg,,beta blockers,False,False
2946,2946.0,,bdc3.,Beta-Cardone,Beta-Cardone 200mg tablet,Sotalol Hydrochloride,200 mg,,beta blockers,False,False
2947,2947.0,,bdc4.,Sotacor,Sotacor 80mg tablet,Sotalol Hydrochloride,80 mg,,beta blockers,False,False
2948,2948.0,,bdc5.,Sotacor,Sotacor 160mg tablet,Sotalol Hydrochloride,160 mg,,beta blockers,False,False
2949,2949.0,,bdc6.,Sotacor,Sotacor 10mg/5mL injection,Sotalol Hydrochloride,10 mg/5 ml,,beta blockers,False,False
2950,2950.0,,bdc7.,Sotacor,Sotacor 100mg/10mL injection,Sotalol Hydrochloride,100 mg/10 ml,,beta blockers,False,False
2951,2951.0,,bdc8.,Sotacor,Sotacor 40mg/4mL injection,Sotalol Hydrochloride,40 mg/4 ml,,beta blockers,False,False
2952,2952.0,,bdd..,Timolol,Timolol maleate [b-blocker],Timolol,,,beta blockers,False,False
2953,2953.0,,bdd1.,Betim,Betim 10mg tablet,Timolol,10 mg,,beta blockers,False,False
2954,2954.0,,bdd2.,Blocadren,Blocadren 10mg tablet,Timolol,10 mg,,beta blockers,False,False
2955,2955.0,,bddz.,Timolol,Timolol maleate 10mg tablet,Timolol,10 mg,,beta blockers,False,False
2956,2956.0,,bde1.,Betaloc,Co-Betaloc tablet,Metoprolol Tartrate,,,beta blockers,False,False
2957,2957.0,,bde2.,Betaloc,Co-Betaloc SA tablet,Metoprolol Tartrate,,,beta blockers,False,False
2958,2958.0,,bde3.,Corgaretic,Corgaretic 40mg tablet,Nadolol With Diuretic,40 mg,,beta blockers,False,False
2959,2959.0,,bde4.,Corgaretic,Corgaretic 80mg tablet,Nadolol With Diuretic,80 mg,,beta blockers,False,False
2960,2960.0,,bde5.,Inderetic,Inderetic capsule,Propranolol Hydrochloride With Diuretic,,,beta blockers,False,False
2961,2961.0,,bde6.,Inderex,Inderex capsule,Propranolol Hydrochloride With Diuretic,,,beta blockers,False,False
2962,2962.0,,bde7.,Kalten,Kalten capsule,Atenolol With Diuretic,,,beta blockers,False,False
2963,2963.0,,bde8.,Lasipressin,Lasipressin tablet,Penbutolol Sulphate With Diuretic,,,beta blockers,False,False
2964,2964.0,,bde9.,Lopresor,Lopresoretic tablet,Metoprolol Tartrate,,,beta blockers,False,False
2965,2965.0,,bdeA.,Toprol,Metoprolol tartrate+hydrochlorothiazide 100mg/12.5mg tablet,Metoprolol Tartrate,100 mg,,beta blockers,False,True
2966,2966.0,,bdeB.,Toprol,Metoprolol tartrate+hydrochlorothiazide 200mg/25mg m/r tablet,Metoprolol Tartrate,200 mg,,beta blockers,False,True
2967,2967.0,,bdeC.,Toprol,Metoprolol tartrate+chlorthalidone 100mg/12.5mg tablet,Metoprolol Tartrate,100 mg,,beta blockers,False,False
2968,2968.0,,bdeD.,Nadolol,Nadolol+bendroflumethiazide 40mg/5mg tablet,Nadolol,40 mg,,beta blockers,False,True
2969,2969.0,,bdeD.,Nadolol,Nadolol+bendrofluazide 40mg/5mg tablet,Nadolol,40 mg,,beta blockers,False,False
2970,2970.0,,bdeE.,Nadolol,Nadolol+bendrofluazide 80mg/5mg tablet,Nadolol,80 mg,,beta blockers,False,False
2971,2971.0,,bdeG.,Pindolol,Pindolol+clopamide 10mg/5mg tablet,Pindolol,10 mg,,beta blockers,False,False
2972,2972.0,,bdeK.,Timolol,Timolol maleate+co-amilozide 10mg/2.5mg/25mg tablet,Timolol,10 mg,,beta blockers,False,True
2973,2973.0,,bdeL.,Timolol,Timolol maleate+bendroflumethiazide 10mg/2.5mg tablet,Timolol,10 mg,,beta blockers,False,True
2974,2974.0,,bdeL.,Timolol,Timolol maleate+bendrofluazide 10mg/2.5mg tablet,Timolol,10 mg,,beta blockers,False,False
2975,2975.0,,bdeM.,Timolol,Timolol maleate+bendrofluazide 20mg/5mg tablet,Timolol,20 mg,,beta blockers,False,False
2976,2976.0,,bdeN.,Totaretic,Totaretic 50mg/12.5mg tablet,Co-Tenidone (Atenolol/Chlortalidone),50 mg,,beta blockers,False,False
2977,2977.0,,bdeO.,Totaretic,Totaretic 100mg/25mg tablet,Co-Tenidone (Atenolol/Chlortalidone),100 mg,,beta blockers,False,False
2978,2978.0,,bdeP.,Atenolol,Atenolol+bendrofluazide 25mg/1.25mg capsule,Atenolol,25 mg,,beta blockers,False,False
2979,2979.0,,bdeQ.,Tenben,Tenben capsule,Atenolol with Thiazides,,,beta blockers,False,False
2980,2980.0,,bdea.,Moducren,Moducren tablet,Timolol With Diuretic,,,beta blockers,False,False
2981,2981.0,,bdeb.,Prestim,Prestim tablet,Timolol With Diuretic,,,beta blockers,False,False
2982,2982.0,,bdec.,Prestim,Prestim Forte tablet,Timolol With Diuretic,,,beta blockers,False,False
2983,2983.0,,bded.,Secadrex,Secadrex tablet,Acebutolol Hydrochloride With Diuretic,,,beta blockers,False,False
2984,2984.0,,bdee.,Sotazide,Sotazide tablet,Sotalol Hydrochloride With Diuretic,,,beta blockers,False,False
2985,2985.0,,bdef.,Spiroprop,Spiroprop tablet,Propranolol Hydrochloride With Diuretic,,,beta blockers,False,False
2986,2986.0,,bdeg.,Tenoret,Tenoret 50 tablet,Co-Tenidone (Atenolol/Chlortalidone),,50.0,beta blockers,False,False
2987,2987.0,,bdeh.,Tenoret,Tenoretic tablet,Co-Tenidone (Atenolol/Chlortalidone),,,beta blockers,False,False
2988,2988.0,,bdei.,Tolerzide,Tolerzide tablet,Sotalol Hydrochloride With Diuretic,,,beta blockers,False,False
2989,2989.0,,bdej.,Trasidrex,Trasidrex tablet,Co-Prenozide (Oxprenolol HCl/Cyclopenth),,,beta blockers,False,False
2990,2990.0,,bdek.,Viskaldix,Viskaldix tablet,Pindolol With Diuretic,,,beta blockers,False,False
2991,2991.0,,bdem.,Atenolol,Atenolol+chlorthalidone 50mg/12.5mg tablet,Atenolol,50 mg,,beta blockers,False,False
2992,2992.0,,bdem.,Atenolol,Atenolol+chlortalidone 50mg/12.5mg tablet,Atenolol,50 mg,,beta blockers,False,True
2993,2993.0,,bden.,Atenolol,Atenolol+chlorthalidone 100mg/25mg tablet,Atenolol,100 mg,,beta blockers,False,False
2994,2994.0,,bden.,Atenolol,Atenolol+chlortalidone 100mg/25mg tablet,Atenolol,100 mg,,beta blockers,False,True
2995,2995.0,,bdeo.,Atenix,AtenixCo 50mg/12.5mg tablet,Atenolol,50 mg,,beta blockers,False,False
2996,2996.0,,bdep.,Atenix,AtenixCo 100mg/25mg tablet,Atenolol,100 mg,,beta blockers,False,False
2997,2997.0,,bdeq.,Tenchlor,Tenchlor 50mg/12.5mg tablet,Co-Tenidone (Atenolol/Chlortalidone),50 mg,,beta blockers,False,False
2998,2998.0,,bder.,Tenchlor,Tenchlor 100mg/25mg tablet,Co-Tenidone (Atenolol/Chlortalidone),100 mg,,beta blockers,False,False
2999,2999.0,,bdes.,Beta-Adalat,Beta-Adalat capsule,Atenolol With Calcium Channel Blocker,,,beta blockers,True,False
3000,3000.0,,bdet.,Tenif,Tenif capsule,Atenolol With Calcium Channel Blocker,,,beta blockers,False,False
3001,3001.0,,bdey.,Atenolol,Atenolol+co-amilozide 50mg/2.5mg/25mg capsule,Atenolol,50 mg,,beta blockers,False,True
3002,3002.0,,bdez.,Atenolol,Atenolol+nifedipine 50mg/20mg m/r capsule,Atenolol,50 mg,,beta blockers,True,False
3003,3003.0,,bdf..,Soprol,Bisoprolol fumarate,Bisoprolol Fumarate,,,beta blockers,False,False
3004,3004.0,,bdf1.,Soprol,Bisoprolol fumarate 5mg tablet,Bisoprolol Fumarate,5 mg,,beta blockers,False,False
3005,3005.0,,bdf2.,Soprol,Bisoprolol fumarate 10mg tablet,Bisoprolol Fumarate,10 mg,,beta blockers,False,False
3006,3006.0,,bdf3.,Monocor,Monocor 5mg tablet,Bisoprolol Fumarate,5 mg,,beta blockers,False,False
3007,3007.0,,bdf4.,Monocor,Monocor 10mg tablet,Bisoprolol Fumarate,10 mg,,beta blockers,False,False
3008,3008.0,,bdf5.,Emcor,Emcor LS 5mg tablet,Bisoprolol Fumarate,5 mg,,beta blockers,False,False
3009,3009.0,,bdf6.,Emcor,Emcor 10mg tablet,Bisoprolol Fumarate,10 mg,,beta blockers,False,False
3010,3010.0,,bdf7.,Monozide 10,Monozide 10 tablet,Bisoprolol Fumarate With Diuretic,,10.0,beta blockers,False,False
3011,3011.0,,bdf8.,Soprol,Bisoprolol fumarate+hydrochlorothiazide 10mg/6.25mg tablet,Bisoprolol Fumarate,10 mg,,beta blockers,False,True
3012,3012.0,,bdf9.,Cardicor,Cardicor 1.25mg tablet,Bisoprolol Fumarate,1.25 mg,,beta blockers,False,False
3013,3013.0,,bdfA.,Cardicor,Cardicor 2.5mg tablet,Bisoprolol Fumarate,2.5 mg,,beta blockers,False,False
3014,3014.0,,bdfB.,Cardicor,Cardicor 3.75mg tablet,Bisoprolol Fumarate,3.75 mg,,beta blockers,False,False
3015,3015.0,,bdfC.,Cardicor,Cardicor 5mg tablet,Bisoprolol Fumarate,5 mg,,beta blockers,False,False
3016,3016.0,,bdfD.,Cardicor,Cardicor 7.5mg tablet,Bisoprolol Fumarate,7.5 mg,,beta blockers,False,False
3017,3017.0,,bdfE.,Cardicor,Cardicor 10mg tablet,Bisoprolol Fumarate,10 mg,,beta blockers,False,False
3018,3018.0,,bdfF.,Bipranix,Bipranix 5mg tablet,Bisoprolol Fumarate,5 mg,,beta blockers,False,False
3019,3019.0,,bdfG.,Bipranix,Bipranix 10mg tablet,Bisoprolol Fumarate,10 mg,,beta blockers,False,False
3020,3020.0,,bdfH.,Soloc,Soloc 5mg tablet,Bisoprolol Fumarate,5 mg,,beta blockers,False,False
3021,3021.0,,bdfI.,Soloc,Soloc 10mg tablet,Bisoprolol Fumarate,10 mg,,beta blockers,False,False
3022,3022.0,,bdfJ.,Vivacor,Vivacor 10mg tablet,Bisoprolol Fumarate,10 mg,,beta blockers,False,False
3023,3023.0,,bdfK.,Vivacor,Vivacor 5mg tablet,Bisoprolol Fumarate,5 mg,,beta blockers,False,False
3024,3024.0,,bdfL.,Congescor,Congescor 1.25mg tablet,Bisoprolol Fumarate,1.25 mg,,beta blockers,False,False
3025,3025.0,,bdfM.,Congescor,Congescor 2.5mg tablet,Bisoprolol Fumarate,2.5 mg,,beta blockers,False,False
3026,3026.0,,bdfw.,Soprol,Bisoprolol fumarate 1.25mg tablet,Bisoprolol Fumarate,1.25 mg,,beta blockers,False,False
3027,3027.0,,bdfx.,Soprol,Bisoprolol fumarate 2.5mg tablet,Bisoprolol Fumarate,2.5 mg,,beta blockers,False,False
3028,3028.0,,bdfy.,Soprol,Bisoprolol fumarate 3.75mg tablet,Bisoprolol Fumarate,3.75 mg,,beta blockers,False,False
3029,3029.0,,bdfz.,Soprol,Bisoprolol fumarate 7.5mg tablet,Bisoprolol Fumarate,7.5 mg,,beta blockers,False,False
3030,3030.0,,bdh..,Toprol,Metoprolol fumarate,Metoprolol Tartrate,,,beta blockers,False,False
3031,3031.0,,bdh1.,Toprol,Metoprolol fumarate 190mg tablet,Metoprolol Tartrate,190 mg,,beta blockers,False,False
3032,3032.0,,bdh2.,Toprol,Metoprolol fumarate 95mg tablet,Metoprolol Tartrate,95 mg,,beta blockers,False,False
3033,3033.0,,bdh3.,Metoros,Metoros 190mg tablet,Metoprolol Fumarate,190 mg,,beta blockers,False,False
3034,3034.0,,bdh4.,Metoros,Metoros 95mg tablet,Metoprolol Fumarate,95 mg,,beta blockers,False,False
3035,3035.0,,bdi2.,Cartrol,Cartrol 10mg tablet,Carteolol Hydrochloride,10 mg,,beta blockers,False,False
3036,3036.0,,bdj2.,Celectol,Celectol 200mg tablets 28-CP,Celiprolol Hydrochloride,200 mg,,beta blockers,False,False
3037,3037.0,,bdj3.,Celectol,Celectol 200mg tablet,Celiprolol Hydrochloride,200 mg,,beta blockers,False,False
3038,3038.0,,bdj5.,Celectol,Celectol 400mg tablet,Celiprolol Hydrochloride,400 mg,,beta blockers,False,False
3039,3039.0,,bdk3.,Brevibloc,Brevibloc Concentrate 2.5g/10mL injection,Esmolol Hydrochloride,,,beta blockers,False,False
3040,3040.0,,bdk4.,Brevibloc,Brevibloc 100mg/10mL injection,Esmolol Hydrochloride,100 mg/10 ml,,beta blockers,False,False
3041,3041.0,,bdk6.,Brevibloc,Brevibloc 10mg/mL infusion solution,Esmolol Hydrochloride,10 mg/mL,,beta blockers,False,False
3042,3042.0,,bdk7.,Esmolol Hydrochloride,ESMOLOL HYDROCHLORIDE 2.5g powder for solution for injection,Esmolol Hydrochloride,,,beta blockers,False,False
3043,3043.0,,bdl..,Carvedilol,Carvedilol,Carvedilol,,,beta blockers,False,False
3044,3044.0,,bdl1.,Eucardic,Eucardic 12.5 tablet,Carvedilol,,5.0,beta blockers,False,False
3045,3045.0,,bdl2.,Eucardic,Eucardic 25 tablet,Carvedilol,,25.0,beta blockers,False,False
3046,3046.0,,bdl3.,Carvedilol,Carvedilol 12.5mg tablet,Carvedilol,12.5 mg,,beta blockers,False,False
3047,3047.0,,bdl4.,Carvedilol,Carvedilol 25mg tablet,Carvedilol,25 mg,,beta blockers,False,False
3048,3048.0,,bdl5.,Carvedilol,Carvedilol 3.125mg tablet,Carvedilol,3.125 mg,,beta blockers,False,False
3049,3049.0,,bdl6.,Carvedilol,Carvedilol 6.25mg tablet,Carvedilol,6.25 mg,,beta blockers,False,False
3050,3050.0,,bdl7.,Eucardic,Eucardic 3.125 tablet,Carvedilol,,125.0,beta blockers,False,False
3051,3051.0,,bdl8.,Eucardic,Eucardic 6.25 tablet,Carvedilol,,25.0,beta blockers,False,False
3052,3052.0,,bdm..,Nebivolol,Nebivolol,Nebivolol,,,beta blockers,False,False
3053,3053.0,,bdm1.,Nebilet,Nebilet 5mg tablet,Nebivolol,5 mg,,beta blockers,False,False
3054,3054.0,,bdm2.,Hypoloc,HYPOLOC 5mg tablets,Nebivolol,5 mg,,beta blockers,False,False
3055,3055.0,,bdmy.,Nebivolol,NEBIVOLOL 2.5mg tablets,Nebivolol,2.5 mg,,beta blockers,False,False
3056,3056.0,,bdmz.,Nebivolol,Nebivolol 5mg tablet,Nebivolol,5 mg,,beta blockers,False,False
3057,3057.0,,bdn1.,Syprol,Syprol 50mg/5mL oral solution,Propranolol Hydrochloride,50 mg/5 ml,,beta blockers,False,False
3058,3058.0,,bdn2.,Bedranol,Bedranol SR 80mg m/r capsule,Propranolol Hydrochloride,80 mg,,beta blockers,False,False
3059,3059.0,,bdn3.,Rapranol,Rapranol SR 80mg m/r capsule,Propranolol Hydrochloride,80 mg,,beta blockers,False,False
3060,3060.0,,bdn4.,Rapranol,Rapranol SR 160mg m/r capsule,Propranolol Hydrochloride,160 mg,,beta blockers,False,False
3061,3061.0,,bdn5.,Syprol,SYPROL 40mg/5mL oral solution,Propranolol Hydrochloride,40 mg/5 ml,,beta blockers,False,False
3062,3062.0,,bdn6.,Propranolol Hydrochloride,PROPRANOLOL HYDROCHLORIDE 40mg/5mL sugar free oral solution,Propranolol Hydrochloride,40 mg/5 ml,,beta blockers,False,False
3063,3063.0,,d7d1.,Concor,Concordin 5mg tablet,Bisoprolol Fumarate,5 mg,,beta blockers,False,False
3064,3064.0,,d7d2.,Concor,Concordin 10mg tablet,Bisoprolol Fumarate,10 mg,,beta blockers,False,False
3065,3065.0,,k8f..,Timolol,Timolol maleate [eye],Timolol,,,beta blockers,False,False
3066,3066.0,,k8f4.,Timolol,Timolol 0.25% eye drops 0.25mL unit dose dispenser,Timolol,,,beta blockers,False,False
3067,3067.0,,k8f6.,Timolol,Timolol 0.5% eye drops 0.25mL unit dose dispenser,Timolol,,,beta blockers,False,False
3068,3068.0,,k8f9.,Timolol,Timolol 0.25% liquid eye gel,Timolol,,,beta blockers,False,False
3069,3069.0,,k8fA.,Timolol,Timolol 0.5% liquid eye gel,Timolol,,,beta blockers,False,False
3070,3070.0,,k8fF.,Timolol,Timolol 0.1% liquid eye gel,Timolol,,,beta blockers,False,False
3071,3071.0,,k8fI.,Timolol,TIMOLOL 1mg/g single-dose eye gel,Timolol,1 mg,,beta blockers,False,False
3072,3072.0,,k8fy.,Timolol,Timolol 0.25% eye drops,Timolol,,,beta blockers,False,False
3073,3073.0,,k8fz.,Timolol,Timolol 0.5% eye drops,Timolol,,,beta blockers,False,False
3074,3074.0,,k8k..,Timolol,Dorzolamide+timolol,Timolol,,,beta blockers,False,False
3075,3075.0,,k8k1.,Timolol,Dorzolamide+timolol 2%/0.5% eye drops,Timolol,,,beta blockers,False,False
3076,3076.0,,k8k4.,Timolol,DORZOLAMIDE+TIMOLOL 2%/0.5% single-use eye drops,Timolol,,,beta blockers,False,False
3077,3077.0,,k8m..,Timolol,Latanoprost+timolol,Timolol,,,beta blockers,False,False
3078,3078.0,,k8mz.,Timolol,Latanoprost+timolol 0.005%/0.5% eye drops,Timolol,,,beta blockers,False,False
3079,3079.0,,k8p..,Timolol,Brimonidine+timolol,Timolol,,,beta blockers,False,False
3080,3080.0,,k8p1.,Timolol,Brimonidine tartrate 0.2% / timolol 0.5% eye drops,Timolol,,,beta blockers,False,False
3081,3081.0,,k8q..,Timolol,TIMOLOL+TRAVOPROST,Timolol,,,beta blockers,False,False
3082,3082.0,,k8q1.,Timolol,TRAVOPROST 0.004% / TIMOLOL 0.5% eye drops,Timolol,,,beta blockers,False,False
3083,3083.0,,k8r..,Timolol,BIMATOPROST+TIMOLOL,Timolol,,,beta blockers,False,False
3084,3084.0,,k8r1.,Timolol,BIMATOPROST 0.03% / TIMOLOL 0.5% eye drops,Timolol,,,beta blockers,False,False
3085,3085.0,,k8r4.,Timolol,BIMATOPROST+TIMOLOL 0.03%/0.5% single-use eye drops,Timolol,,,beta blockers,False,False
3086,3086.0,,k8s..,Timolol,BRINZOLAMIDE+TIMOLOL,Timolol,,,beta blockers,False,False
3087,3087.0,,k8sz.,Timolol,BRINZOLAMIDE 1% / TIMOLOL 0.5% eye drops,Timolol,,,beta blockers,False,False
3088,3088.0,,k8v..,Timolol,TAFLUPROST+TIMOLOL,Timolol,,,beta blockers,False,False
3089,3089.0,,k8v2.,Timolol,TAFLUPROST+TIMOLOL 15micrograms/5mg/mL single-use eye drops,Timolol,5 mg/mL,,beta blockers,False,False
3090,3090.0,,m81I.,Artex,Wartex ointment 6g,Tertatolol,,,beta blockers,False,False
3091,3091.0,,wy0BQ,Concor,Concord Pharmaceutical Ltd,Bisoprolol Fumarate,,,beta blockers,False,False
3092,3092.0,,x000z,Atenolol,Atenolol+calcium channel blocker,Atenolol,,,beta blockers,False,False
3093,3093.0,,x0010,Atenolol,Atenolol+diuretic,Atenolol,,,beta blockers,False,False
3094,3094.0,,x007i,Toprol,Metoprolol+diuretic,Metoprolol Tartrate,,,beta blockers,False,False
3095,3095.0,,x0087,Nadolol,Nadolol+diuretic,Nadolol,,,beta blockers,False,False
3096,3096.0,,x009S,Pindolol,Pindolol+diuretic,Pindolol,,,beta blockers,False,False
3097,3097.0,,x00BL,Timolol,Timolol maleate+diuretic,Timolol,,,beta blockers,False,False
3098,3098.0,,x00Tb,Avlocardyl,Avlocardyl Retard 160mg m/r capsule,Propranolol Hydrochloride,160 mg,,beta blockers,False,False
3099,3099.0,,x00Te,Inderal,Inderal Retard 160mg m/r capsule,Propranolol Hydrochloride,160 mg,,beta blockers,False,False
3100,3100.0,,x00Tr,Trasicor,Trasicor Retard 160mg m/r tablet,Oxprenolol Hydrochloride,160 mg,,beta blockers,False,False
3101,3101.0,,x00Vw,Timolol,Timolol 0.25% metered dose eye drops,Timolol,,,beta blockers,False,False
3102,3102.0,,x00Vx,Timolol,Timolol 0.5% metered dose eye drops,Timolol,,,beta blockers,False,False
3103,3103.0,,x01C1,Soprol,Bisoprolol,Bisoprolol Fumarate,,,beta blockers,False,False
3104,3104.0,,x01C4,Toprol,Metoprolol,Metoprolol Tartrate,,,beta blockers,False,False
3105,3105.0,,x01CC,Practolol,Practolol,Practolol,,,beta blockers,False,False
3106,3106.0,,x01CJ,Timolol,Timolol,Timolol,,,beta blockers,False,False
3107,3107.0,,x01CK,Timolol,Oral timolol,Timolol,,,beta blockers,False,False
3108,3108.0,,x01CL,Timolol,Timolol eye drops,Timolol,,,beta blockers,False,False
3109,3109.0,,x02Rk,Atenolol,Atenolol+chlorthalidone,Atenolol,,,beta blockers,False,False
3110,3110.0,,x02Rk,Atenolol,Atenolol+chlortalidone,Atenolol,,,beta blockers,False,True
3111,3111.0,,x02Ty,Angilol,Angilol,Propranolol Hydrochloride,,,beta blockers,False,False
3112,3112.0,,x02U3,Antipressan,Antipressan,Atenolol,,,beta blockers,False,False
3113,3113.0,,x02UD,Apsolol,Apsolol,Propranolol Hydrochloride,,,beta blockers,False,False
3114,3114.0,,x02UG,Arbralene,Arbralene,Metoprolol Tartrate,,,beta blockers,False,False
3115,3115.0,,x02Uf,Atenix,Atenix,Atenolol,,,beta blockers,False,False
3116,3116.0,,x02Ug,Atenix,AtenixCo,Atenolol,,,beta blockers,False,False
3117,3117.0,,x02Un,Avlocardyl,Avlocardyl Retard,Propranolol Hydrochloride,,,beta blockers,False,False
3118,3118.0,,x02VB,Bedranol,Bedranol SR,Propranolol Hydrochloride,,,beta blockers,False,False
3119,3119.0,,x02VQ,Berkolol,Berkolol,Propranolol Hydrochloride,,,beta blockers,False,False
3120,3120.0,,x02VT,Beta-Adalat,Beta-Adalat,Atenolol With Calcium Channel Blocker,,,beta blockers,True,False
3121,3121.0,,x02VU,Beta-Cardone,Beta-Cardone,Sotalol Hydrochloride,,,beta blockers,False,False
3122,3122.0,,x02VV,Beta-Prograne,Beta-Prograne,Propranolol Hydrochloride,,,beta blockers,False,False
3123,3123.0,,x02Va,Betaloc,Betaloc,Metoprolol Tartrate,,,beta blockers,False,False
3124,3124.0,,x02Vb,Betaloc,Betaloc-SA,Metoprolol Tartrate,,,beta blockers,False,False
3125,3125.0,,x02Vc,Betim,Betim,Timolol,,,beta blockers,False,False
3126,3126.0,,x02Vm,Blocadren,Blocadren,Timolol,,,beta blockers,False,False
3127,3127.0,,x02Vu,Brevibloc,Brevibloc,Esmolol Hydrochloride,,,beta blockers,False,False
3128,3128.0,,x02Wp,Cardinol,Cardinol,Propranolol Hydrochloride,,,beta blockers,False,False
3129,3129.0,,x02X3,Celectol,Celectol,Celiprolol Hydrochloride,,,beta blockers,False,False
3130,3130.0,,x02Xf,Betaloc,Co-Betaloc,Metoprolol Tartrate,,,beta blockers,False,False
3131,3131.0,,x02Xg,Betaloc,Co-Betaloc SA,Metoprolol Tartrate,,,beta blockers,False,False
3132,3132.0,,x02Xv,Concor,Concordin,Bisoprolol Fumarate,,,beta blockers,False,False
3133,3133.0,,x02Y3,Corgard,Corgard,Nadolol,,,beta blockers,False,False
3134,3134.0,,x02Y4,Corgaretic,Corgaretic,Nadolol With Diuretic,,,beta blockers,False,False
3135,3135.0,,x02bC,Emcor,Emcor,Bisoprolol Fumarate,,,beta blockers,False,False
3136,3136.0,,x02bD,Emcor,Emcor LS,Bisoprolol Fumarate,,,beta blockers,False,False
3137,3137.0,,x02bs,Eucardic,Eucardic,Carvedilol,,,beta blockers,False,False
3138,3138.0,,x02eO,Beta-Prograne,Half Beta-Prograne,Propranolol Hydrochloride,,,beta blockers,False,False
3139,3139.0,,x02eP,Inderal,Half-Inderal LA,Propranolol Hydrochloride,,,beta blockers,False,False
3140,3140.0,,x02fW,Inderal,Inderal,Propranolol Hydrochloride,,,beta blockers,False,False
3141,3141.0,,x02fX,Inderal,Inderal Retard,Propranolol Hydrochloride,,,beta blockers,False,False
3142,3142.0,,x02fY,Inderal,Inderal-LA,Propranolol Hydrochloride,,,beta blockers,False,False
3143,3143.0,,x02fZ,Inderetic,Inderetic,Propranolol Hydrochloride With Diuretic,,,beta blockers,False,False
3144,3144.0,,x02fa,Inderex,Inderex,Propranolol Hydrochloride With Diuretic,,,beta blockers,False,False
3145,3145.0,,x02g7,Kalten,Kalten,Atenolol With Diuretic,,,beta blockers,False,False
3146,3146.0,,x02gM,Kerlone,Kerlone,Betaxolol Hydrochloride,,,beta blockers,False,False
3147,3147.0,,x02gm,Labrocol,Labrocol,Labetalol Hydrochloride,,,beta blockers,False,False
3148,3148.0,,x02ht,Lopranol,Lopranol LA,Propranolol Hydrochloride,,,beta blockers,False,False
3149,3149.0,,x02hu,Lopresor,Lopresor,Metoprolol Tartrate,,,beta blockers,False,False
3150,3150.0,,x02hv,Lopresor,Lopresor SR,Metoprolol Tartrate,,,beta blockers,False,False
3151,3151.0,,x02jh,Moducren,Moducren,Timolol With Diuretic,,,beta blockers,False,False
3152,3152.0,,x02jn,Monocor,Monocor,Bisoprolol Fumarate,,,beta blockers,False,False
3153,3153.0,,x02oA,Prestim,Prestim,Timolol With Diuretic,,,beta blockers,False,False
3154,3154.0,,x02oB,Prestim,Prestim Forte,Timolol With Diuretic,,,beta blockers,False,False
3155,3155.0,,x02oL,Probeta,Probeta LA,Propranolol Hydrochloride,,,beta blockers,False,False
3156,3156.0,,x02oV,Propanix,Propanix,Propranolol Hydrochloride,,,beta blockers,False,False
3157,3157.0,,x02oW,Propanix,Propanix SR,Propranolol Hydrochloride,,,beta blockers,False,False
3158,3158.0,,x02qe,Secadrex,Secadrex,Acebutolol Hydrochloride With Diuretic,,,beta blockers,False,False
3159,3159.0,,x02qg,Sectral,Sectral,Acebutolol Hydrochloride,,,beta blockers,False,False
3160,3160.0,,x02r2,Sloprolol,Sloprolol,Propranolol Hydrochloride,,,beta blockers,False,False
3161,3161.0,,x02r6,Slow-Trasicor,Slow-Trasicor,Oxprenolol Hydrochloride,,,beta blockers,False,False
3162,3162.0,,x02rH,Sotacor,Sotacor,Sotalol Hydrochloride,,,beta blockers,False,False
3163,3163.0,,x02rI,Sotazide,Sotazide,Sotalol Hydrochloride With Diuretic,,,beta blockers,False,False
3164,3164.0,,x02sK,Tenchlor,Tenchlor,Co-Tenidone (Atenolol/Chlortalidone),,,beta blockers,False,False
3165,3165.0,,x02sL,Tenif,Tenif,Atenolol With Calcium Channel Blocker,,,beta blockers,False,False
3166,3166.0,,x02sN,Tenoret,Tenoret 50,Co-Tenidone (Atenolol/Chlortalidone),,,beta blockers,False,False
3167,3167.0,,x02sO,Tenoret,Tenoretic,Co-Tenidone (Atenolol/Chlortalidone),,,beta blockers,False,False
3168,3168.0,,x02sP,Tenormin,Tenormin,Atenolol,,,beta blockers,False,False
3169,3169.0,,x02sQ,Tenormin,Tenormin LS,Atenolol,,,beta blockers,False,False
3170,3170.0,,x02sr,Tolerzide,Tolerzide,Sotalol Hydrochloride With Diuretic,,,beta blockers,False,False
3171,3171.0,,x02sx,Totamol,Totamol,Atenolol,,,beta blockers,False,False
3172,3172.0,,x02sy,Totaretic,Totaretic,Co-Tenidone (Atenolol/Chlortalidone),,,beta blockers,False,False
3173,3173.0,,x02t1,Trandate,Trandate,Labetalol Hydrochloride,,,beta blockers,False,False
3174,3174.0,,x02t4,Trasicor,Trasicor,Oxprenolol Hydrochloride,,,beta blockers,False,False
3175,3175.0,,x02t5,Trasicor,Trasicor Retard,Oxprenolol Hydrochloride,,,beta blockers,False,False
3176,3176.0,,x02t6,Trasidrex,Trasidrex,Co-Prenozide (Oxprenolol HCl/Cyclopenth),,,beta blockers,False,False
3177,3177.0,,x02uP,Viskaldix,Viskaldix,Pindolol With Diuretic,,,beta blockers,False,False
3178,3178.0,,x02uQ,Visken,Visken,Pindolol,,,beta blockers,False,False
3179,3179.0,,x03hf,Timolol,Topical timolol,Timolol,,,beta blockers,False,False
3180,3180.0,,x03jn,Atenolol,Atenolol+bendroflumethiazide,Atenolol,,,beta blockers,False,True
3181,3181.0,,x03jn,Atenolol,Atenolol+bendrofluazide,Atenolol,,,beta blockers,False,False
3182,3182.0,,x03jo,Atenolol,Atenolol+co-amilozide,Atenolol,,,beta blockers,False,True
3183,3183.0,,x03jp,Tenben,Tenben,Atenolol with Thiazides,,,beta blockers,False,False
3184,3184.0,,x03sB,Brevibloc,Brevibloc Concentrate,Esmolol Hydrochloride,,,beta blockers,False,False
3185,3185.0,,x03st,Monozide 10,Monozide 10,Bisoprolol Fumarate With Diuretic,,,beta blockers,False,False
3186,3186.0,,x03wm,Propanix,Propanix LA,Propranolol Hydrochloride,,,beta blockers,False,False
3187,3187.0,,x03yR,Tenormin,Tenormin 25,Atenolol,,,beta blockers,False,False
3188,3188.0,,x048y,Propanix,Half Propanix LA,Propranolol Hydrochloride,,,beta blockers,False,False
3189,3189.0,,x04bN,Propatard,Half Propatard LA,Propranolol Hydrochloride,,,beta blockers,False,False
3190,3190.0,,x04bO,Propatard,Propatard LA,Propranolol Hydrochloride,,,beta blockers,False,False
3191,3191.0,,x04uG,Eucardic,Eucardic 3.125,Carvedilol,,,beta blockers,False,False
3192,3192.0,,x04uH,Eucardic,Eucardic 6.25,Carvedilol,,,beta blockers,False,False
3193,3193.0,,x04uI,Eucardic,Eucardic 12.5,Carvedilol,,,beta blockers,False,False
3194,3194.0,,x04uJ,Eucardic,Eucardic 25,Carvedilol,,,beta blockers,False,False
3195,3195.0,,x04y0,Nebilet,Nebilet,Nebivolol,,,beta blockers,False,False
3196,3196.0,,x054A,Artex,Wartex ointment,Tertatolol,,,beta blockers,False,False
3197,3197.0,,x054B,Artex,Wartex,Tertatolol,,,beta blockers,False,False
3198,3198.0,,x056B,Cardicor,Cardicor,Bisoprolol Fumarate,,,beta blockers,False,False
3199,3199.0,,x05E7,Syprol,Syprol,Propranolol Hydrochloride,,,beta blockers,False,False
3200,3200.0,,x05LO,Atenolol,Atenolol - chemical,Atenolol,,,beta blockers,False,False
3201,3201.0,,x05MW,Soprol,Bisoprolol fumarate - chemical,Bisoprolol Fumarate,,,beta blockers,False,False
3202,3202.0,,x05Xy,Bipranix,Bipranix,Bisoprolol Fumarate,,,beta blockers,False,False
3203,3203.0,,x05gS,Tensomex,Tensomex,Metoprolol Tartrate,,,beta blockers,False,False
3204,3204.0,,x05gY,Soloc,Soloc,Bisoprolol Fumarate,,,beta blockers,False,False
3205,3205.0,,x05i2,Rapranol,Rapranol SR,Propranolol Hydrochloride,,,beta blockers,False,False
3206,3206.0,,x05iH,Vivacor,Vivacor,Bisoprolol Fumarate,,,beta blockers,False,False
3207,3207.0,,x060K,Congescor,Congescor,Bisoprolol Fumarate,,,beta blockers,False,False
3208,3208.0,,.8BMR,Concor,Needs assistance with medication concordance,Bisoprolol Fumarate,,,beta blockers,False,False
3209,3209.0,,.8I6i,Soprol,Bisoprolol not indicated,Bisoprolol Fumarate,,,beta blockers,False,False
3210,3210.0,,.8I6j,Carvedilol,Carvedilol not indicated,Carvedilol,,,beta blockers,False,False
3211,3211.0,,.8I6k,Nebivolol,Nebivolol not indicated,Nebivolol,,,beta blockers,False,False
3212,3212.0,,.8I7K,Soprol,Bisoprolol not tolerated,Bisoprolol Fumarate,,,beta blockers,False,False
3213,3213.0,,.8I7L,Carvedilol,Carvedilol not tolerated,Carvedilol,,,beta blockers,False,False
3214,3214.0,,.8I7M,Nebivolol,Nebivolol not tolerated,Nebivolol,,,beta blockers,False,False
3215,3215.0,,8BMR.,Concor,Needs assistance with medication concordance,Bisoprolol Fumarate,,,beta blockers,False,False
3216,3216.0,,8I6i.,Soprol,Bisoprolol not indicated,Bisoprolol Fumarate,,,beta blockers,False,False
3217,3217.0,,8I6j.,Carvedilol,Carvedilol not indicated,Carvedilol,,,beta blockers,False,False
3218,3218.0,,8I6k.,Nebivolol,Nebivolol not indicated,Nebivolol,,,beta blockers,False,False
3219,3219.0,,8I7K.,Soprol,Bisoprolol not tolerated,Bisoprolol Fumarate,,,beta blockers,False,False
3220,3220.0,,8I7L.,Carvedilol,Carvedilol not tolerated,Carvedilol,,,beta blockers,False,False
3221,3221.0,,8I7M.,Nebivolol,Nebivolol not tolerated,Nebivolol,,,beta blockers,False,False
3222,3222.0,,bd38.,Beta-Adalat,Beta-Adalat capsule,Atenolol With Calcium Channel Blocker,,,beta blockers,True,False
3223,3223.0,,bd39.,Tenif,Tenif capsule,Atenolol With Calcium Channel Blocker,,,beta blockers,False,False
3224,3224.0,,031..,Univer,University academic staff,Verapamil Hydrochloride,,,calcium-channel blocker,True,False
3225,3225.0,,0311.,Univer,University vice-chancellor,Verapamil Hydrochloride,,,calcium-channel blocker,True,False
3226,3226.0,,0312.,Univer,University professor,Verapamil Hydrochloride,,,calcium-channel blocker,True,False
3227,3227.0,,0313.,Univer,University lecturer,Verapamil Hydrochloride,,,calcium-channel blocker,True,False
3228,3228.0,,0314.,Univer,University dean,Verapamil Hydrochloride,,,calcium-channel blocker,True,False
3229,3229.0,,031Z.,Univer,University teacher NOS,Verapamil Hydrochloride,,,calcium-channel blocker,True,False
3230,3230.0,,09Z..,Uard,(Private detective) or (security guard) or (other protective services),Diltiazem Hydrochloride,,,calcium-channel blocker,True,False
3231,3231.0,,09Z..,Uard,Security guard,Diltiazem Hydrochloride,,,calcium-channel blocker,True,False
3232,3232.0,,09Z..,Uard,Guard - security,Diltiazem Hydrochloride,,,calcium-channel blocker,True,False
3233,3233.0,,09Z1.,Uard,Coastguard,Diltiazem Hydrochloride,,,calcium-channel blocker,True,False
3234,3234.0,,09Z9.,Uard,Security guard,Diltiazem Hydrochloride,,,calcium-channel blocker,True,False
3235,3235.0,,0I24.,Uard,Railway guard,Diltiazem Hydrochloride,,,calcium-channel blocker,True,False
3236,3236.0,,13T2.,Uard,Guardian's allowance,Diltiazem Hydrochloride,,,calcium-channel blocker,True,False
3237,3237.0,,25D..,Uard,O/E - guarding on palpation,Diltiazem Hydrochloride,,,calcium-channel blocker,True,False
3238,3238.0,,25D..,Uard,O/E - guarding of abdomen,Diltiazem Hydrochloride,,,calcium-channel blocker,True,False
3239,3239.0,,25D1.,Uard,O/E - no guarding on palpation,Diltiazem Hydrochloride,,,calcium-channel blocker,True,False
3240,3240.0,,25D2.,Uard,O/E - guarding-R.hypochondrium,Diltiazem Hydrochloride,,,calcium-channel blocker,True,False
3241,3241.0,,25D3.,Uard,O/E - guarding - epigastrium,Diltiazem Hydrochloride,,,calcium-channel blocker,True,False
3242,3242.0,,25D4.,Uard,O/E - guarding-L.hypochondrium,Diltiazem Hydrochloride,,,calcium-channel blocker,True,False
3243,3243.0,,25D5.,Uard,O/E - guarding - R.lumbar,Diltiazem Hydrochloride,,,calcium-channel blocker,True,False
3244,3244.0,,25D6.,Uard,O/E - guarding - umbilical,Diltiazem Hydrochloride,,,calcium-channel blocker,True,False
3245,3245.0,,25D7.,Uard,O/E - guarding - L.lumbar,Diltiazem Hydrochloride,,,calcium-channel blocker,True,False
3246,3246.0,,25D8.,Uard,O/E - guarding - R.iliac,Diltiazem Hydrochloride,,,calcium-channel blocker,True,False
3247,3247.0,,25D9.,Uard,O/E - guarding - hypogastrium,Diltiazem Hydrochloride,,,calcium-channel blocker,True,False
3248,3248.0,,25DA.,Uard,O/E - guarding - L.iliac,Diltiazem Hydrochloride,,,calcium-channel blocker,True,False
3249,3249.0,,25DZ.,Uard,O/E -guarding on palpation NOS,Diltiazem Hydrochloride,,,calcium-channel blocker,True,False
3250,3250.0,,6995.,Univer,University admission medical,Verapamil Hydrochloride,,,calcium-channel blocker,True,False
3251,3251.0,,72550,Uard,Creation of guarded fistula to sclera,Diltiazem Hydrochloride,,,calcium-channel blocker,True,False
3252,3252.0,,7263.,Sular,Extracapsular extraction of lens,Nisoldipine,,,calcium-channel blocker,True,False
3253,3253.0,,7263.,Sular,Extracapsular cataract extraction,Nisoldipine,,,calcium-channel blocker,True,False
3254,3254.0,,7263.,Sular,ECCE - Extracapsular cataract extraction,Nisoldipine,,,calcium-channel blocker,True,False
3255,3255.0,,7263y,Sular,Other specified extracapsular extraction of lens,Nisoldipine,,,calcium-channel blocker,True,False
3256,3256.0,,7263z,Sular,Extracapsular extraction of lens NOS,Nisoldipine,,,calcium-channel blocker,True,False
3257,3257.0,,7264.,Sular,Intracapsular extraction of lens,Nisoldipine,,,calcium-channel blocker,True,False
3258,3258.0,,7264.,Sular,Intracapsular extraction of cataract,Nisoldipine,,,calcium-channel blocker,True,False
3259,3259.0,,7264.,Sular,ICCE - Intracapsular cataract extraction,Nisoldipine,,,calcium-channel blocker,True,False
3260,3260.0,,7264y,Sular,Other specified intracapsular extraction of lens,Nisoldipine,,,calcium-channel blocker,True,False
3261,3261.0,,7264z,Sular,Intracapsular extraction of lens NOS,Nisoldipine,,,calcium-channel blocker,True,False
3262,3262.0,,7C020,Sular,Bilateral subcapsular orchidectomy,Nisoldipine,,,calcium-channel blocker,True,False
3263,3263.0,,7C020,Sular,BSO - Bilateral subcapsular orchidectomy,Nisoldipine,,,calcium-channel blocker,True,False
3264,3264.0,,7C020,Sular,BSCO - Bilateral subcapsular orchidectomy,Nisoldipine,,,calcium-channel blocker,True,False
3265,3265.0,,7C030,Sular,Unilateral subcapsular orchidectomy,Nisoldipine,,,calcium-channel blocker,True,False
3266,3266.0,,7K1J0,Sular,Closed reduction of intracapsular fracture of neck of femur and fixation using Garden cannulated screw,Nisoldipine,,,calcium-channel blocker,True,False
3267,3267.0,,7K1J0,Sular,Closed reduction of intracapsular fracture of neck of femur and fixation using Smith-Petersen nail,Nisoldipine,,,calcium-channel blocker,True,False
3268,3268.0,,7K6S0,Sular,Capsular shift,Nisoldipine,,,calcium-channel blocker,True,False
3269,3269.0,,8E73.,Istin,Assisting exercise,Amlodipine,,,calcium-channel blocker,True,False
3270,3270.0,,9142.,Univer,Patient away at college or university,Verapamil Hydrochloride,,,calcium-channel blocker,True,False
3271,3271.0,,C3548,Univer,Calcinosis: [universalis] or [other],Verapamil Hydrochloride,,,calcium-channel blocker,True,False
3272,3272.0,,C3548,Univer,Calcinosis universalis,Verapamil Hydrochloride,,,calcium-channel blocker,True,False
3273,3273.0,,F4551,Sular,Glaucoma capsulare,Nisoldipine,,,calcium-channel blocker,True,False
3274,3274.0,,F4603,Sular,Anterior subcapsular polar cataract,Nisoldipine,,,calcium-channel blocker,True,False
3275,3275.0,,F4604,Sular,Posterior subcapsular polar cataract,Nisoldipine,,,calcium-channel blocker,True,False
3276,3276.0,,F4616,Sular,Anterior subcapsular polar senile cataract,Nisoldipine,,,calcium-channel blocker,True,False
3277,3277.0,,F4617,Sular,Posterior subcapsular polar senile cataract,Nisoldipine,,,calcium-channel blocker,True,False
3278,3278.0,,F4631,Sular,Glaucomatous subcapsular flecks,Nisoldipine,,,calcium-channel blocker,True,False
3279,3279.0,,J6156,Sular,Capsular portal cirrhosis,Nisoldipine,,,calcium-channel blocker,True,False
3280,3280.0,,L122.,Istin,Other pre-existing hypertension in preg/childbirth/puerp,Amlodipine,,,calcium-channel blocker,True,False
3281,3281.0,,L1220,Istin,"Other pre-existing hypertension complicating pregnancy, childbirth and the puerperium unspecified",Amlodipine,,,calcium-channel blocker,True,False
3282,3282.0,,L1221,Istin,"Other pre-existing hypertension complicating pregnancy, childbirth and the puerperium - delivered",Amlodipine,,,calcium-channel blocker,True,False
3283,3283.0,,L1222,Istin,"Other pre-existing hypertension complicating pregnancy, childbirth and the puerperium - delivered with postnatal complication",Amlodipine,,,calcium-channel blocker,True,False
3284,3284.0,,L1223,Istin,"Other pre-existing hypertension complicating pregnancy, childbirth and the puerperium - not delivered",Amlodipine,,,calcium-channel blocker,True,False
3285,3285.0,,L1224,Istin,"Other pre-existing hypertension complicating pregnancy, childbirth and the puerperium with postnatal complication",Amlodipine,,,calcium-channel blocker,True,False
3286,3286.0,,L122z,Istin,"Other pre-existing hypertension complicating pregnancy, childbirth and the puerperium NOS",Amlodipine,,,calcium-channel blocker,True,False
3287,3287.0,,L127.,Istin,Pre-eclampsia or eclampsia with pre-existing hypertension,Amlodipine,,,calcium-channel blocker,True,False
3288,3288.0,,L1270,Istin,Pre-eclampsia or eclampsia with pre-existing hypertension unspecified,Amlodipine,,,calcium-channel blocker,True,False
3289,3289.0,,L1271,Istin,Pre-eclampsia or eclampsia with pre-existing hypertension - delivered,Amlodipine,,,calcium-channel blocker,True,False
3290,3290.0,,L1272,Istin,Pre-eclampsia or eclampsia with pre-existing hypertension - delivered with postnatal complication,Amlodipine,,,calcium-channel blocker,True,False
3291,3291.0,,L1273,Istin,Pre-eclampsia or eclampsia with pre-existing hypertension - not delivered,Amlodipine,,,calcium-channel blocker,True,False
3292,3292.0,,L1274,Istin,Pre-eclampsia or eclampsia with pre-existing hypertension with postnatal complication,Amlodipine,,,calcium-channel blocker,True,False
3293,3293.0,,L127z,Istin,Pre-eclampsia or eclampsia with pre-existing hypertension NOS,Amlodipine,,,calcium-channel blocker,True,False
3294,3294.0,,L128.,Istin,"Pre-existing hypertension complicating pregnancy, childbirth and puerperium",Amlodipine,,,calcium-channel blocker,True,False
3295,3295.0,,L1280,Istin,"Pre-existing hypertensive heart disease complicating pregnancy, childbirth and the puerperium",Amlodipine,,,calcium-channel blocker,True,False
3296,3296.0,,L1281,Istin,"Pre-existing hypertensive heart and renal disease complicating pregnancy, childbirth and the puerperium",Amlodipine,,,calcium-channel blocker,True,False
3297,3297.0,,L1282,Istin,"Pre-existing secondary hypertension complicating pregnancy, childbirth and puerperium",Amlodipine,,,calcium-channel blocker,True,False
3298,3298.0,,L1805,Istin,"Pre-existing diabetes mellitus, insulin-dependent",Amlodipine,,,calcium-channel blocker,True,False
3299,3299.0,,L1806,Istin,"Pre-existing diabetes mellitus, non-insulin-dependent",Amlodipine,,,calcium-channel blocker,True,False
3300,3300.0,,L1807,Istin,Pre-existing malnutrition-related diabetes mellitus,Amlodipine,,,calcium-channel blocker,True,False
3301,3301.0,,Lyu29,Istin,"[X]Pre-existing diabetes mellitus, unspecified",Amlodipine,,,calcium-channel blocker,True,False
3302,3302.0,,M161E,Univer,Psoriasis universalis,Verapamil Hydrochloride,,,calcium-channel blocker,True,False
3303,3303.0,,M2415,Univer,Hypertrichosis universalis,Verapamil Hydrochloride,,,calcium-channel blocker,True,False
3304,3304.0,,N07y.,Sular,"Internal knee derangement: [other] or [old capsular, collateral ligament and cruciate damage]",Nisoldipine,,,calcium-channel blocker,True,False
3305,3305.0,,N07y.,Sular,"Old capsular, collateral ligament and cruciate damage to knee",Nisoldipine,,,calcium-channel blocker,True,False
3306,3306.0,,N07y4,Sular,Old capsular knee ligament disruption,Nisoldipine,,,calcium-channel blocker,True,False
3307,3307.0,,N07y9,Sular,Old posterolateral capsular complex tear,Nisoldipine,,,calcium-channel blocker,True,False
3308,3308.0,,N07yC,Sular,Old medial capsular complex tear,Nisoldipine,,,calcium-channel blocker,True,False
3309,3309.0,,P331.,Sular,Capsular and subcapsular cataract,Nisoldipine,,,calcium-channel blocker,True,False
3310,3310.0,,P3310,Sular,Capsular cataract,Nisoldipine,,,calcium-channel blocker,True,False
3311,3311.0,,P3311,Sular,Subcapsular cataract,Nisoldipine,,,calcium-channel blocker,True,False
3312,3312.0,,P331z,Sular,Capsular or subcapsular cataract NOS,Nisoldipine,,,calcium-channel blocker,True,False
3313,3313.0,,PB42.,Univer,Universal mesentery,Verapamil Hydrochloride,,,calcium-channel blocker,True,False
3314,3314.0,,Q20y1,Sular,Liver subcapsular haematoma due to birth trauma,Nisoldipine,,,calcium-channel blocker,True,False
3315,3315.0,,S0405,Istin,"Multiple closed fractures involving skull or face with other bones without mention of intracranial injury, with more than 24 hours loss of consciousness without return to pre-existing conscious leve",Amlodipine,,,calcium-channel blocker,True,False
3316,3316.0,,S3000,Sular,"Closed fracture proximal femur, intracapsular section, unspecified",Nisoldipine,,,calcium-channel blocker,True,False
3317,3317.0,,S3010,Sular,"Open fracture proximal femur, intracapsular section, unspecified",Nisoldipine,,,calcium-channel blocker,True,False
3318,3318.0,,S531.,Sular,Ischiocapsular sprain,Nisoldipine,,,calcium-channel blocker,True,False
3319,3319.0,,S6405,Istin,"Intracranial injury NOS without mention of open intracranial wound, with more than 24 hours loss of consciousness without return to pre-existing conscious state",Amlodipine,,,calcium-channel blocker,True,False
3320,3320.0,,S7502,Sular,"Spleen capsular tear without major disruption of parenchyma, without mention of open wound into cavity",Nisoldipine,,,calcium-channel blocker,True,False
3321,3321.0,,S7512,Sular,"Spleen capsular tear without major disruption of parenchyma, with open wound into cavity",Nisoldipine,,,calcium-channel blocker,True,False
3322,3322.0,,T154.,Uard,"Motor vehicle traffic accident involving collision, on highway, between motor vehicle and guard rail",Diltiazem Hydrochloride,,,calcium-channel blocker,True,False
3323,3323.0,,T1540,Uard,"Motor vehicle traffic accident involving collision, on highway, between motor vehicle and boundary fence or guard rail, driver of motor vehicle injured",Diltiazem Hydrochloride,,,calcium-channel blocker,True,False
3324,3324.0,,T1541,Uard,"Motor vehicle traffic accident involving collision, on highway, between motor vehicle and boundary fence or guard rail, passenger of motor vehicle injured",Diltiazem Hydrochloride,,,calcium-channel blocker,True,False
3325,3325.0,,T1542,Uard,"Motor vehicle traffic accident involving collision, on highway, between motor vehicle and boundary fence or guard rail, motor cyclist injured",Diltiazem Hydrochloride,,,calcium-channel blocker,True,False
3326,3326.0,,T1543,Uard,"Motor vehicle traffic accident involving collision, on highway, between motor vehicle and boundary fence or guard rail, passenger on motor cycle injured",Diltiazem Hydrochloride,,,calcium-channel blocker,True,False
3327,3327.0,,T1544,Uard,"Motor vehicle traffic accident involving collision, on highway, between motor vehicle and boundary fence or guard rail, occupant of tram injured",Diltiazem Hydrochloride,,,calcium-channel blocker,True,False
3328,3328.0,,T1545,Uard,"Motor vehicle traffic accident involving collision, on highway, between motor vehicle and boundary fence or guard rail, rider of animal or occupant of animal-drawn vehicle injured",Diltiazem Hydrochloride,,,calcium-channel blocker,True,False
3329,3329.0,,T1546,Uard,"Motor vehicle traffic accident involving collision, on highway, between motor vehicle and boundary fence or guard rail, pedal cyclist injured",Diltiazem Hydrochloride,,,calcium-channel blocker,True,False
3330,3330.0,,T1547,Uard,"Motor vehicle traffic accident involving collision, on highway, between motor vehicle and boundary fence or guard rail, pedestrian injured",Diltiazem Hydrochloride,,,calcium-channel blocker,True,False
3331,3331.0,,T154y,Uard,"Motor vehicle traffic accident involving collision, on highway, between motor vehicle and boundary fence or guard rail, other specified person injured",Diltiazem Hydrochloride,,,calcium-channel blocker,True,False
3332,3332.0,,T154z,Uard,"Motor vehicle traffic accident involving collision, on highway, between motor vehicle and boundary fence or guard rail, unspecified person injured",Diltiazem Hydrochloride,,,calcium-channel blocker,True,False
3333,3333.0,,Ua03f,Istin,Assisting,Amlodipine,,,calcium-channel blocker,True,False
3334,3334.0,,Ua03h,Istin,Assisting with therapy,Amlodipine,,,calcium-channel blocker,True,False
3335,3335.0,,Ua03i,Istin,Assisting with activity,Amlodipine,,,calcium-channel blocker,True,False
3336,3336.0,,Ua03k,Istin,Assisting with procedure,Amlodipine,,,calcium-channel blocker,True,False
3337,3337.0,,Ua09d,Sular,Peninsular Malaysia,Nisoldipine,,,calcium-channel blocker,True,False
3338,3338.0,,Ua0Rt,Univer,Received university education,Verapamil Hydrochloride,,,calcium-channel blocker,True,False
3339,3339.0,,Ua0Rt,Univer,Went to university,Verapamil Hydrochloride,,,calcium-channel blocker,True,False
3340,3340.0,,Ua0S5,Univer,Attending university,Verapamil Hydrochloride,,,calcium-channel blocker,True,False
3341,3341.0,,Ua0p8,Univer,University,Verapamil Hydrochloride,,,calcium-channel blocker,True,False
3342,3342.0,,Ua1fM,Motens,Normotensive,Lacidipine,,,calcium-channel blocker,True,False
3343,3343.0,,Ua2DS,Istin,Assisting with grooming,Amlodipine,,,calcium-channel blocker,True,False
3344,3344.0,,Ua2DT,Istin,Assisting with haircare,Amlodipine,,,calcium-channel blocker,True,False
3345,3345.0,,Ua2DU,Istin,Assisting with nail care,Amlodipine,,,calcium-channel blocker,True,False
3346,3346.0,,Ua2DV,Istin,Assisting with mouthcare,Amlodipine,,,calcium-channel blocker,True,False
3347,3347.0,,Ua2DW,Istin,Assisting with personal hygiene,Amlodipine,,,calcium-channel blocker,True,False
3348,3348.0,,Ua2EO,Istin,Assisting with eating and drinking,Amlodipine,,,calcium-channel blocker,True,False
3349,3349.0,,Ub1BJ,Istin,Fisting,Amlodipine,,,calcium-channel blocker,True,False
3350,3350.0,,Ub1jW,Uard,Guardian,Diltiazem Hydrochloride,,,calcium-channel blocker,True,False
3351,3351.0,,X00ML,Sular,Local anaesthetic hip block by intracapsular approach,Nisoldipine,,,calcium-channel blocker,True,False
3352,3352.0,,X00ML,Sular,Hip block by intracapsular approach,Nisoldipine,,,calcium-channel blocker,True,False
3353,3353.0,,X00MM,Sular,Local anaesthetic hip block by extracapsular approach,Nisoldipine,,,calcium-channel blocker,True,False
3354,3354.0,,X00MM,Sular,Hip block by extracapsular approach,Nisoldipine,,,calcium-channel blocker,True,False
3355,3355.0,,X00sl,Uard,Insertion of tooth guard,Diltiazem Hydrochloride,,,calcium-channel blocker,True,False
3356,3356.0,,X00t9,Uard,Removal of tooth guard,Diltiazem Hydrochloride,,,calcium-channel blocker,True,False
3357,3357.0,,X00tA,Uard,Removal of bite guard,Diltiazem Hydrochloride,,,calcium-channel blocker,True,False
3358,3358.0,,X2099,Istin,Vascular graft twisting,Amlodipine,,,calcium-channel blocker,True,False
3359,3359.0,,X20Fh,Sular,Subcapsular haematoma of spleen,Nisoldipine,,,calcium-channel blocker,True,False
3360,3360.0,,X20M8,Uard,Insertion of mouth guard,Diltiazem Hydrochloride,,,calcium-channel blocker,True,False
3361,3361.0,,X20M8,Uard,Insertion of bite guard,Diltiazem Hydrochloride,,,calcium-channel blocker,True,False
3362,3362.0,,X20M8,Uard,Insertion of MG - mouth guard,Diltiazem Hydrochloride,,,calcium-channel blocker,True,False
3363,3363.0,,X20M8,Uard,Insertion of BG - bite guard,Diltiazem Hydrochloride,,,calcium-channel blocker,True,False
3364,3364.0,,X20MI,Istin,Repair of existing restoration of tooth,Amlodipine,,,calcium-channel blocker,True,False
3365,3365.0,,X30Gw,Sular,Subcapsular orchidectomy,Nisoldipine,,,calcium-channel blocker,True,False
3366,3366.0,,X30Gw,Sular,SCO - Subcapsular orchidectomy,Nisoldipine,,,calcium-channel blocker,True,False
3367,3367.0,,X40GB,Sular,Capsular breast contracture of breast implant,Nisoldipine,,,calcium-channel blocker,True,False
3368,3368.0,,X508W,Istin,Persisting cholinergic urticaria,Amlodipine,,,calcium-channel blocker,True,False
3369,3369.0,,X508i,Univer,Universal acquired melanosis,Verapamil Hydrochloride,,,calcium-channel blocker,True,False
3370,3370.0,,X509h,Univer,Alopecia universalis,Verapamil Hydrochloride,,,calcium-channel blocker,True,False
3371,3371.0,,X509h,Univer,Universal alopecia areata,Verapamil Hydrochloride,,,calcium-channel blocker,True,False
3372,3372.0,,X50Ft,Univer,Calcinosis universalis,Verapamil Hydrochloride,,,calcium-channel blocker,True,False
3373,3373.0,,X50Iv,Univer,Dyschromatosis universalis,Verapamil Hydrochloride,,,calcium-channel blocker,True,False
3374,3374.0,,X601S,Sular,Closed reduction of intracapsular fracture of neck of femur and fixation using Smith-Petersen nail,Nisoldipine,,,calcium-channel blocker,True,False
3375,3375.0,,X6073,Sular,Temporomandibular joint capsular plication,Nisoldipine,,,calcium-channel blocker,True,False
3376,3376.0,,X700C,Sular,"Old capsular, collateral ligament and cruciate damage to knee",Nisoldipine,,,calcium-channel blocker,True,False
3377,3377.0,,X73Ej,Istin,Micrococcus kristinae,Amlodipine,,,calcium-channel blocker,True,False
3378,3378.0,,X73WN,Sular,Capsularis zoogleiformans,Nisoldipine,,,calcium-channel blocker,True,False
3379,3379.0,,X74lC,Sular,Extracapsular ligament of temporomandibular joint,Nisoldipine,,,calcium-channel blocker,True,False
3380,3380.0,,X74lx,Sular,Capsular ligament of shoulder joint,Nisoldipine,,,calcium-channel blocker,True,False
3381,3381.0,,X74m4,Sular,Capsular ligament of wrist joint,Nisoldipine,,,calcium-channel blocker,True,False
3382,3382.0,,X74mV,Sular,Capsular ligament of hip joint,Nisoldipine,,,calcium-channel blocker,True,False
3383,3383.0,,X74mZ,Sular,Intracapsular ligament of hip joint,Nisoldipine,,,calcium-channel blocker,True,False
3384,3384.0,,X74mb,Sular,Capsular ligament of knee joint,Nisoldipine,,,calcium-channel blocker,True,False
3385,3385.0,,X74mh,Sular,Intracapsular ligament of knee joint,Nisoldipine,,,calcium-channel blocker,True,False
3386,3386.0,,X74ms,Sular,Capsular ligament of ankle joint,Nisoldipine,,,calcium-channel blocker,True,False
3387,3387.0,,X75aB,Istin,Fisting reflex,Amlodipine,,,calcium-channel blocker,True,False
3388,3388.0,,X75kZ,Sular,Anterior capsular lens opacities,Nisoldipine,,,calcium-channel blocker,True,False
3389,3389.0,,X75ka,Sular,Anterior subcapsular lens opacities,Nisoldipine,,,calcium-channel blocker,True,False
3390,3390.0,,X75kh,Sular,Posterior subcapsular lens opacities,Nisoldipine,,,calcium-channel blocker,True,False
3391,3391.0,,X75kh,Sular,PSCLO - Posterior subcapsular lens opacities,Nisoldipine,,,calcium-channel blocker,True,False
3392,3392.0,,X75ki,Sular,Polychromatic posterior subcapsular lens opacities,Nisoldipine,,,calcium-channel blocker,True,False
3393,3393.0,,X75ql,Istin,Difficulty in distinguishing different smells,Amlodipine,,,calcium-channel blocker,True,False
3394,3394.0,,X763i,Istin,Repetitive complex twisting movements,Amlodipine,,,calcium-channel blocker,True,False
3395,3395.0,,X763j,Istin,Repetitive complex twisting movements of fingers,Amlodipine,,,calcium-channel blocker,True,False
3396,3396.0,,X763k,Istin,Repetitive complex twisting movements of limbs,Amlodipine,,,calcium-channel blocker,True,False
3397,3397.0,,X763l,Istin,Repetitive complex twisting movements of whole body,Amlodipine,,,calcium-channel blocker,True,False
3398,3398.0,,X763m,Istin,Repetitive complex twisting of objects near eyes,Amlodipine,,,calcium-channel blocker,True,False
3399,3399.0,,X763n,Istin,Repititive complex twisting of hands near eyes,Amlodipine,,,calcium-channel blocker,True,False
3400,3400.0,,X76SF,Istin,Fetal parts not distinguishable per abdomen,Amlodipine,,,calcium-channel blocker,True,False
3401,3401.0,,X76SG,Istin,Fetal parts distinguished abdominally,Amlodipine,,,calcium-channel blocker,True,False
3402,3402.0,,X76Uh,Istin,Segments of uterus distinguishable in labour,Amlodipine,,,calcium-channel blocker,True,False
3403,3403.0,,X76dL,Istin,Unable to distinguish stool and flatus,Amlodipine,,,calcium-channel blocker,True,False
3404,3404.0,,X76dj,Uard,Abdominal guarding,Diltiazem Hydrochloride,,,calcium-channel blocker,True,False
3405,3405.0,,X76nn,Istin,Twisting movements,Amlodipine,,,calcium-channel blocker,True,False
3406,3406.0,,X77P0,Istin,Projection of areola and papilla to form distinct secondary mound,Amlodipine,,,calcium-channel blocker,True,False
3407,3407.0,,X77vu,Uard,Unguarded tricuspid valve orifice,Diltiazem Hydrochloride,,,calcium-channel blocker,True,False
3408,3408.0,,X77wM,Uard,Unguarded mitral orifice,Diltiazem Hydrochloride,,,calcium-channel blocker,True,False
3409,3409.0,,X77wq,Uard,Abnormality of valve guarding common atrioventricular junction,Diltiazem Hydrochloride,,,calcium-channel blocker,True,False
3410,3410.0,,X77xR,Uard,Unguarded right atrioventricular valve orifice,Diltiazem Hydrochloride,,,calcium-channel blocker,True,False
3411,3411.0,,X77xt,Uard,Unguarded left atrioventricular valve orifice,Diltiazem Hydrochloride,,,calcium-channel blocker,True,False
3412,3412.0,,X780t,Istin,Persisting fifth aortic arch,Amlodipine,,,calcium-channel blocker,True,False
3413,3413.0,,X781U,Istin,Patent ductus arteriosus - persisting type,Amlodipine,,,calcium-channel blocker,True,False
3414,3414.0,,X78Gf,Univer,Indiana University testicular tumour staging system,Verapamil Hydrochloride,,,calcium-channel blocker,True,False
3415,3415.0,,X79vJ,Sular,Extracapsular extraction,Nisoldipine,,,calcium-channel blocker,True,False
3416,3416.0,,X79vL,Sular,Intracapsular extraction,Nisoldipine,,,calcium-channel blocker,True,False
3417,3417.0,,X80f4,Univer,UCHT-1 - University College Hospital T-cell-1,Verapamil Hydrochloride,,,calcium-channel blocker,True,False
3418,3418.0,,X80f4,Univer,University College Hospital T-cell-1,Verapamil Hydrochloride,,,calcium-channel blocker,True,False
3419,3419.0,,X80fq,Univer,University College Hospital lymphocyte 1,Verapamil Hydrochloride,,,calcium-channel blocker,True,False
3420,3420.0,,X80fq,Univer,UCHL-1 - University College Hospital lymphocyte-1,Verapamil Hydrochloride,,,calcium-channel blocker,True,False
3421,3421.0,,X909m,Sular,Inferodorsal intracapsular fat pad,Nisoldipine,,,calcium-channel blocker,True,False
3422,3422.0,,X90KU,Sular,Dorsal intracapsular fibrous rim,Nisoldipine,,,calcium-channel blocker,True,False
3423,3423.0,,X90Xq,Istin,From existing graft to coronary artery,Amlodipine,,,calcium-channel blocker,True,False
3424,3424.0,,XA07B,Sular,Capsular tear of liver,Nisoldipine,,,calcium-channel blocker,True,False
3425,3425.0,,XA07D,Sular,Subcapsular liver haematoma,Nisoldipine,,,calcium-channel blocker,True,False
3426,3426.0,,XA07m,Sular,Capsular tear of spleen,Nisoldipine,,,calcium-channel blocker,True,False
3427,3427.0,,XA0G7,Uard,Guardsman's fracture of mandible,Diltiazem Hydrochloride,,,calcium-channel blocker,True,False
3428,3428.0,,XA0HF,Sular,Intracapsular fracture of neck of femur,Nisoldipine,,,calcium-channel blocker,True,False
3429,3429.0,,XA0HI,Sular,Extracapsular fracture of neck of femur,Nisoldipine,,,calcium-channel blocker,True,False
3430,3430.0,,XC06f,Sular,Capsular drop,Nisoldipine,,,calcium-channel blocker,True,False
3431,3431.0,,XC0Ct,Univer,Universal,Verapamil Hydrochloride,,,calcium-channel blocker,True,False
3432,3432.0,,XC0FE,Sular,Extracapsular condyle of mandible,Nisoldipine,,,calcium-channel blocker,True,False
3433,3433.0,,XC0nv,Univer,City University technique,Verapamil Hydrochloride,,,calcium-channel blocker,True,False
3434,3434.0,,XE0mp,Univer,University academic (& [staff]),Verapamil Hydrochloride,,,calcium-channel blocker,True,False
3435,3435.0,,XE0mp,Univer,University academic staff,Verapamil Hydrochloride,,,calcium-channel blocker,True,False
3436,3436.0,,XE0mp,Univer,Academic - university,Verapamil Hydrochloride,,,calcium-channel blocker,True,False
3437,3437.0,,XE0mp,Univer,University acad. staff,Verapamil Hydrochloride,,,calcium-channel blocker,True,False
3438,3438.0,,XE0xu,Istin,Pregnancy with hypertension (& [pre-existing]),Amlodipine,,,calcium-channel blocker,True,False
3439,3439.0,,XE0xu,Istin,Preg.+ pre-existing hypertensn,Amlodipine,,,calcium-channel blocker,True,False
3440,3440.0,,XE0xu,Istin,Pregnancy with pre-existing hypertension,Amlodipine,,,calcium-channel blocker,True,False
3441,3441.0,,XM0H2,Uard,Sports mouth guard,Diltiazem Hydrochloride,,,calcium-channel blocker,True,False
3442,3442.0,,XM0H2,Uard,Mouth guard,Diltiazem Hydrochloride,,,calcium-channel blocker,True,False
3443,3443.0,,XM0H2,Uard,MG - Mouth guard,Diltiazem Hydrochloride,,,calcium-channel blocker,True,False
3444,3444.0,,XM0H2,Uard,Bite guard,Diltiazem Hydrochloride,,,calcium-channel blocker,True,False
3445,3445.0,,XM0H2,Uard,BG - Bite guard,Diltiazem Hydrochloride,,,calcium-channel blocker,True,False
3446,3446.0,,XSLAr,Istin,Pre-existing condition,Amlodipine,,,calcium-channel blocker,True,False
3447,3447.0,,Xa0HL,Istin,Pre-existing disease in renal transplant,Amlodipine,,,calcium-channel blocker,True,False
3448,3448.0,,Xa0lt,Istin,Pre-existing hypertension complicating pregnancy,Amlodipine,,,calcium-channel blocker,True,False
3449,3449.0,,Xa10K,Sular,Insular gyrus,Nisoldipine,,,calcium-channel blocker,True,False
3450,3450.0,,Xa10N,Sular,Short insular gyrus,Nisoldipine,,,calcium-channel blocker,True,False
3451,3451.0,,Xa1qr,Istin,Removal of existing dental restoration,Amlodipine,,,calcium-channel blocker,True,False
3452,3452.0,,Xa2DK,Uard,Brown-Sequard syndrome,Diltiazem Hydrochloride,,,calcium-channel blocker,True,False
3453,3453.0,,Xa2zt,Istin,Habitual hair twisting,Amlodipine,,,calcium-channel blocker,True,False
3454,3454.0,,Xa4hs,Istin,Fit ear mould for existing hearing aid,Amlodipine,,,calcium-channel blocker,True,False
3455,3455.0,,Xa6Zr,Sular,Subcapsular,Nisoldipine,,,calcium-channel blocker,True,False
3456,3456.0,,Xa7JY,Istin,Fisting reflex present,Amlodipine,,,calcium-channel blocker,True,False
3457,3457.0,,Xa7JZ,Istin,Fisting reflex absent,Amlodipine,,,calcium-channel blocker,True,False
3458,3458.0,,Xa7Ja,Istin,Fisting reflex equivocal,Amlodipine,,,calcium-channel blocker,True,False
3459,3459.0,,Xa7Vo,Uard,Observation of abdominal guarding,Diltiazem Hydrochloride,,,calcium-channel blocker,True,False
3460,3460.0,,Xa7Vp,Uard,Guarding of right hypochondrium,Diltiazem Hydrochloride,,,calcium-channel blocker,True,False
3461,3461.0,,Xa7Vq,Uard,Guarding of epigastrium,Diltiazem Hydrochloride,,,calcium-channel blocker,True,False
3462,3462.0,,Xa7Vr,Uard,Guarding of left hypochondrium,Diltiazem Hydrochloride,,,calcium-channel blocker,True,False
3463,3463.0,,Xa7Vs,Uard,Guarding of right lumbar region,Diltiazem Hydrochloride,,,calcium-channel blocker,True,False
3464,3464.0,,Xa7Vt,Uard,Guarding of left lumbar region,Diltiazem Hydrochloride,,,calcium-channel blocker,True,False
3465,3465.0,,Xa7Vu,Uard,Guarding of umbilical region,Diltiazem Hydrochloride,,,calcium-channel blocker,True,False
3466,3466.0,,Xa7Vv,Uard,Guarding of right iliac fossa,Diltiazem Hydrochloride,,,calcium-channel blocker,True,False
3467,3467.0,,Xa7Vw,Uard,Guarding of left iliac fossa,Diltiazem Hydrochloride,,,calcium-channel blocker,True,False
3468,3468.0,,Xa7Vx,Uard,Guarding of hypogastrium,Diltiazem Hydrochloride,,,calcium-channel blocker,True,False
3469,3469.0,,Xa7Vy,Uard,No abdominal guarding on palpation,Diltiazem Hydrochloride,,,calcium-channel blocker,True,False
3470,3470.0,,Xa8Np,Univer,University teacher,Verapamil Hydrochloride,,,calcium-channel blocker,True,False
3471,3471.0,,Xa9Di,Uard,Received into guardianship under the Mental Health Act 1983 (England and Wales),Diltiazem Hydrochloride,,,calcium-channel blocker,True,False
3472,3472.0,,Xa9Dk,Uard,Received into guardianship under Section 7 of the Mental Health Act1983 (England and Wales),Diltiazem Hydrochloride,,,calcium-channel blocker,True,False
3473,3473.0,,Xa9Dk,Uard,S7 MHA - Received into guardianship under Section 7 of the Mental Health Act1983 (England and Wales),Diltiazem Hydrochloride,,,calcium-channel blocker,True,False
3474,3474.0,,Xa9Dm,Uard,Received into guardianship on court order under Section 37 of the Mental Health Act 1983 (England and Wales),Diltiazem Hydrochloride,,,calcium-channel blocker,True,False
3475,3475.0,,Xa9Dm,Uard,S37 MHA - Received into guardianship on court order under Section 37 of the Mental Health Act 1983 (England and Wales),Diltiazem Hydrochloride,,,calcium-channel blocker,True,False
3476,3476.0,,XaA0S,Istin,Assisting with functional activity,Amlodipine,,,calcium-channel blocker,True,False
3477,3477.0,,XaA0T,Istin,Assisting with activity of daily living,Amlodipine,,,calcium-channel blocker,True,False
3478,3478.0,,XaA0U,Istin,Assisting with exercise,Amlodipine,,,calcium-channel blocker,True,False
3479,3479.0,,XaBYN,Sular,Extracapsular cataract extraction and insertion of intraocular lens,Nisoldipine,,,calcium-channel blocker,True,False
3480,3480.0,,XaBYN,Sular,ECCE - Extracapsular cataract extraction and insertion of intraocular lens,Nisoldipine,,,calcium-channel blocker,True,False
3481,3481.0,,XaBYO,Sular,Intracapsular cataract extraction and insertion of intraocular lens,Nisoldipine,,,calcium-channel blocker,True,False
3482,3482.0,,XaBYO,Sular,ICCE - Intracapsular cataract extraction and insertion of intraocular lens,Nisoldipine,,,calcium-channel blocker,True,False
3483,3483.0,,XaCJ8,Istin,Less than 24 weeks involving risk of injury to the physical/mental health of any existing children of the pregnant woman's family,Amlodipine,,,calcium-channel blocker,True,False
3484,3484.0,,XaEJD,Sular,Closed reduction of intracapsular fracture of neck of femur and internal fixation using a dynamic hip screw,Nisoldipine,,,calcium-channel blocker,True,False
3485,3485.0,,XaEL7,Istin,Assisting with toileting,Amlodipine,,,calcium-channel blocker,True,False
3486,3486.0,,XaEb4,Sular,Insular structure,Nisoldipine,,,calcium-channel blocker,True,False
3487,3487.0,,XaEfN,Sular,Insular sulcus,Nisoldipine,,,calcium-channel blocker,True,False
3488,3488.0,,XaG28,Sular,Anterior subcapsular cataract,Nisoldipine,,,calcium-channel blocker,True,False
3489,3489.0,,XaG29,Sular,Posterior subcapsular cataract,Nisoldipine,,,calcium-channel blocker,True,False
3490,3490.0,,XaJQ2,Uard,Legal guardian details,Diltiazem Hydrochloride,,,calcium-channel blocker,True,False
3491,3491.0,,XaJQ4,Uard,Legal guardian - home telephone number,Diltiazem Hydrochloride,,,calcium-channel blocker,True,False
3492,3492.0,,XaJQ7,Uard,Legal guardian - mobile telephone number,Diltiazem Hydrochloride,,,calcium-channel blocker,True,False
3493,3493.0,,XaJQ9,Uard,Legal guardian - work telephone number,Diltiazem Hydrochloride,,,calcium-channel blocker,True,False
3494,3494.0,,XaJQB,Uard,Legal guardian - email address,Diltiazem Hydrochloride,,,calcium-channel blocker,True,False
3495,3495.0,,XaJek,Sular,Arthroscopic capsular release of shoulder joint,Nisoldipine,,,calcium-channel blocker,True,False
3496,3496.0,,XaJv3,Univer,Malnutrition universal screening tool score,Verapamil Hydrochloride,,,calcium-channel blocker,True,False
3497,3497.0,,XaJv3,Univer,MUST (malnutrition universal screening tool) score,Verapamil Hydrochloride,,,calcium-channel blocker,True,False
3498,3498.0,,XaN6E,Uard,Has guardian appointed under the Adults with Incapacity (Scotland) Act 2000,Diltiazem Hydrochloride,,,calcium-channel blocker,True,False
3499,3499.0,,XaPHd,Uard,Education of guardian,Diltiazem Hydrochloride,,,calcium-channel blocker,True,False
3500,3500.0,,XaPUr,Univer,Universalist,Verapamil Hydrochloride,,,calcium-channel blocker,True,False
3501,3501.0,,XaPUs,Univer,Unitarian Universalist,Verapamil Hydrochloride,,,calcium-channel blocker,True,False
3502,3502.0,,XaPtb,Sular,Remanipulation of intracapsular fracture of neck of femur and fixation using nail or screw,Nisoldipine,,,calcium-channel blocker,True,False
3503,3503.0,,XaQok,Uard,Referral to safeguarding adults team,Diltiazem Hydrochloride,,,calcium-channel blocker,True,False
3504,3504.0,,XaVxn,Uard,Notification to safeguarding service of missing child,Diltiazem Hydrochloride,,,calcium-channel blocker,True,False
3505,3505.0,,XaX8Z,Uard,Legal guardian present at encounter,Diltiazem Hydrochloride,,,calcium-channel blocker,True,False
3506,3506.0,,XaXIf,Uard,Referral to safeguarding children team,Diltiazem Hydrochloride,,,calcium-channel blocker,True,False
3507,3507.0,,XaXMw,Uard,Discussed with clinical supervisor for safeguarding,Diltiazem Hydrochloride,,,calcium-channel blocker,True,False
3508,3508.0,,XaXOB,Univer,Universal precautions,Verapamil Hydrochloride,,,calcium-channel blocker,True,False
3509,3509.0,,XaXP4,Uard,Adult safeguarding concern,Diltiazem Hydrochloride,,,calcium-channel blocker,True,False
3510,3510.0,,XaXP7,Uard,Adult no longer safeguarding concern,Diltiazem Hydrochloride,,,calcium-channel blocker,True,False
3511,3511.0,,XaXoi,Istin,Colistin desensitisation therapy,Amlodipine,,,calcium-channel blocker,True,False
3512,3512.0,,XaYRG,Uard,Safeguarding children and young people toolkit for general practice (2009 revision),Diltiazem Hydrochloride,,,calcium-channel blocker,True,False
3513,3513.0,,XaYZ3,Uard,Child no longer safeguarding concern,Diltiazem Hydrochloride,,,calcium-channel blocker,True,False
3514,3514.0,,XaZJs,Uard,Child is cause for safeguarding concern,Diltiazem Hydrochloride,,,calcium-channel blocker,True,False
3515,3515.0,,XaZK8,Uard,Referral to safeguarding coordinator,Diltiazem Hydrochloride,,,calcium-channel blocker,True,False
3516,3516.0,,XaZLa,Univer,Under care of health visiting service - Universal,Verapamil Hydrochloride,,,calcium-channel blocker,True,False
3517,3517.0,,XaZLb,Univer,Under care of health visiting service - Universal plus,Verapamil Hydrochloride,,,calcium-channel blocker,True,False
3518,3518.0,,XaZLc,Univer,Under care of health visiting service - Universal partnership plus,Verapamil Hydrochloride,,,calcium-channel blocker,True,False
3519,3519.0,,XaZfL,Uard,Assessment of risk for deprivation of liberty in accordance with Mental Capacity Act 2005 Deprivation of liberty safeguards Code of Practice,Diltiazem Hydrochloride,,,calcium-channel blocker,True,False
3520,3520.0,,XaZwt,Uard,No safeguarding issues identified,Diltiazem Hydrochloride,,,calcium-channel blocker,True,False
3521,3521.0,,Xaa1c,Univer,Malnutrition universal screening tool,Verapamil Hydrochloride,,,calcium-channel blocker,True,False
3522,3522.0,,XaaMQ,Istin,Existing patient paper record available,Amlodipine,,,calcium-channel blocker,True,False
3523,3523.0,,XaaNV,Uard,Unborn child is cause for safeguarding concern,Diltiazem Hydrochloride,,,calcium-channel blocker,True,False
3524,3524.0,,XaagD,Uard,Parent/guardian not aware of any contraindication to immunisation,Diltiazem Hydrochloride,,,calcium-channel blocker,True,False
3525,3525.0,,Xab9T,Univer,University of Washington Quality of Life questionnaire version 4,Verapamil Hydrochloride,,,calcium-channel blocker,True,False
3526,3526.0,,XabR2,Univer,Under care of school nursing service - Universal,Verapamil Hydrochloride,,,calcium-channel blocker,True,False
3527,3527.0,,XabR5,Univer,Under care of school nursing service - Universal plus,Verapamil Hydrochloride,,,calcium-channel blocker,True,False
3528,3528.0,,XabR8,Univer,Under care of school nursing service - Universal partnership plus,Verapamil Hydrochloride,,,calcium-channel blocker,True,False
3529,3529.0,,XabZy,Istin,Able to distinguish stool and flatus,Amlodipine,,,calcium-channel blocker,True,False
3530,3530.0,,Xabjy,Sular,Anterior capsular phimosis,Nisoldipine,,,calcium-channel blocker,True,False
3531,3531.0,,Xabs9,Uard,Discharged from guardianship under Section 23 of the Mental Health Act 1983 (England and Wales),Diltiazem Hydrochloride,,,calcium-channel blocker,True,False
3532,3532.0,,XabzB,Uard,Safeguarding adults protection plan agreed,Diltiazem Hydrochloride,,,calcium-channel blocker,True,False
3533,3533.0,,XabzC,Uard,Safeguarding adults protection plan completed,Diltiazem Hydrochloride,,,calcium-channel blocker,True,False
3534,3534.0,,Xac4L,Univer,Requires information on USB (universal serial bus) mass storage device,Verapamil Hydrochloride,,,calcium-channel blocker,True,False
3535,3535.0,,XaeDc,Uard,Unborn child no longer cause for safeguarding concern,Diltiazem Hydrochloride,,,calcium-channel blocker,True,False
3536,3536.0,,XaeYX,Uard,SAR (Safeguarding Adults Return) referral conclusion,Diltiazem Hydrochloride,,,calcium-channel blocker,True,False
3537,3537.0,,XaeYY,Uard,SAR (Safeguarding Adults Return) referral conclusion - investigation fully substantiated,Diltiazem Hydrochloride,,,calcium-channel blocker,True,False
3538,3538.0,,XaeYZ,Uard,SAR (Safeguarding Adults Return) referral conclusion - investigation partially substantiated,Diltiazem Hydrochloride,,,calcium-channel blocker,True,False
3539,3539.0,,XaeYa,Uard,SAR (Safeguarding Adults Return) referral conclusion - investigation not substantiated,Diltiazem Hydrochloride,,,calcium-channel blocker,True,False
3540,3540.0,,XaeYb,Uard,SAR (Safeguarding Adults Return) referral conclusion - investigation inconclusive,Diltiazem Hydrochloride,,,calcium-channel blocker,True,False
3541,3541.0,,XaeYc,Uard,SAR (Safeguarding Adults Return) referral conclusion - investigation ceased at individual's request,Diltiazem Hydrochloride,,,calcium-channel blocker,True,False
3542,3542.0,,XafF8,Uard,Safeguarding intervention,Diltiazem Hydrochloride,,,calcium-channel blocker,True,False
3543,3543.0,,XafeJ,Uard,Child in family is safeguarding concern,Diltiazem Hydrochloride,,,calcium-channel blocker,True,False
3544,3544.0,,Xafgj,Uard,Notification to safeguarding service of child no longer missing,Diltiazem Hydrochloride,,,calcium-channel blocker,True,False
3545,3545.0,,Xafhr,Uard,Subject to deprivation of liberty under the Mental Capacity Act 2005 Deprivation of Liberty Safeguards,Diltiazem Hydrochloride,,,calcium-channel blocker,True,False
3546,3546.0,,as12.,Keloc,Kelocyanor 300mg/20mL injection,Felodipine,300 mg/20 ml,,calcium-channel blocker,True,False
3547,3547.0,,bA1..,Felodipine,Felodipine+ramipril,Felodipine,,,calcium-channel blocker,True,False
3548,3548.0,,bA1y.,Felodipine,Felodipine+ramipril 2.5mg/2.5mg tablet,Felodipine,2.5 mg,,calcium-channel blocker,True,False
3549,3549.0,,bA1z.,Felodipine,Felodipine+ramipril 5mg/5mg tablet,Felodipine,5 mg,,calcium-channel blocker,True,False
3550,3550.0,,bb34.,Berkatens,Berkatens 40mg tablet,Verapamil Hydrochloride,40 mg,,calcium-channel blocker,True,False
3551,3551.0,,bb35.,Berkatens,Berkatens 80mg tablet,Verapamil Hydrochloride,80 mg,,calcium-channel blocker,True,False
3552,3552.0,,bb36.,Berkatens,Berkatens 120mg tablet,Verapamil Hydrochloride,120 mg,,calcium-channel blocker,True,False
3553,3553.0,,bb37.,Berkatens,Berkatens 160mg tablet,Verapamil Hydrochloride,160 mg,,calcium-channel blocker,True,False
3554,3554.0,,bb38.,Cordilox,Cordilox 40mg tablet,Verapamil Hydrochloride,40 mg,,calcium-channel blocker,True,False
3555,3555.0,,bb39.,Cordilox,Cordilox 80mg tablet,Verapamil Hydrochloride,80 mg,,calcium-channel blocker,True,False
3556,3556.0,,bb3B.,Securon,Half Securon SR 120mg m/r tablet,Verapamil Hydrochloride,120 mg,,calcium-channel blocker,True,False
3557,3557.0,,bb3F.,Securon,Half-Securon SR 120mg m/r tablets 28CP,Verapamil Hydrochloride,120 mg,,calcium-channel blocker,True,False
3558,3558.0,,bb3K.,Verapress,Verapress MR 240 m/r tablet,Verapamil Hydrochloride,,,calcium-channel blocker,True,False
3559,3559.0,,bb3L.,Ethimil,Ethimil MR 240 m/r tablet,Verapamil Hydrochloride,,,calcium-channel blocker,True,False
3560,3560.0,,bb3M.,Cordilox,Cordilox MR 240 m/r tablet,Verapamil Hydrochloride,,,calcium-channel blocker,True,False
3561,3561.0,,bb3N.,Zolvera,Zolvera 40mg/5mL oral solution,Verapamil Hydrochloride,40 mg/5 ml,,calcium-channel blocker,True,False
3562,3562.0,,bb3O.,Ranvera,Ranvera MR 240mg m/r tablet,Verapamil Hydrochloride,240 mg,,calcium-channel blocker,True,False
3563,3563.0,,bb3P.,Vera-Til,Vera-Til SR 240mg m/r tablet,Verapamil Hydrochloride,240 mg,,calcium-channel blocker,True,False
3564,3564.0,,bb3Q.,Vera-Til,Vera-Til SR 120mg m/r tablet,Verapamil Hydrochloride,120 mg,,calcium-channel blocker,True,False
3565,3565.0,,bb3a.,Cordilox,Cordilox 120mg tablet,Verapamil Hydrochloride,120 mg,,calcium-channel blocker,True,False
3566,3566.0,,bb3b.,Cordilox,Cordilox 160mg tablet,Verapamil Hydrochloride,160 mg,,calcium-channel blocker,True,False
3567,3567.0,,bb3c.,Cordilox,Cordilox 5mg/2mL injection,Verapamil Hydrochloride,5 mg/2 ml,,calcium-channel blocker,True,False
3568,3568.0,,bb3d.,Securon,Securon 40mg tablet,Verapamil Hydrochloride,40 mg,,calcium-channel blocker,True,False
3569,3569.0,,bb3e.,Securon,Securon 80mg tablet,Verapamil Hydrochloride,80 mg,,calcium-channel blocker,True,False
3570,3570.0,,bb3f.,Securon,Securon 120mg tablet,Verapamil Hydrochloride,120 mg,,calcium-channel blocker,True,False
3571,3571.0,,bb3g.,Securon,Securon 120mg tablets 56CP,Verapamil Hydrochloride,120 mg,,calcium-channel blocker,True,False
3572,3572.0,,bb3h.,Securon,Securon 160mg tablets 56CP,Verapamil Hydrochloride,160 mg,,calcium-channel blocker,True,False
3573,3573.0,,bb3i.,Securon,Securon 160mg tablet,Verapamil Hydrochloride,160 mg,,calcium-channel blocker,True,False
3574,3574.0,,bb3j.,Securon,Securon SR 240mg m/r tablet,Verapamil Hydrochloride,240 mg,,calcium-channel blocker,True,False
3575,3575.0,,bb3k.,Securon,Securon SR 240mg m/r tablets 28CP,Verapamil Hydrochloride,240 mg,,calcium-channel blocker,True,False
3576,3576.0,,bb3l.,Univer,Univer 120mg m/r capsules x28,Verapamil Hydrochloride,120 mg,,calcium-channel blocker,True,False
3577,3577.0,,bb3m.,Univer,Univer 180mg m/r capsule x56,Verapamil Hydrochloride,180 mg,,calcium-channel blocker,True,False
3578,3578.0,,bb3n.,Univer,Univer 240mg m/r capsules x28,Verapamil Hydrochloride,240 mg,,calcium-channel blocker,True,False
3579,3579.0,,bb3o.,Securon,Securon IV 5mg/2mL injection,Verapamil Hydrochloride,5 mg/2 ml,,calcium-channel blocker,True,False
3580,3580.0,,bb3p.,Geangin,Geangin 40mg tablet,Verapamil Hydrochloride,40 mg,,calcium-channel blocker,True,False
3581,3581.0,,bb3q.,Geangin,Geangin 80mg tablet,Verapamil Hydrochloride,80 mg,,calcium-channel blocker,True,False
3582,3582.0,,bb3r.,Geangin,Geangin 120mg tablet,Verapamil Hydrochloride,120 mg,,calcium-channel blocker,True,False
3583,3583.0,,bb3s.,Vertab,Vertab SR 240 m/r tablet,Verapamil Hydrochloride,,,calcium-channel blocker,True,False
3584,3584.0,,bdes.,Adalat,Beta-Adalat capsule,Nifedipine,,,calcium-channel blocker,True,False
3585,3585.0,,bdez.,Nifedipine,Atenolol+nifedipine 50mg/20mg m/r capsule,Nifedipine,50 mg,,calcium-channel blocker,True,False
3586,3586.0,,bk6..,Verapamil Hydrochloride,Trandolapril+verapamil hydrochloride,Verapamil Hydrochloride,,,calcium-channel blocker,True,False
3587,3587.0,,bk61.,Verapamil Hydrochloride,Trandolapril+verapamil hydrochloride 2mg/180mg m/r capsule,Verapamil Hydrochloride,2 mg,,calcium-channel blocker,True,False
3588,3588.0,,bkD..,Amlodipine,AMLODIPINE + VALSARTAN,Amlodipine,,,calcium-channel blocker,True,False
3589,3589.0,,bkD1.,Amlodipine,AMLODIPINE+VALSARTAN 5mg/80mg tablets,Amlodipine,5 mg,,calcium-channel blocker,True,False
3590,3590.0,,bkD2.,Amlodipine,AMLODIPINE+VALSARTAN 5mg/160mg tablets,Amlodipine,5 mg,,calcium-channel blocker,True,False
3591,3591.0,,bkD3.,Amlodipine,AMLODIPINE+VALSARTAN 10mg/160mg tablets,Amlodipine,10 mg,,calcium-channel blocker,True,False
3592,3592.0,,bkDx.,Exforge,EXFORGE 10mg/160mg tablets,Valsartan/Amlodipine,10 mg,,calcium-channel blocker,True,False
3593,3593.0,,bkDy.,Exforge,EXFORGE 5mg/160mg tablets,Valsartan/Amlodipine,5 mg,,calcium-channel blocker,True,False
3594,3594.0,,bkDz.,Exforge,EXFORGE 5mg/80mg tablets,Valsartan/Amlodipine,5 mg,,calcium-channel blocker,True,False
3595,3595.0,,bkH..,Amlodipine,OLMESARTAN+AMLODIPINE,Amlodipine,,,calcium-channel blocker,True,False
3596,3596.0,,bkHx.,Amlodipine,OLMESARTAN MEDOXOMIL+AMLODIPINE 40mg/10mg tablets,Amlodipine,40 mg,,calcium-channel blocker,True,False
3597,3597.0,,bkHy.,Amlodipine,OLMESARTAN MEDOXOMIL+AMLODIPINE 40mg/5mg tablets,Amlodipine,40 mg,,calcium-channel blocker,True,False
3598,3598.0,,bkHz.,Amlodipine,OLMESARTAN MEDOXOMIL+AMLODIPINE 20mg/5mg tablets,Amlodipine,20 mg,,calcium-channel blocker,True,False
3599,3599.0,,bkI..,Amlodipine,OLMESARTAN+AMLODIPINE+HYDROCHLOROTHIAZIDE,Amlodipine,,,calcium-channel blocker,True,True
3600,3600.0,,bl51.,Tildiem,Tildiem 60mg m/r tablet,Diltiazem Hydrochloride,60 mg,,calcium-channel blocker,True,False
3601,3601.0,,bl52.,Calcicard,Calcicard 60mg tablet,Diltiazem Hydrochloride,60 mg,,calcium-channel blocker,True,False
3602,3602.0,,bl53.,Britiazim,Britiazim 60mg m/r tablet,Diltiazem Hydrochloride,60 mg,,calcium-channel blocker,True,False
3603,3603.0,,bl54.,Adizem,Adizem-SR 120mg long acting m/r tablet,Diltiazem Hydrochloride,120 mg,,calcium-channel blocker,True,False
3604,3604.0,,bl56.,Angiozem,Angiozem 60mg m/r tablet,Diltiazem Hydrochloride,60 mg,,calcium-channel blocker,True,False
3605,3605.0,,bl57.,Adizem,Adizem-60 m/r tablet,Diltiazem Hydrochloride,,,calcium-channel blocker,True,False
3606,3606.0,,bl58.,Tildiem,Tildiem Retard 90mg long acting m/r tablet,Diltiazem Hydrochloride,90 mg,,calcium-channel blocker,True,False
3607,3607.0,,bl59.,Tildiem,Tildiem Retard 120mg long acting m/r tablet,Diltiazem Hydrochloride,120 mg,,calcium-channel blocker,True,False
3608,3608.0,,bl5A.,Tildiem,Tildiem LA 300mg long acting m/r capsule,Diltiazem Hydrochloride,300 mg,,calcium-channel blocker,True,False
3609,3609.0,,bl5B.,Adizem,Adizem-SR 90mg long acting m/r capsule,Diltiazem Hydrochloride,90 mg,,calcium-channel blocker,True,False
3610,3610.0,,bl5C.,Adizem,Adizem-SR 120mg long acting m/r capsule,Diltiazem Hydrochloride,120 mg,,calcium-channel blocker,True,False
3611,3611.0,,bl5D.,Adizem,Adizem-SR 180mg long acting m/r capsule,Diltiazem Hydrochloride,180 mg,,calcium-channel blocker,True,False
3612,3612.0,,bl5E.,Adizem,Adizem-XL 300mg long acting m/r capsule,Diltiazem Hydrochloride,300 mg,,calcium-channel blocker,True,False
3613,3613.0,,bl5F.,Dilzem,Dilzem SR 60mg long acting m/r capsule,Diltiazem Hydrochloride,60 mg,,calcium-channel blocker,True,False
3614,3614.0,,bl5G.,Dilzem,Dilzem SR 90mg long acting m/r capsule,Diltiazem Hydrochloride,90 mg,,calcium-channel blocker,True,False
3615,3615.0,,bl5H.,Dilzem,Dilzem SR 120mg long acting m/r capsule,Diltiazem Hydrochloride,120 mg,,calcium-channel blocker,True,False
3616,3616.0,,bl5I.,Adizem,Adizem-XL 240mg m/r capsule,Diltiazem Hydrochloride,240 mg,,calcium-channel blocker,True,False
3617,3617.0,,bl5J.,Adizem,Adizem-XL 180mg m/r capsule,Diltiazem Hydrochloride,180 mg,,calcium-channel blocker,True,False
3618,3618.0,,bl5K.,Adizem,Adizem-XL 120mg m/r capsule,Diltiazem Hydrochloride,120 mg,,calcium-channel blocker,True,False
3619,3619.0,,bl5L.,Dilzem,Dilzem XL 120mg m/r capsule,Diltiazem Hydrochloride,120 mg,,calcium-channel blocker,True,False
3620,3620.0,,bl5M.,Dilzem,Dilzem XL 180mg m/r capsule,Diltiazem Hydrochloride,180 mg,,calcium-channel blocker,True,False
3621,3621.0,,bl5N.,Dilzem,Dilzem XL 240mg m/r capsule,Diltiazem Hydrochloride,240 mg,,calcium-channel blocker,True,False
3622,3622.0,,bl5O.,Slozem,Slozem 120mg m/r capsule,Diltiazem Hydrochloride,120 mg,,calcium-channel blocker,True,False
3623,3623.0,,bl5P.,Slozem,Slozem 180mg m/r capsule,Diltiazem Hydrochloride,180 mg,,calcium-channel blocker,True,False
3624,3624.0,,bl5Q.,Slozem,Slozem 240mg m/r capsule,Diltiazem Hydrochloride,240 mg,,calcium-channel blocker,True,False
3625,3625.0,,bl5R.,Angitil,Angitil SR 90 m/r capsule,Diltiazem Hydrochloride,,,calcium-channel blocker,True,False
3626,3626.0,,bl5S.,Angitil,Angitil SR 120 m/r capsule,Diltiazem Hydrochloride,,,calcium-channel blocker,True,False
3627,3627.0,,bl5U.,Angitil,Angitil SR 180 m/r capsule,Diltiazem Hydrochloride,,,calcium-channel blocker,True,False
3628,3628.0,,bl5V.,Calcicard,Calcicard CR 90mg m/r tablet,Diltiazem Hydrochloride,90 mg,,calcium-channel blocker,True,False
3629,3629.0,,bl5W.,Calcicard,Calcicard CR 120mg m/r tablet,Diltiazem Hydrochloride,120 mg,,calcium-channel blocker,True,False
3630,3630.0,,bl5X.,Kentiazem,Kentiazem 60mg m/r capsule,Diltiazem Hydrochloride,60 mg,,calcium-channel blocker,True,False
3631,3631.0,,bl5Y.,Optil,Optil 60mg m/r tablet,Diltiazem Hydrochloride,60 mg,,calcium-channel blocker,True,False
3632,3632.0,,bl5Z.,Tildiem,Tildiem LA 200mg m/r capsule,Diltiazem Hydrochloride,200 mg,,calcium-channel blocker,True,False
3633,3633.0,,bl5j.,Adizem,Adizem-XL Plus m/r capsule,Diltiazem Hydrochloride,,,calcium-channel blocker,True,False
3634,3634.0,,bl5k.,Angiozem,Angiozem CR 90mg m/r tablet,Diltiazem Hydrochloride,90 mg,,calcium-channel blocker,True,False
3635,3635.0,,bl5l.,Dilcardia,Dilcardia SR 60mg m/r capsule,Diltiazem Hydrochloride,60 mg,,calcium-channel blocker,True,False
3636,3636.0,,bl5m.,Angiozem,Angiozem CR 120mg m/r tablet,Diltiazem Hydrochloride,120 mg,,calcium-channel blocker,True,False
3637,3637.0,,bl5n.,Zemtard,Zemtard 300 XL m/r capsule,Diltiazem Hydrochloride,,,calcium-channel blocker,True,False
3638,3638.0,,bl5o.,Viazem,Viazem XL 120mg m/r capsule,Diltiazem Hydrochloride,120 mg,,calcium-channel blocker,True,False
3639,3639.0,,bl5p.,Viazem,Viazem XL 180mg m/r capsule,Diltiazem Hydrochloride,180 mg,,calcium-channel blocker,True,False
3640,3640.0,,bl5q.,Viazem,Viazem XL 240mg m/r capsule,Diltiazem Hydrochloride,240 mg,,calcium-channel blocker,True,False
3641,3641.0,,bl5r.,Viazem,Viazem XL 300mg m/r capsule,Diltiazem Hydrochloride,300 mg,,calcium-channel blocker,True,False
3642,3642.0,,bl5t.,Viazem,Viazem XL 360mg m/r capsule,Diltiazem Hydrochloride,360 mg,,calcium-channel blocker,True,False
3643,3643.0,,bl5u.,Calazem,Calazem 60mg m/r tablet,Diltiazem Hydrochloride,60 mg,,calcium-channel blocker,True,False
3644,3644.0,,bl5v.,Dilcardia,Dilcardia SR 90mg m/r capsule,Diltiazem Hydrochloride,90 mg,,calcium-channel blocker,True,False
3645,3645.0,,bl5w.,Dilcardia,Dilcardia SR 120mg m/r capsule,Diltiazem Hydrochloride,120 mg,,calcium-channel blocker,True,False
3646,3646.0,,bl5x.,Angitil,Angitil XL 240 m/r capsule,Diltiazem Hydrochloride,,,calcium-channel blocker,True,False
3647,3647.0,,bl5y.,Angitil,Angitil XL 300 m/r capsule,Diltiazem Hydrochloride,,,calcium-channel blocker,True,False
3648,3648.0,,bl6..,Lidoflazine,Lidoflazine,Lidoflazine,,,calcium-channel blocker,True,False
3649,3649.0,,bl61.,Clinium,Clinium 120mg tablet,Lidoflazine,120 mg,,calcium-channel blocker,True,False
3650,3650.0,,bl6z.,Lidoflazine,Lidoflazine 120mg tablet,Lidoflazine,120 mg,,calcium-channel blocker,True,False
3651,3651.0,,bl71.,Cardene,Cardene 20mg capsule,Nicardipine Hydrochloride,20 mg,,calcium-channel blocker,True,False
3652,3652.0,,bl72.,Cardene,Cardene 30mg capsule,Nicardipine Hydrochloride,30 mg,,calcium-channel blocker,True,False
3653,3653.0,,bl73.,Cardene,Cardene SR 30mg m/r capsule,Nicardipine Hydrochloride,30 mg,,calcium-channel blocker,True,False
3654,3654.0,,bl74.,Cardene,Cardene SR 45mg m/r capsule,Nicardipine Hydrochloride,45 mg,,calcium-channel blocker,True,False
3655,3655.0,,bl8..,Nifedipine,Nifedipine,Nifedipine,,,calcium-channel blocker,True,False
3656,3656.0,,bl81.,Adalat,Adalat 5mg capsule,Nifedipine,5 mg,,calcium-channel blocker,True,False
3657,3657.0,,bl82.,Adalat,Adalat 10mg capsule,Nifedipine,10 mg,,calcium-channel blocker,True,False
3658,3658.0,,bl83.,Adalat,Adalat Retard 20 m/r tablet,Nifedipine,,,calcium-channel blocker,True,False
3659,3659.0,,bl84.,Adalat,Adalat Retard 10 m/r tablet,Nifedipine,,,calcium-channel blocker,True,False
3660,3660.0,,bl85.,Nifedipine,Nifedipine 5mg capsule,Nifedipine,5 mg,,calcium-channel blocker,True,False
3661,3661.0,,bl86.,Nifedipine,Nifedipine 10mg capsule,Nifedipine,10 mg,,calcium-channel blocker,True,False
3662,3662.0,,bl87.,Adalat,Adalat IC 200micrograms/2mL prefilled syringe,Nifedipine,,,calcium-channel blocker,True,False
3663,3663.0,,bl88.,Nifedipine,Nifedipine 200micrograms/2mL prefilled syringe,Nifedipine,,,calcium-channel blocker,True,False
3664,3664.0,,bl89.,Vasad,Vasad 5mg capsule,Nifedipine,5 mg,,calcium-channel blocker,True,False
3665,3665.0,,bl8A.,Adipine,Adipine MR 20 m/r tablet,Nifedipine,,,calcium-channel blocker,True,False
3666,3666.0,,bl8B.,Adipine,Adipine MR 10 m/r tablet,Nifedipine,,,calcium-channel blocker,True,False
3667,3667.0,,bl8C.,Unipine,Unipine XL 30mg m/r tablet,Nifedipine,30 mg,,calcium-channel blocker,True,False
3668,3668.0,,bl8D.,Nimodrel,Nimodrel MR 10 m/r tablet,Nifedipine,,,calcium-channel blocker,True,False
3669,3669.0,,bl8E.,Nimodrel,Nimodrel MR 20 m/r tablet,Nifedipine,,,calcium-channel blocker,True,False
3670,3670.0,,bl8F.,Nifedipine,Nifedipine 40mg m/r tablet,Nifedipine,40 mg,,calcium-channel blocker,True,False
3671,3671.0,,bl8G.,Angiopine,Angiopine 40 LA m/r tablet,Nifedipine,,,calcium-channel blocker,True,False
3672,3672.0,,bl8H.,Cardilate,Cardilate MR 10mg m/r tablet,Nifedipine,10 mg,,calcium-channel blocker,True,False
3673,3673.0,,bl8J.,Tensipine,Tensipine MR 10 m/r tablet,Nifedipine,,,calcium-channel blocker,True,False
3674,3674.0,,bl8K.,Tensipine,Tensipine MR 20 m/r tablet,Nifedipine,,,calcium-channel blocker,True,False
3675,3675.0,,bl8L.,Fortipine,Fortipine LA40 m/r tablet,Nifedipine,,,calcium-channel blocker,True,False
3676,3676.0,,bl8M.,Adalat,Adalat LA 20mg m/r tablet,Nifedipine,20 mg,,calcium-channel blocker,True,False
3677,3677.0,,bl8O.,Slofedipine,Slofedipine 20mg m/r tablet,Nifedipine,20 mg,,calcium-channel blocker,True,False
3678,3678.0,,bl8P.,Angiopine,Angiopine MR 10mg m/r tablet,Nifedipine,10 mg,,calcium-channel blocker,True,False
3679,3679.0,,bl8Q.,Genalat,Genalat Retard 10mg m/r tablet,Nifedipine,10 mg,,calcium-channel blocker,True,False
3680,3680.0,,bl8R.,Genalat,Genalat Retard 20mg m/r tablet,Nifedipine,20 mg,,calcium-channel blocker,True,False
3681,3681.0,,bl8S.,Nifedipress,Nifedipress MR 10 m/r tablet,Nifedipine,,,calcium-channel blocker,True,False
3682,3682.0,,bl8T.,Nivaten,Nivaten Retard 10mg m/r tablet,Nifedipine,10 mg,,calcium-channel blocker,True,False
3683,3683.0,,bl8U.,Nifedipress,Nifedipress MR 20 m/r tablet,Nifedipine,,,calcium-channel blocker,True,False
3684,3684.0,,bl8V.,Nifedipine,Nifedipine 30mg m/r capsule,Nifedipine,30 mg,,calcium-channel blocker,True,False
3685,3685.0,,bl8W.,Nifedipine,Nifedipine 60mg m/r capsule,Nifedipine,60 mg,,calcium-channel blocker,True,False
3686,3686.0,,bl8X.,Coracten,Coracten XL 30mg m/r capsule,Nifedipine,30 mg,,calcium-channel blocker,True,False
3687,3687.0,,bl8Y.,Coracten,Coracten XL 60mg m/r capsule,Nifedipine,60 mg,,calcium-channel blocker,True,False
3688,3688.0,,bl8Z.,Nivaten,Nivaten Retard 20mg m/r tablet,Nifedipine,20 mg,,calcium-channel blocker,True,False
3689,3689.0,,bl8a.,Vasad,Vasad 10mg capsule,Nifedipine,10 mg,,calcium-channel blocker,True,False
3690,3690.0,,bl8b.,Calcilat,Calcilat 10mg capsule,Nifedipine,10 mg,,calcium-channel blocker,True,False
3691,3691.0,,bl8e.,Coracten,Coracten SR 20mg m/r capsule,Nifedipine,20 mg,,calcium-channel blocker,True,False
3692,3692.0,,bl8f.,Angiopine,Angiopine 5mg capsule,Nifedipine,5 mg,,calcium-channel blocker,True,False
3693,3693.0,,bl8g.,Angiopine,Angiopine 10mg capsule,Nifedipine,10 mg,,calcium-channel blocker,True,False
3694,3694.0,,bl8i.,Adalat,Adalat LA 30mg m/r tablet,Nifedipine,30 mg,,calcium-channel blocker,True,False
3695,3695.0,,bl8j.,Adalat,Adalat LA 60mg m/r tablet,Nifedipine,60 mg,,calcium-channel blocker,True,False
3696,3696.0,,bl8k.,Coracten,Coracten SR 10mg m/r capsule,Nifedipine,10 mg,,calcium-channel blocker,True,False
3697,3697.0,,bl8l.,Cardilate,Cardilate MR 20mg m/r tablet,Nifedipine,20 mg,,calcium-channel blocker,True,False
3698,3698.0,,bl8m.,Angiopine,Angiopine MR 20mg m/r tablet,Nifedipine,20 mg,,calcium-channel blocker,True,False
3699,3699.0,,bl8n.,Nifelease,Nifelease 20mg m/r tablet,Nifedipine,20 mg,,calcium-channel blocker,True,False
3700,3700.0,,bl8o.,Calanif,Calanif 10mg capsule,Nifedipine,10 mg,,calcium-channel blocker,True,False
3701,3701.0,,bl8p.,Calanif,Calanif 5mg capsule,Nifedipine,5 mg,,calcium-channel blocker,True,False
3702,3702.0,,bl8q.,Hypolar,Hypolar Retard 20 m/r tablet,Nifedipine,,,calcium-channel blocker,True,False
3703,3703.0,,bl8r.,Nifedotard,Nifedotard 20MR m/r tablet,Nifedipine,,,calcium-channel blocker,True,False
3704,3704.0,,bl8s.,Coroday,Coroday MR 20mg m/r tablet,Nifedipine,20 mg,,calcium-channel blocker,True,False
3705,3705.0,,bl8t.,Nifopress,Nifopress Retard 20mg m/r tablet,Nifedipine,20 mg,,calcium-channel blocker,True,False
3706,3706.0,,bl8u.,Nifedipine,Nifedipine 10mg m/r capsule,Nifedipine,10 mg,,calcium-channel blocker,True,False
3707,3707.0,,bl8v.,Nifedipine,Nifedipine 20mg m/r capsule,Nifedipine,20 mg,,calcium-channel blocker,True,False
3708,3708.0,,bl8w.,Nifedipine,Nifedipine 10mg m/r tablet,Nifedipine,10 mg,,calcium-channel blocker,True,False
3709,3709.0,,bl8x.,Nifedipine,Nifedipine 30mg m/r tablet,Nifedipine,30 mg,,calcium-channel blocker,True,False
3710,3710.0,,bl8y.,Nifedipine,Nifedipine 60mg m/r tablet,Nifedipine,60 mg,,calcium-channel blocker,True,False
3711,3711.0,,bl8z.,Nifedipine,Nifedipine 20mg m/r tablet,Nifedipine,20 mg,,calcium-channel blocker,True,False
3712,3712.0,,bl91.,Synadrin,Synadrin 60mg tablet,PrenylamineLactate,60 mg,,calcium-channel blocker,True,False
3713,3713.0,,bla..,Isradipine,Isradipine,Isradipine,,,calcium-channel blocker,True,False
3714,3714.0,,bla1.,Isradipine,Isradipine 2.5mg tablet,Isradipine,2.5 mg,,calcium-channel blocker,True,False
3715,3715.0,,bla2.,Prescal,Prescal 2.5mg tablet,Isradipine,2.5 mg,,calcium-channel blocker,True,False
3716,3716.0,,blb..,Amlodipine,Amlodipine,Amlodipine,,,calcium-channel blocker,True,False
3717,3717.0,,blb1.,Amlodipine,Amlodipine 5mg tablet,Amlodipine,5 mg,,calcium-channel blocker,True,False
3718,3718.0,,blb2.,Amlodipine,Amlodipine 10mg tablet,Amlodipine,10 mg,,calcium-channel blocker,True,False
3719,3719.0,,blb3.,Istin,Istin 5mg tablet,Amlodipine,5 mg,,calcium-channel blocker,True,False
3720,3720.0,,blb4.,Istin,Istin 10mg tablet,Amlodipine,10 mg,,calcium-channel blocker,True,False
3721,3721.0,,blb5.,Amlostin,Amlostin 5mg tablet,Amlodipine,5 mg,,calcium-channel blocker,True,False
3722,3722.0,,blb6.,Amlostin,Amlostin 10mg tablet,Amlodipine,10 mg,,calcium-channel blocker,True,False
3723,3723.0,,blb7.,Amlodipine,AMLODIPINE 1mg/mL oral solution,Amlodipine,1 mg/mL,,calcium-channel blocker,True,False
3724,3724.0,,blb8.,Amlodipine,AMLODIPINE 2mg/mL oral solution,Amlodipine,2 mg/mL,,calcium-channel blocker,True,False
3725,3725.0,,blc..,Felodipine,Felodipine,Felodipine,,,calcium-channel blocker,True,False
3726,3726.0,,blc1.,Felodipine,Felodipine 5mg m/r tablet,Felodipine,5 mg,,calcium-channel blocker,True,False
3727,3727.0,,blc2.,Felodipine,Felodipine 10mg m/r tablet,Felodipine,10 mg,,calcium-channel blocker,True,False
3728,3728.0,,blc3.,Plendil,Plendil 5mg m/r tablet,Felodipine,5 mg,,calcium-channel blocker,True,False
3729,3729.0,,blc4.,Plendil,Plendil 10mg m/r tablet,Felodipine,10 mg,,calcium-channel blocker,True,False
3730,3730.0,,blc5.,Felodipine,Felodipine 2.5mg m/r tablet,Felodipine,2.5 mg,,calcium-channel blocker,True,False
3731,3731.0,,blc6.,Plendil,Plendil 2.5mg m/r tablet,Felodipine,2.5 mg,,calcium-channel blocker,True,False
3732,3732.0,,blc7.,Cabren,Cabren 2.5mg m/r tablet,Felodipine,2.5 mg,,calcium-channel blocker,True,False
3733,3733.0,,blc8.,Cabren,Cabren 5mg m/r tablet,Felodipine,5 mg,,calcium-channel blocker,True,False
3734,3734.0,,blc9.,Cabren,Cabren 10mg m/r tablet,Felodipine,10 mg,,calcium-channel blocker,True,False
3735,3735.0,,blca.,Felotens,Felotens XL 5mg m/r tablet,Felodipine,5 mg,,calcium-channel blocker,True,False
3736,3736.0,,blcb.,Felotens,Felotens XL 10mg m/r tablet,Felodipine,10 mg,,calcium-channel blocker,True,False
3737,3737.0,,blcc.,Felogen,Felogen XL 5mg m/r tablet,Felodipine,5 mg,,calcium-channel blocker,True,False
3738,3738.0,,blcf.,Keloc,Keloc SR 5mg m/r tablet,Felodipine,5 mg,,calcium-channel blocker,True,False
3739,3739.0,,blcg.,Keloc,Keloc SR 10mg m/r tablet,Felodipine,10 mg,,calcium-channel blocker,True,False
3740,3740.0,,blch.,Felogen,Felogen XL 10mg m/r tablet,Felodipine,10 mg,,calcium-channel blocker,True,False
3741,3741.0,,blci.,Vascalpha,Vascalpha 5mg m/r tablet,Felodipine,5 mg,,calcium-channel blocker,True,False
3742,3742.0,,blcj.,Vascalpha,Vascalpha 10mg m/r tablet,Felodipine,10 mg,,calcium-channel blocker,True,False
3743,3743.0,,blck.,Cardioplen,Cardioplen XL 5mg m/r tablet,Felodipine,5 mg,,calcium-channel blocker,True,False
3744,3744.0,,blcl.,Cardioplen,Cardioplen XL 10mg m/r tablet,Felodipine,10 mg,,calcium-channel blocker,True,False
3745,3745.0,,blcm.,Neofel,Neofel XL 5mg m/r tablet,Felodipine,5 mg,,calcium-channel blocker,True,False
3746,3746.0,,blcn.,Neofel,Neofel XL 10mg m/r tablet,Felodipine,10 mg,,calcium-channel blocker,True,False
3747,3747.0,,blcq.,Pinefeld,Pinefeld XL 10mg m/r tablet,Felodipine,10 mg,,calcium-channel blocker,True,False
3748,3748.0,,blcr.,Cardioplen,CARDIOPLEN XL 2.5mg m/r tablets,Felodipine,2.5 mg,,calcium-channel blocker,True,False
3749,3749.0,,blcs.,Neofel,NEOFEL XL 2.5mg m/r tablets,Felodipine,2.5 mg,,calcium-channel blocker,True,False
3750,3750.0,,blct.,Felotens,FELOTENS XL 2.5mg m/r tablets,Felodipine,2.5 mg,,calcium-channel blocker,True,False
3751,3751.0,,ble..,Lacidipine,Lacidipine,Lacidipine,,,calcium-channel blocker,True,False
3752,3752.0,,ble1.,Lacidipine,Lacidipine 2mg tablet,Lacidipine,2 mg,,calcium-channel blocker,True,False
3753,3753.0,,ble2.,Lacidipine,Lacidipine 4mg tablet,Lacidipine,4 mg,,calcium-channel blocker,True,False
3754,3754.0,,ble3.,Motens,Motens 2mg tablet,Lacidipine,2 mg,,calcium-channel blocker,True,False
3755,3755.0,,ble4.,Motens,Motens 4mg tablet,Lacidipine,4 mg,,calcium-channel blocker,True,False
3756,3756.0,,ble5.,Molap,MOLAP 4mg tablets,Lacidipine,4 mg,,calcium-channel blocker,True,False
3757,3757.0,,blg..,Nisoldipine,Nisoldipine,Nisoldipine,,,calcium-channel blocker,True,False
3758,3758.0,,blg1.,Nisoldipine,Nisoldipine 10mg m/r tablet,Nisoldipine,10 mg,,calcium-channel blocker,True,False
3759,3759.0,,blg2.,Nisoldipine,Nisoldipine 20mg m/r tablet,Nisoldipine,20 mg,,calcium-channel blocker,True,False
3760,3760.0,,blg3.,Nisoldipine,Nisoldipine 30mg m/r tablet,Nisoldipine,30 mg,,calcium-channel blocker,True,False
3761,3761.0,,blg4.,Syscor,Syscor MR 10mg m/r tablet,Nisoldipine,10 mg,,calcium-channel blocker,True,False
3762,3762.0,,blg5.,Syscor,Syscor MR 20mg m/r tablet,Nisoldipine,20 mg,,calcium-channel blocker,True,False
3763,3763.0,,blg6.,Syscor,Syscor MR 30mg m/r tablet,Nisoldipine,30 mg,,calcium-channel blocker,True,False
3764,3764.0,,blh2.,Zanidip,Zanidip 10mg tablet,Lercanidipine Hydrochloride,10 mg,,calcium-channel blocker,True,False
3765,3765.0,,blh4.,Zanidip,Zanidip 20mg tablet,Lercanidipine Hydrochloride,20 mg,,calcium-channel blocker,True,False
3766,3766.0,,bli..,Mibefradil,Mibefradil,Mibefradil,,,calcium-channel blocker,True,False
3767,3767.0,,bli1.,Mibefradil,Mibefradil 50mg tablet,Mibefradil,50 mg,,calcium-channel blocker,True,False
3768,3768.0,,bli2.,Mibefradil,Mibefradil 100mg tablet,Mibefradil,100 mg,,calcium-channel blocker,True,False
3769,3769.0,,bli3.,Posicor,Posicor 50mg tablet,Mibefradil,50 mg,,calcium-channel blocker,True,False
3770,3770.0,,bli4.,Posicor,Posicor 100mg tablet,Mibefradil,100 mg,,calcium-channel blocker,True,False
3771,3771.0,,blj1.,Zemtard,Zemtard 120 XL m/r capsule,Diltiazem Hydrochloride,,,calcium-channel blocker,True,False
3772,3772.0,,blj2.,Zemtard,Zemtard 180 XL m/r capsule,Diltiazem Hydrochloride,,,calcium-channel blocker,True,False
3773,3773.0,,blj3.,Zemtard,Zemtard 240 XL m/r capsule,Diltiazem Hydrochloride,,,calcium-channel blocker,True,False
3774,3774.0,,blj4.,Optil,Optil SR 90 m/r capsule,Diltiazem Hydrochloride,,,calcium-channel blocker,True,False
3775,3775.0,,blj5.,Optil,Optil SR 120 m/r capsule,Diltiazem Hydrochloride,,,calcium-channel blocker,True,False
3776,3776.0,,blj6.,Optil,Optil SR 180 m/r capsule,Diltiazem Hydrochloride,,,calcium-channel blocker,True,False
3777,3777.0,,blj7.,Optil,Optil XL 240 m/r capsule,Diltiazem Hydrochloride,,,calcium-channel blocker,True,False
3778,3778.0,,blj8.,Optil,Optil XL 300 m/r capsule,Diltiazem Hydrochloride,,,calcium-channel blocker,True,False
3779,3779.0,,blj9.,Dilcardia,Dilcardia XL 120mg m/r capsule,Diltiazem Hydrochloride,120 mg,,calcium-channel blocker,True,False
3780,3780.0,,bljA.,Dilcardia,Dilcardia XL 180mg m/r capsule,Diltiazem Hydrochloride,180 mg,,calcium-channel blocker,True,False
3781,3781.0,,bljB.,Dilcardia,Dilcardia XL 240mg m/r capsule,Diltiazem Hydrochloride,240 mg,,calcium-channel blocker,True,False
3782,3782.0,,bljC.,Bi-Carzem,BI-CARZEM SR 60mg m/r capsule,Diltiazem Hydrochloride,60 mg,,calcium-channel blocker,True,False
3783,3783.0,,bljD.,Bi-Carzem,BI-CARZEM SR 90mg m/r capsule,Diltiazem Hydrochloride,90 mg,,calcium-channel blocker,True,False
3784,3784.0,,bljE.,Bi-Carzem,BI-CARZEM SR 120mg m/r capsule,Diltiazem Hydrochloride,120 mg,,calcium-channel blocker,True,False
3785,3785.0,,bljF.,Zildil,Zildil SR 60mg m/r capsule,Diltiazem Hydrochloride,60 mg,,calcium-channel blocker,True,False
3786,3786.0,,bljG.,Zildil,Zildil SR 90mg m/r capsule,Diltiazem Hydrochloride,90 mg,,calcium-channel blocker,True,False
3787,3787.0,,bljH.,Zildil,Zildil SR 120mg m/r capsule,Diltiazem Hydrochloride,120 mg,,calcium-channel blocker,True,False
3788,3788.0,,bljJ.,Slozem,Slozem 300mg m/r capsule,Diltiazem Hydrochloride,300 mg,,calcium-channel blocker,True,False
3789,3789.0,,bljK.,Bi-Carzem,BI-CARZEM XL 300mg m/r capsule,Diltiazem Hydrochloride,300 mg,,calcium-channel blocker,True,False
3790,3790.0,,bljL.,Bi-Carzem,BI-CARZEM XL 240mg m/r capsule,Diltiazem Hydrochloride,240 mg,,calcium-channel blocker,True,False
3791,3791.0,,bljM.,Zemret,Zemret 180 XL m/r capsule,Diltiazem Hydrochloride,,,calcium-channel blocker,True,False
3792,3792.0,,bljN.,Zemret,Zemret 240 XL m/r capsule,Diltiazem Hydrochloride,,,calcium-channel blocker,True,False
3793,3793.0,,bljO.,Zemret,Zemret 300 XL m/r capsule,Diltiazem Hydrochloride,,,calcium-channel blocker,True,False
3794,3794.0,,bljP.,Adizem,Adizem-XL 200mg m/r capsule,Diltiazem Hydrochloride,200 mg,,calcium-channel blocker,True,False
3795,3795.0,,bljQ.,Disogram,Disogram SR 60mg m/r capsule,Diltiazem Hydrochloride,60 mg,,calcium-channel blocker,True,False
3796,3796.0,,bljR.,Disogram,Disogram SR 90mg m/r capsule,Diltiazem Hydrochloride,90 mg,,calcium-channel blocker,True,False
3797,3797.0,,bljS.,Disogram,Disogram SR 120mg m/r capsule,Diltiazem Hydrochloride,120 mg,,calcium-channel blocker,True,False
3798,3798.0,,bljT.,Disogram,Disogram SR 180mg m/r capsule,Diltiazem Hydrochloride,180 mg,,calcium-channel blocker,True,False
3799,3799.0,,bljU.,Disogram,Disogram SR 240mg m/r capsule,Diltiazem Hydrochloride,240 mg,,calcium-channel blocker,True,False
3800,3800.0,,bljV.,Disogram,Disogram SR 300mg m/r capsule,Diltiazem Hydrochloride,300 mg,,calcium-channel blocker,True,False
3801,3801.0,,bljW.,Horizem,Horizem SR 90mg m/r capsule,Diltiazem Hydrochloride,90 mg,,calcium-channel blocker,True,False
3802,3802.0,,bljX.,Horizem,Horizem SR 120mg m/r capsule,Diltiazem Hydrochloride,120 mg,,calcium-channel blocker,True,False
3803,3803.0,,bljY.,Diltiazem Hydrochloride,Diltiazem Hydrochloride XL 180mg m/r capsule,Diltiazem Hydrochloride,180 mg,,calcium-channel blocker,True,False
3804,3804.0,,bljZ.,Diltiazem Hydrochloride,Diltiazem Hydrochloride XL 240mg m/r capsule,Diltiazem Hydrochloride,240 mg,,calcium-channel blocker,True,False
3805,3805.0,,blja.,Diltiazem Hydrochloride,Diltiazem Hydrochloride XL 300mg m/r capsule,Diltiazem Hydrochloride,300 mg,,calcium-channel blocker,True,False
3806,3806.0,,bljb.,Retalzem,RETALZEM MR 60mg m/r tablets,Diltiazem Hydrochloride,60 mg,,calcium-channel blocker,True,False
3807,3807.0,,bljc.,Uard,UARD 120XL m/r capsules,Diltiazem Hydrochloride,,,calcium-channel blocker,True,False
3808,3808.0,,bljd.,Uard,UARD 180XL m/r capsules,Diltiazem Hydrochloride,,,calcium-channel blocker,True,False
3809,3809.0,,blje.,Uard,UARD 240XL m/r capsules,Diltiazem Hydrochloride,,,calcium-channel blocker,True,False
3810,3810.0,,bljf.,Uard,UARD 300XL m/r capsules,Diltiazem Hydrochloride,,,calcium-channel blocker,True,False
3811,3811.0,,bll..,Nifedipine,Nifedipine [2],Nifedipine,,,calcium-channel blocker,True,False
3812,3812.0,,bll1.,Slofedipine,Slofedipine XL 30mg m/r tablet,Nifedipine,30 mg,,calcium-channel blocker,True,False
3813,3813.0,,bll2.,Slofedipine,Slofedipine XL 60mg m/r tablet,Nifedipine,60 mg,,calcium-channel blocker,True,False
3814,3814.0,,bll3.,Adipine,Adipine LA 30 m/r tablet,Nifedipine,,,calcium-channel blocker,True,False
3815,3815.0,,bll4.,Adipine,Adipine LA 60 m/r tablet,Nifedipine,,,calcium-channel blocker,True,False
3816,3816.0,,bll5.,Hypolar,Hypolar XL 30 m/r tablet,Nifedipine,,,calcium-channel blocker,True,False
3817,3817.0,,bll6.,Calchan,Calchan MR 20mg m/r tablet,Nifedipine,20 mg,,calcium-channel blocker,True,False
3818,3818.0,,bll7.,Calchan,Calchan MR 10mg m/r tablet,Nifedipine,10 mg,,calcium-channel blocker,True,False
3819,3819.0,,bll8.,Kentipine,Kentipine MR 10mg m/r tablet,Nifedipine,10 mg,,calcium-channel blocker,True,False
3820,3820.0,,bll9.,Kentipine,Kentipine MR 20mg m/r tablet,Nifedipine,20 mg,,calcium-channel blocker,True,False
3821,3821.0,,blla.,Hypolar,Hypolar Retard 10mg m/r tablet,Nifedipine,10 mg,,calcium-channel blocker,True,False
3822,3822.0,,bllb.,Valni,Valni 20 Retard 20mg m/r tablet,Nifedipine,20 mg,,calcium-channel blocker,True,False
3823,3823.0,,bllc.,Adipine,Adipine XL 30mg m/r tablet,Nifedipine,30 mg,,calcium-channel blocker,True,False
3824,3824.0,,blld.,Adipine,Adipine XL 60mg m/r tablet,Nifedipine,60 mg,,calcium-channel blocker,True,False
3825,3825.0,,blle.,Nimodrel,Nimodrel XL 60mg m/r tablet,Nifedipine,60 mg,,calcium-channel blocker,True,False
3826,3826.0,,bllf.,Nimodrel,Nimodrel XL 30mg m/r tablet,Nifedipine,30 mg,,calcium-channel blocker,True,False
3827,3827.0,,bllg.,Valni,VALNI XL 30mg m/r tablets,Nifedipine,30 mg,,calcium-channel blocker,True,False
3828,3828.0,,bllh.,Valni,VALNI XL 60mg m/r tablets,Nifedipine,60 mg,,calcium-channel blocker,True,False
3829,3829.0,,blli.,Nidef,NIDEF 30mg m/r tablets,Nifedipine,30 mg,,calcium-channel blocker,True,False
3830,3830.0,,bllj.,Nidef,NIDEF 60mg m/r tablets,Nifedipine,60 mg,,calcium-channel blocker,True,False
3831,3831.0,,bllk.,Adanif,ADANIF XL 30mg m/r tablets,Nifedipine,30 mg,,calcium-channel blocker,True,False
3832,3832.0,,blll.,Adanif,ADANIF XL 60mg m/r tablets,Nifedipine,60 mg,,calcium-channel blocker,True,False
3833,3833.0,,c8c1.,Istin,Fabahistin 50mg tablet,Amlodipine,50 mg,,calcium-channel blocker,True,False
3834,3834.0,,c8c2.,Istin,Fabahistin 50mg/5mL mixture,Amlodipine,50 mg/5 ml,,calcium-channel blocker,True,False
3835,3835.0,,dh1..,Istin,Betahistine dihydrochloride,Amlodipine,,,calcium-channel blocker,True,False
3836,3836.0,,dh13.,Istin,Betahistine hydrochloride 16mg tablet,Amlodipine,16 mg,,calcium-channel blocker,True,False
3837,3837.0,,dh1z.,Istin,Betahistine hydrochloride 8mg tablet,Amlodipine,8 mg,,calcium-channel blocker,True,False
3838,3838.0,,dt1..,Nimodipine,Nimodipine,Nimodipine,,,calcium-channel blocker,True,False
3839,3839.0,,dt11.,Nimodipine,Nimodipine 10mg/50mL infusion,Nimodipine,10 mg/50 ml,,calcium-channel blocker,True,False
3840,3840.0,,dt12.,Nimotop,Nimotop 10mg/50mL infusion,Nimodipine,10 mg/50 ml,,calcium-channel blocker,True,False
3841,3841.0,,dt13.,Nimodipine,Nimodipine 30mg tablet,Nimodipine,30 mg,,calcium-channel blocker,True,False
3842,3842.0,,dt14.,Nimotop,Nimotop 30mg tablet,Nimodipine,30 mg,,calcium-channel blocker,True,False
3843,3843.0,,dt15.,Nimodipine,Nimodipine 50mg/250mL infusion,Nimodipine,50 mg/250 ml,,calcium-channel blocker,True,False
3844,3844.0,,dt16.,Nimotop,Nimotop IV 50mg/250mL infusion,Nimodipine,50 mg/250 ml,,calcium-channel blocker,True,False
3845,3845.0,,eb3..,Istin,Colistin,Amlodipine,,,calcium-channel blocker,True,False
3846,3846.0,,eb3w.,Istin,Colistin sulphate 1.5million units tablet,Amlodipine,,,calcium-channel blocker,True,False
3847,3847.0,,eb3x.,Istin,"Colistin sulphate 250,000units/5mL syrup",Amlodipine,,,calcium-channel blocker,True,False
3848,3848.0,,eb3y.,Istin,"Colistin sulphomethate sodium 500,000units injection (pdr for recon)",Amlodipine,,,calcium-channel blocker,True,False
3849,3849.0,,eb3z.,Istin,Colistin sulphomethate sodium 1million units injection (pdr for recon),Amlodipine,,,calcium-channel blocker,True,False
3850,3850.0,,ebA..,Istin,Quinupristin+dalfopristin,Amlodipine,,,calcium-channel blocker,True,False
3851,3851.0,,ebAz.,Istin,Quinupristin+dalfopristin 150mg/350mg infusion (pdr for recon),Amlodipine,150 mg,,calcium-channel blocker,True,False
3852,3852.0,,gg1H.,Optil,OPTILUBE gel 5g sachet,Diltiazem Hydrochloride,,,calcium-channel blocker,True,False
3853,3853.0,,gg1I.,Optil,OPTILUBE gel 42g,Diltiazem Hydrochloride,,,calcium-channel blocker,True,False
3854,3854.0,,gg1J.,Optil,OPTILUBE gel 82g,Diltiazem Hydrochloride,,,calcium-channel blocker,True,False
3855,3855.0,,gg1K.,Optil,OPTILUBE gel 6mL,Diltiazem Hydrochloride,,,calcium-channel blocker,True,False
3856,3856.0,,gg1L.,Optil,OPTILUBE gel 11mL,Diltiazem Hydrochloride,,,calcium-channel blocker,True,False
3857,3857.0,,h43..,Istin,Vincristine sulphate,Amlodipine,,,calcium-channel blocker,True,False
3858,3858.0,,h431.,Istin,Vincristine 1mg injection (pdr for recon),Amlodipine,1 mg,,calcium-channel blocker,True,False
3859,3859.0,,h432.,Istin,Vincristine 2mg injection (pdr for recon),Amlodipine,2 mg,,calcium-channel blocker,True,False
3860,3860.0,,h433.,Istin,Vincristine 5mg injection (pdr for recon),Amlodipine,5 mg,,calcium-channel blocker,True,False
3861,3861.0,,h43v.,Istin,Vincristine sulphate 1mg/1mL prefilled syringe,Amlodipine,1 mg/1 ml,,calcium-channel blocker,True,False
3862,3862.0,,h43w.,Istin,Vincristine sulphate 2mg/2mL prefilled syringe,Amlodipine,2 mg/2 ml,,calcium-channel blocker,True,False
3863,3863.0,,h43x.,Istin,Vincristine sulphate 5mg/5mL injection,Amlodipine,5 mg/5 ml,,calcium-channel blocker,True,False
3864,3864.0,,h43y.,Istin,Vincristine sulphate 1mg/1mL injection,Amlodipine,1 mg/1 ml,,calcium-channel blocker,True,False
3865,3865.0,,h43z.,Istin,Vincristine sulphate 2mg/2mL injection,Amlodipine,2 mg/2 ml,,calcium-channel blocker,True,False
3866,3866.0,,k611.,Istin,Otrivine-Antistin eye drops 10mL,Amlodipine,,,calcium-channel blocker,True,False
3867,3867.0,,k6h2.,Optil,Optilast 0.05% eye drops 6mL,Diltiazem Hydrochloride,,,calcium-channel blocker,True,False
3868,3868.0,,k6h4.,Optil,Optilast 0.05% eye drops 8mL,Diltiazem Hydrochloride,,,calcium-channel blocker,True,False
3869,3869.0,,l952.,Istin,Otrivine-Antistin nose drops,Amlodipine,,,calcium-channel blocker,True,False
3870,3870.0,,l953.,Istin,Otrivine-Antistin nasal spray,Amlodipine,,,calcium-channel blocker,True,False
3871,3871.0,,mc2..,Istin,Colistin sulphate,Amlodipine,,,calcium-channel blocker,True,False
3872,3872.0,,mc2z.,Istin,Colistin sulphate topical powder,Amlodipine,,,calcium-channel blocker,True,False
3873,3873.0,,oa1R.,Optil,OPTILUBE ACTIVE gel 6mL,Diltiazem Hydrochloride,,,calcium-channel blocker,True,False
3874,3874.0,,oa1S.,Optil,OPTILUBE ACTIVE gel 11mL,Diltiazem Hydrochloride,,,calcium-channel blocker,True,False
3875,3875.0,,p1Y3.,Uard,CILGUARD STANDARD 10cmx10cm dressing,Diltiazem Hydrochloride,,,calcium-channel blocker,True,False
3876,3876.0,,p1Y4.,Uard,CILGUARD STANDARD 15cmx15cm dressing,Diltiazem Hydrochloride,,,calcium-channel blocker,True,False
3877,3877.0,,p1Y5.,Uard,CILGUARD STANDARD 20cmx10cm dressing,Diltiazem Hydrochloride,,,calcium-channel blocker,True,False
3878,3878.0,,p1Y6.,Uard,CILGUARD STANDARD 20cmx20cm dressing,Diltiazem Hydrochloride,,,calcium-channel blocker,True,False
3879,3879.0,,p1Y7.,Uard,CILGUARD STANDARD 20cmx50cm dressing,Diltiazem Hydrochloride,,,calcium-channel blocker,True,False
3880,3880.0,,p1Y8.,Uard,CILGUARD STANDARD 10cmx60cm dressing,Diltiazem Hydrochloride,,,calcium-channel blocker,True,False
3881,3881.0,,p1Y9.,Uard,CILGUARD BORDER 10cmx10cm dressing,Diltiazem Hydrochloride,,,calcium-channel blocker,True,False
3882,3882.0,,p1YA.,Uard,CILGUARD BORDER 15cmx15cm dressing,Diltiazem Hydrochloride,,,calcium-channel blocker,True,False
3883,3883.0,,p1YB.,Uard,CILGUARD BORDER 20cmx10cm dressing,Diltiazem Hydrochloride,,,calcium-channel blocker,True,False
3884,3884.0,,p1YC.,Uard,CILGUARD BORDER 20cmx20cm dressing,Diltiazem Hydrochloride,,,calcium-channel blocker,True,False
3885,3885.0,,p1YD.,Uard,CILGUARD BORDER 20cmx50cm dressing,Diltiazem Hydrochloride,,,calcium-channel blocker,True,False
3886,3886.0,,p1YE.,Uard,CILGUARD OVERLAP 10cmx10cm dressing,Diltiazem Hydrochloride,,,calcium-channel blocker,True,False
3887,3887.0,,p1YF.,Uard,CILGUARD OVERLAP 15cmx15cm dressing,Diltiazem Hydrochloride,,,calcium-channel blocker,True,False
3888,3888.0,,p1YG.,Uard,CILGUARD OVERLAP 20cmx10cm dressing,Diltiazem Hydrochloride,,,calcium-channel blocker,True,False
3889,3889.0,,p1YH.,Uard,CILGUARD OVERLAP 20cmx20cm dressing,Diltiazem Hydrochloride,,,calcium-channel blocker,True,False
3890,3890.0,,p46r.,Univer,Ferraris Pocketpeak peak flow meter universal mouthpiece,Verapamil Hydrochloride,,,calcium-channel blocker,True,False
3891,3891.0,,p46v.,Univer,MicroPeak PSA2200 peak flow meter universal mouthpiece,Verapamil Hydrochloride,,,calcium-channel blocker,True,False
3892,3892.0,,p8JH.,Univer,Universal Hospital Supplies 10mL balloon 12Ch UN51161210 2-way silicone elastomer coated male length urethral Foley catheter,Verapamil Hydrochloride,,,calcium-channel blocker,True,False
3893,3893.0,,p8JI.,Univer,Universal Hospital Supplies 10mL balloon 14Ch UN51161410 2-way silicone elastomer coated male length urethral Foley catheter,Verapamil Hydrochloride,,,calcium-channel blocker,True,False
3894,3894.0,,p8JJ.,Univer,Universal Hospital Supplies 10mL balloon 16Ch UN51161610 2-way silicone elastomer coated male length urethral Foley catheter,Verapamil Hydrochloride,,,calcium-channel blocker,True,False
3895,3895.0,,p8JK.,Univer,Universal Hospital Supplies 10mL balloon 18Ch UN51161810 2-way silicone elastomer coated male length urethral Foley catheter,Verapamil Hydrochloride,,,calcium-channel blocker,True,False
3896,3896.0,,p8JL.,Univer,Universal Hospital Supplies 10mL balloon 20Ch UN51162010 2-way silicone elastomer coated male length urethral Foley catheter,Verapamil Hydrochloride,,,calcium-channel blocker,True,False
3897,3897.0,,p8JM.,Univer,Universal Hospital Supplies 10mL balloon 22Ch UN51162210 2-way silicone elastomer coated male length urethral Foley catheter,Verapamil Hydrochloride,,,calcium-channel blocker,True,False
3898,3898.0,,p8JN.,Univer,Universal Hospital Supplies 10mL balloon 24Ch UN51162410 2-way silicone elastomer coated male length urethral Foley catheter,Verapamil Hydrochloride,,,calcium-channel blocker,True,False
3899,3899.0,,p8JO.,Univer,Universal Hospital Supplies 10mL balloon 26Ch UN51162610 2-way silicone elastomer coated male length urethral Foley catheter,Verapamil Hydrochloride,,,calcium-channel blocker,True,False
3900,3900.0,,p8Ne.,Univer,Universal Hospital Supplies 10mL balloon 12Ch UN41151205 2-way all-silicone male length urethral Foley catheter,Verapamil Hydrochloride,,,calcium-channel blocker,True,False
3901,3901.0,,p8Nf.,Univer,Universal Hospital Supplies 10mL balloon 14Ch UN41151405 2-way all-silicone male length urethral Foley catheter,Verapamil Hydrochloride,,,calcium-channel blocker,True,False
3902,3902.0,,p8Ng.,Univer,Universal Hospital Supplies 10mL balloon 16Ch UN41151605 2-way all-silicone male length urethral Foley catheter,Verapamil Hydrochloride,,,calcium-channel blocker,True,False
3903,3903.0,,p8Nh.,Univer,Universal Hospital Supplies 10mL balloon 18Ch UN41151805 2-way all-silicone male length urethral Foley catheter,Verapamil Hydrochloride,,,calcium-channel blocker,True,False
3904,3904.0,,p8Ni.,Univer,Universal Hospital Supplies 10mL balloon 20Ch UN41152005 2-way all-silicone male length urethral Foley catheter,Verapamil Hydrochloride,,,calcium-channel blocker,True,False
3905,3905.0,,p8Nj.,Univer,Universal Hospital Supplies 10mL balloon 22Ch UN41152205 2-way all-silicone male length urethral Foley catheter,Verapamil Hydrochloride,,,calcium-channel blocker,True,False
3906,3906.0,,p8XF.,Uard,Bardex IC Aquafil 10mL balloon 12Ch D236512S 2-way prefilled male length urethral catheter with hydrogel and Bacti-Guard silver alloy coating,Diltiazem Hydrochloride,,,calcium-channel blocker,True,False
3907,3907.0,,p8XG.,Uard,Bardex IC Aquafil 10mL balloon 14Ch D236514S 2-way prefilled male length urethral catheter with hydrogel and Bacti-Guard silver alloy coating,Diltiazem Hydrochloride,,,calcium-channel blocker,True,False
3908,3908.0,,p8XH.,Uard,Bardex IC Aquafil 10mL balloon 16Ch D236516S 2-way prefilled male length urethral catheter with hydrogel and Bacti-Guard silver alloy coating,Diltiazem Hydrochloride,,,calcium-channel blocker,True,False
3909,3909.0,,p8XI.,Uard,Bardex IC Aquafil 10mL balloon 18Ch D236518S 2-way prefilled male length urethral catheter with hydrogel and Bacti-Guard silver alloy coating,Diltiazem Hydrochloride,,,calcium-channel blocker,True,False
3910,3910.0,,p8XJ.,Uard,Bardex IC Aquafil 10mL balloon 20Ch D236520S 2-way prefilled male length urethral catheter with hydrogel and Bacti-Guard silver alloy coating,Diltiazem Hydrochloride,,,calcium-channel blocker,True,False
3911,3911.0,,p8XK.,Uard,Bardex IC Aquafil 10mL balloon 22Ch D236522S 2-way prefilled male length urethral catheter with hydrogel and Bacti-Guard silver alloy coating,Diltiazem Hydrochloride,,,calcium-channel blocker,True,False
3912,3912.0,,ph24.,Uard,Hypoguard 1mL U100 insulin syringe,Diltiazem Hydrochloride,,,calcium-channel blocker,True,False
3913,3913.0,,ph29.,Uard,Hypoguard 1mL U100 click/count syringe,Diltiazem Hydrochloride,,,calcium-channel blocker,True,False
3914,3914.0,,ph2A.,Uard,Hypoguard 1mL U100 pre-set syringe,Diltiazem Hydrochloride,,,calcium-channel blocker,True,False
3915,3915.0,,ph7G.,Univer,Unilet Universal ComforTouch 0.45mm(26gauge) lancet,Verapamil Hydrochloride,,,calcium-channel blocker,True,False
3916,3916.0,,ph7Z.,Uard,Hypoguard Supreme 0.36mm(28gauge) lancet,Diltiazem Hydrochloride,,,calcium-channel blocker,True,False
3917,3917.0,,ph9n.,Univer,MICRODOT UNIVERSAL 1.8mm(26gauge) lancet,Verapamil Hydrochloride,,,calcium-channel blocker,True,False
3918,3918.0,,ph9x.,Univer,MEDLANCE PLUS UNIVERSAL 1.8mm(21gauge) lancet,Verapamil Hydrochloride,,,calcium-channel blocker,True,False
3919,3919.0,,phD2.,Univer,ACTI-LANCE UNIVERSAL 1.8mm(23gauge) lancet,Verapamil Hydrochloride,,,calcium-channel blocker,True,False
3920,3920.0,,puh4.,Uard,Hypoguard GA blood Glucose testing strip x50,Diltiazem Hydrochloride,,,calcium-channel blocker,True,False
3921,3921.0,,puh6.,Uard,Hypoguard Supreme blood Glucose testing strip x50,Diltiazem Hydrochloride,,,calcium-channel blocker,True,False
3922,3922.0,,puhL.,Uard,Hypoguard Supreme Spectrum blood glucose testing strip x50,Diltiazem Hydrochloride,,,calcium-channel blocker,True,False
3923,3923.0,,q5l..,Univer,Universal hosp leg bag,Verapamil Hydrochloride,,,calcium-channel blocker,True,False
3924,3924.0,,s223.,Univer,Hollister Universal 7760 stoma adhesive remover wipe,Verapamil Hydrochloride,,,calcium-channel blocker,True,False
3925,3925.0,,se55.,Uard,Guardian irrigator 38mm/4803 x5,Diltiazem Hydrochloride,,,calcium-channel blocker,True,False
3926,3926.0,,se56.,Uard,Guardian irrigator 51mm/4804 x5,Diltiazem Hydrochloride,,,calcium-channel blocker,True,False
3927,3927.0,,se57.,Uard,Guardian irrigator 64mm/4805 x5,Diltiazem Hydrochloride,,,calcium-channel blocker,True,False
3928,3928.0,,se58.,Uard,Guardian irrigator 102mm/4806 x5,Diltiazem Hydrochloride,,,calcium-channel blocker,True,False
3929,3929.0,,sgi1.,Uard,OstoGuard RMC1 barrier cream 60g,Diltiazem Hydrochloride,,,calcium-channel blocker,True,False
3930,3930.0,,sgi2.,Uard,OstoGuard RMC2 barrier cream 2g sachets,Diltiazem Hydrochloride,,,calcium-channel blocker,True,False
3931,3931.0,,sgi6.,Uard,OSTOGUARD RMC3 barrier film sachet 3mL,Diltiazem Hydrochloride,,,calcium-channel blocker,True,False
3932,3932.0,,sgi7.,Uard,OSTOGUARD RMC4 barrier film 30mL,Diltiazem Hydrochloride,,,calcium-channel blocker,True,False
3933,3933.0,,sgi8.,Uard,OSTOGUARD RMC5 barrier film 50mL,Diltiazem Hydrochloride,,,calcium-channel blocker,True,False
3934,3934.0,,sj35.,Univer,HOLLISTER 9779 universal catheter access port,Verapamil Hydrochloride,,,calcium-channel blocker,True,False
3935,3935.0,,sk42.,Uard,Guardian 4606 102mm clear drainable pouch two-piece ostomy system,Diltiazem Hydrochloride,,,calcium-channel blocker,True,False
3936,3936.0,,sk47.,Uard,Guardian 25mm/4402 flanges x5,Diltiazem Hydrochloride,,,calcium-channel blocker,True,False
3937,3937.0,,sk48.,Uard,Guardian 38mm/4403 flanges x5,Diltiazem Hydrochloride,,,calcium-channel blocker,True,False
3938,3938.0,,sk49.,Uard,Guardian 51mm/4404 flanges x5,Diltiazem Hydrochloride,,,calcium-channel blocker,True,False
3939,3939.0,,sk4A.,Uard,Guardian 4522 25mm mini opaque closed pouch+filter two-piece ostomy system,Diltiazem Hydrochloride,,,calcium-channel blocker,True,False
3940,3940.0,,sk4B.,Uard,Guardian 4523 38mm mini opaque closed pouch+filter two-piece ostomy system,Diltiazem Hydrochloride,,,calcium-channel blocker,True,False
3941,3941.0,,sk4C.,Uard,Guardian 4524 51mm mini opaque closed pouch+filter two-piece ostomy system,Diltiazem Hydrochloride,,,calcium-channel blocker,True,False
3942,3942.0,,sk4D.,Uard,Guardian 4525 64mm mini opaque closed pouch+filter two-piece ostomy system,Diltiazem Hydrochloride,,,calcium-channel blocker,True,False
3943,3943.0,,sk4F.,Uard,Guardian 4303 38mm opaque stoma cap+filter two-piece ostomy system,Diltiazem Hydrochloride,,,calcium-channel blocker,True,False
3944,3944.0,,sk4G.,Uard,Guardian 4304 51mm opaque stoma cap+filter two-piece ostomy system,Diltiazem Hydrochloride,,,calcium-channel blocker,True,False
3945,3945.0,,sk4H.,Uard,Guardian 4305 64mm opaque stoma cap+filter two-piece ostomy system,Diltiazem Hydrochloride,,,calcium-channel blocker,True,False
3946,3946.0,,sk4J.,Uard,Guardian 25mm/4422 flanges x5,Diltiazem Hydrochloride,,,calcium-channel blocker,True,False
3947,3947.0,,sk4K.,Uard,Guardian 38mm/4423 flanges x5,Diltiazem Hydrochloride,,,calcium-channel blocker,True,False
3948,3948.0,,sk4L.,Uard,Guardian 51mm/4424 flanges x5,Diltiazem Hydrochloride,,,calcium-channel blocker,True,False
3949,3949.0,,sk4M.,Uard,Guardian 64mm/4425 flanges x5,Diltiazem Hydrochloride,,,calcium-channel blocker,True,False
3950,3950.0,,sk4N.,Uard,Guardian 4202 25mm belt adaptor two-piece ostomy system,Diltiazem Hydrochloride,,,calcium-channel blocker,True,False
3951,3951.0,,sk4P.,Uard,Guardian 4203 38mm belt adaptor two-piece ostomy system,Diltiazem Hydrochloride,,,calcium-channel blocker,True,False
3952,3952.0,,sk4Q.,Uard,Guardian 4204 51mm belt adaptor two-piece ostomy system,Diltiazem Hydrochloride,,,calcium-channel blocker,True,False
3953,3953.0,,sk4R.,Uard,Guardian 4205 64mm belt adaptor two-piece ostomy system,Diltiazem Hydrochloride,,,calcium-channel blocker,True,False
3954,3954.0,,sk4S.,Uard,Guardian 4206 102mm belt adaptor two-piece ostomy system,Diltiazem Hydrochloride,,,calcium-channel blocker,True,False
3955,3955.0,,sk4a.,Uard,Guardian 64mm/4405 flanges x5,Diltiazem Hydrochloride,,,calcium-channel blocker,True,False
3956,3956.0,,sk4b.,Uard,Guardian 102mm/4406 flanges x5,Diltiazem Hydrochloride,,,calcium-channel blocker,True,False
3957,3957.0,,sk4c.,Uard,Guardian 4513 38mm opaque closed pouch two-piece ostomy system,Diltiazem Hydrochloride,,,calcium-channel blocker,True,False
3958,3958.0,,sk4d.,Uard,Guardian 4514 51mm opaque closed pouch two-piece ostomy system,Diltiazem Hydrochloride,,,calcium-channel blocker,True,False
3959,3959.0,,sk4e.,Uard,Guardian 4515 64mm opaque closed pouch two-piece ostomy system,Diltiazem Hydrochloride,,,calcium-channel blocker,True,False
3960,3960.0,,sk4f.,Uard,Guardian 4702 25mm urostomy pouch two-piece ostomy system,Diltiazem Hydrochloride,,,calcium-channel blocker,True,False
3961,3961.0,,sk4g.,Uard,Guardian 4703 38mm urostomy pouch two-piece ostomy system,Diltiazem Hydrochloride,,,calcium-channel blocker,True,False
3962,3962.0,,sk4h.,Uard,Guardian 4704 51mm urostomy pouch two-piece ostomy system,Diltiazem Hydrochloride,,,calcium-channel blocker,True,False
3963,3963.0,,sk4i.,Uard,Guardian 4503 38mm clear closed pouch two-piece ostomy system,Diltiazem Hydrochloride,,,calcium-channel blocker,True,False
3964,3964.0,,sk4j.,Uard,Guardian 4504 51mm clear closed pouch two-piece ostomy system,Diltiazem Hydrochloride,,,calcium-channel blocker,True,False
3965,3965.0,,sk4k.,Uard,Guardian 4505 64mm clear closed pouch two-piece ostomy system,Diltiazem Hydrochloride,,,calcium-channel blocker,True,False
3966,3966.0,,sk4l.,Uard,Guardian 4602 25mm clear drainable pouch two-piece ostomy system,Diltiazem Hydrochloride,,,calcium-channel blocker,True,False
3967,3967.0,,sk4m.,Uard,Guardian 4603 38mm clear drainable pouch two-piece ostomy system,Diltiazem Hydrochloride,,,calcium-channel blocker,True,False
3968,3968.0,,sk4n.,Uard,Guardian 4604 51mm clear drainable pouch two-piece ostomy system,Diltiazem Hydrochloride,,,calcium-channel blocker,True,False
3969,3969.0,,sk4o.,Uard,Guardian 4605 64mm clear drainable pouch two-piece ostomy system,Diltiazem Hydrochloride,,,calcium-channel blocker,True,False
3970,3970.0,,sk4p.,Uard,Guardian 4612 25mm opaque drainable pouch two-piece ostomy system,Diltiazem Hydrochloride,,,calcium-channel blocker,True,False
3971,3971.0,,sk4q.,Uard,Guardian 4613 38mm opaque drainable pouch two-piece ostomy system,Diltiazem Hydrochloride,,,calcium-channel blocker,True,False
3972,3972.0,,sk4r.,Uard,Guardian 4614 51mm opaque drainable pouch two-piece ostomy system,Diltiazem Hydrochloride,,,calcium-channel blocker,True,False
3973,3973.0,,sk4s.,Uard,Guardian 4615 64mm opaque drainable pouch two-piece ostomy system,Diltiazem Hydrochloride,,,calcium-channel blocker,True,False
3974,3974.0,,sk4t.,Uard,Guardian 4642 25mm mini opaque drainable pouch two-piece ostomy system,Diltiazem Hydrochloride,,,calcium-channel blocker,True,False
3975,3975.0,,sk4u.,Uard,Guardian 4643 38mm mini opaque drainable pouch two-piece ostomy system,Diltiazem Hydrochloride,,,calcium-channel blocker,True,False
3976,3976.0,,sk4v.,Uard,Guardian 4644 51mm mini opaque drainable pouch two-piece ostomy system,Diltiazem Hydrochloride,,,calcium-channel blocker,True,False
3977,3977.0,,sk4w.,Uard,Guardian 4645 64mm mini opaque drainable pouch two-piece ostomy system,Diltiazem Hydrochloride,,,calcium-channel blocker,True,False
3978,3978.0,,sk4x.,Uard,Guardian 420 belt adaptor x10,Diltiazem Hydrochloride,,,calcium-channel blocker,True,False
3979,3979.0,,sk4y.,Uard,Guardian 4502 25mm clear closed pouch two-piece ostomy system,Diltiazem Hydrochloride,,,calcium-channel blocker,True,False
3980,3980.0,,sk4z.,Uard,Guardian 4512 25mm opaque closed pouch two-piece ostomy system,Diltiazem Hydrochloride,,,calcium-channel blocker,True,False
3981,3981.0,,wy02n,Uard,Hypoguard (UK) Ltd,Diltiazem Hydrochloride,,,calcium-channel blocker,True,False
3982,3982.0,,wy06s,Univer,Universal Hospital Supplies,Verapamil Hydrochloride,,,calcium-channel blocker,True,False
3983,3983.0,,x008F,Nifedipine,Modified release nifedipine,Nifedipine,,,calcium-channel blocker,True,False
3984,3984.0,,x009B,Nifedipine,Parenteral nifedipine,Nifedipine,,,calcium-channel blocker,True,False
3985,3985.0,,x00Du,Adalat,Adalate 10mg capsule,Nifedipine,10 mg,,calcium-channel blocker,True,False
3986,3986.0,,x00KG,Istin,Otrivine-Antistin eye drops,Amlodipine,,,calcium-channel blocker,True,False
3987,3987.0,,x00Pw,Istin,Vincristine sulphate 5mg/25mL infusion,Amlodipine,5 mg/25 ml,,calcium-channel blocker,True,False
3988,3988.0,,x00Px,Istin,Vincristine sulphate 10mg/50mL infusion,Amlodipine,10 mg/50 ml,,calcium-channel blocker,True,False
3989,3989.0,,x00Py,Istin,Vincristine sulphate 5mg/50mL infusion,Amlodipine,5 mg/50 ml,,calcium-channel blocker,True,False
3990,3990.0,,x00Pz,Istin,Vincristine sulphate 10mg/100mL infusion,Amlodipine,10 mg/100 ml,,calcium-channel blocker,True,False
3991,3991.0,,x00Th,Univer,Univer 120mg m/r capsule,Verapamil Hydrochloride,120 mg,,calcium-channel blocker,True,False
3992,3992.0,,x00Ti,Univer,Univer 180mg m/r capsule,Verapamil Hydrochloride,180 mg,,calcium-channel blocker,True,False
3993,3993.0,,x00Tj,Univer,Univer 240mg m/r capsule,Verapamil Hydrochloride,240 mg,,calcium-channel blocker,True,False
3994,3994.0,,x00Tl,Adalat,Adalat AR 20mg m/r tablet,Nifedipine,20 mg,,calcium-channel blocker,True,False
3995,3995.0,,x00Tm,Adalat,Adalate LP 20mg m/r tablet,Nifedipine,20 mg,,calcium-channel blocker,True,False
3996,3996.0,,x00pm,Univer,Universal sterile plastic leg bag,Verapamil Hydrochloride,,,calcium-channel blocker,True,False
3997,3997.0,,x00v7,Uard,Guardian two-piece ostomy system,Diltiazem Hydrochloride,,,calcium-channel blocker,True,False
3998,3998.0,,x01Ak,Istin,Vincristine,Amlodipine,,,calcium-channel blocker,True,False
3999,3999.0,,x01CW,Nifedipine,Oral nifedipine,Nifedipine,,,calcium-channel blocker,True,False
4000,4000.0,,x01RN,Istin,Betahistine,Amlodipine,,,calcium-channel blocker,True,False
4001,4001.0,,x01fQ,Uard,Guardian 'F' floating flange two-piece ostomy system,Diltiazem Hydrochloride,,,calcium-channel blocker,True,False
4002,4002.0,,x01fR,Uard,Guardian 'S' stationary flange two-piece ostomy system,Diltiazem Hydrochloride,,,calcium-channel blocker,True,False
4003,4003.0,,x01fS,Uard,Guardian closed pouch two-piece ostomy system,Diltiazem Hydrochloride,,,calcium-channel blocker,True,False
4004,4004.0,,x01fT,Uard,Guardian closed mini pouch two-piece ostomy system,Diltiazem Hydrochloride,,,calcium-channel blocker,True,False
4005,4005.0,,x01fU,Uard,Guardian drainable pouch two-piece ostomy system,Diltiazem Hydrochloride,,,calcium-channel blocker,True,False
4006,4006.0,,x01fV,Uard,Guardian drainable mini pouch two-piece ostomy system,Diltiazem Hydrochloride,,,calcium-channel blocker,True,False
4007,4007.0,,x01fW,Uard,Guardian urostomy pouch two-piece ostomy system,Diltiazem Hydrochloride,,,calcium-channel blocker,True,False
4008,4008.0,,x01fX,Uard,Guardian stoma cap+filter two-piece ostomy system,Diltiazem Hydrochloride,,,calcium-channel blocker,True,False
4009,4009.0,,x01fY,Uard,Guardian belt adaptor two-piece ostomy system,Diltiazem Hydrochloride,,,calcium-channel blocker,True,False
4010,4010.0,,x01xp,Uard,Hollister 4803 38mm/flange irrigator drain for guardian two-peice system,Diltiazem Hydrochloride,,,calcium-channel blocker,True,False
4011,4011.0,,x01xq,Uard,Hollister 4804 51mm/flange irrigator drain for guardian two-peice system,Diltiazem Hydrochloride,,,calcium-channel blocker,True,False
4012,4012.0,,x01xr,Uard,Hollister 4805 64mm/flange irrigator drain for guardian two-peice system,Diltiazem Hydrochloride,,,calcium-channel blocker,True,False
4013,4013.0,,x01xs,Uard,Hollister 4806 102mm/flange irrigator drain for guardian two-peice system,Diltiazem Hydrochloride,,,calcium-channel blocker,True,False
4014,4014.0,,x021S,Uard,Guardian 4402 25mm 'F' floating flange two-piece ostomy system,Diltiazem Hydrochloride,,,calcium-channel blocker,True,False
4015,4015.0,,x021T,Uard,Guardian 4403 38mm 'F' floating flange two-piece ostomy system,Diltiazem Hydrochloride,,,calcium-channel blocker,True,False
4016,4016.0,,x021U,Uard,Guardian 4404 51mm 'F' floating flange two-piece ostomy system,Diltiazem Hydrochloride,,,calcium-channel blocker,True,False
4017,4017.0,,x021V,Uard,Guardian 4405 64mm 'F' floating flange two-piece ostomy system,Diltiazem Hydrochloride,,,calcium-channel blocker,True,False
4018,4018.0,,x021W,Uard,Guardian 4406 102mm 'F' floating flange two-piece ostomy system,Diltiazem Hydrochloride,,,calcium-channel blocker,True,False
4019,4019.0,,x021X,Uard,Guardian 4422 25mm 'S' stationary flange two-piece ostomy system,Diltiazem Hydrochloride,,,calcium-channel blocker,True,False
4020,4020.0,,x021Y,Uard,Guardian 4423 38mm 'S' stationary flange two-piece ostomy system,Diltiazem Hydrochloride,,,calcium-channel blocker,True,False
4021,4021.0,,x021Z,Uard,Guardian 4424 51mm 'S' stationary flange two-piece ostomy system,Diltiazem Hydrochloride,,,calcium-channel blocker,True,False
4022,4022.0,,x021a,Uard,Guardian 4425 64mm 'S' stationary flange two-piece ostomy system,Diltiazem Hydrochloride,,,calcium-channel blocker,True,False
4023,4023.0,,x029M,Uard,Hypoguard GA blood glucose testing strip,Diltiazem Hydrochloride,,,calcium-channel blocker,True,False
4024,4024.0,,x029O,Uard,Hypoguard Supreme blood glucose testing strip,Diltiazem Hydrochloride,,,calcium-channel blocker,True,False
4025,4025.0,,x02QH,Adalat,Adalat,Nifedipine,,,calcium-channel blocker,True,False
4026,4026.0,,x02QI,Adalat,Adalat Retard,Nifedipine,,,calcium-channel blocker,True,False
4027,4027.0,,x02QJ,Adalat,Adalat LA,Nifedipine,,,calcium-channel blocker,True,False
4028,4028.0,,x02QK,Adipine,Adipine MR,Nifedipine,,,calcium-channel blocker,True,False
4029,4029.0,,x02QL,Angiopine,Angiopine,Nifedipine,,,calcium-channel blocker,True,False
4030,4030.0,,x02QM,Angiopine,Angiopine MR,Nifedipine,,,calcium-channel blocker,True,False
4031,4031.0,,x02QN,Calanif,Calanif,Nifedipine,,,calcium-channel blocker,True,False
4032,4032.0,,x02QO,Calcilat,Calcilat,Nifedipine,,,calcium-channel blocker,True,False
4033,4033.0,,x02QP,Cardilate,Cardilate MR,Nifedipine,,,calcium-channel blocker,True,False
4034,4034.0,,x02QQ,Hypolar,Hypolar Retard,Nifedipine,,,calcium-channel blocker,True,False
4035,4035.0,,x02QR,Nifelease,Nifelease,Nifedipine,,,calcium-channel blocker,True,False
4036,4036.0,,x02QU,Adizem,Adizem,Diltiazem Hydrochloride,,,calcium-channel blocker,True,False
4037,4037.0,,x02QV,Adizem,Adizem-SR,Diltiazem Hydrochloride,,,calcium-channel blocker,True,False
4038,4038.0,,x02QW,Adizem,Adizem-XL,Diltiazem Hydrochloride,,,calcium-channel blocker,True,False
4039,4039.0,,x02QY,Angiozem,Angiozem,Diltiazem Hydrochloride,,,calcium-channel blocker,True,False
4040,4040.0,,x02QZ,Angitil,Angitil SR,Diltiazem Hydrochloride,,,calcium-channel blocker,True,False
4041,4041.0,,x02Qa,Britiazim,Britiazim,Diltiazem Hydrochloride,,,calcium-channel blocker,True,False
4042,4042.0,,x02Qb,Calcicard,Calcicard CR,Diltiazem Hydrochloride,,,calcium-channel blocker,True,False
4043,4043.0,,x02Qc,Dilzem,Dilzem,Diltiazem Hydrochloride,,,calcium-channel blocker,True,False
4044,4044.0,,x02Qd,Dilzem,Dilzem SR,Diltiazem Hydrochloride,,,calcium-channel blocker,True,False
4045,4045.0,,x02Qe,Dilzem,Dilzem XL,Diltiazem Hydrochloride,,,calcium-channel blocker,True,False
4046,4046.0,,x02Qg,Slozem,Slozem,Diltiazem Hydrochloride,,,calcium-channel blocker,True,False
4047,4047.0,,x02Qh,Tildiem,Tildiem,Diltiazem Hydrochloride,,,calcium-channel blocker,True,False
4048,4048.0,,x02Qi,Tildiem,Tildiem Retard,Diltiazem Hydrochloride,,,calcium-channel blocker,True,False
4049,4049.0,,x02Qj,Tildiem,Tildiem LA,Diltiazem Hydrochloride,,,calcium-channel blocker,True,False
4050,4050.0,,x02Qk,Coracten,Coracten SR,Nifedipine,,,calcium-channel blocker,True,False
4051,4051.0,,x02Sn,Adalat,Adalate,Nifedipine,,,calcium-channel blocker,True,False
4052,4052.0,,x02So,Adalat,Adalate LP,Nifedipine,,,calcium-channel blocker,True,False
4053,4053.0,,x02VO,Berkatens,Berkatens,Verapamil Hydrochloride,,,calcium-channel blocker,True,False
4054,4054.0,,x02VT,Adalat,Beta-Adalat,Nifedipine,,,calcium-channel blocker,True,False
4055,4055.0,,x02Wn,Cardene,Cardene,Nicardipine Hydrochloride,,,calcium-channel blocker,True,False
4056,4056.0,,x02Wo,Cardene,Cardene SR,Nicardipine Hydrochloride,,,calcium-channel blocker,True,False
4057,4057.0,,x02Y2,Cordilox,Cordilox,Verapamil Hydrochloride,,,calcium-channel blocker,True,False
4058,4058.0,,x02fz,Istin,Istin,Amlodipine,,,calcium-channel blocker,True,False
4059,4059.0,,x02gI,Keloc,Kelocyanor,Felodipine,,,calcium-channel blocker,True,False
4060,4060.0,,x02jv,Motens,Motens,Lacidipine,,,calcium-channel blocker,True,False
4061,4061.0,,x02ku,Nimotop,Nimotop,Nimodipine,,,calcium-channel blocker,True,False
4062,4062.0,,x02mL,Istin,Otrivine-Antistin,Amlodipine,,,calcium-channel blocker,True,False
4063,4063.0,,x02nh,Plendil,Plendil,Felodipine,,,calcium-channel blocker,True,False
4064,4064.0,,x02o9,Prescal,Prescal,Isradipine,,,calcium-channel blocker,True,False
4065,4065.0,,x02qh,Securon,Securon,Verapamil Hydrochloride,,,calcium-channel blocker,True,False
4066,4066.0,,x03d3,Unipine,Unipine XL,Nifedipine,,,calcium-channel blocker,True,False
4067,4067.0,,x03e0,Nimodrel,Nimodrel MR,Nifedipine,,,calcium-channel blocker,True,False
4068,4068.0,,x03e5,Adizem,Adizem-XL Plus,Diltiazem Hydrochloride,,,calcium-channel blocker,True,False
4069,4069.0,,x03hZ,Tensipine,Tensipine MR,Nifedipine,,,calcium-channel blocker,True,False
4070,4070.0,,x03iy,Zemtard,Zemtard XL,Diltiazem Hydrochloride,,,calcium-channel blocker,True,False
4071,4071.0,,x03jP,Fortipine,Fortipine LA,Nifedipine,,,calcium-channel blocker,True,False
4072,4072.0,,x03lF,Nifedotard,Nifedotard 20MR,Nifedipine,,,calcium-channel blocker,True,False
4073,4073.0,,x03lM,Slofedipine,Slofedipine,Nifedipine,,,calcium-channel blocker,True,False
4074,4074.0,,x03lh,Verapress,Verapress MR,Verapamil Hydrochloride,,,calcium-channel blocker,True,False
4075,4075.0,,x03n2,Viazem,Viazem XL,Diltiazem Hydrochloride,,,calcium-channel blocker,True,False
4076,4076.0,,x03pa,Genalat,Genalat Retard,Nifedipine,,,calcium-channel blocker,True,False
4077,4077.0,,x03qf,Zanidip,Zanidip,Lercanidipine Hydrochloride,,,calcium-channel blocker,True,False
4078,4078.0,,x03rU,Posicor,Posicor,Mibefradil,,,calcium-channel blocker,True,False
4079,4079.0,,x03rp,Calazem,Calazem,Diltiazem Hydrochloride,,,calcium-channel blocker,True,False
4080,4080.0,,x03t6,Kentiazem,Kentiazem,Diltiazem Hydrochloride,,,calcium-channel blocker,True,False
4081,4081.0,,x03vs,Securon,Securon IV,Verapamil Hydrochloride,,,calcium-channel blocker,True,False
4082,4082.0,,x03vt,Securon,Securon SR,Verapamil Hydrochloride,,,calcium-channel blocker,True,False
4083,4083.0,,x03yS,Tensipine,Tensipine MR 10,Nifedipine,,,calcium-channel blocker,True,False
4084,4084.0,,x03yT,Tensipine,Tensipine MR 20,Nifedipine,,,calcium-channel blocker,True,False
4085,4085.0,,x03yp,Univer,Univer,Verapamil Hydrochloride,,,calcium-channel blocker,True,False
4086,4086.0,,x03zv,Fortipine,Fortipine LA40,Nifedipine,,,calcium-channel blocker,True,False
4087,4087.0,,x040C,Verapress,Verapress MR 240,Verapamil Hydrochloride,,,calcium-channel blocker,True,False
4088,4088.0,,x044T,Nifedipress,Nifedipress MR 20,Nifedipine,,,calcium-channel blocker,True,False
4089,4089.0,,x045x,Nimodrel,Nimodrel MR 10,Nifedipine,,,calcium-channel blocker,True,False
4090,4090.0,,x045y,Nimodrel,Nimodrel MR 20,Nifedipine,,,calcium-channel blocker,True,False
4091,4091.0,,x046e,Angiopine,Angiopine 40 LA,Nifedipine,,,calcium-channel blocker,True,False
4092,4092.0,,x046f,Angiozem,Angiozem CR,Diltiazem Hydrochloride,,,calcium-channel blocker,True,False
4093,4093.0,,x047Y,Adalat,Adalat AR,Nifedipine,,,calcium-channel blocker,True,False
4094,4094.0,,x047Z,Adalat,Adalat Retard 10,Nifedipine,,,calcium-channel blocker,True,False
4095,4095.0,,x047a,Adalat,Adalat Retard 20,Nifedipine,,,calcium-channel blocker,True,False
4096,4096.0,,x047f,Adipine,Adipine MR 10,Nifedipine,,,calcium-channel blocker,True,False
4097,4097.0,,x047g,Adipine,Adipine MR 20,Nifedipine,,,calcium-channel blocker,True,False
4098,4098.0,,x047h,Adizem,Adizem-60,Diltiazem Hydrochloride,,,calcium-channel blocker,True,False
4099,4099.0,,x048t,Syscor,Syscor MR,Nisoldipine,,,calcium-channel blocker,True,False
4100,4100.0,,x048z,Securon,Half Securon SR,Verapamil Hydrochloride,,,calcium-channel blocker,True,False
4101,4101.0,,x049o,Hypolar,Hypolar Retard 20,Nifedipine,,,calcium-channel blocker,True,False
4102,4102.0,,x049y,Zemtard,Zemtard 300 XL,Diltiazem Hydrochloride,,,calcium-channel blocker,True,False
4103,4103.0,,x04bG,Optil,Optil,Diltiazem Hydrochloride,,,calcium-channel blocker,True,False
4104,4104.0,,x04c4,Dilcardia,Dilcardia SR,Diltiazem Hydrochloride,,,calcium-channel blocker,True,False
4105,4105.0,,x04cf,Nifedipress,Nifedipress MR 10,Nifedipine,,,calcium-channel blocker,True,False
4106,4106.0,,x04om,Nivaten,Nivaten Retard,Nifedipine,,,calcium-channel blocker,True,False
4107,4107.0,,x04pM,Optil,Optilast 0.05% eye drops,Diltiazem Hydrochloride,,,calcium-channel blocker,True,False
4108,4108.0,,x04pN,Optil,Optilast,Diltiazem Hydrochloride,,,calcium-channel blocker,True,False
4109,4109.0,,x04qk,Coroday,Coroday MR,Nifedipine,,,calcium-channel blocker,True,False
4110,4110.0,,x04qm,Angitil,Angitil XL 240,Diltiazem Hydrochloride,,,calcium-channel blocker,True,False
4111,4111.0,,x04qn,Angitil,Angitil XL 300,Diltiazem Hydrochloride,,,calcium-channel blocker,True,False
4112,4112.0,,x04t2,Angitil,Angitil SR 90,Diltiazem Hydrochloride,,,calcium-channel blocker,True,False
4113,4113.0,,x04t3,Angitil,Angitil SR 120,Diltiazem Hydrochloride,,,calcium-channel blocker,True,False
4114,4114.0,,x04t4,Angitil,Angitil SR 180,Diltiazem Hydrochloride,,,calcium-channel blocker,True,False
4115,4115.0,,x04t9,Zemtard,Zemtard 120 XL,Diltiazem Hydrochloride,,,calcium-channel blocker,True,False
4116,4116.0,,x04tA,Zemtard,Zemtard 180 XL,Diltiazem Hydrochloride,,,calcium-channel blocker,True,False
4117,4117.0,,x04tB,Zemtard,Zemtard 240 XL,Diltiazem Hydrochloride,,,calcium-channel blocker,True,False
4118,4118.0,,x04vM,Ethimil,Ethimil MR 240,Verapamil Hydrochloride,,,calcium-channel blocker,True,False
4119,4119.0,,x04vd,Cordilox,Cordilox MR 240,Verapamil Hydrochloride,,,calcium-channel blocker,True,False
4120,4120.0,,x04vg,Coracten,Coracten XL,Nifedipine,,,calcium-channel blocker,True,False
4121,4121.0,,x04vl,Optil,Optil SR 90,Diltiazem Hydrochloride,,,calcium-channel blocker,True,False
4122,4122.0,,x04vm,Optil,Optil SR 120,Diltiazem Hydrochloride,,,calcium-channel blocker,True,False
4123,4123.0,,x04vn,Optil,Optil SR 180,Diltiazem Hydrochloride,,,calcium-channel blocker,True,False
4124,4124.0,,x04vo,Optil,Optil XL 240,Diltiazem Hydrochloride,,,calcium-channel blocker,True,False
4125,4125.0,,x04vp,Optil,Optil XL 300,Diltiazem Hydrochloride,,,calcium-channel blocker,True,False
4126,4126.0,,x04wJ,Vertab,Vertab SR 240,Verapamil Hydrochloride,,,calcium-channel blocker,True,False
4127,4127.0,,x04wL,Nifopress,Nifopress Retard,Nifedipine,,,calcium-channel blocker,True,False
4128,4128.0,,x04wM,Slofedipine,Slofedipine XL,Nifedipine,,,calcium-channel blocker,True,False
4129,4129.0,,x04wl,Dilcardia,Dilcardia XL,Diltiazem Hydrochloride,,,calcium-channel blocker,True,False
4130,4130.0,,x04yc,Adipine,Adipine LA 30,Nifedipine,,,calcium-channel blocker,True,False
4131,4131.0,,x04yd,Adipine,Adipine LA 60,Nifedipine,,,calcium-channel blocker,True,False
4132,4132.0,,x0575,Bi-Carzem,BI-CARZEM SR,Diltiazem Hydrochloride,,,calcium-channel blocker,True,False
4133,4133.0,,x05Bx,Uard,Hypoguard Supreme Spectrum blood glucose testing strip,Diltiazem Hydrochloride,,,calcium-channel blocker,True,False
4134,4134.0,,x05Cl,Zildil,Zildil SR,Diltiazem Hydrochloride,,,calcium-channel blocker,True,False
4135,4135.0,,x05Dw,Hypolar,Hypolar XL 30,Nifedipine,,,calcium-channel blocker,True,False
4136,4136.0,,x05Ei,Bi-Carzem,BI-CARZEM XL,Diltiazem Hydrochloride,,,calcium-channel blocker,True,False
4137,4137.0,,x05G5,Calchan,Calchan MR,Nifedipine,,,calcium-channel blocker,True,False
4138,4138.0,,x05JR,Zemret,Zemret 180 XL,Diltiazem Hydrochloride,,,calcium-channel blocker,True,False
4139,4139.0,,x05Jl,Zemret,Zemret 240 XL,Diltiazem Hydrochloride,,,calcium-channel blocker,True,False
4140,4140.0,,x05Jm,Zemret,Zemret 300 XL,Diltiazem Hydrochloride,,,calcium-channel blocker,True,False
4141,4141.0,,x05Kw,Amlodipine,Amlodipine - chemical,Amlodipine,,,calcium-channel blocker,True,False
4142,4142.0,,x05Kx,Amlodipine,Amlodipine besylate - chemical,Amlodipine,,,calcium-channel blocker,True,False
4143,4143.0,,x05MD,Istin,Betahistine dihydrochloride - chemical,Amlodipine,,,calcium-channel blocker,True,False
4144,4144.0,,x05ME,Istin,Betahistine hydrochloride - chemical,Amlodipine,,,calcium-channel blocker,True,False
4145,4145.0,,x05Xz,Zolvera,Zolvera,Verapamil Hydrochloride,,,calcium-channel blocker,True,False
4146,4146.0,,x05bu,Disogram,Disogram SR,Diltiazem Hydrochloride,,,calcium-channel blocker,True,False
4147,4147.0,,x05dP,Horizem,Horizem SR,Diltiazem Hydrochloride,,,calcium-channel blocker,True,False
4148,4148.0,,x05ek,Uard,OstoGuard RMC1 barrier cream,Diltiazem Hydrochloride,,,calcium-channel blocker,True,False
4149,4149.0,,x05hA,Diltiazem Hydrochloride,Diltiazem Hydrochloride XL,Diltiazem Hydrochloride,,,calcium-channel blocker,True,False
4150,4150.0,,x05i1,Ranvera,Ranvera MR,Verapamil Hydrochloride,,,calcium-channel blocker,True,False
4151,4151.0,,x05i3,Cabren,Cabren,Felodipine,,,calcium-channel blocker,True,False
4152,4152.0,,x05j1,Uard,OstoGuard RMC2 barrier cream sachet,Diltiazem Hydrochloride,,,calcium-channel blocker,True,False
4153,4153.0,,x05jB,Vera-Til,Vera-Til SR,Verapamil Hydrochloride,,,calcium-channel blocker,True,False
4154,4154.0,,x05ok,Kentipine,Kentipine MR,Nifedipine,,,calcium-channel blocker,True,False
4155,4155.0,,x05pF,Felotens,Felotens XL,Felodipine,,,calcium-channel blocker,True,False
4156,4156.0,,x05pk,Felogen,Felogen XL,Felodipine,,,calcium-channel blocker,True,False
4157,4157.0,,x05qe,Keloc,Keloc SR,Felodipine,,,calcium-channel blocker,True,False
4158,4158.0,,x05rz,Vascalpha,Vascalpha,Felodipine,,,calcium-channel blocker,True,False
4159,4159.0,,x05sM,Valni,Valni Retard,Nifedipine,,,calcium-channel blocker,True,False
4160,4160.0,,x05u3,Cardioplen,Cardioplen XL,Felodipine,,,calcium-channel blocker,True,False
4161,4161.0,,x05uo,Amlostin,Amlostin,Amlodipine,,,calcium-channel blocker,True,False
4162,4162.0,,x05vQ,Neofel,Neofel XL,Felodipine,,,calcium-channel blocker,True,False
4163,4163.0,,x05wO,Adipine,Adipine XL,Nifedipine,,,calcium-channel blocker,True,False
4164,4164.0,,x05xk,Pinefeld,Pinefeld XL,Felodipine,,,calcium-channel blocker,True,False
4165,4165.0,,x0606,Nimodrel,Nimodrel XL,Nifedipine,,,calcium-channel blocker,True,False
4166,4166.0,,.031.,Univer,University academic (& [staff]),Verapamil Hydrochloride,,,calcium-channel blocker,True,False
4167,4167.0,,.031.,Univer,University academic staff,Verapamil Hydrochloride,,,calcium-channel blocker,True,False
4168,4168.0,,.031.,Univer,Academic - university,Verapamil Hydrochloride,,,calcium-channel blocker,True,False
4169,4169.0,,.031.,Univer,University acad. staff,Verapamil Hydrochloride,,,calcium-channel blocker,True,False
4170,4170.0,,.0311,Univer,University vice-chancellor,Verapamil Hydrochloride,,,calcium-channel blocker,True,False
4171,4171.0,,.0312,Univer,University professor,Verapamil Hydrochloride,,,calcium-channel blocker,True,False
4172,4172.0,,.0313,Univer,University lecturer,Verapamil Hydrochloride,,,calcium-channel blocker,True,False
4173,4173.0,,.0314,Univer,University dean,Verapamil Hydrochloride,,,calcium-channel blocker,True,False
4174,4174.0,,.031Z,Univer,University teacher NOS,Verapamil Hydrochloride,,,calcium-channel blocker,True,False
4175,4175.0,,.09Z.,Uard,(Private detective) or (security guard) or (other protective services),Diltiazem Hydrochloride,,,calcium-channel blocker,True,False
4176,4176.0,,.09Z.,Uard,Security guard,Diltiazem Hydrochloride,,,calcium-channel blocker,True,False
4177,4177.0,,.09Z.,Uard,Guard - security,Diltiazem Hydrochloride,,,calcium-channel blocker,True,False
4178,4178.0,,.09Z1,Uard,Coastguard,Diltiazem Hydrochloride,,,calcium-channel blocker,True,False
4179,4179.0,,.09Z9,Uard,Security guard,Diltiazem Hydrochloride,,,calcium-channel blocker,True,False
4180,4180.0,,.0I24,Uard,Railway guard,Diltiazem Hydrochloride,,,calcium-channel blocker,True,False
4181,4181.0,,.13Io,Uard,Has guardian appointed under the Adults with Incapacity (Scotland) Act 2000,Diltiazem Hydrochloride,,,calcium-channel blocker,True,False
4182,4182.0,,.13T2,Uard,Guardian's allowance,Diltiazem Hydrochloride,,,calcium-channel blocker,True,False
4183,4183.0,,.25D.,Uard,O/E - guarding on palpation,Diltiazem Hydrochloride,,,calcium-channel blocker,True,False
4184,4184.0,,.25D.,Uard,O/E - guarding of abdomen,Diltiazem Hydrochloride,,,calcium-channel blocker,True,False
4185,4185.0,,.25D1,Uard,O/E - no guarding on palpation,Diltiazem Hydrochloride,,,calcium-channel blocker,True,False
4186,4186.0,,.25D2,Uard,O/E - guarding-R.hypochondrium,Diltiazem Hydrochloride,,,calcium-channel blocker,True,False
4187,4187.0,,.25D3,Uard,O/E - guarding - epigastrium,Diltiazem Hydrochloride,,,calcium-channel blocker,True,False
4188,4188.0,,.25D4,Uard,O/E - guarding-L.hypochondrium,Diltiazem Hydrochloride,,,calcium-channel blocker,True,False
4189,4189.0,,.25D5,Uard,O/E - guarding - R.lumbar,Diltiazem Hydrochloride,,,calcium-channel blocker,True,False
4190,4190.0,,.25D6,Uard,O/E - guarding - umbilical,Diltiazem Hydrochloride,,,calcium-channel blocker,True,False
4191,4191.0,,.25D7,Uard,O/E - guarding - L.lumbar,Diltiazem Hydrochloride,,,calcium-channel blocker,True,False
4192,4192.0,,.25D8,Uard,O/E - guarding - R.iliac,Diltiazem Hydrochloride,,,calcium-channel blocker,True,False
4193,4193.0,,.25D9,Uard,O/E - guarding - hypogastrium,Diltiazem Hydrochloride,,,calcium-channel blocker,True,False
4194,4194.0,,.25DA,Uard,O/E - guarding - L.iliac,Diltiazem Hydrochloride,,,calcium-channel blocker,True,False
4195,4195.0,,.25DZ,Uard,O/E -guarding on palpation NOS,Diltiazem Hydrochloride,,,calcium-channel blocker,True,False
4196,4196.0,,.662R,Motens,Normotensive,Lacidipine,,,calcium-channel blocker,True,False
4197,4197.0,,.687C,Univer,Malnutrition universal screening tool score,Verapamil Hydrochloride,,,calcium-channel blocker,True,False
4198,4198.0,,.687C,Univer,MUST (malnutrition universal screening tool) score,Verapamil Hydrochloride,,,calcium-channel blocker,True,False
4199,4199.0,,.6995,Univer,University admission medical,Verapamil Hydrochloride,,,calcium-channel blocker,True,False
4200,4200.0,,.7396,Sular,Extracapsular extraction of lens,Nisoldipine,,,calcium-channel blocker,True,False
4201,4201.0,,.7396,Sular,Extracapsular cataract extraction,Nisoldipine,,,calcium-channel blocker,True,False
4202,4202.0,,.7396,Sular,ECCE - Extracapsular cataract extraction,Nisoldipine,,,calcium-channel blocker,True,False
4203,4203.0,,.8E73,Istin,Assisting exercise,Amlodipine,,,calcium-channel blocker,True,False
4204,4204.0,,.9142,Univer,Patient away at college or university,Verapamil Hydrochloride,,,calcium-channel blocker,True,False
4205,4205.0,,.918N,Uard,Legal guardian - home telephone number,Diltiazem Hydrochloride,,,calcium-channel blocker,True,False
4206,4206.0,,.918P,Uard,Legal guardian - mobile telephone number,Diltiazem Hydrochloride,,,calcium-channel blocker,True,False
4207,4207.0,,.918Q,Uard,Legal guardian - work telephone number,Diltiazem Hydrochloride,,,calcium-channel blocker,True,False
4208,4208.0,,.918R,Uard,Legal guardian - email address,Diltiazem Hydrochloride,,,calcium-channel blocker,True,False
4209,4209.0,,.918S,Uard,Legal guardian details,Diltiazem Hydrochloride,,,calcium-channel blocker,True,False
4210,4210.0,,.9d40,Uard,Guardian,Diltiazem Hydrochloride,,,calcium-channel blocker,True,False
4211,4211.0,,.K24.,Istin,Pregnancy with hypertension (& [pre-existing]),Amlodipine,,,calcium-channel blocker,True,False
4212,4212.0,,.K24.,Istin,Preg.+ pre-existing hypertensn,Amlodipine,,,calcium-channel blocker,True,False
4213,4213.0,,.K24.,Istin,Pregnancy with pre-existing hypertension,Amlodipine,,,calcium-channel blocker,True,False
4214,4214.0,,135o.,Univer,Universalist,Verapamil Hydrochloride,,,calcium-channel blocker,True,False
4215,4215.0,,135p.,Univer,Unitarian Universalist,Verapamil Hydrochloride,,,calcium-channel blocker,True,False
4216,4216.0,,13If0,Uard,Unborn child is cause for safeguarding concern,Diltiazem Hydrochloride,,,calcium-channel blocker,True,False
4217,4217.0,,13Io.,Uard,Has guardian appointed under the Adults with Incapacity (Scotland) Act 2000,Diltiazem Hydrochloride,,,calcium-channel blocker,True,False
4218,4218.0,,13WX.,Uard,Child is cause for safeguarding concern,Diltiazem Hydrochloride,,,calcium-channel blocker,True,False
4219,4219.0,,19EJ.,Istin,Able to distinguish stool and flatus,Amlodipine,,,calcium-channel blocker,True,False
4220,4220.0,,38B7.,Uard,Assessment of risk for deprivation of liberty in accordance with Mental Capacity Act 2005 Deprivation of liberty safeguards Code of Practice,Diltiazem Hydrochloride,,,calcium-channel blocker,True,False
4221,4221.0,,38G4.,Uard,Safeguarding children and young people toolkit for general practice (2009 revision),Diltiazem Hydrochloride,,,calcium-channel blocker,True,False
4222,4222.0,,38Gk.,Univer,Malnutrition universal screening tool,Verapamil Hydrochloride,,,calcium-channel blocker,True,False
4223,4223.0,,38QS.,Univer,University of Washington Quality of Life questionnaire version 4,Verapamil Hydrochloride,,,calcium-channel blocker,True,False
4224,4224.0,,65e..,Univer,Universal precautions,Verapamil Hydrochloride,,,calcium-channel blocker,True,False
4225,4225.0,,662R.,Motens,Normotensive,Lacidipine,,,calcium-channel blocker,True,False
4226,4226.0,,687C.,Univer,Malnutrition universal screening tool score,Verapamil Hydrochloride,,,calcium-channel blocker,True,False
4227,4227.0,,687C.,Univer,MUST (malnutrition universal screening tool) score,Verapamil Hydrochloride,,,calcium-channel blocker,True,False
4228,4228.0,,68Nx.,Uard,Parent/guardian not aware of any contraindication to immunisation,Diltiazem Hydrochloride,,,calcium-channel blocker,True,False
4229,4229.0,,7K1Jd,Sular,Closed reduction of intracapsular fracture of neck of femur and internal fixation using a dynamic hip screw,Nisoldipine,,,calcium-channel blocker,True,False
4230,4230.0,,7K1Y0,Sular,Remanipulation of intracapsular fracture of neck of femur and fixation using nail or screw,Nisoldipine,,,calcium-channel blocker,True,False
4231,4231.0,,86804,Istin,Colistin desensitisation therapy,Amlodipine,,,calcium-channel blocker,True,False
4232,4232.0,,8CMh.,Uard,Safeguarding adults protection plan completed,Diltiazem Hydrochloride,,,calcium-channel blocker,True,False
4233,4233.0,,8CSC.,Uard,Safeguarding adults protection plan agreed,Diltiazem Hydrochloride,,,calcium-channel blocker,True,False
4234,4234.0,,8Hkc.,Uard,Referral to safeguarding adults team,Diltiazem Hydrochloride,,,calcium-channel blocker,True,False
4235,4235.0,,8Hkh.,Uard,Referral to safeguarding children team,Diltiazem Hydrochloride,,,calcium-channel blocker,True,False
4236,4236.0,,918N.,Uard,Legal guardian - home telephone number,Diltiazem Hydrochloride,,,calcium-channel blocker,True,False
4237,4237.0,,918P.,Uard,Legal guardian - mobile telephone number,Diltiazem Hydrochloride,,,calcium-channel blocker,True,False
4238,4238.0,,918Q.,Uard,Legal guardian - work telephone number,Diltiazem Hydrochloride,,,calcium-channel blocker,True,False
4239,4239.0,,918R.,Uard,Legal guardian - email address,Diltiazem Hydrochloride,,,calcium-channel blocker,True,False
4240,4240.0,,918S.,Uard,Legal guardian details,Diltiazem Hydrochloride,,,calcium-channel blocker,True,False
4241,4241.0,,9Ea3.,Istin,Less than 24 weeks involving risk of injury to the physical/mental health of any existing children of the pregnant woman's family,Amlodipine,,,calcium-channel blocker,True,False
4242,4242.0,,9NfS.,Univer,Requires information on USB (universal serial bus) mass storage device,Verapamil Hydrochloride,,,calcium-channel blocker,True,False
4243,4243.0,,9NgB.,Uard,Child no longer safeguarding concern,Diltiazem Hydrochloride,,,calcium-channel blocker,True,False
4244,4244.0,,9Ngf.,Uard,No safeguarding issues identified,Diltiazem Hydrochloride,,,calcium-channel blocker,True,False
4245,4245.0,,9Ngj.,Uard,Adult safeguarding concern,Diltiazem Hydrochloride,,,calcium-channel blocker,True,False
4246,4246.0,,9Ngk.,Uard,Adult no longer safeguarding concern,Diltiazem Hydrochloride,,,calcium-channel blocker,True,False
4247,4247.0,,9Ngl0,Univer,Under care of health visiting service - Universal,Verapamil Hydrochloride,,,calcium-channel blocker,True,False
4248,4248.0,,9Ngl1,Univer,Under care of health visiting service - Universal plus,Verapamil Hydrochloride,,,calcium-channel blocker,True,False
4249,4249.0,,9Ngl2,Univer,Under care of health visiting service - Universal partnership plus,Verapamil Hydrochloride,,,calcium-channel blocker,True,False
4250,4250.0,,9Ngz3,Univer,Under care of school nursing service - Universal,Verapamil Hydrochloride,,,calcium-channel blocker,True,False
4251,4251.0,,9Ngz4,Univer,Under care of school nursing service - Universal plus,Verapamil Hydrochloride,,,calcium-channel blocker,True,False
4252,4252.0,,9Ngz5,Univer,Under care of school nursing service - Universal partnership plus,Verapamil Hydrochloride,,,calcium-channel blocker,True,False
4253,4253.0,,9NgzR,Uard,Unborn child no longer cause for safeguarding concern,Diltiazem Hydrochloride,,,calcium-channel blocker,True,False
4254,4254.0,,9NzE.,Uard,Legal guardian present at encounter,Diltiazem Hydrochloride,,,calcium-channel blocker,True,False
4255,4255.0,,9Rd..,Uard,SAR (Safeguarding Adults Return) referral conclusion,Diltiazem Hydrochloride,,,calcium-channel blocker,True,False
4256,4256.0,,9Rd0.,Uard,SAR (Safeguarding Adults Return) referral conclusion - investigation fully substantiated,Diltiazem Hydrochloride,,,calcium-channel blocker,True,False
4257,4257.0,,9Rd1.,Uard,SAR (Safeguarding Adults Return) referral conclusion - investigation partially substantiated,Diltiazem Hydrochloride,,,calcium-channel blocker,True,False
4258,4258.0,,9Rd2.,Uard,SAR (Safeguarding Adults Return) referral conclusion - investigation not substantiated,Diltiazem Hydrochloride,,,calcium-channel blocker,True,False
4259,4259.0,,9Rd3.,Uard,SAR (Safeguarding Adults Return) referral conclusion - investigation inconclusive,Diltiazem Hydrochloride,,,calcium-channel blocker,True,False
4260,4260.0,,9Rd4.,Uard,SAR (Safeguarding Adults Return) referral conclusion - investigation ceased at individual's request,Diltiazem Hydrochloride,,,calcium-channel blocker,True,False
4261,4261.0,,9d40.,Uard,Guardian,Diltiazem Hydrochloride,,,calcium-channel blocker,True,False
4262,4262.0,,9lJ..,Istin,Existing patient paper record available,Amlodipine,,,calcium-channel blocker,True,False
4263,4263.0,,F164.,Uard,Brown-Sequard syndrome,Diltiazem Hydrochloride,,,calcium-channel blocker,True,False
4264,4264.0,,L180X,Istin,"[X]Pre-existing diabetes mellitus, unspecified",Amlodipine,,,calcium-channel blocker,True,False
4265,4265.0,,M240K,Univer,Alopecia universalis,Verapamil Hydrochloride,,,calcium-channel blocker,True,False
4266,4266.0,,M240K,Univer,Universal alopecia areata,Verapamil Hydrochloride,,,calcium-channel blocker,True,False
4267,4267.0,,SP07T,Sular,Anterior capsular phimosis,Nisoldipine,,,calcium-channel blocker,True,False
4268,4268.0,,bd38.,Adalat,Beta-Adalat capsule,Nifedipine,,,calcium-channel blocker,True,False
4269,4269.0,,h32v.,Istin,Vincristine sulphate 1mg/1mL prefilled syringe,Amlodipine,1 mg/1 ml,,calcium-channel blocker,True,False
4270,4270.0,,x01CT,Amlodipine,Amlodipine,Amlodipine,,,calcium-channel blocker,True,False
4271,4271.0,,AC7x0,Amias,Syngamiasis,Candesartan Cilexetil,,,Angiotensin-II Receptor Antagonists,False,False
4272,4272.0,,C3541,Hypercal,Hypercalcaemia: [NEC] or [secondary],Reserpine And Rauwolfia Alkaloids,,,Centrally-Acting Antihypertensive Drugs,False,False
4273,4273.0,,C3541,Hypercal,Secondary hypercalcaemia,Reserpine And Rauwolfia Alkaloids,,,Centrally-Acting Antihypertensive Drugs,False,False
4274,4274.0,,C3541,Hypercal,Hypercalcaemia NEC,Reserpine And Rauwolfia Alkaloids,,,Centrally-Acting Antihypertensive Drugs,False,False
4275,4275.0,,C3542,Hypercal,Idiopathic hypercalcaemia,Reserpine And Rauwolfia Alkaloids,,,Centrally-Acting Antihypertensive Drugs,False,False
4276,4276.0,,C3544,Hypercal,Hypercalciuria,Reserpine And Rauwolfia Alkaloids,,,Centrally-Acting Antihypertensive Drugs,False,False
4277,4277.0,,C3544,Hypercal,Hypercalcinuria,Reserpine And Rauwolfia Alkaloids,,,Centrally-Acting Antihypertensive Drugs,False,False
4278,4278.0,,C3544,Hypercal,Hypercalcuria,Reserpine And Rauwolfia Alkaloids,,,Centrally-Acting Antihypertensive Drugs,False,False
4279,4279.0,,C3545,Hypercal,Familial benign hypercalcaemia,Reserpine And Rauwolfia Alkaloids,,,Centrally-Acting Antihypertensive Drugs,False,False
4280,4280.0,,X30Jn,Hypercal,Bartter's syndrome with hypercalciuria and nephrocalcinosis,Reserpine And Rauwolfia Alkaloids,,,Centrally-Acting Antihypertensive Drugs,False,False
4281,4281.0,,X30Kd,Hypercal,Hypercalcaemic nephropathy,Reserpine And Rauwolfia Alkaloids,,,Centrally-Acting Antihypertensive Drugs,False,False
4282,4282.0,,X30Lv,Hypercal,Acute hypercalcaemia of dialysis,Reserpine And Rauwolfia Alkaloids,,,Centrally-Acting Antihypertensive Drugs,False,False
4283,4283.0,,X40BT,Ranace,Placenta membranacea,Ramipril,,,Angiotensin-Converting Enzyme Inhibitors,False,False
4284,4284.0,,X40QU,Hypercal,Secondary hypercalcaemia,Reserpine And Rauwolfia Alkaloids,,,Centrally-Acting Antihypertensive Drugs,False,False
4285,4285.0,,X40Qa,Hypercal,Hypercalcaemia,Reserpine And Rauwolfia Alkaloids,,,Centrally-Acting Antihypertensive Drugs,False,False
4286,4286.0,,X40Qc,Hypercal,Familial hypocalciuric hypercalcaemia,Reserpine And Rauwolfia Alkaloids,,,Centrally-Acting Antihypertensive Drugs,False,False
4287,4287.0,,X40Qc,Hypercal,FHH - Familial hypocalciuric hypercalcaemia,Reserpine And Rauwolfia Alkaloids,,,Centrally-Acting Antihypertensive Drugs,False,False
4288,4288.0,,X40Qd,Hypercal,Hypercalcaemia of malignancy,Reserpine And Rauwolfia Alkaloids,,,Centrally-Acting Antihypertensive Drugs,False,False
4289,4289.0,,X40Qd,Hypercal,Malignant hypercalcaemia,Reserpine And Rauwolfia Alkaloids,,,Centrally-Acting Antihypertensive Drugs,False,False
4290,4290.0,,X40Qe,Hypercal,Drug-induced hypercalcaemia,Reserpine And Rauwolfia Alkaloids,,,Centrally-Acting Antihypertensive Drugs,False,False
4291,4291.0,,X40Qg,Hypercal,Familial idiopathic hypercalciuria,Reserpine And Rauwolfia Alkaloids,,,Centrally-Acting Antihypertensive Drugs,False,False
4292,4292.0,,X40Qt,Hypercal,Hypercalciuric rickets,Reserpine And Rauwolfia Alkaloids,,,Centrally-Acting Antihypertensive Drugs,False,False
4293,4293.0,,X40Qu,Hypercal,Hypercalciuric rickets,Reserpine And Rauwolfia Alkaloids,,,Centrally-Acting Antihypertensive Drugs,False,False
4294,4294.0,,X40Qu,Hypercal,HHRH - Hereditary hypophosphataemic rickets with hypercalciuria,Reserpine And Rauwolfia Alkaloids,,,Centrally-Acting Antihypertensive Drugs,False,False
4295,4295.0,,X40RR,Hypercal,Familial hypomagnesaemia-hypercalciuria,Reserpine And Rauwolfia Alkaloids,,,Centrally-Acting Antihypertensive Drugs,False,False
4296,4296.0,,X77Wu,Captopril,Captopril suppression test,Captopril,,,Angiotensin-Converting Enzyme Inhibitors,False,False
4297,4297.0,,X78EK,Captopril,Fetal captopril/enalapril syndrome,Captopril,,,Angiotensin-Converting Enzyme Inhibitors,False,False
4298,4298.0,,X78EO,Minoxidil,Fetal minoxidil syndrome,Minoxidil,,,Vasodilator Antihypertensive Drugs,False,False
4299,4299.0,,XE11e,Hypercal,Hypercalcaemia NEC,Reserpine And Rauwolfia Alkaloids,,,Centrally-Acting Antihypertensive Drugs,False,False
4300,4300.0,,XE13M,Hypercal,(Phosphorus &/or calcium disorders (& [hypercalcaemia] or [hypercalcinuria] or [hypocalcaemia]) or (nephrocalcinosis),Reserpine And Rauwolfia Alkaloids,,,Centrally-Acting Antihypertensive Drugs,False,False
4301,4301.0,,XE13M,Hypercal,Hypercalcinuria,Reserpine And Rauwolfia Alkaloids,,,Centrally-Acting Antihypertensive Drugs,False,False
4302,4302.0,,XE13M,Hypercal,Hypercalcaemia,Reserpine And Rauwolfia Alkaloids,,,Centrally-Acting Antihypertensive Drugs,False,False
4303,4303.0,,XM19f,Hypercal,[EDTA] Nephrocalcinosis and hypercalcaemic nephropathy associated with renal failure,Reserpine And Rauwolfia Alkaloids,,,Centrally-Acting Antihypertensive Drugs,False,False
4304,4304.0,,Xa0AE,Hypercal,Infantile hypercalcaemia,Reserpine And Rauwolfia Alkaloids,,,Centrally-Acting Antihypertensive Drugs,False,False
4305,4305.0,,Xa0AF,Hypercal,Idiopathic infantile hypercalcaemia - mild form,Reserpine And Rauwolfia Alkaloids,,,Centrally-Acting Antihypertensive Drugs,False,False
4306,4306.0,,Xa0Qd,Hypercal,Idiopathic infantile hypercalcaemia - severe form,Reserpine And Rauwolfia Alkaloids,,,Centrally-Acting Antihypertensive Drugs,False,False
4307,4307.0,,XacIH,Aliskiren,Aliskiren declined,Aliskiren,,,Renin Inhibitors,False,False
4308,4308.0,,XacIK,Aliskiren,Aliskiren not tolerated,Aliskiren,,,Renin Inhibitors,False,False
4309,4309.0,,a4c..,Thelin,Propantheline bromide [antispasmodic],Sitaxentan Sodium,,,Vasodilator Antihypertensive Drugs,False,False
4310,4310.0,,a4c1.,Thelin,Propantheline bromide 15mg tablet,Sitaxentan Sodium,15 mg,,Vasodilator Antihypertensive Drugs,False,False
4311,4311.0,,bA1..,Ramipril,Felodipine+ramipril,Ramipril,,,Angiotensin-Converting Enzyme Inhibitors,True,False
4312,4312.0,,bA11.,Triapin,Triapin mite 2.5mg/2.5mg tablet,Ramipril,2.5 mg,,Angiotensin-Converting Enzyme Inhibitors,False,False
4313,4313.0,,bA12.,Triapin,Triapin 5mg/5mg tablet,Ramipril,5 mg,,Angiotensin-Converting Enzyme Inhibitors,False,False
4314,4314.0,,bA1y.,Ramipril,Felodipine+ramipril 2.5mg/2.5mg tablet,Ramipril,2.5 mg,,Angiotensin-Converting Enzyme Inhibitors,True,False
4315,4315.0,,bA1z.,Ramipril,Felodipine+ramipril 5mg/5mg tablet,Ramipril,5 mg,,Angiotensin-Converting Enzyme Inhibitors,True,False
4316,4316.0,,be1..,Diazoxide,Diazoxide [cardiovascular use],Diazoxide,,,Vasodilator Antihypertensive Drugs,False,False
4317,4317.0,,be1z.,Diazoxide,Diazoxide 300mg/20mL injection,Diazoxide,300 mg/20 ml,,Vasodilator Antihypertensive Drugs,False,False
4318,4318.0,,be21.,Apresoline,Apresoline 25mg tablet,Hydralazine Hydrochloride,25 mg,,Vasodilator Antihypertensive Drugs,False,False
4319,4319.0,,be22.,Apresoline,Apresoline 50mg tablet,Hydralazine Hydrochloride,50 mg,,Vasodilator Antihypertensive Drugs,False,False
4320,4320.0,,be23.,Apresoline,Apresoline 20mg injection (pdr for recon),Hydralazine Hydrochloride,20 mg,,Vasodilator Antihypertensive Drugs,False,False
4321,4321.0,,be3..,Minoxidil,Minoxidil,Minoxidil,,,Vasodilator Antihypertensive Drugs,False,False
4322,4322.0,,be31.,Loniten,Loniten 2.5mg tablet,Minoxidil,2.5 mg,,Vasodilator Antihypertensive Drugs,False,False
4323,4323.0,,be32.,Loniten,Loniten 5mg tablet,Minoxidil,5 mg,,Vasodilator Antihypertensive Drugs,False,False
4324,4324.0,,be33.,Loniten,Loniten 10mg tablet,Minoxidil,10 mg,,Vasodilator Antihypertensive Drugs,False,False
4325,4325.0,,be3x.,Minoxidil,Minoxidil 2.5mg tablet,Minoxidil,2.5 mg,,Vasodilator Antihypertensive Drugs,False,False
4326,4326.0,,be3y.,Minoxidil,Minoxidil 5mg tablet,Minoxidil,5 mg,,Vasodilator Antihypertensive Drugs,False,False
4327,4327.0,,be3z.,Minoxidil,Minoxidil 10mg tablet,Minoxidil,10 mg,,Vasodilator Antihypertensive Drugs,False,False
4328,4328.0,,bf11.,Catapres,Catapres 100mcg tablet,Clonidine Hydrochloride,,,Centrally-Acting Antihypertensive Drugs,False,False
4329,4329.0,,bf12.,Catapres,Catapres 300mcg tablet,Clonidine Hydrochloride,,,Centrally-Acting Antihypertensive Drugs,False,False
4330,4330.0,,bf13.,Catapres,Catapres 250micrograms Perlonget,Clonidine Hydrochloride,,,Centrally-Acting Antihypertensive Drugs,False,False
4331,4331.0,,bf14.,Catapres,Catapres 150mcg/1mL injection,Clonidine Hydrochloride,,,Centrally-Acting Antihypertensive Drugs,False,False
4332,4332.0,,bf2..,Methyldopa,Methyldopa,Methyldopa,,,Centrally-Acting Antihypertensive Drugs,False,False
4333,4333.0,,bf2..,Methyldopa,Alpha methyldopa,Methyldopa,,,Centrally-Acting Antihypertensive Drugs,False,False
4334,4334.0,,bf21.,Methyldopa,Methyldopa 125mg tablet,Methyldopa,125 mg,,Centrally-Acting Antihypertensive Drugs,False,False
4335,4335.0,,bf22.,Methyldopa,Methyldopa 250mg tablet,Methyldopa,250 mg,,Centrally-Acting Antihypertensive Drugs,False,False
4336,4336.0,,bf23.,Methyldopa,Methyldopa 500mg tablet,Methyldopa,500 mg,,Centrally-Acting Antihypertensive Drugs,False,False
4337,4337.0,,bf29.,Dopamet,Dopamet 125mg tablet,Methyldopa,125 mg,,Centrally-Acting Antihypertensive Drugs,False,False
4338,4338.0,,bf2a.,Dopamet,Dopamet 250mg tablet,Methyldopa,250 mg,,Centrally-Acting Antihypertensive Drugs,False,False
4339,4339.0,,bf2b.,Dopamet,Dopamet 500mg tablet,Methyldopa,500 mg,,Centrally-Acting Antihypertensive Drugs,False,False
4340,4340.0,,bf2c.,Medomet,Medomet 250mg capsule,Methyldopa,250 mg,,Centrally-Acting Antihypertensive Drugs,False,False
4341,4341.0,,bf2d.,Medomet,Medomet 250mg tablet,Methyldopa,250 mg,,Centrally-Acting Antihypertensive Drugs,False,False
4342,4342.0,,bf2e.,Medomet,Medomet 500mg tablet,Methyldopa,500 mg,,Centrally-Acting Antihypertensive Drugs,False,False
4343,4343.0,,bf2f.,Hydromet,Hydromet tablet,Methyldopa,,,Centrally-Acting Antihypertensive Drugs,False,False
4344,4344.0,,bf2g.,Metalpha,Metalpha 250mg tablet,Methyldopa,250 mg,,Centrally-Acting Antihypertensive Drugs,False,False
4345,4345.0,,bf2h.,Metalpha,Metalpha 500mg tablet,Methyldopa,500 mg,,Centrally-Acting Antihypertensive Drugs,False,False
4346,4346.0,,bf2j.,Methyldopa,Methyldopa+hydrochlorothiazide 250mg/15mg tablet,Methyldopa,250 mg,,Centrally-Acting Antihypertensive Drugs,False,True
4347,4347.0,,bf2v.,Methyldopa,Methyldopa 250mg/5mL oral suspension,Methyldopa,250 mg/5 ml,,Centrally-Acting Antihypertensive Drugs,False,False
4348,4348.0,,bf2w.,Methyldopa,Methyldopate hydrochloride 250mg/5mL injection,Methyldopa,250 mg/5 ml,,Centrally-Acting Antihypertensive Drugs,False,False
4349,4349.0,,bf2z.,Methyldopa,Methyldopa 250mg capsule,Methyldopa,250 mg,,Centrally-Acting Antihypertensive Drugs,False,False
4350,4350.0,,bf33.,Decaserpyl,Decaserpyl 5mg tablet,Reserpine And Rauwolfia Alkaloids,5 mg,,Centrally-Acting Antihypertensive Drugs,False,False
4351,4351.0,,bf34.,Decaserpyl,Decaserpyl 10mg tablet,Reserpine And Rauwolfia Alkaloids,10 mg,,Centrally-Acting Antihypertensive Drugs,False,False
4352,4352.0,,bf35.,Hypercal,Hypercal 2mg tablet,Reserpine And Rauwolfia Alkaloids,2 mg,,Centrally-Acting Antihypertensive Drugs,False,False
4353,4353.0,,bf36.,Rauwiloid,Rauwiloid 2mg tablet,Reserpine And Rauwolfia Alkaloids,2 mg,,Centrally-Acting Antihypertensive Drugs,False,False
4354,4354.0,,bf37.,Serpasil,Serpasil 100micrograms tablet,Reserpine And Rauwolfia Alkaloids,,,Centrally-Acting Antihypertensive Drugs,False,False
4355,4355.0,,bf38.,Serpasil,Serpasil 250micrograms tablet,Reserpine And Rauwolfia Alkaloids,,,Centrally-Acting Antihypertensive Drugs,False,False
4356,4356.0,,bf39.,Abicol,Abicol tablet,Reserpine And Rauwolfia Alkaloids,,,Centrally-Acting Antihypertensive Drugs,False,False
4357,4357.0,,bf3a.,Decaserpyl,Decaserpyl Plus tablet,Reserpine And Rauwolfia Alkaloids,,,Centrally-Acting Antihypertensive Drugs,False,False
4358,4358.0,,bf3b.,Rautrax,Rautrax tablet,Reserpine And Rauwolfia Alkaloids,,,Centrally-Acting Antihypertensive Drugs,False,False
4359,4359.0,,bf3c.,Serpasil,Serpasil-Esidrex tablet,Reserpine And Rauwolfia Alkaloids,,,Centrally-Acting Antihypertensive Drugs,False,True
4360,4360.0,,bf4..,Moxonidine,Moxonidine,Moxonidine,,,Centrally-Acting Antihypertensive Drugs,False,False
4361,4361.0,,bf41.,Moxonidine,Moxonidine 200micrograms tablet,Moxonidine,,,Centrally-Acting Antihypertensive Drugs,False,False
4362,4362.0,,bf42.,Moxonidine,Moxonidine 400micrograms tablet,Moxonidine,,,Centrally-Acting Antihypertensive Drugs,False,False
4363,4363.0,,bf43.,Physiotens,Physiotens 200micrograms tablet,Moxonidine,,,Centrally-Acting Antihypertensive Drugs,False,False
4364,4364.0,,bf44.,Physiotens,Physiotens 400micrograms tablet,Moxonidine,,,Centrally-Acting Antihypertensive Drugs,False,False
4365,4365.0,,bf45.,Moxonidine,Moxonidine 300micrograms tablet,Moxonidine,,,Centrally-Acting Antihypertensive Drugs,False,False
4366,4366.0,,bf46.,Physiotens,Physiotens 300micrograms tablet,Moxonidine,,,Centrally-Acting Antihypertensive Drugs,False,False
4367,4367.0,,bg13.,Bendogen,Bendogen 10mg tablet,Betanidine Sulfate,10 mg,,Adrenergic Neurone Blocking Drugs,False,False
4368,4368.0,,bg14.,Bendogen,Bendogen 50mg tablet,Betanidine Sulfate,50 mg,,Adrenergic Neurone Blocking Drugs,False,False
4369,4369.0,,bg15.,Esbatal,Esbatal 10mg tablet,Betanidine Sulfate,10 mg,,Adrenergic Neurone Blocking Drugs,False,False
4370,4370.0,,bg16.,Esbatal,Esbatal 50mg tablet,Betanidine Sulfate,50 mg,,Adrenergic Neurone Blocking Drugs,False,False
4371,4371.0,,bg21.,Declinax,Declinax 10mg tablet,Debrisoquine Sulfate,10 mg,,Adrenergic Neurone Blocking Drugs,False,False
4372,4372.0,,bg22.,Declinax,Declinax 20mg tablet,Debrisoquine Sulfate,20 mg,,Adrenergic Neurone Blocking Drugs,False,False
4373,4373.0,,bh1..,Indoramin,Indoramin hydrochloride,Indoramin,,,Alpha-Adrenoceptor Blocking Drugs,False,False
4374,4374.0,,bh11.,Baratol,Baratol 25mg tablet,Indoramin,25 mg,,Alpha-Adrenoceptor Blocking Drugs,False,False
4375,4375.0,,bh12.,Baratol,Baratol 50mg tablet,Indoramin,50 mg,,Alpha-Adrenoceptor Blocking Drugs,False,False
4376,4376.0,,bh14.,Indoramin,Indoramin 20mg tablet,Indoramin,20 mg,,Alpha-Adrenoceptor Blocking Drugs,False,False
4377,4377.0,,bh1y.,Indoramin,Indoramin 25mg tablet,Indoramin,25 mg,,Alpha-Adrenoceptor Blocking Drugs,False,False
4378,4378.0,,bh1z.,Indoramin,Indoramin 50mg tablet,Indoramin,50 mg,,Alpha-Adrenoceptor Blocking Drugs,False,False
4379,4379.0,,bh21.,Dibenyline,Dibenyline [cvs] 10mg capsule,Phenoxybenzamine Hydrochloride,10 mg,,Alpha-Adrenoceptor Blocking Drugs,False,False
4380,4380.0,,bh22.,Dibenyline,Dibenyline 100mg/2mL infusion concentrate,Phenoxybenzamine Hydrochloride,100 mg/2 ml,,Alpha-Adrenoceptor Blocking Drugs,False,False
4381,4381.0,,bh31.,Rogitine,Rogitine 10mg/1mL injection,Phentolamine Mesilate,10 mg/1 ml,,Alpha-Adrenoceptor Blocking Drugs,False,False
4382,4382.0,,bh32.,Rogitine,Rogitine 50mg/5mL injection,Phentolamine Mesilate,50 mg/5 ml,,Alpha-Adrenoceptor Blocking Drugs,False,False
4383,4383.0,,bh41.,Hypovase,Hypovase 500mcg tablet,Prazosin Hydrochloride,,,Alpha-Adrenoceptor Blocking Drugs,False,False
4384,4384.0,,bh42.,Hypovase,Hypovase 1mg tablet,Prazosin Hydrochloride,1 mg,,Alpha-Adrenoceptor Blocking Drugs,False,False
4385,4385.0,,bh43.,Hypovase,Hypovase 2mg tablet,Prazosin Hydrochloride,2 mg,,Alpha-Adrenoceptor Blocking Drugs,False,False
4386,4386.0,,bh44.,Hypovase,Hypovase 5mg tablet,Prazosin Hydrochloride,5 mg,,Alpha-Adrenoceptor Blocking Drugs,False,False
4387,4387.0,,bh45.,Hypovase,Hypovase tablet starter pack,Prazosin Hydrochloride,,,Alpha-Adrenoceptor Blocking Drugs,False,False
4388,4388.0,,bh46.,Alphavase,Alphavase 500micrograms tablet,Prazosin Hydrochloride,,,Alpha-Adrenoceptor Blocking Drugs,False,False
4389,4389.0,,bh47.,Alphavase,Alphavase 1mg tablet,Prazosin Hydrochloride,1 mg,,Alpha-Adrenoceptor Blocking Drugs,False,False
4390,4390.0,,bh48.,Alphavase,Alphavase 2mg tablet,Prazosin Hydrochloride,2 mg,,Alpha-Adrenoceptor Blocking Drugs,False,False
4391,4391.0,,bh49.,Alphavase,Alphavase 5mg tablet,Prazosin Hydrochloride,5 mg,,Alpha-Adrenoceptor Blocking Drugs,False,False
4392,4392.0,,bh4A.,Kentovace,Kentovace 500micrograms tablet,Prazosin Hydrochloride,,,Alpha-Adrenoceptor Blocking Drugs,False,False
4393,4393.0,,bh4B.,Kentovace,Kentovace 1mg tablet,Prazosin Hydrochloride,1 mg,,Alpha-Adrenoceptor Blocking Drugs,False,False
4394,4394.0,,bh4C.,Kentovace,Kentovace 2mg tablet,Prazosin Hydrochloride,2 mg,,Alpha-Adrenoceptor Blocking Drugs,False,False
4395,4395.0,,bh4D.,Kentovace,Kentovace 5mg tablet,Prazosin Hydrochloride,5 mg,,Alpha-Adrenoceptor Blocking Drugs,False,False
4396,4396.0,,bh51.,Hytrin,Hytrin 2mg tablet,Terazosin Hydrochloride,2 mg,,Alpha-Adrenoceptor Blocking Drugs,False,False
4397,4397.0,,bh52.,Hytrin,Hytrin 5mg tablet,Terazosin Hydrochloride,5 mg,,Alpha-Adrenoceptor Blocking Drugs,False,False
4398,4398.0,,bh53.,Hytrin,Hytrin 10mg tablet,Terazosin Hydrochloride,10 mg,,Alpha-Adrenoceptor Blocking Drugs,False,False
4399,4399.0,,bh54.,Hytrin,Hytrin tablet starter pack,Terazosin Hydrochloride,,,Alpha-Adrenoceptor Blocking Drugs,False,False
4400,4400.0,,bh57.,Hytrin,HYTRIN 1mg tablets,Terazosin Hydrochloride,1 mg,,Alpha-Adrenoceptor Blocking Drugs,False,False
4401,4401.0,,bh6E.,Slocinx,SLOCINX XL 4mg m/r tablets,Doxazosin Mesilate,4 mg,,Alpha-Adrenoceptor Blocking Drugs,False,False
4402,4402.0,,bh6G.,Oxandosin,OXANDOSIN XL 4mg m/r tablets,Doxazosin Mesilate,4 mg,,Alpha-Adrenoceptor Blocking Drugs,False,False
4403,4403.0,,bh6H.,Raporsin,RAPORSIN XL 4mg m/r tablets,Doxazosin Mesilate,4 mg,,Alpha-Adrenoceptor Blocking Drugs,False,False
4404,4404.0,,bi1..,Captopril,Captopril,Captopril,,,Angiotensin-Converting Enzyme Inhibitors,False,False
4405,4405.0,,bi11.,Acepril,Acepril 12.5mg tablet,Captopril,12.5 mg,,Angiotensin-Converting Enzyme Inhibitors,False,False
4406,4406.0,,bi12.,Acepril,Acepril 25mg tablet,Captopril,25 mg,,Angiotensin-Converting Enzyme Inhibitors,False,False
4407,4407.0,,bi13.,Acepril,Acepril 25mg tablets x56,Captopril,25 mg,,Angiotensin-Converting Enzyme Inhibitors,False,False
4408,4408.0,,bi14.,Acepril,Acepril 50mg tablet,Captopril,50 mg,,Angiotensin-Converting Enzyme Inhibitors,False,False
4409,4409.0,,bi15.,Acepril,Acepril 50mg tablets x56,Captopril,50 mg,,Angiotensin-Converting Enzyme Inhibitors,False,False
4410,4410.0,,bi16.,Capoten,Capoten 12.5mg tablet,Captopril,12.5 mg,,Angiotensin-Converting Enzyme Inhibitors,False,False
4411,4411.0,,bi17.,Capoten,Capoten 25mg tablet,Captopril,25 mg,,Angiotensin-Converting Enzyme Inhibitors,False,False
4412,4412.0,,bi18.,Capoten,Capoten 25mg tablets x56,Captopril,25 mg,,Angiotensin-Converting Enzyme Inhibitors,False,False
4413,4413.0,,bi19.,Capoten,Capoten 50mg tablet,Captopril,50 mg,,Angiotensin-Converting Enzyme Inhibitors,False,False
4414,4414.0,,bi1D.,Capto-Co,Capto-Co 25mg/12.5mg tablet,Co-Zidocapt,25 mg,,Angiotensin-Converting Enzyme Inhibitors,False,False
4415,4415.0,,bi1E.,Capto-Co,Capto-Co 50mg/25mg tablet,Co-Zidocapt,50 mg,,Angiotensin-Converting Enzyme Inhibitors,False,False
4416,4416.0,,bi1H.,Noyada,NOYADA 5mg/5mL oral solution,Captopril,5 mg/5 ml,,Angiotensin-Converting Enzyme Inhibitors,False,False
4417,4417.0,,bi1I.,Captopril,CAPTOPRIL 5mg/5mL oral solution,Captopril,5 mg/5 ml,,Angiotensin-Converting Enzyme Inhibitors,False,False
4418,4418.0,,bi1J.,Noyada,NOYADA 25mg/5mL oral solution,Captopril,25 mg/5 ml,,Angiotensin-Converting Enzyme Inhibitors,False,False
4419,4419.0,,bi1K.,Captopril,CAPTOPRIL 25mg/5mL oral solution,Captopril,25 mg/5 ml,,Angiotensin-Converting Enzyme Inhibitors,False,False
4420,4420.0,,bi1a.,Capoten,Capoten 50mg tablets x56,Captopril,50 mg,,Angiotensin-Converting Enzyme Inhibitors,False,False
4421,4421.0,,bi1b.,Acezide,Acezide 50mg tablets x56,Co-Zidocapt,50 mg,,Angiotensin-Converting Enzyme Inhibitors,False,False
4422,4422.0,,bi1c.,Capozide,Capozide 50mg tablets x28,Co-Zidocapt,50 mg,,Angiotensin-Converting Enzyme Inhibitors,False,False
4423,4423.0,,bi1d.,Capozide,Capozide LS 25mg tablets x28CP,Co-Zidocapt,25 mg,,Angiotensin-Converting Enzyme Inhibitors,False,False
4424,4424.0,,bi1e.,Captopril,Captopril+hydrochlorothiazide 25mg/12.5mg tablet,Captopril,25 mg,,Angiotensin-Converting Enzyme Inhibitors,False,True
4425,4425.0,,bi1f.,Captopril,Captopril+hydrochlorothiazide 50mg/25mg tablet,Captopril,50 mg,,Angiotensin-Converting Enzyme Inhibitors,False,True
4426,4426.0,,bi1g.,Ecopace,Ecopace 12.5mg tablet,Captopril,12.5 mg,,Angiotensin-Converting Enzyme Inhibitors,False,False
4427,4427.0,,bi1h.,Ecopace,Ecopace 25mg tablet,Captopril,25 mg,,Angiotensin-Converting Enzyme Inhibitors,False,False
4428,4428.0,,bi1i.,Ecopace,Ecopace 50mg tablet,Captopril,50 mg,,Angiotensin-Converting Enzyme Inhibitors,False,False
4429,4429.0,,bi1j.,Kaplon,Kaplon 12.5mg tablet,Captopril,12.5 mg,,Angiotensin-Converting Enzyme Inhibitors,False,False
4430,4430.0,,bi1k.,Kaplon,Kaplon 25mg tablet,Captopril,25 mg,,Angiotensin-Converting Enzyme Inhibitors,False,False
4431,4431.0,,bi1l.,Kaplon,Kaplon 50mg tablet,Captopril,50 mg,,Angiotensin-Converting Enzyme Inhibitors,False,False
4432,4432.0,,bi1m.,Hyteneze,Hyteneze 12.5 tablet,Captopril,,5.0,Angiotensin-Converting Enzyme Inhibitors,False,False
4433,4433.0,,bi1n.,Hyteneze,Hyteneze 25 tablet,Captopril,,25.0,Angiotensin-Converting Enzyme Inhibitors,False,False
4434,4434.0,,bi1o.,Hyteneze,Hyteneze 50 tablet,Captopril,,50.0,Angiotensin-Converting Enzyme Inhibitors,False,False
4435,4435.0,,bi1p.,Tensopril,Tensopril 12.5mg tablet,Captopril,12.5 mg,,Angiotensin-Converting Enzyme Inhibitors,False,False
4436,4436.0,,bi1q.,Tensopril,Tensopril 25mg tablet,Captopril,25 mg,,Angiotensin-Converting Enzyme Inhibitors,False,False
4437,4437.0,,bi1r.,Tensopril,Tensopril 50mg tablet,Captopril,50 mg,,Angiotensin-Converting Enzyme Inhibitors,False,False
4438,4438.0,,bi1s.,Capozide,CAPOZIDE 50mg/25mg tablets,Co-Zidocapt,50 mg,,Angiotensin-Converting Enzyme Inhibitors,False,False
4439,4439.0,,bi1v.,Captopril,Captopril 12.5mg tablet,Captopril,12.5 mg,,Angiotensin-Converting Enzyme Inhibitors,False,False
4440,4440.0,,bi1w.,Captopril,Captopril 25mg tablet,Captopril,25 mg,,Angiotensin-Converting Enzyme Inhibitors,False,False
4441,4441.0,,bi1x.,Captopril,Captopril 25mg tablets x56,Captopril,25 mg,,Angiotensin-Converting Enzyme Inhibitors,False,False
4442,4442.0,,bi1y.,Captopril,Captopril 50mg tablets x56,Captopril,50 mg,,Angiotensin-Converting Enzyme Inhibitors,False,False
4443,4443.0,,bi1z.,Captopril,Captopril 50mg tablet,Captopril,50 mg,,Angiotensin-Converting Enzyme Inhibitors,False,False
4444,4444.0,,bi21.,Innovace,Innovace 2.5mg tablet,Enalapril Maleate,2.5 mg,,Angiotensin-Converting Enzyme Inhibitors,False,False
4445,4445.0,,bi22.,Innovace,Innovace 5mg tablet,Enalapril Maleate,5 mg,,Angiotensin-Converting Enzyme Inhibitors,False,False
4446,4446.0,,bi23.,Innovace,Innovace 5mg tablets x28,Enalapril Maleate,5 mg,,Angiotensin-Converting Enzyme Inhibitors,False,False
4447,4447.0,,bi24.,Innovace,Innovace 10mg tablet,Enalapril Maleate,10 mg,,Angiotensin-Converting Enzyme Inhibitors,False,False
4448,4448.0,,bi25.,Innovace,Innovace 10mg tablets x28,Enalapril Maleate,10 mg,,Angiotensin-Converting Enzyme Inhibitors,False,False
4449,4449.0,,bi26.,Innovace,Innovace 20mg tablet,Enalapril Maleate,20 mg,,Angiotensin-Converting Enzyme Inhibitors,False,False
4450,4450.0,,bi27.,Innovace,Innovace 20mg tablets x28,Enalapril Maleate,20 mg,,Angiotensin-Converting Enzyme Inhibitors,False,False
4451,4451.0,,bi28.,Innozide,Innozide tablet,Enalapril Maleate,,,Angiotensin-Converting Enzyme Inhibitors,False,False
4452,4452.0,,bi29.,Innovace,Innovace tablet starter pack,Enalapril Maleate,,,Angiotensin-Converting Enzyme Inhibitors,False,False
4453,4453.0,,bi2E.,Innovace,Innovace Melt 2.5mg wafer,Enalapril Maleate,2.5 mg,,Angiotensin-Converting Enzyme Inhibitors,False,False
4454,4454.0,,bi2F.,Innovace,Innovace Melt 5mg wafer,Enalapril Maleate,5 mg,,Angiotensin-Converting Enzyme Inhibitors,False,False
4455,4455.0,,bi2G.,Innovace,Innovace Melt 10mg wafer,Enalapril Maleate,10 mg,,Angiotensin-Converting Enzyme Inhibitors,False,False
4456,4456.0,,bi2H.,Innovace,Innovace Melt 20mg wafer,Enalapril Maleate,20 mg,,Angiotensin-Converting Enzyme Inhibitors,False,False
4457,4457.0,,bi2J.,Pralenal,Pralenal 2.5mg tablet,Enalapril Maleate,2.5 mg,,Angiotensin-Converting Enzyme Inhibitors,False,False
4458,4458.0,,bi2K.,Pralenal,Pralenal 5mg tablet,Enalapril Maleate,5 mg,,Angiotensin-Converting Enzyme Inhibitors,False,False
4459,4459.0,,bi2L.,Pralenal,Pralenal 10mg tablet,Enalapril Maleate,10 mg,,Angiotensin-Converting Enzyme Inhibitors,False,False
4460,4460.0,,bi2M.,Pralenal,Pralenal 20mg tablet,Enalapril Maleate,20 mg,,Angiotensin-Converting Enzyme Inhibitors,False,False
4461,4461.0,,bi3..,Lisinopril,Lisinopril,Lisinopril,,,Angiotensin-Converting Enzyme Inhibitors,False,False
4462,4462.0,,bi31.,Lisinopril,Lisinopril 2.5mg tablet,Lisinopril,2.5 mg,,Angiotensin-Converting Enzyme Inhibitors,False,False
4463,4463.0,,bi32.,Lisinopril,Lisinopril 5mg tablet,Lisinopril,5 mg,,Angiotensin-Converting Enzyme Inhibitors,False,False
4464,4464.0,,bi33.,Lisinopril,Lisinopril 10mg tablet,Lisinopril,10 mg,,Angiotensin-Converting Enzyme Inhibitors,False,False
4465,4465.0,,bi34.,Lisinopril,Lisinopril 20mg tablet,Lisinopril,20 mg,,Angiotensin-Converting Enzyme Inhibitors,False,False
4466,4466.0,,bi35.,Carace,Carace 2.5mg tablet,Lisinopril,2.5 mg,,Angiotensin-Converting Enzyme Inhibitors,False,False
4467,4467.0,,bi36.,Carace,Carace 5mg tablets 28CP,Lisinopril,5 mg,,Angiotensin-Converting Enzyme Inhibitors,False,False
4468,4468.0,,bi37.,Carace,Carace 5mg tablet,Lisinopril,5 mg,,Angiotensin-Converting Enzyme Inhibitors,False,False
4469,4469.0,,bi38.,Carace,Carace 10mg tablets 28CP,Lisinopril,10 mg,,Angiotensin-Converting Enzyme Inhibitors,False,False
4470,4470.0,,bi39.,Carace,Carace 10mg tablet,Lisinopril,10 mg,,Angiotensin-Converting Enzyme Inhibitors,False,False
4471,4471.0,,bi3a.,Carace,Carace 20mg tablets 28CP,Lisinopril,20 mg,,Angiotensin-Converting Enzyme Inhibitors,False,False
4472,4472.0,,bi3b.,Carace,Carace 20mg tablet,Lisinopril,20 mg,,Angiotensin-Converting Enzyme Inhibitors,False,False
4473,4473.0,,bi3c.,Zestril,Zestril 2.5mg tablets 28CP,Lisinopril,2.5 mg,,Angiotensin-Converting Enzyme Inhibitors,False,False
4474,4474.0,,bi3d.,Zestril,Zestril 2.5mg tablet,Lisinopril,2.5 mg,,Angiotensin-Converting Enzyme Inhibitors,False,False
4475,4475.0,,bi3e.,Zestril,Zestril 5mg tablets 28CP,Lisinopril,5 mg,,Angiotensin-Converting Enzyme Inhibitors,False,False
4476,4476.0,,bi3f.,Zestril,Zestril 5mg tablet,Lisinopril,5 mg,,Angiotensin-Converting Enzyme Inhibitors,False,False
4477,4477.0,,bi3g.,Zestril,Zestril 10mg tablets 28CP,Lisinopril,10 mg,,Angiotensin-Converting Enzyme Inhibitors,False,False
4478,4478.0,,bi3h.,Zestril,Zestril 10mg tablet,Lisinopril,10 mg,,Angiotensin-Converting Enzyme Inhibitors,False,False
4479,4479.0,,bi3i.,Zestril,Zestril 20mg tablets 28CP,Lisinopril,20 mg,,Angiotensin-Converting Enzyme Inhibitors,False,False
4480,4480.0,,bi3j.,Zestril,Zestril 20mg tablet,Lisinopril,20 mg,,Angiotensin-Converting Enzyme Inhibitors,False,False
4481,4481.0,,bi3k.,Carace,Carace 20 Plus tablet,Lisinopril,,,Angiotensin-Converting Enzyme Inhibitors,False,False
4482,4482.0,,bi3l.,Carace,Carace 10 Plus tablet,Lisinopril,,,Angiotensin-Converting Enzyme Inhibitors,False,False
4483,4483.0,,bi3m.,Zestoretic,Zestoretic tablets 28CP,Lisinopril,,,Angiotensin-Converting Enzyme Inhibitors,False,False
4484,4484.0,,bi3n.,Zestoretic,Zestoretic 20 tablet,Lisinopril,,20.0,Angiotensin-Converting Enzyme Inhibitors,False,False
4485,4485.0,,bi3p.,Lisinopril,Lisinopril+hydrochlorothiazide 20mg/12.5mg tablet,Lisinopril,20 mg,,Angiotensin-Converting Enzyme Inhibitors,False,True
4486,4486.0,,bi3q.,Zestril,Zestril 2.5mg starter pack,Lisinopril,2.5 mg,,Angiotensin-Converting Enzyme Inhibitors,False,False
4487,4487.0,,bi3r.,Lisinopril,Lisinopril 2.5mg tablet starter pack,Lisinopril,2.5 mg,,Angiotensin-Converting Enzyme Inhibitors,False,False
4488,4488.0,,bi3s.,Zestoretic,Zestoretic 10 tablet,Lisinopril,,10.0,Angiotensin-Converting Enzyme Inhibitors,False,False
4489,4489.0,,bi3t.,Lisinopril,Lisinopril+hydrochlorothiazide 10mg/12.5mg tablet,Lisinopril,10 mg,,Angiotensin-Converting Enzyme Inhibitors,False,True
4490,4490.0,,bi3u.,Caralpha,Caralpha 10/12.5mg tablet,Lisinopril,12.5 mg,,Angiotensin-Converting Enzyme Inhibitors,False,False
4491,4491.0,,bi3v.,Caralpha,Caralpha 20/12.5mg tablet,Lisinopril,12.5 mg,,Angiotensin-Converting Enzyme Inhibitors,False,False
4492,4492.0,,bi3w.,Lisicostad,Lisicostad HCT 20/12.5mg tablet,Lisinopril,12.5 mg,,Angiotensin-Converting Enzyme Inhibitors,False,False
4493,4493.0,,bi3x.,Lisicostad,Lisicostad HCT 10/12.5mg tablet,Lisinopril,12.5 mg,,Angiotensin-Converting Enzyme Inhibitors,False,False
4494,4494.0,,bi3y.,Lisinopril,LISINOPRIL 1mg/mL oral solution,Lisinopril,1 mg/mL,,Angiotensin-Converting Enzyme Inhibitors,False,False
4495,4495.0,,bi44.,Accupro,Accupro 5mg tablets 28CP,Quinapril Hydrochloride,5 mg,,Angiotensin-Converting Enzyme Inhibitors,False,False
4496,4496.0,,bi45.,Accupro,Accupro 10mg tablets 28CP,Quinapril Hydrochloride,10 mg,,Angiotensin-Converting Enzyme Inhibitors,False,False
4497,4497.0,,bi46.,Accupro,Accupro 20mg tablets 28CP,Quinapril Hydrochloride,20 mg,,Angiotensin-Converting Enzyme Inhibitors,False,False
4498,4498.0,,bi47.,Accuretic,Accuretic tablet,Quinapril Hydrochloride,,,Angiotensin-Converting Enzyme Inhibitors,False,False
4499,4499.0,,bi49.,Accupro,Accupro 40mg tablet,Quinapril Hydrochloride,40 mg,,Angiotensin-Converting Enzyme Inhibitors,False,False
4500,4500.0,,bi4B.,Quinil,Quinil 5mg tablet,Quinapril Hydrochloride,5 mg,,Angiotensin-Converting Enzyme Inhibitors,False,False
4501,4501.0,,bi4C.,Quinil,Quinil 10mg tablet,Quinapril Hydrochloride,10 mg,,Angiotensin-Converting Enzyme Inhibitors,False,False
4502,4502.0,,bi4D.,Quinil,Quinil 20mg tablet,Quinapril Hydrochloride,20 mg,,Angiotensin-Converting Enzyme Inhibitors,False,False
4503,4503.0,,bi4E.,Quinil,Quinil 40mg tablet,Quinapril Hydrochloride,40 mg,,Angiotensin-Converting Enzyme Inhibitors,False,False
4504,4504.0,,bi5..,Perindopril,Perindopril erbumine,Perindopril,,,Angiotensin-Converting Enzyme Inhibitors,False,False
4505,4505.0,,bi5..,Perindopril,Perindopril tert-butylamine,Perindopril,,,Angiotensin-Converting Enzyme Inhibitors,False,False
4506,4506.0,,bi51.,Perindopril,Perindopril erbumine 2mg tablet,Perindopril,2 mg,,Angiotensin-Converting Enzyme Inhibitors,False,False
4507,4507.0,,bi51.,Perindopril,Perindopril tert-butylamine 2mg tablet,Perindopril,2 mg,,Angiotensin-Converting Enzyme Inhibitors,False,False
4508,4508.0,,bi52.,Perindopril,Perindopril erbumine 4mg tablet,Perindopril,4 mg,,Angiotensin-Converting Enzyme Inhibitors,False,False
4509,4509.0,,bi52.,Perindopril,Perindopril tert-butylamine 4mg tablet,Perindopril,4 mg,,Angiotensin-Converting Enzyme Inhibitors,False,False
4510,4510.0,,bi53.,Coversyl,Coversyl 2mg tablet,Perindopril,2 mg,,Angiotensin-Converting Enzyme Inhibitors,False,False
4511,4511.0,,bi54.,Coversyl,Coversyl 4mg tablet,Perindopril,4 mg,,Angiotensin-Converting Enzyme Inhibitors,False,False
4512,4512.0,,bi55.,Perindopril,Perindopril erbumine+indapamide 4mg/1.25mg tablet,Perindopril,4 mg,,Angiotensin-Converting Enzyme Inhibitors,False,True
4513,4513.0,,bi55.,Perindopril,Perindopril tert-butylamine+indapamide 4mg/1.25mg tablet,Perindopril,4 mg,,Angiotensin-Converting Enzyme Inhibitors,False,True
4514,4514.0,,bi56.,Coversyl,Coversyl Plus 4mg/1.25mg tablet,Perindopril,4 mg,,Angiotensin-Converting Enzyme Inhibitors,False,False
4515,4515.0,,bi57.,Perindopril,Perindopril erbumine 8mg tablet,Perindopril,8 mg,,Angiotensin-Converting Enzyme Inhibitors,False,False
4516,4516.0,,bi57.,Perindopril,Perindopril tert-butylamine 8mg tablet,Perindopril,8 mg,,Angiotensin-Converting Enzyme Inhibitors,False,False
4517,4517.0,,bi58.,Coversyl,Coversyl 8mg tablet,Perindopril,8 mg,,Angiotensin-Converting Enzyme Inhibitors,False,False
4518,4518.0,,bi6..,Ramipril,Ramipril,Ramipril,,,Angiotensin-Converting Enzyme Inhibitors,False,False
4519,4519.0,,bi61.,Ramipril,Ramipril 1.25mg capsule,Ramipril,1.25 mg,,Angiotensin-Converting Enzyme Inhibitors,False,False
4520,4520.0,,bi62.,Ramipril,Ramipril 2.5mg capsule,Ramipril,2.5 mg,,Angiotensin-Converting Enzyme Inhibitors,False,False
4521,4521.0,,bi63.,Ramipril,Ramipril 5mg capsule,Ramipril,5 mg,,Angiotensin-Converting Enzyme Inhibitors,False,False
4522,4522.0,,bi64.,Tritace,Tritace 1.25mg capsule,Ramipril,1.25 mg,,Angiotensin-Converting Enzyme Inhibitors,False,False
4523,4523.0,,bi65.,Tritace,Tritace 2.5mg capsule,Ramipril,2.5 mg,,Angiotensin-Converting Enzyme Inhibitors,False,False
4524,4524.0,,bi66.,Tritace,Tritace 5mg capsule,Ramipril,5 mg,,Angiotensin-Converting Enzyme Inhibitors,False,False
4525,4525.0,,bi67.,Ramipril,Ramipril 10mg capsule,Ramipril,10 mg,,Angiotensin-Converting Enzyme Inhibitors,False,False
4526,4526.0,,bi68.,Tritace,Tritace 10mg capsule,Ramipril,10 mg,,Angiotensin-Converting Enzyme Inhibitors,False,False
4527,4527.0,,bi69.,Ramipril,Ramipril 2.5mg+5mg+10mg capsules titration pack,Ramipril,2.5 mg,,Angiotensin-Converting Enzyme Inhibitors,False,False
4528,4528.0,,bi6A.,Tritace,Tritace Titration Pack,Ramipril,,,Angiotensin-Converting Enzyme Inhibitors,False,False
4529,4529.0,,bi6B.,Ramipril,Ramipril 1.25mg tablet,Ramipril,1.25 mg,,Angiotensin-Converting Enzyme Inhibitors,False,False
4530,4530.0,,bi6C.,Ramipril,Ramipril 2.5mg tablet,Ramipril,2.5 mg,,Angiotensin-Converting Enzyme Inhibitors,False,False
4531,4531.0,,bi6D.,Ramipril,Ramipril 5mg tablet,Ramipril,5 mg,,Angiotensin-Converting Enzyme Inhibitors,False,False
4532,4532.0,,bi6E.,Ramipril,Ramipril 10mg tablet,Ramipril,10 mg,,Angiotensin-Converting Enzyme Inhibitors,False,False
4533,4533.0,,bi6F.,Ramipril,RAMIPRIL 2.5mg+5mg+10mg tablets titration pack,Ramipril,2.5 mg,,Angiotensin-Converting Enzyme Inhibitors,False,False
4534,4534.0,,bi6G.,Ramipril,RAMIPRIL 2.5mg/5mL oral solution,Ramipril,5 mg/5 ml,,Angiotensin-Converting Enzyme Inhibitors,False,False
4535,4535.0,,bi6o.,Tritace,TRITACE Titration Pack tablets,Ramipril,,,Angiotensin-Converting Enzyme Inhibitors,False,False
4536,4536.0,,bi6p.,Ranace,Ranace 10mg capsule,Ramipril,10 mg,,Angiotensin-Converting Enzyme Inhibitors,False,False
4537,4537.0,,bi6q.,Ranace,Ranace 5mg capsule,Ramipril,5 mg,,Angiotensin-Converting Enzyme Inhibitors,False,False
4538,4538.0,,bi6r.,Ranace,Ranace 2.5mg capsule,Ramipril,2.5 mg,,Angiotensin-Converting Enzyme Inhibitors,False,False
4539,4539.0,,bi6s.,Ranace,Ranace 1.25mg capsule,Ramipril,1.25 mg,,Angiotensin-Converting Enzyme Inhibitors,False,False
4540,4540.0,,bi6t.,Lopace,Lopace 2.5mg capsule,Ramipril,2.5 mg,,Angiotensin-Converting Enzyme Inhibitors,False,False
4541,4541.0,,bi6u.,Lopace,Lopace 5mg capsule,Ramipril,5 mg,,Angiotensin-Converting Enzyme Inhibitors,False,False
4542,4542.0,,bi6v.,Lopace,Lopace 10mg capsule,Ramipril,10 mg,,Angiotensin-Converting Enzyme Inhibitors,False,False
4543,4543.0,,bi6w.,Tritace,Tritace 10mg tablet,Ramipril,10 mg,,Angiotensin-Converting Enzyme Inhibitors,False,False
4544,4544.0,,bi6x.,Tritace,Tritace 5mg tablet,Ramipril,5 mg,,Angiotensin-Converting Enzyme Inhibitors,False,False
4545,4545.0,,bi6y.,Tritace,Tritace 2.5mg tablet,Ramipril,2.5 mg,,Angiotensin-Converting Enzyme Inhibitors,False,False
4546,4546.0,,bi6z.,Tritace,Tritace 1.25mg tablet,Ramipril,1.25 mg,,Angiotensin-Converting Enzyme Inhibitors,False,False
4547,4547.0,,bi73.,Staril,Staril 10mg tablet,Fosinopril Sodium,10 mg,,Angiotensin-Converting Enzyme Inhibitors,False,False
4548,4548.0,,bi74.,Staril,Staril 20mg tablet,Fosinopril Sodium,20 mg,,Angiotensin-Converting Enzyme Inhibitors,False,False
4549,4549.0,,bi8..,Cilazapril,Cilazapril,Cilazapril,,,Angiotensin-Converting Enzyme Inhibitors,False,False
4550,4550.0,,bi81.,Cilazapril,Cilazapril 250micrograms tablet,Cilazapril,,,Angiotensin-Converting Enzyme Inhibitors,False,False
4551,4551.0,,bi82.,Cilazapril,Cilazapril 500micrograms tablet,Cilazapril,,,Angiotensin-Converting Enzyme Inhibitors,False,False
4552,4552.0,,bi83.,Cilazapril,Cilazapril 1mg tablet,Cilazapril,1 mg,,Angiotensin-Converting Enzyme Inhibitors,False,False
4553,4553.0,,bi84.,Cilazapril,Cilazapril 2.5mg tablet,Cilazapril,2.5 mg,,Angiotensin-Converting Enzyme Inhibitors,False,False
4554,4554.0,,bi85.,Vascace,Vascace 250micrograms tablet,Cilazapril,,,Angiotensin-Converting Enzyme Inhibitors,False,False
4555,4555.0,,bi86.,Vascace,Vascace 500mcg tablet,Cilazapril,,,Angiotensin-Converting Enzyme Inhibitors,False,False
4556,4556.0,,bi87.,Vascace,Vascace 1mg tablet,Cilazapril,1 mg,,Angiotensin-Converting Enzyme Inhibitors,False,False
4557,4557.0,,bi88.,Vascace,Vascace 2.5mg tablet,Cilazapril,2.5 mg,,Angiotensin-Converting Enzyme Inhibitors,False,False
4558,4558.0,,bi89.,Vascace,Vascace 5mg tablet,Cilazapril,5 mg,,Angiotensin-Converting Enzyme Inhibitors,False,False
4559,4559.0,,bi8a.,Cilazapril,Cilazapril 5mg tablet,Cilazapril,5 mg,,Angiotensin-Converting Enzyme Inhibitors,False,False
4560,4560.0,,bi9..,Trandolapril,Trandolapril,Trandolapril,,,Angiotensin-Converting Enzyme Inhibitors,False,False
4561,4561.0,,bi91.,Trandolapril,Trandolapril 500micrograms capsule,Trandolapril,,,Angiotensin-Converting Enzyme Inhibitors,False,False
4562,4562.0,,bi92.,Trandolapril,Trandolapril 1mg capsule,Trandolapril,1 mg,,Angiotensin-Converting Enzyme Inhibitors,False,False
4563,4563.0,,bi93.,Trandolapril,Trandolapril 2mg capsule,Trandolapril,2 mg,,Angiotensin-Converting Enzyme Inhibitors,False,False
4564,4564.0,,bi94.,Gopten,Gopten 500micrograms capsule,Trandolapril,,,Angiotensin-Converting Enzyme Inhibitors,False,False
4565,4565.0,,bi95.,Gopten,Gopten 1mg capsule,Trandolapril,1 mg,,Angiotensin-Converting Enzyme Inhibitors,False,False
4566,4566.0,,bi96.,Gopten,Gopten 2mg capsule,Trandolapril,2 mg,,Angiotensin-Converting Enzyme Inhibitors,False,False
4567,4567.0,,bi97.,Odrik,Odrik 500micrograms capsule,Trandolapril,,,Angiotensin-Converting Enzyme Inhibitors,False,False
4568,4568.0,,bi98.,Odrik,Odrik 1mg capsule,Trandolapril,1 mg,,Angiotensin-Converting Enzyme Inhibitors,False,False
4569,4569.0,,bi99.,Odrik,Odrik 2mg capsule,Trandolapril,2 mg,,Angiotensin-Converting Enzyme Inhibitors,False,False
4570,4570.0,,bi9A.,Gopten,Gopten 4mg capsule,Trandolapril,4 mg,,Angiotensin-Converting Enzyme Inhibitors,False,False
4571,4571.0,,bi9z.,Trandolapril,Trandolapril 4mg capsule,Trandolapril,4 mg,,Angiotensin-Converting Enzyme Inhibitors,False,False
4572,4572.0,,biA3.,Perdix,Perdix 7.5mg tablet,Moexipril Hydrochloride,7.5 mg,,Angiotensin-Converting Enzyme Inhibitors,False,False
4573,4573.0,,biA4.,Perdix,Perdix 15mg tablet,Moexipril Hydrochloride,15 mg,,Angiotensin-Converting Enzyme Inhibitors,False,False
4574,4574.0,,biB1.,Tanatril,Tanatril 5mg tablet,Imidapril Hydrochloride,5 mg,,Angiotensin-Converting Enzyme Inhibitors,False,False
4575,4575.0,,biB2.,Tanatril,Tanatril 10mg tablet,Imidapril Hydrochloride,10 mg,,Angiotensin-Converting Enzyme Inhibitors,False,False
4576,4576.0,,biB3.,Tanatril,Tanatril 20mg tablet,Imidapril Hydrochloride,20 mg,,Angiotensin-Converting Enzyme Inhibitors,False,False
4577,4577.0,,biC..,Perindopril,PERINDOPRIL ARGININE,Perindopril,,,Angiotensin-Converting Enzyme Inhibitors,False,False
4578,4578.0,,biC1.,Coversyl,COVERSYL ARGININE 2.5mg tablets,Perindopril,2.5 mg,,Angiotensin-Converting Enzyme Inhibitors,False,False
4579,4579.0,,biC2.,Perindopril,PERINDOPRIL ARGININE 2.5mg tablets,Perindopril,2.5 mg,,Angiotensin-Converting Enzyme Inhibitors,False,False
4580,4580.0,,biC3.,Coversyl,COVERSYL ARGININE 5mg tablets,Perindopril,5 mg,,Angiotensin-Converting Enzyme Inhibitors,False,False
4581,4581.0,,biC4.,Perindopril,PERINDOPRIL ARGININE 5mg tablets,Perindopril,5 mg,,Angiotensin-Converting Enzyme Inhibitors,False,False
4582,4582.0,,biC5.,Coversyl,COVERSYL ARGININE 10mg tablets,Perindopril,10 mg,,Angiotensin-Converting Enzyme Inhibitors,False,False
4583,4583.0,,biC6.,Perindopril,PERINDOPRIL ARGININE 10mg tablets,Perindopril,10 mg,,Angiotensin-Converting Enzyme Inhibitors,False,False
4584,4584.0,,biC7.,Coversyl,COVERSYL ARGININE PLUS 5mg/1.25mg tablets,Perindopril,5 mg,,Angiotensin-Converting Enzyme Inhibitors,False,False
4585,4585.0,,biC8.,Perindopril,PERINDOPRIL ARGININE+INDAPAMIDE 5mg/1.25mg tablets,Perindopril,5 mg,,Angiotensin-Converting Enzyme Inhibitors,False,True
4586,4586.0,,bj11.,Arfonad,Arfonad 250mg/5mL infusion concentrate,Trimetaphan Camsilate,250 mg/5 ml,,Ganglion-Blocking Drugs,False,False
4587,4587.0,,bk1..,Metirosine,Metirosine,Metirosine,,,Alpha-Adrenoceptor Blocking Drugs,False,False
4588,4588.0,,bk11.,Demser,Demser 250mg capsule,Metirosine,250 mg,,Alpha-Adrenoceptor Blocking Drugs,False,False
4589,4589.0,,bk1z.,Metirosine,Metirosine 250mg capsule,Metirosine,250 mg,,Alpha-Adrenoceptor Blocking Drugs,False,False
4590,4590.0,,bk21.,Hypercal,Hypercal-B tablet,Reserpine And Rauwolfia Alkaloids,,,Centrally-Acting Antihypertensive Drugs,False,False
4591,4591.0,,bk22.,Seominal,Seominal tablet,Reserpine And Rauwolfia Alkaloids,,,Centrally-Acting Antihypertensive Drugs,False,False
4592,4592.0,,bk3..,Losartan,Losartan,Losartan Potassium,,,Angiotensin-II Receptor Antagonists,False,False
4593,4593.0,,bk31.,Losartan,Losartan potassium 25mg tablet,Losartan Potassium,25 mg,,Angiotensin-II Receptor Antagonists,False,False
4594,4594.0,,bk32.,Losartan,Losartan potassium 50mg tablet,Losartan Potassium,50 mg,,Angiotensin-II Receptor Antagonists,False,False
4595,4595.0,,bk33.,Cozaar,Cozaar 25mg tablet,Losartan Potassium,25 mg,,Angiotensin-II Receptor Antagonists,False,False
4596,4596.0,,bk33.,Cozaar,Cozaar Half Strength 25mg tablet,Losartan Potassium,25 mg,,Angiotensin-II Receptor Antagonists,False,False
4597,4597.0,,bk34.,Cozaar,Cozaar 50mg tablet,Losartan Potassium,50 mg,,Angiotensin-II Receptor Antagonists,False,False
4598,4598.0,,bk35.,Losartan,Losartan potassium+hydrochlorothiazide 50mg/12.5mg tablet,Losartan Potassium,50 mg,,Angiotensin-II Receptor Antagonists,False,True
4599,4599.0,,bk36.,Cozaar,Cozaar-Comp 50mg/12.5mg tablet,Losartan Potassium,50 mg,,Angiotensin-II Receptor Antagonists,False,False
4600,4600.0,,bk37.,Losartan,Losartan potassium 100mg tablet,Losartan Potassium,100 mg,,Angiotensin-II Receptor Antagonists,False,False
4601,4601.0,,bk38.,Cozaar,Cozaar 100mg tablet,Losartan Potassium,100 mg,,Angiotensin-II Receptor Antagonists,False,False
4602,4602.0,,bk39.,Cozaar,Cozaar-Comp 100mg/25mg tablet,Losartan Potassium,100 mg,,Angiotensin-II Receptor Antagonists,False,False
4603,4603.0,,bk3A.,Cozaar,COZAAR-COMP 100mg/12.5mg tablets,Losartan Potassium,100 mg,,Angiotensin-II Receptor Antagonists,False,False
4604,4604.0,,bk3B.,Cozaar,COZAAR 12.5mg tablets,Losartan Potassium,12.5 mg,,Angiotensin-II Receptor Antagonists,False,False
4605,4605.0,,bk3C.,Losartan Pot,LOSARTAN POTASSIUM 12.5mg tablets,Losartan Potassium,12.5 mg,,Angiotensin-II Receptor Antagonists,False,False
4606,4606.0,,bk3D.,Cozaar,COZAAR 2.5mg/mL oral suspension,Losartan Potassium,5 mg/mL,,Angiotensin-II Receptor Antagonists,False,False
4607,4607.0,,bk3E.,Losartan Pot,LOSARTAN POTASSIUM 2.5mg/mL oral suspension,Losartan Potassium,5 mg/mL,,Angiotensin-II Receptor Antagonists,False,False
4608,4608.0,,bk3y.,Losartan Pot,LOSARTAN POTASSIUM+HYDROCHLOROTHIAZIDE 100mg/12.5mg tablets,Losartan Potassium,100 mg,,Angiotensin-II Receptor Antagonists,False,True
4609,4609.0,,bk3z.,Losartan,Losartan potassium+hydrochlorothiazide 100mg/25mg tablet,Losartan Potassium,100 mg,,Angiotensin-II Receptor Antagonists,False,True
4610,4610.0,,bk4..,Valsartan,Valsartan,Valsartan,,,Angiotensin-II Receptor Antagonists,False,False
4611,4611.0,,bk41.,Valsartan,Valsartan 40mg capsule,Valsartan,40 mg,,Angiotensin-II Receptor Antagonists,False,False
4612,4612.0,,bk42.,Valsartan,Valsartan 80mg capsule,Valsartan,80 mg,,Angiotensin-II Receptor Antagonists,False,False
4613,4613.0,,bk43.,Valsartan,Valsartan 160mg capsule,Valsartan,160 mg,,Angiotensin-II Receptor Antagonists,False,False
4614,4614.0,,bk44.,Diovan,Diovan 40mg capsule,Valsartan,40 mg,,Angiotensin-II Receptor Antagonists,False,False
4615,4615.0,,bk45.,Diovan,Diovan 80mg capsule,Valsartan,80 mg,,Angiotensin-II Receptor Antagonists,False,False
4616,4616.0,,bk46.,Diovan,Diovan 160mg capsule,Valsartan,160 mg,,Angiotensin-II Receptor Antagonists,False,False
4617,4617.0,,bk47.,Diovan,Co-Diovan 160mg/12.5mg tablet,Valsartan,160 mg,,Angiotensin-II Receptor Antagonists,False,False
4618,4618.0,,bk48.,Diovan,Co-Diovan 160mg/25mg tablet,Valsartan,160 mg,,Angiotensin-II Receptor Antagonists,False,False
4619,4619.0,,bk49.,Diovan,Co-Diovan 80mg/12.5mg tablet,Valsartan,80 mg,,Angiotensin-II Receptor Antagonists,False,False
4620,4620.0,,bk4A.,Diovan,Diovan 40mg tablet,Valsartan,40 mg,,Angiotensin-II Receptor Antagonists,False,False
4621,4621.0,,bk4B.,Diovan,DIOVAN 320mg tablets,Valsartan,320 mg,,Angiotensin-II Receptor Antagonists,False,False
4622,4622.0,,bk4C.,Diovan,DIOVAN 3mg/mL oral solution,Valsartan,3 mg/mL,,Angiotensin-II Receptor Antagonists,False,False
4623,4623.0,,bk4s.,Valsartan,VALSARTAN 80mg tablets,Valsartan,80 mg,,Angiotensin-II Receptor Antagonists,False,False
4624,4624.0,,bk4t.,Valsartan,VALSARTAN 160mg tablets,Valsartan,160 mg,,Angiotensin-II Receptor Antagonists,False,False
4625,4625.0,,bk4u.,Valsartan,VALSARTAN 3mg/mL oral solution,Valsartan,3 mg/mL,,Angiotensin-II Receptor Antagonists,False,False
4626,4626.0,,bk4v.,Valsartan,VALSARTAN 320mg tablets,Valsartan,320 mg,,Angiotensin-II Receptor Antagonists,False,False
4627,4627.0,,bk4w.,Valsartan,Valsartan 40mg tablet,Valsartan,40 mg,,Angiotensin-II Receptor Antagonists,False,False
4628,4628.0,,bk4x.,Valsartan,Valsartan+hydrochlorothiazide 80mg/12.5mg tablet,Valsartan,80 mg,,Angiotensin-II Receptor Antagonists,False,True
4629,4629.0,,bk4y.,Valsartan,Valsartan+hydrochlorothiazide 160mg/25mg tablet,Valsartan,160 mg,,Angiotensin-II Receptor Antagonists,False,True
4630,4630.0,,bk4z.,Valsartan,Valsartan+hydrochlorothiazide 160mg/12.5mg tablet,Valsartan,160 mg,,Angiotensin-II Receptor Antagonists,False,True
4631,4631.0,,bk5..,Irbesartan,Irbesartan,Irbesartan,,,Angiotensin-II Receptor Antagonists,False,False
4632,4632.0,,bk51.,Irbesartan,Irbesartan 75mg tablet,Irbesartan,75 mg,,Angiotensin-II Receptor Antagonists,False,False
4633,4633.0,,bk52.,Irbesartan,Irbesartan 150mg tablet,Irbesartan,150 mg,,Angiotensin-II Receptor Antagonists,False,False
4634,4634.0,,bk53.,Irbesartan,Irbesartan 300mg tablet,Irbesartan,300 mg,,Angiotensin-II Receptor Antagonists,False,False
4635,4635.0,,bk54.,Aprovel,Aprovel 75mg tablet,Irbesartan,75 mg,,Angiotensin-II Receptor Antagonists,False,False
4636,4636.0,,bk55.,Aprovel,Aprovel 150mg tablet,Irbesartan,150 mg,,Angiotensin-II Receptor Antagonists,False,False
4637,4637.0,,bk56.,Aprovel,Aprovel 300mg tablet,Irbesartan,300 mg,,Angiotensin-II Receptor Antagonists,False,False
4638,4638.0,,bk57.,CoAprovel,CoAprovel 150mg/12.5mg tablet,Irbesartan,150 mg,,Angiotensin-II Receptor Antagonists,False,False
4639,4639.0,,bk58.,CoAprovel,CoAprovel 300mg/12.5mg tablet,Irbesartan,300 mg,,Angiotensin-II Receptor Antagonists,False,False
4640,4640.0,,bk59.,CoAprovel,COAPROVEL 300mg/25mg tablets,Irbesartan,300 mg,,Angiotensin-II Receptor Antagonists,False,False
4641,4641.0,,bk5x.,Irbesartan,IRBESARTAN+HYDROCHLOROTHIAZIDE 300mg/25mg tablets,Irbesartan,300 mg,,Angiotensin-II Receptor Antagonists,False,True
4642,4642.0,,bk5y.,Irbesartan,Irbesartan+hydrochlorothiazide 300mg/12.5mg tablet,Irbesartan,300 mg,,Angiotensin-II Receptor Antagonists,False,True
4643,4643.0,,bk5z.,Irbesartan,Irbesartan+hydrochlorothiazide 150mg/12.5mg tablet,Irbesartan,150 mg,,Angiotensin-II Receptor Antagonists,False,True
4644,4644.0,,bk6..,Trandolapril,Trandolapril+verapamil hydrochloride,Trandolapril,,,Angiotensin-Converting Enzyme Inhibitors,True,False
4645,4645.0,,bk61.,Trandolapril,Trandolapril+verapamil hydrochloride 2mg/180mg m/r capsule,Trandolapril,2 mg,,Angiotensin-Converting Enzyme Inhibitors,True,False
4646,4646.0,,bk62.,Tarka,Tarka 2mg/180mg m/r capsule,Trandolapril,2 mg,,Angiotensin-Converting Enzyme Inhibitors,False,False
4647,4647.0,,bk7..,Candesartan,Candesartan cilexetil,Candesartan Cilexetil,,,Angiotensin-II Receptor Antagonists,False,False
4648,4648.0,,bk71.,Candesartan,Candesartan cilexetil 2mg tablet,Candesartan Cilexetil,2 mg,,Angiotensin-II Receptor Antagonists,False,False
4649,4649.0,,bk72.,Candesartan,Candesartan cilexetil 4mg tablet,Candesartan Cilexetil,4 mg,,Angiotensin-II Receptor Antagonists,False,False
4650,4650.0,,bk73.,Candesartan,Candesartan cilexetil 8mg tablet,Candesartan Cilexetil,8 mg,,Angiotensin-II Receptor Antagonists,False,False
4651,4651.0,,bk74.,Candesartan,Candesartan cilexetil 16mg tablet,Candesartan Cilexetil,16 mg,,Angiotensin-II Receptor Antagonists,False,False
4652,4652.0,,bk75.,Amias,Amias 2mg tablet,Candesartan Cilexetil,2 mg,,Angiotensin-II Receptor Antagonists,False,False
4653,4653.0,,bk76.,Amias,Amias 4mg tablet,Candesartan Cilexetil,4 mg,,Angiotensin-II Receptor Antagonists,False,False
4654,4654.0,,bk77.,Amias,Amias 8mg tablet,Candesartan Cilexetil,8 mg,,Angiotensin-II Receptor Antagonists,False,False
4655,4655.0,,bk78.,Amias,Amias 16mg tablet,Candesartan Cilexetil,16 mg,,Angiotensin-II Receptor Antagonists,False,False
4656,4656.0,,bk79.,Amias,Amias 32mg tablet,Candesartan Cilexetil,32 mg,,Angiotensin-II Receptor Antagonists,False,False
4657,4657.0,,bk7z.,Candesartan,Candesartan cilexetil 32mg tablet,Candesartan Cilexetil,32 mg,,Angiotensin-II Receptor Antagonists,False,False
4658,4658.0,,bk8..,Telmisartan,Telmisartan,Telmisartan,,,Angiotensin-II Receptor Antagonists,False,False
4659,4659.0,,bk81.,Telmisartan,Telmisartan 40mg tablet,Telmisartan,40 mg,,Angiotensin-II Receptor Antagonists,False,False
4660,4660.0,,bk82.,Telmisartan,Telmisartan 80mg tablet,Telmisartan,80 mg,,Angiotensin-II Receptor Antagonists,False,False
4661,4661.0,,bk83.,Micardis,Micardis 40mg tablet,Telmisartan,40 mg,,Angiotensin-II Receptor Antagonists,False,False
4662,4662.0,,bk84.,Micardis,Micardis 80mg tablet,Telmisartan,80 mg,,Angiotensin-II Receptor Antagonists,False,False
4663,4663.0,,bk85.,Micardis,Micardis 20mg tablet,Telmisartan,20 mg,,Angiotensin-II Receptor Antagonists,False,False
4664,4664.0,,bk86.,Micardis,MicardisPlus 40mg/12.5mg tablet,Telmisartan,40 mg,,Angiotensin-II Receptor Antagonists,False,False
4665,4665.0,,bk87.,Micardis,MicardisPlus 80mg/12.5mg tablet,Telmisartan,80 mg,,Angiotensin-II Receptor Antagonists,False,False
4666,4666.0,,bk88.,Micardis,MICARDISPLUS 80mg/25mg tablets,Telmisartan,80 mg,,Angiotensin-II Receptor Antagonists,False,False
4667,4667.0,,bk8w.,Telmisartan,TELMISARTAN+HYDROCHLOROTHIAZIDE 80mg/25mg tablets,Telmisartan,80 mg,,Angiotensin-II Receptor Antagonists,False,True
4668,4668.0,,bk8x.,Telmisartan,Telmisartan+hydrochlorothiazide 40mg/12.5mg tablet,Telmisartan,40 mg,,Angiotensin-II Receptor Antagonists,False,True
4669,4669.0,,bk8y.,Telmisartan,Telmisartan+hydrochlorothiazide 80mg/12.5mg tablet,Telmisartan,80 mg,,Angiotensin-II Receptor Antagonists,False,True
4670,4670.0,,bk8z.,Telmisartan,Telmisartan 20mg tablet,Telmisartan,20 mg,,Angiotensin-II Receptor Antagonists,False,False
4671,4671.0,,bk9..,Eprosartan,Eprosartan,Eprosartan,,,Angiotensin-II Receptor Antagonists,False,False
4672,4672.0,,bk91.,Teveten,Teveten 300mg tablet,Eprosartan,300 mg,,Angiotensin-II Receptor Antagonists,False,False
4673,4673.0,,bk92.,Teveten,Teveten 400mg tablet,Eprosartan,400 mg,,Angiotensin-II Receptor Antagonists,False,False
4674,4674.0,,bk93.,Teveten,Teveten 600mg tablet,Eprosartan,600 mg,,Angiotensin-II Receptor Antagonists,False,False
4675,4675.0,,bk9x.,Eprosartan,Eprosartan 300mg tablet,Eprosartan,300 mg,,Angiotensin-II Receptor Antagonists,False,False
4676,4676.0,,bk9y.,Eprosartan,Eprosartan 400mg tablet,Eprosartan,400 mg,,Angiotensin-II Receptor Antagonists,False,False
4677,4677.0,,bk9z.,Eprosartan,Eprosartan 600mg tablet,Eprosartan,600 mg,,Angiotensin-II Receptor Antagonists,False,False
4678,4678.0,,bkA..,Bosentan,Bosentan,Bosentan,,,Vasodilator Antihypertensive Drugs,False,False
4679,4679.0,,bkA1.,Bosentan,Bosentan monohydrate 62.5mg tablet,Bosentan,62.5 mg,,Vasodilator Antihypertensive Drugs,False,False
4680,4680.0,,bkA2.,Bosentan,Bosentan monohydrate 125mg tablet,Bosentan,125 mg,,Vasodilator Antihypertensive Drugs,False,False
4681,4681.0,,bkA3.,Tracleer,Tracleer 62.5mg tablet,Bosentan,62.5 mg,,Vasodilator Antihypertensive Drugs,False,False
4682,4682.0,,bkA4.,Tracleer,Tracleer 125mg tablet,Bosentan,125 mg,,Vasodilator Antihypertensive Drugs,False,False
4683,4683.0,,bkB..,Olmesartan,Olmesartan,Olmesartan,,,Angiotensin-II Receptor Antagonists,False,False
4684,4684.0,,bkB1.,Olmesartan,Olmesartan medoxomil 10mg tablet,Olmesartan,10 mg,,Angiotensin-II Receptor Antagonists,False,False
4685,4685.0,,bkB2.,Olmesartan,Olmesartan medoxomil 20mg tablet,Olmesartan,20 mg,,Angiotensin-II Receptor Antagonists,False,False
4686,4686.0,,bkB3.,Olmesartan,Olmesartan medoxomil 40mg tablet,Olmesartan,40 mg,,Angiotensin-II Receptor Antagonists,False,False
4687,4687.0,,bkB4.,Olmetec,Olmetec 10mg tablet,Olmesartan,10 mg,,Angiotensin-II Receptor Antagonists,False,False
4688,4688.0,,bkB5.,Olmetec,Olmetec 20mg tablet,Olmesartan,20 mg,,Angiotensin-II Receptor Antagonists,False,False
4689,4689.0,,bkB6.,Olmetec,Olmetec 40mg tablet,Olmesartan,40 mg,,Angiotensin-II Receptor Antagonists,False,False
4690,4690.0,,bkC..,Olmesartan,Hydrochlorothiazide + Olmesartan,Olmesartan,,,Angiotensin-II Receptor Antagonists,False,True
4691,4691.0,,bkC1.,Olmetec,Olmetec Plus 20mg/12.5mg tablet,Olmesartan,20 mg,,Angiotensin-II Receptor Antagonists,False,False
4692,4692.0,,bkC2.,Olmetec,Olmetec Plus 20mg/25mg tablet,Olmesartan,20 mg,,Angiotensin-II Receptor Antagonists,False,False
4693,4693.0,,bkC3.,Olmetec,OLMETEC PLUS 40mg/12.5mg tablets,Olmesartan,40 mg,,Angiotensin-II Receptor Antagonists,False,False
4694,4694.0,,bkCx.,Olmesartan,OLMESARTAN+HYDROCHLOROTHIAZIDE 40mg/12.5mg tablets,Olmesartan,40 mg,,Angiotensin-II Receptor Antagonists,False,True
4695,4695.0,,bkCy.,Olmesartan,Olmesartan + hydrochlorothiazide 20mg/25mg tablet,Olmesartan,20 mg,,Angiotensin-II Receptor Antagonists,False,True
4696,4696.0,,bkCz.,Olmesartan,Olmesartan + hydrochlorothiazide 20mg/12.5mg tablet,Olmesartan,20 mg,,Angiotensin-II Receptor Antagonists,False,True
4697,4697.0,,bkD..,Valsartan,AMLODIPINE + VALSARTAN,Valsartan,,,Angiotensin-II Receptor Antagonists,True,False
4698,4698.0,,bkD1.,Valsartan,AMLODIPINE+VALSARTAN 5mg/80mg tablets,Valsartan,5 mg,,Angiotensin-II Receptor Antagonists,True,False
4699,4699.0,,bkD2.,Valsartan,AMLODIPINE+VALSARTAN 5mg/160mg tablets,Valsartan,5 mg,,Angiotensin-II Receptor Antagonists,True,False
4700,4700.0,,bkD3.,Valsartan,AMLODIPINE+VALSARTAN 10mg/160mg tablets,Valsartan,10 mg,,Angiotensin-II Receptor Antagonists,True,False
4701,4701.0,,bkE1.,Thelin,THELIN 100mg tablets,Sitaxentan Sodium,100 mg,,Vasodilator Antihypertensive Drugs,False,False
4702,4702.0,,bkEz.,Sitaxentan Sod,SITAXENTAN SODIUM 100mg tablets,Sitaxentan Sodium,100 mg,,Vasodilator Antihypertensive Drugs,False,False
4703,4703.0,,bkF..,Aliskiren,ALISKIREN,Aliskiren,,,Renin Inhibitors,False,False
4704,4704.0,,bkF1.,Rasilez,RASILEZ 150mg tablets,Aliskiren,150 mg,,Renin Inhibitors,False,False
4705,4705.0,,bkF2.,Rasilez,RASILEZ 300mg tablets,Aliskiren,300 mg,,Renin Inhibitors,False,False
4706,4706.0,,bkFy.,Aliskiren,ALISKIREN 300mg tablets,Aliskiren,300 mg,,Renin Inhibitors,False,False
4707,4707.0,,bkFz.,Aliskiren,ALISKIREN 150mg tablets,Aliskiren,150 mg,,Renin Inhibitors,False,False
4708,4708.0,,bkG..,Ambrisentan,AMBRISENTAN,Ambrisentan,,,Vasodilator Antihypertensive Drugs,False,False
4709,4709.0,,bkG1.,Volibris,VOLIBRIS 5mg tablets,Ambrisentan,5 mg,,Vasodilator Antihypertensive Drugs,False,False
4710,4710.0,,bkG2.,Volibris,VOLIBRIS 10mg tablets,Ambrisentan,10 mg,,Vasodilator Antihypertensive Drugs,False,False
4711,4711.0,,bkGy.,Ambrisentan,AMBRISENTAN 10mg tablets,Ambrisentan,10 mg,,Vasodilator Antihypertensive Drugs,False,False
4712,4712.0,,bkGz.,Ambrisentan,AMBRISENTAN 5mg tablets,Ambrisentan,5 mg,,Vasodilator Antihypertensive Drugs,False,False
4713,4713.0,,bkH..,Olmesartan,OLMESARTAN+AMLODIPINE,Olmesartan,,,Angiotensin-II Receptor Antagonists,True,False
4714,4714.0,,bkH1.,Sevikar,SEVIKAR 20mg/5mg tablets,Olmesartan,20 mg,,Angiotensin-II Receptor Antagonists,False,False
4715,4715.0,,bkH2.,Sevikar,SEVIKAR 40mg/5mg tablets,Olmesartan,40 mg,,Angiotensin-II Receptor Antagonists,False,False
4716,4716.0,,bkH3.,Sevikar,SEVIKAR 40mg/10mg tablets,Olmesartan,40 mg,,Angiotensin-II Receptor Antagonists,False,False
4717,4717.0,,bkHx.,Olmesartan,OLMESARTAN MEDOXOMIL+AMLODIPINE 40mg/10mg tablets,Olmesartan,40 mg,,Angiotensin-II Receptor Antagonists,True,False
4718,4718.0,,bkHy.,Olmesartan,OLMESARTAN MEDOXOMIL+AMLODIPINE 40mg/5mg tablets,Olmesartan,40 mg,,Angiotensin-II Receptor Antagonists,True,False
4719,4719.0,,bkHz.,Olmesartan,OLMESARTAN MEDOXOMIL+AMLODIPINE 20mg/5mg tablets,Olmesartan,20 mg,,Angiotensin-II Receptor Antagonists,True,False
4720,4720.0,,bkI..,Olmesartan,OLMESARTAN+AMLODIPINE+HYDROCHLOROTHIAZIDE,Olmesartan,,,Angiotensin-II Receptor Antagonists,True,True
4721,4721.0,,bkI1.,Sevikar,SEVIKAR HCT 20mg/5mg/12.5mg tablets,Olmesartan,20 mg,,Angiotensin-II Receptor Antagonists,False,False
4722,4722.0,,bkI2.,Sevikar,SEVIKAR HCT 40mg/5mg/12.5mg tablets,Olmesartan,40 mg,,Angiotensin-II Receptor Antagonists,False,False
4723,4723.0,,bkI3.,Sevikar,SEVIKAR HCT 40mg/10mg/12.5mg tablets,Olmesartan,40 mg,,Angiotensin-II Receptor Antagonists,False,False
4724,4724.0,,bkI4.,Sevikar,SEVIKAR HCT 40mg/5mg/25mg tablets,Olmesartan,40 mg,,Angiotensin-II Receptor Antagonists,False,False
4725,4725.0,,bkI5.,Sevikar,SEVIKAR HCT 40mg/10mg/25mg tablets,Olmesartan,40 mg,,Angiotensin-II Receptor Antagonists,False,False
4726,4726.0,,bkJ1.,Edarbi,EDARBI 20mg tablets,Azilsartan Medoxomil,20 mg,,Angiotensin-II Receptor Antagonists,False,False
4727,4727.0,,bkJ2.,Azilsartan Medoxomil,AZILSARTAN MEDOXOMIL 20mg tablets,Azilsartan Medoxomil,20 mg,,Angiotensin-II Receptor Antagonists,False,False
4728,4728.0,,bkJ3.,Edarbi,EDARBI 40mg tablets,Azilsartan Medoxomil,40 mg,,Angiotensin-II Receptor Antagonists,False,False
4729,4729.0,,bkJ4.,Azilsartan Medoxomil,AZILSARTAN MEDOXOMIL 40mg tablets,Azilsartan Medoxomil,40 mg,,Angiotensin-II Receptor Antagonists,False,False
4730,4730.0,,bkJ5.,Edarbi,EDARBI 80mg tablets,Azilsartan Medoxomil,80 mg,,Angiotensin-II Receptor Antagonists,False,False
4731,4731.0,,bkJ6.,Azilsartan Medoxomil,AZILSARTAN MEDOXOMIL 80mg tablets,Azilsartan Medoxomil,80 mg,,Angiotensin-II Receptor Antagonists,False,False
4732,4732.0,,bkK..,Macitentan,MACITENTAN,Macitentan,,,Vasodilator Antihypertensive Drugs,False,False
4733,4733.0,,bkK1.,Opsumit,OPSUMIT 10mg tablets,Macitentan,10 mg,,Vasodilator Antihypertensive Drugs,False,False
4734,4734.0,,bkK2.,Macitentan,MACITENTAN 10mg tablets,Macitentan,10 mg,,Vasodilator Antihypertensive Drugs,False,False
4735,4735.0,,bkL..,Valsartan,SACUBITRIL+VALSARTAN,Valsartan,,,Angiotensin-II Receptor Antagonists,False,False
4736,4736.0,,bkL1.,Entresto,ENTRESTO 24mg/26mg tablets,Sacubitril/Valsartan,24 mg,,Angiotensin-II Receptor Antagonists,False,False
4737,4737.0,,bkL2.,Valsartan,SACUBITRIL+VALSARTAN 24mg/26mg tablets,Valsartan,24 mg,,Angiotensin-II Receptor Antagonists,False,False
4738,4738.0,,bkL3.,Entresto,ENTRESTO 49mg/51mg tablets,Sacubitril/Valsartan,49 mg,,Angiotensin-II Receptor Antagonists,False,False
4739,4739.0,,bkL4.,Valsartan,SACUBITRIL+VALSARTAN 49mg/51mg tablets,Valsartan,49 mg,,Angiotensin-II Receptor Antagonists,False,False
4740,4740.0,,bkL5.,Entresto,ENTRESTO 97mg/103mg tablets,Sacubitril/Valsartan,97 mg,,Angiotensin-II Receptor Antagonists,False,False
4741,4741.0,,bkL6.,Valsartan,SACUBITRIL+VALSARTAN 97mg/103mg tablets,Valsartan,97 mg,,Angiotensin-II Receptor Antagonists,False,False
4742,4742.0,,blca.,Lotens,Felotens XL 5mg m/r tablet,Guanethidine Monosulfate,5 mg,,Adrenergic Neurone Blocking Drugs,True,False
4743,4743.0,,blcb.,Lotens,Felotens XL 10mg m/r tablet,Guanethidine Monosulfate,10 mg,,Adrenergic Neurone Blocking Drugs,True,False
4744,4744.0,,blct.,Lotens,FELOTENS XL 2.5mg m/r tablets,Guanethidine Monosulfate,2.5 mg,,Adrenergic Neurone Blocking Drugs,True,False
4745,4745.0,,bn7..,Iloprost,Iloprost,Iloprost,,,Vasodilator Antihypertensive Drugs,False,False
4746,4746.0,,bn71.,Iloprost,Iloprost 100micrograms/1mL infusion concentrate,Iloprost,,,Vasodilator Antihypertensive Drugs,False,False
4747,4747.0,,bn72.,Iloprost,Iloprost 10micrograms/mL nebuliser solution 2mL ampoule,Iloprost,,,Vasodilator Antihypertensive Drugs,False,False
4748,4748.0,,bn73.,Ventavis,Ventavis 10micrograms/mL nebuliser solution 2mL ampoule,Iloprost,,,Vasodilator Antihypertensive Drugs,False,False
4749,4749.0,,bn74.,Ventavis,VENTAVIS 10micrograms/mL nebuliser solution 1mL ampoules,Iloprost,,,Vasodilator Antihypertensive Drugs,False,False
4750,4750.0,,bn75.,Iloprost,ILOPROST 10micrograms/mL nebuliser solution 1mL ampoules,Iloprost,,,Vasodilator Antihypertensive Drugs,False,False
4751,4751.0,,f71..,Diazoxide,Diazoxide [endocrine use],Diazoxide,,,Vasodilator Antihypertensive Drugs,False,False
4752,4752.0,,f71x.,Diazoxide,Diazoxide 50mg capsule,Diazoxide,50 mg,,Vasodilator Antihypertensive Drugs,False,False
4753,4753.0,,f71y.,Diazoxide,Diazoxide oral powder,Diazoxide,,,Vasodilator Antihypertensive Drugs,False,False
4754,4754.0,,f71z.,Diazoxide,Diazoxide 50mg tablet,Diazoxide,50 mg,,Vasodilator Antihypertensive Drugs,False,False
4755,4755.0,,gc41.,Dibenyline,Dibenyline 10mg capsule,Phenoxybenzamine Hydrochloride,10 mg,,Alpha-Adrenoceptor Blocking Drugs,False,False
4756,4756.0,,gc51.,Hytrin,Hytrin BPH tablet starter pack,Terazosin Hydrochloride,,,Alpha-Adrenoceptor Blocking Drugs,False,False
4757,4757.0,,gc52.,Hytrin,Hytrin BPH 2mg tablet,Terazosin Hydrochloride,2 mg,,Alpha-Adrenoceptor Blocking Drugs,False,False
4758,4758.0,,gc53.,Hytrin,Hytrin BPH 5mg tablet,Terazosin Hydrochloride,5 mg,,Alpha-Adrenoceptor Blocking Drugs,False,False
4759,4759.0,,gc54.,Hytrin,Hytrin BPH 10mg tablet,Terazosin Hydrochloride,10 mg,,Alpha-Adrenoceptor Blocking Drugs,False,False
4760,4760.0,,gc55.,Hytrin,HYTRIN BPH 1mg tablets,Terazosin Hydrochloride,1 mg,,Alpha-Adrenoceptor Blocking Drugs,False,False
4761,4761.0,,gh57.,Revatio,Revatio 20mg tablet,Sildenafil(Vasodilator Antihypertensive),20 mg,,Vasodilator Antihypertensive Drugs,False,False
4762,4762.0,,gh58.,Revatio,REVATIO 40mg/50mL solution for injection,Sildenafil(Vasodilator Antihypertensive),40 mg/50 ml,,Vasodilator Antihypertensive Drugs,False,False
4763,4763.0,,gh59.,Revatio,REVATIO 10mg/12.5mL solution for injection,Sildenafil(Vasodilator Antihypertensive),10 mg,,Vasodilator Antihypertensive Drugs,False,False
4764,4764.0,,gh5A.,Revatio,REVATIO 10mg/mL oral suspension,Sildenafil(Vasodilator Antihypertensive),10 mg/mL,,Vasodilator Antihypertensive Drugs,False,False
4765,4765.0,,gh75.,Adcirca,ADCIRCA 20mg tablets,Tadalafil (Vasodilator Antihypertensive),20 mg,,Vasodilator Antihypertensive Drugs,False,False
4766,4766.0,,id14.,Tenex,Glutenex biscuits 18x14g,Guanfacine Hydrochloride,,,Centrally-Acting Antihypertensive Drugs,False,False
4767,4767.0,,idGN.,Tenex,GLUTENEX GF white bread mix 500g,Guanfacine Hydrochloride,,,Centrally-Acting Antihypertensive Drugs,False,False
4768,4768.0,,ih...,Hypercal,Treatment of hypercalcaemia,Reserpine And Rauwolfia Alkaloids,,,Centrally-Acting Antihypertensive Drugs,False,False
4769,4769.0,,mb3..,Minoxidil,Minoxidil [androgen alopecia],Minoxidil,,,Vasodilator Antihypertensive Drugs,False,False
4770,4770.0,,mb31.,Minoxidil,Minoxidil 20mg/mL topical liquid,Minoxidil,20 mg/mL,,Vasodilator Antihypertensive Drugs,False,False
4771,4771.0,,mb33.,Minoxidil,Minoxidil 50mg/mL topical liquid,Minoxidil,50 mg/mL,,Vasodilator Antihypertensive Drugs,False,False
4772,4772.0,,mb37.,Minoxidil,MINOXIDIL 5% cutaneous foam,Minoxidil,,,Vasodilator Antihypertensive Drugs,False,False
4773,4773.0,,x001j,Captopril,Captopril+diuretic,Captopril,,,Angiotensin-Converting Enzyme Inhibitors,False,False
4774,4774.0,,x007H,Lisinopril,Lisinopril+diuretic,Lisinopril,,,Angiotensin-Converting Enzyme Inhibitors,False,False
4775,4775.0,,x007d,Methyldopa,Methyldopa+diuretic,Methyldopa,,,Centrally-Acting Antihypertensive Drugs,False,False
4776,4776.0,,x00en,Accupro,Accupro 5mg tablet,Quinapril Hydrochloride,5 mg,,Angiotensin-Converting Enzyme Inhibitors,False,False
4777,4777.0,,x00eo,Accupro,Accupro 10mg tablet,Quinapril Hydrochloride,10 mg,,Angiotensin-Converting Enzyme Inhibitors,False,False
4778,4778.0,,x00ep,Accupro,Accupro 20mg tablet,Quinapril Hydrochloride,20 mg,,Angiotensin-Converting Enzyme Inhibitors,False,False
4779,4779.0,,x00eq,Acezide,Acezide tablet,Co-Zidocapt,,,Angiotensin-Converting Enzyme Inhibitors,False,False
4780,4780.0,,x00f0,Capozide,Capozide tablet,Co-Zidocapt,,,Angiotensin-Converting Enzyme Inhibitors,False,False
4781,4781.0,,x00f1,Capozide,Capozide LS tablet,Co-Zidocapt,,,Angiotensin-Converting Enzyme Inhibitors,False,False
4782,4782.0,,x00fw,Renitec,Renitec 5mg tablet,Enalapril Maleate,5 mg,,Angiotensin-Converting Enzyme Inhibitors,False,False
4783,4783.0,,x01CO,Indoramin,Indoramin product,Indoramin,,,Alpha-Adrenoceptor Blocking Drugs,False,False
4784,4784.0,,x01CO,Indoramin,Indoramin,Indoramin,,,Alpha-Adrenoceptor Blocking Drugs,False,False
4785,4785.0,,x01Dk,Thelin,Propantheline,Sitaxentan Sodium,,,Vasodilator Antihypertensive Drugs,False,False
4786,4786.0,,x01OE,Tenex,Glutenex biscuits,Guanfacine Hydrochloride,,,Centrally-Acting Antihypertensive Drugs,False,False
4787,4787.0,,x01Qg,Perindopril,Perindopril,Perindopril,,,Angiotensin-Converting Enzyme Inhibitors,False,False
4788,4788.0,,x01RL,Diazoxide,Diazoxide,Diazoxide,,,Vasodilator Antihypertensive Drugs,False,False
4789,4789.0,,x02Sb,Accupro,Accupro,Quinapril Hydrochloride,,,Angiotensin-Converting Enzyme Inhibitors,False,False
4790,4790.0,,x02Sc,Accuretic,Accuretic,Quinapril Hydrochloride,,,Angiotensin-Converting Enzyme Inhibitors,False,False
4791,4791.0,,x02Sd,Acepril,Acepril,Captopril,,,Angiotensin-Converting Enzyme Inhibitors,False,False
4792,4792.0,,x02TQ,Alphavase,Alphavase,Prazosin Hydrochloride,,,Alpha-Adrenoceptor Blocking Drugs,False,False
4793,4793.0,,x02U9,Apresoline,Apresoline,Hydralazine Hydrochloride,,,Vasodilator Antihypertensive Drugs,False,False
4794,4794.0,,x02UJ,Arfonad,Arfonad,Trimetaphan Camsilate,,,Ganglion-Blocking Drugs,False,False
4795,4795.0,,x02Uy,Baratol,Baratol,Indoramin,,,Alpha-Adrenoceptor Blocking Drugs,False,False
4796,4796.0,,x02VF,Bendogen,Bendogen,Betanidine Sulfate,,,Adrenergic Neurone Blocking Drugs,False,False
4797,4797.0,,x02Wf,Capoten,Capoten,Captopril,,,Angiotensin-Converting Enzyme Inhibitors,False,False
4798,4798.0,,x02Wj,Carace,Carace,Lisinopril,,,Angiotensin-Converting Enzyme Inhibitors,False,False
4799,4799.0,,x02Wk,Carace Plus,Carace Plus,Lisinopril,,,Angiotensin-Converting Enzyme Inhibitors,False,False
4800,4800.0,,x02Wv,Catapres,Catapres,Clonidine Hydrochloride,,,Centrally-Acting Antihypertensive Drugs,False,False
4801,4801.0,,x02YD,Coversyl,Coversyl,Perindopril,,,Angiotensin-Converting Enzyme Inhibitors,False,False
4802,4802.0,,x02YE,Cozaar,Cozaar,Losartan Potassium,,,Angiotensin-II Receptor Antagonists,False,False
4803,4803.0,,x02Yr,Declinax,Declinax,Debrisoquine Sulfate,,,Adrenergic Neurone Blocking Drugs,False,False
4804,4804.0,,x02Yz,Demser,Demser,Metirosine,,,Alpha-Adrenoceptor Blocking Drugs,False,False
4805,4805.0,,x02Za,Dibenyline,Dibenyline,Phenoxybenzamine Hydrochloride,,,Alpha-Adrenoceptor Blocking Drugs,False,False
4806,4806.0,,x02aO,Dopamet,Dopamet,Methyldopa,,,Centrally-Acting Antihypertensive Drugs,False,False
4807,4807.0,,x02eC,Gopten,Gopten,Trandolapril,,,Angiotensin-Converting Enzyme Inhibitors,False,False
4808,4808.0,,x02fA,Hydromet,Hydromet,Methyldopa,,,Centrally-Acting Antihypertensive Drugs,False,False
4809,4809.0,,x02fG,Hypovase,Hypovase,Prazosin Hydrochloride,,,Alpha-Adrenoceptor Blocking Drugs,False,False
4810,4810.0,,x02fH,Hytrin,Hytrin,Terazosin Hydrochloride,,,Alpha-Adrenoceptor Blocking Drugs,False,False
4811,4811.0,,x02fI,Hytrin,Hytrin BPH,Terazosin Hydrochloride,,,Alpha-Adrenoceptor Blocking Drugs,False,False
4812,4812.0,,x02fl,Innovace,Innovace,Enalapril Maleate,,,Angiotensin-Converting Enzyme Inhibitors,False,False
4813,4813.0,,x02fm,Innozide,Innozide,Enalapril Maleate,,,Angiotensin-Converting Enzyme Inhibitors,False,False
4814,4814.0,,x02hq,Loniten,Loniten,Minoxidil,,,Vasodilator Antihypertensive Drugs,False,False
4815,4815.0,,x02iU,Medomet,Medomet,Methyldopa,,,Centrally-Acting Antihypertensive Drugs,False,False
4816,4816.0,,x02ij,Metalpha,Metalpha,Methyldopa,,,Centrally-Acting Antihypertensive Drugs,False,False
4817,4817.0,,x02lk,Odrik,Odrik,Trandolapril,,,Angiotensin-Converting Enzyme Inhibitors,False,False
4818,4818.0,,x02pJ,Renitec,Renitec,Enalapril Maleate,,,Angiotensin-Converting Enzyme Inhibitors,False,False
4819,4819.0,,x02q3,Rogitine,Rogitine,Phentolamine Mesilate,,,Alpha-Adrenoceptor Blocking Drugs,False,False
4820,4820.0,,x02rU,Staril,Staril,Fosinopril Sodium,,,Angiotensin-Converting Enzyme Inhibitors,False,False
4821,4821.0,,x02tS,Tritace,Tritace,Ramipril,,,Angiotensin-Converting Enzyme Inhibitors,False,False
4822,4822.0,,x02u7,Vascace,Vascace,Cilazapril,,,Angiotensin-Converting Enzyme Inhibitors,False,False
4823,4823.0,,x02uy,Zestoretic,Zestoretic,Lisinopril,,,Angiotensin-Converting Enzyme Inhibitors,False,False
4824,4824.0,,x03ce,Perdix,Perdix,Moexipril Hydrochloride,,,Angiotensin-Converting Enzyme Inhibitors,False,False
4825,4825.0,,x03dG,Kentovace,Kentovace,Prazosin Hydrochloride,,,Alpha-Adrenoceptor Blocking Drugs,False,False
4826,4826.0,,x03h1,Zestril,Zestril,Lisinopril,,,Angiotensin-Converting Enzyme Inhibitors,False,False
4827,4827.0,,x03i1,Physiotens,Physiotens,Moxonidine,,,Centrally-Acting Antihypertensive Drugs,False,False
4828,4828.0,,x03kD,Ecopace,Ecopace,Captopril,,,Angiotensin-Converting Enzyme Inhibitors,False,False
4829,4829.0,,x03lH,Kaplon,Kaplon,Captopril,,,Angiotensin-Converting Enzyme Inhibitors,False,False
4830,4830.0,,x03lt,Cozaar,Cozaar-Comp,Losartan Potassium,,,Angiotensin-II Receptor Antagonists,False,False
4831,4831.0,,x03qX,Aprovel,Aprovel,Irbesartan,,,Angiotensin-II Receptor Antagonists,False,False
4832,4832.0,,x03rX,Tarka,Tarka,Trandolapril,,,Angiotensin-Converting Enzyme Inhibitors,False,False
4833,4833.0,,x03xa,Diovan,Diovan,Valsartan,,,Angiotensin-II Receptor Antagonists,False,False
4834,4834.0,,x03zU,Cozaar,Cozaar Half Strength,Losartan Potassium,,,Angiotensin-II Receptor Antagonists,False,False
4835,4835.0,,x040z,Capozide,Capozide,Co-Zidocapt,,,Angiotensin-Converting Enzyme Inhibitors,False,False
4836,4836.0,,x0410,Capozide,Capozide LS,Co-Zidocapt,,,Angiotensin-Converting Enzyme Inhibitors,False,False
4837,4837.0,,x0411,Carace,Carace 10 Plus,Lisinopril,,,Angiotensin-Converting Enzyme Inhibitors,False,False
4838,4838.0,,x0412,Carace,Carace 20 Plus,Lisinopril,,,Angiotensin-Converting Enzyme Inhibitors,False,False
4839,4839.0,,x047M,Acezide,Acezide,Co-Zidocapt,,,Angiotensin-Converting Enzyme Inhibitors,False,False
4840,4840.0,,x04A0,Zestoretic,Zestoretic 10,Lisinopril,,,Angiotensin-Converting Enzyme Inhibitors,False,False
4841,4841.0,,x04A1,Zestoretic,Zestoretic 20,Lisinopril,,,Angiotensin-Converting Enzyme Inhibitors,False,False
4842,4842.0,,x04bR,Amias,Amias,Candesartan Cilexetil,,,Angiotensin-II Receptor Antagonists,False,False
4843,4843.0,,x04c7,Innovace,Innovace Melt,Enalapril Maleate,,,Angiotensin-Converting Enzyme Inhibitors,False,False
4844,4844.0,,x04t5,Hyteneze,Hyteneze 12.5,Captopril,,,Angiotensin-Converting Enzyme Inhibitors,False,False
4845,4845.0,,x04t6,Hyteneze,Hyteneze 25,Captopril,,,Angiotensin-Converting Enzyme Inhibitors,False,False
4846,4846.0,,x04t7,Hyteneze,Hyteneze 50,Captopril,,,Angiotensin-Converting Enzyme Inhibitors,False,False
4847,4847.0,,x04t8,Tensopril,Tensopril,Captopril,,,Angiotensin-Converting Enzyme Inhibitors,False,False
4848,4848.0,,x04xj,Tanatril,Tanatril,Imidapril Hydrochloride,,,Angiotensin-Converting Enzyme Inhibitors,False,False
4849,4849.0,,x051w,Triapin,Triapin mite,Ramipril,,,Angiotensin-Converting Enzyme Inhibitors,False,False
4850,4850.0,,x051x,Triapin,Triapin,Ramipril,,,Angiotensin-Converting Enzyme Inhibitors,False,False
4851,4851.0,,x052v,Micardis,Micardis,Telmisartan,,,Angiotensin-II Receptor Antagonists,False,False
4852,4852.0,,x054w,Capto-Co,Capto-Co,Co-Zidocapt,,,Angiotensin-Converting Enzyme Inhibitors,False,False
4853,4853.0,,x055s,Pralenal,Pralenal,Enalapril Maleate,,,Angiotensin-Converting Enzyme Inhibitors,False,False
4854,4854.0,,x056P,Teveten,Teveten,Eprosartan,,,Angiotensin-II Receptor Antagonists,False,False
4855,4855.0,,x05Dq,CoAprovel,CoAprovel,Irbesartan,,,Angiotensin-II Receptor Antagonists,False,False
4856,4856.0,,x05df,Perindopril,Perindopril+indapamide,Perindopril,,,Angiotensin-Converting Enzyme Inhibitors,False,True
4857,4857.0,,x05dg,Coversyl,Coversyl Plus,Perindopril,,,Angiotensin-Converting Enzyme Inhibitors,False,False
4858,4858.0,,x05gd,Tracleer,Tracleer,Bosentan,,,Vasodilator Antihypertensive Drugs,False,False
4859,4859.0,,x05j2,Micardis,MicardisPlus,Telmisartan,,,Angiotensin-II Receptor Antagonists,False,False
4860,4860.0,,x05mo,Olmetec,Olmetec,Olmesartan,,,Angiotensin-II Receptor Antagonists,False,False
4861,4861.0,,x05pF,Lotens,Felotens XL,Guanethidine Monosulfate,,,Adrenergic Neurone Blocking Drugs,True,False
4862,4862.0,,x05sk,Caralpha,Caralpha,Lisinopril,,,Angiotensin-Converting Enzyme Inhibitors,False,False
4863,4863.0,,x05u2,Diovan,Co-Diovan,Valsartan,,,Angiotensin-II Receptor Antagonists,False,False
4864,4864.0,,x05uH,Lopace,Lopace,Ramipril,,,Angiotensin-Converting Enzyme Inhibitors,False,False
4865,4865.0,,x05vC,Lisicostad,Lisicostad HCT,Lisinopril,,,Angiotensin-Converting Enzyme Inhibitors,False,False
4866,4866.0,,x05vO,Ranace,Ranace,Ramipril,,,Angiotensin-Converting Enzyme Inhibitors,False,False
4867,4867.0,,x05x1,Quinil,Quinil,Quinapril Hydrochloride,,,Angiotensin-Converting Enzyme Inhibitors,False,False
4868,4868.0,,x0601,Revatio,Revatio,Sildenafil(Vasodilator Antihypertensive),,,Vasodilator Antihypertensive Drugs,False,False
4869,4869.0,,x060W,Olmetec,Olmetec Plus,Olmesartan,,,Angiotensin-II Receptor Antagonists,False,False
4870,4870.0,,.C543,Hypercal,(Phosphorus &/or calcium disorders (& [hypercalcaemia] or [hypercalcinuria] or [hypocalcaemia]) or (nephrocalcinosis),Reserpine And Rauwolfia Alkaloids,,,Centrally-Acting Antihypertensive Drugs,False,False
4871,4871.0,,.C543,Hypercal,Hypercalcinuria,Reserpine And Rauwolfia Alkaloids,,,Centrally-Acting Antihypertensive Drugs,False,False
4872,4872.0,,.C543,Hypercal,Hypercalcaemia,Reserpine And Rauwolfia Alkaloids,,,Centrally-Acting Antihypertensive Drugs,False,False
4873,4873.0,,8I7W.,Aliskiren,Aliskiren not tolerated,Aliskiren,,,Renin Inhibitors,False,False
4874,4874.0,,8IH9.,Aliskiren,Aliskiren declined,Aliskiren,,,Renin Inhibitors,False,False
4875,4875.0,,C1513,Hypercal,Bartter's syndrome with hypercalciuria and nephrocalcinosis,Reserpine And Rauwolfia Alkaloids,,,Centrally-Acting Antihypertensive Drugs,False,False
4876,4876.0,,C354D,Hypercal,Familial hypocalciuric hypercalcaemia,Reserpine And Rauwolfia Alkaloids,,,Centrally-Acting Antihypertensive Drugs,False,False
4877,4877.0,,C354D,Hypercal,FHH - Familial hypocalciuric hypercalcaemia,Reserpine And Rauwolfia Alkaloids,,,Centrally-Acting Antihypertensive Drugs,False,False
4878,4878.0,,SP3y9,Hypercal,Acute hypercalcaemia of dialysis,Reserpine And Rauwolfia Alkaloids,,,Centrally-Acting Antihypertensive Drugs,False,False
4879,4879.0,,bi1F.,Captopril,Captopril+hydrochlorothiazide 25mg/12.5mg tablet,Captopril,25 mg,,Angiotensin-Converting Enzyme Inhibitors,False,True
4880,4880.0,,bi1G.,Captopril,Captopril+hydrochlorothiazide 50mg/25mg tablet,Captopril,50 mg,,Angiotensin-Converting Enzyme Inhibitors,False,True
4881,4881.0,,X77HU,Mannitol,Mannitol/cellobiose ratio,Mannitol,,,diuretic,False,True
4882,4882.0,,X77YR,Furosemide,Furosemide test,Furosemide,,,diuretic,False,True
4883,4883.0,,X77em,Isosorbide,Isosorbide test,Isosorbide,,,diuretic,False,True
4884,4884.0,,X77h3,Mannitol,Mannitol/cellobiose ratio small intestine permeability study,Mannitol,,,diuretic,False,True
4885,4885.0,,XM0l6,Mannitol,Mannitol,Mannitol,,,diuretic,False,True
4886,4886.0,,XaCnp,Torem,Storeman technician - Royal Electrical and Mechanical Engineers,Torasemide,,,diuretic,False,True
4887,4887.0,,XaCoV,Torem,Technical storeman - Royal Armoured Corps,Torasemide,,,diuretic,False,True
4888,4888.0,,XaJC4,Spironol,Spironolactone prophylaxis,Spironolactone,,,diuretic,False,True
4889,4889.0,,XaMjG,Spironol,Spironolactone declined,Spironolactone,,,diuretic,False,True
4890,4890.0,,XaYWl,Spironol,Spironolactone not indicated,Spironolactone,,,diuretic,False,True
4891,4891.0,,XaYsV,Eplerenone,Eplerenone therapy declined,Eplerenone,,,diuretic,False,True
4892,4892.0,,XaeC4,Eplerenone,Eplerenone prophylaxis,Eplerenone,,,diuretic,False,True
4893,4893.0,,XaeaY,Xipamide,Xipamide prophylaxis,Xipamide,,,diuretic,False,True
4894,4894.0,,XaeaZ,Metolazone,Metolazone prophylaxis,Metolazone,,,diuretic,False,True
4895,4895.0,,Xaeaa,Bendroflumethiazide,Bendroflumethiazide prophylaxis,Bendroflumethiazide,,,diuretic,False,True
4896,4896.0,,b21..,Bendroflumethiazide,Bendroflumethiazide,Bendroflumethiazide,,,diuretic,False,True
4897,4897.0,,b211.,Bendroflumethiazide,Bendroflumethiazide 2.5mg tablet,Bendroflumethiazide,2.5 mg,,diuretic,False,True
4898,4898.0,,b212.,Bendroflumethiazide,Bendroflumethiazide 5mg tablet,Bendroflumethiazide,5 mg,,diuretic,False,True
4899,4899.0,,b213.,Aprinox,Aprinox 2.5mg tablet,Bendroflumethiazide,2.5 mg,,diuretic,False,True
4900,4900.0,,b214.,Aprinox,Aprinox 5mg tablet,Bendroflumethiazide,5 mg,,diuretic,False,True
4901,4901.0,,b215.,Berkozide,Berkozide 2.5mg tablet,Bendroflumethiazide,2.5 mg,,diuretic,False,True
4902,4902.0,,b216.,Berkozide,Berkozide 5mg tablet,Bendroflumethiazide,5 mg,,diuretic,False,True
4903,4903.0,,b217.,Centyl,Centyl 2.5mg tablet,Bendroflumethiazide,2.5 mg,,diuretic,False,True
4904,4904.0,,b218.,Centyl,Centyl 5mg tablet,Bendroflumethiazide,5 mg,,diuretic,False,True
4905,4905.0,,b219.,Neo-Naclex,Neo-Naclex 5mg tablet,Bendroflumethiazide,5 mg,,diuretic,False,True
4906,4906.0,,b21A.,Neo-Bendromax,Neo-Bendromax 2.5mg tablet,Bendroflumethiazide,2.5 mg,,diuretic,False,True
4907,4907.0,,b21B.,Neo-Bendromax,Neo-Bendromax 5mg tablet,Bendroflumethiazide,5 mg,,diuretic,False,True
4908,4908.0,,b21a.,Urizide,Urizide 5mg tablet,Bendroflumethiazide,5 mg,,diuretic,False,True
4909,4909.0,,b21b.,Neo-Naclex,NEO-NACLEX 2.5mg tablets,Bendroflumethiazide,2.5 mg,,diuretic,False,True
4910,4910.0,,b22..,Chloroth,Chlorothiazide,Chlorothiazide,,,diuretic,False,True
4911,4911.0,,b221.,Saluric,Saluric 500mg tablet,Chlorothiazide,500 mg,,diuretic,False,True
4912,4912.0,,b222.,Diuril,Diuril 250mg/5mL oral suspension,Chlorothiazide,250 mg/5 ml,,diuretic,False,True
4913,4913.0,,b22y.,Chloroth,Chlorothiazide 250mg/5mL oral suspension,Chlorothiazide,250 mg/5 ml,,diuretic,False,True
4914,4914.0,,b22z.,Chloroth,Chlorothiazide 500mg tablet,Chlorothiazide,500 mg,,diuretic,False,True
4915,4915.0,,b23..,Chlortalidone,Chlortalidone,Chlortalidone,,,diuretic,False,True
4916,4916.0,,b231.,Hygroton,Hygroton 50mg tablet,Chlortalidone,50 mg,,diuretic,False,True
4917,4917.0,,b232.,Hygroton,Hygroton 100mg tablet,Chlortalidone,100 mg,,diuretic,False,True
4918,4918.0,,b23y.,Chlortalidone,Chlortalidone 50mg tablet,Chlortalidone,50 mg,,diuretic,False,True
4919,4919.0,,b25..,Cyclopenth,Cyclopenthiazide,Cyclopenthiazide,,,diuretic,False,True
4920,4920.0,,b251.,Navidrex,Navidrex 500mcg tablet,Cyclopenthiazide,,,diuretic,False,True
4921,4921.0,,b25z.,Cyclopenth,Cyclopenthiazide 500mcg tablet,Cyclopenthiazide,,,diuretic,False,True
4922,4922.0,,b26..,Chloroth,Hydrochlorothiazide,Chlorothiazide,,,diuretic,False,True
4923,4923.0,,b261.,Esidrex,Esidrex 25mg tablet,Hydrochlorothiazide,25 mg,,diuretic,False,True
4924,4924.0,,b262.,Esidrex,Esidrex 50mg tablet,Hydrochlorothiazide,50 mg,,diuretic,False,True
4925,4925.0,,b263.,Saluric,HydroSaluric 25mg tablet,Chlorothiazide,25 mg,,diuretic,False,True
4926,4926.0,,b264.,Saluric,HydroSaluric 50mg tablet,Chlorothiazide,50 mg,,diuretic,False,True
4927,4927.0,,b26y.,Chloroth,Hydrochlorothiazide 50mg tablet,Chlorothiazide,50 mg,,diuretic,False,True
4928,4928.0,,b26z.,Chloroth,Hydrochlorothiazide 25mg tablet,Chlorothiazide,25 mg,,diuretic,False,True
4929,4929.0,,b27..,Hydroflumet,Hydroflumethiazide,Hydroflumethiazide,,,diuretic,False,True
4930,4930.0,,b271.,Hydrenox,Hydrenox 50mg tablet,Hydroflumethiazide,50 mg,,diuretic,False,True
4931,4931.0,,b27z.,Hydroflumet,Hydroflumethiazide 50mg tablet,Hydroflumethiazide,50 mg,,diuretic,False,True
4932,4932.0,,b28..,Indapamide,Indapamide,Indapamide,,,diuretic,False,True
4933,4933.0,,b281.,Natrilix,Natrilix 2.5mg tablet,Indapamide,2.5 mg,,diuretic,False,True
4934,4934.0,,b282.,Indaxa 2.5,Nindaxa 2.5mg tablet,Indapamide,2.5 mg,,diuretic,False,True
4935,4935.0,,b283.,Natramid,Natramid 2.5mg tablet,Indapamide,2.5 mg,,diuretic,False,True
4936,4936.0,,b284.,Opumide,Opumide 2.5mg tablet,Indapamide,2.5 mg,,diuretic,False,True
4937,4937.0,,b285.,Indapamide,Indapamide 1.5mg m/r tablet,Indapamide,1.5 mg,,diuretic,False,True
4938,4938.0,,b286.,Natrilix,Natrilix SR 1.5mg m/r tablet,Indapamide,1.5 mg,,diuretic,False,True
4939,4939.0,,b287.,Ethibide XL,ETHIBIDE XL 1.5mg m/r tablets,Indapamide,1.5 mg,,diuretic,False,True
4940,4940.0,,b288.,Indipam XL,INDIPAM XL 1.5mg m/r tablets,Indapamide,1.5 mg,,diuretic,False,True
4941,4941.0,,b289.,Mapemid,MAPEMID XL 1.5mg m/r tablets,Indapamide,1.5 mg,,diuretic,False,True
4942,4942.0,,b28z.,Indapamide,Indapamide 2.5mg tablet,Indapamide,2.5 mg,,diuretic,False,True
4943,4943.0,,b29..,Mefruside,Mefruside,Mefruside,,,diuretic,False,True
4944,4944.0,,b291.,Baycaron,Baycaron 25mg tablet,Mefruside,25 mg,,diuretic,False,True
4945,4945.0,,b29z.,Mefruside,Mefruside 25mg tablet,Mefruside,25 mg,,diuretic,False,True
4946,4946.0,,b2a..,Methyclothiazide,Methyclothiazide,Methyclothiazide,,,diuretic,False,True
4947,4947.0,,b2a1.,Enduron,Enduron 5mg tablet,Methyclothiazide,5 mg,,diuretic,False,True
4948,4948.0,,b2az.,Methyclothiazide,Methyclothiazide 5mg tablet,Methyclothiazide,5 mg,,diuretic,False,True
4949,4949.0,,b2b..,Metolazone,Metolazone,Metolazone,,,diuretic,False,True
4950,4950.0,,b2b1.,Metenix,Metenix-5 tablet,Metolazone,,5.0,diuretic,False,True
4951,4951.0,,b2b2.,Xuret,Xuret 500micrograms tablet,Metolazone,,,diuretic,False,True
4952,4952.0,,b2b3.,Metolazone,Metolazone 500micrograms tablet,Metolazone,,,diuretic,False,True
4953,4953.0,,b2bz.,Metolazone,Metolazone 5mg tablet,Metolazone,5 mg,,diuretic,False,True
4954,4954.0,,b2c..,Polythiazide,Polythiazide,Polythiazide,,,diuretic,False,True
4955,4955.0,,b2c1.,Nephril,Nephril 1mg tablet,Polythiazide,1 mg,,diuretic,False,True
4956,4956.0,,b2cz.,Polythiazide,Polythiazide 1mg tablet,Polythiazide,1 mg,,diuretic,False,True
4957,4957.0,,b2d..,Xipamide,Xipamide,Xipamide,,,diuretic,False,True
4958,4958.0,,b2d1.,Diurexan,Diurexan 20mg tablet,Xipamide,20 mg,,diuretic,False,True
4959,4959.0,,b2dz.,Xipamide,Xipamide 20mg tablet,Xipamide,20 mg,,diuretic,False,True
4960,4960.0,,b31..,Furosemide,Furosemide,Furosemide,,,diuretic,False,True
4961,4961.0,,b311.,Furosemide,Furosemide 20mg tablet,Furosemide,20 mg,,diuretic,False,True
4962,4962.0,,b312.,Furosemide,Furosemide 40mg tablet,Furosemide,40 mg,,diuretic,False,True
4963,4963.0,,b313.,Furosemide,Furosemide 500mg tablet,Furosemide,500 mg,,diuretic,False,True
4964,4964.0,,b314.,Aluzine,Aluzine 20mg tablet,Furosemide,20 mg,,diuretic,False,True
4965,4965.0,,b315.,Aluzine,Aluzine 40mg tablet,Furosemide,40 mg,,diuretic,False,True
4966,4966.0,,b316.,Aluzine,Aluzine 500mg tablet,Furosemide,500 mg,,diuretic,False,True
4967,4967.0,,b317.,Diuresal,Diuresal 40mg tablet,Furosemide,40 mg,,diuretic,False,True
4968,4968.0,,b318.,Diuresal,Diuresal 20mg/2mL injection,Furosemide,20 mg/2 ml,,diuretic,False,True
4969,4969.0,,b319.,Diuresal,Diuresal 50mg/5mL injection,Furosemide,50 mg/5 ml,,diuretic,False,True
4970,4970.0,,b31C.,Furosemide,Furosemide 80mg/8mL prefilled syringe,Furosemide,80 mg/8 ml,,diuretic,False,True
4971,4971.0,,b31E.,Froop,Froop 40mg tablet,Furosemide,40 mg,,diuretic,False,True
4972,4972.0,,b31F.,Frusol,Frusol 20mg/5mL s/f oral solution,Furosemide,20 mg/5 ml,,diuretic,False,True
4973,4973.0,,b31G.,Frusol,Frusol 40mg/5mL s/f oral solution,Furosemide,40 mg/5 ml,,diuretic,False,True
4974,4974.0,,b31H.,Frusol,Frusol 50mg/5mL s/f oral solution,Furosemide,50 mg/5 ml,,diuretic,False,True
4975,4975.0,,b31a.,Dryptal,Dryptal 40mg tablet,Furosemide,40 mg,,diuretic,False,True
4976,4976.0,,b31b.,Dryptal,Dryptal 500mg tablet,Furosemide,500 mg,,diuretic,False,True
4977,4977.0,,b31c.,Dryptal,Dryptal 20mg/2mL injection,Furosemide,20 mg/2 ml,,diuretic,False,True
4978,4978.0,,b31d.,Dryptal,Dryptal 50mg/5mL injection,Furosemide,50 mg/5 ml,,diuretic,False,True
4979,4979.0,,b31e.,Dryptal,Dryptal 250mg/25mL injection,Furosemide,250 mg/25 ml,,diuretic,False,True
4980,4980.0,,b31f.,Frusetic,Frusetic 40mg tablet,Furosemide,40 mg,,diuretic,False,True
4981,4981.0,,b31g.,Frusid,Frusid 40mg tablet,Furosemide,40 mg,,diuretic,False,True
4982,4982.0,,b31h.,Lasix,Lasix 20mg tablet,Furosemide,20 mg,,diuretic,False,True
4983,4983.0,,b31i.,Lasix,Lasix 40mg tablet,Furosemide,40 mg,,diuretic,False,True
4984,4984.0,,b31j.,Lasix,Lasix 500mg tablet,Furosemide,500 mg,,diuretic,False,True
4985,4985.0,,b31k.,Lasix,Lasix 1mg/mL paediatric liquid,Furosemide,1 mg/mL,,diuretic,False,True
4986,4986.0,,b31l.,Lasix,Lasix 20mg/2mL injection,Furosemide,20 mg/2 ml,,diuretic,False,True
4987,4987.0,,b31m.,Lasix,Lasix 50mg/5mL injection,Furosemide,50 mg/5 ml,,diuretic,False,True
4988,4988.0,,b31n.,Lasix,Lasix 250mg/25mL injection,Furosemide,250 mg/25 ml,,diuretic,False,True
4989,4989.0,,b31o.,Frumax,Frumax 40mg tablet,Furosemide,40 mg,,diuretic,False,True
4990,4990.0,,b31p.,Rusyde,Rusyde 20mg tablet,Furosemide,20 mg,,diuretic,False,True
4991,4991.0,,b31q.,Rusyde,Rusyde 40mg tablet,Furosemide,40 mg,,diuretic,False,True
4992,4992.0,,b31r.,Furosemide,Furosemide 20mg/5mL s/f oral solution,Furosemide,20 mg/5 ml,,diuretic,False,True
4993,4993.0,,b31s.,Furosemide,Furosemide 40mg/5mL s/f oral solution,Furosemide,40 mg/5 ml,,diuretic,False,True
4994,4994.0,,b31t.,Furosemide,Furosemide 50mg/5mL s/f oral solution,Furosemide,50 mg/5 ml,,diuretic,False,True
4995,4995.0,,b31u.,Furosemide,Furosemide 50mg/5mL injection,Furosemide,50 mg/5 ml,,diuretic,False,True
4996,4996.0,,b31y.,Furosemide,Furosemide 20mg/2mL injection,Furosemide,20 mg/2 ml,,diuretic,False,True
4997,4997.0,,b31z.,Furosemide,Furosemide 250mg/25mL injection,Furosemide,250 mg/25 ml,,diuretic,False,True
4998,4998.0,,b32..,Bumetanide,Bumetanide,Bumetanide,,,diuretic,False,True
4999,4999.0,,b327.,Betinex,Betinex 1mg tablet,Bumetanide,1 mg,,diuretic,False,True
5000,5000.0,,b328.,Betinex,Betinex 5mg tablet,Bumetanide,5 mg,,diuretic,False,True
5001,5001.0,,b32u.,Bumetanide,Bumetanide 1mg tablet,Bumetanide,1 mg,,diuretic,False,True
5002,5002.0,,b32v.,Bumetanide,Bumetanide 5mg tablet,Bumetanide,5 mg,,diuretic,False,True
5003,5003.0,,b32w.,Bumetanide,Bumetanide 1mg/5mL oral liquid,Bumetanide,1 mg/5 ml,,diuretic,False,True
5004,5004.0,,b32x.,Bumetanide,Bumetanide 1mg/2mL injection,Bumetanide,1 mg/2 ml,,diuretic,False,True
5005,5005.0,,b32y.,Bumetanide,Bumetanide 2mg/4mL injection,Bumetanide,2 mg/4 ml,,diuretic,False,True
5006,5006.0,,b32z.,Bumetanide,Bumetanide 5mg/10mL injection,Bumetanide,5 mg/10 ml,,diuretic,False,True
5007,5007.0,,b331.,Edecrin,Edecrin 50mg tablet,Etacrynic Acid,50 mg,,diuretic,False,True
5008,5008.0,,b332.,Edecrin,Edecrin 50mg injection (pdr for recon),Etacrynic Acid,50 mg,,diuretic,False,True
5009,5009.0,,b34..,Piretanide,Piretanide,Piretanide,,,diuretic,False,True
5010,5010.0,,b341.,Arelix,Arelix 6mg capsule,Piretanide,6 mg,,diuretic,False,True
5011,5011.0,,b34z.,Piretanide,Piretanide 6mg m/r capsule,Piretanide,6 mg,,diuretic,False,True
5012,5012.0,,b35..,Torasemide,Torasemide,Torasemide,,,diuretic,False,True
5013,5013.0,,b351.,Torem,Torem 2.5mg tablet,Torasemide,2.5 mg,,diuretic,False,True
5014,5014.0,,b352.,Torem,Torem 5mg tablet,Torasemide,5 mg,,diuretic,False,True
5015,5015.0,,b353.,Torem,Torem 10mg tablet,Torasemide,10 mg,,diuretic,False,True
5016,5016.0,,b354.,Torem,Torem 10mg/2mL injection,Torasemide,10 mg/2 ml,,diuretic,False,True
5017,5017.0,,b355.,Torem,Torem 20mg/4mL injection,Torasemide,20 mg/4 ml,,diuretic,False,True
5018,5018.0,,b356.,Torasemide,Torasemide 2.5mg tablet,Torasemide,2.5 mg,,diuretic,False,True
5019,5019.0,,b357.,Torasemide,Torasemide 5mg tablet,Torasemide,5 mg,,diuretic,False,True
5020,5020.0,,b358.,Torasemide,Torasemide 10mg tablet,Torasemide,10 mg,,diuretic,False,True
5021,5021.0,,b359.,Torasemide,Torasemide 10mg/2mL injection,Torasemide,10 mg/2 ml,,diuretic,False,True
5022,5022.0,,b35A.,Torasemide,Torasemide 20mg/4mL injection,Torasemide,20 mg/4 ml,,diuretic,False,True
5023,5023.0,,b411.,Midamor,Midamor 5mg tablet,Amiloride Hydrochloride,5 mg,,diuretic,False,True
5024,5024.0,,b412.,Amilospare,Amilospare 5mg tablet,Amiloride Hydrochloride,5 mg,,diuretic,False,True
5025,5025.0,,b414.,Berkamil,Berkamil 5mg tablet,Amiloride Hydrochloride,5 mg,,diuretic,False,True
5026,5026.0,,b415.,Amilamont,Amilamont 5mg/mL s/f oral solution,Amiloride Hydrochloride,5 mg/mL,,diuretic,False,True
5027,5027.0,,b421.,Spiroctan-M,Spiroctan-M 200mg/10mL injection,Potassium Canrenoate,200 mg/10 ml,,diuretic,False,True
5028,5028.0,,b43..,Spironol,Spironolactone,Spironolactone,,,diuretic,False,True
5029,5029.0,,b431.,Spironol,Spironolactone 25mg tablet,Spironolactone,25 mg,,diuretic,False,True
5030,5030.0,,b432.,Spironol,Spironolactone 50mg tablet,Spironolactone,50 mg,,diuretic,False,True
5031,5031.0,,b433.,Spironol,Spironolactone 100mg tablet,Spironolactone,100 mg,,diuretic,False,True
5032,5032.0,,b434.,Aldactone,Aldactone 25mg tablet,Spironolactone,25 mg,,diuretic,False,True
5033,5033.0,,b435.,Aldactone,Aldactone 50mg tablet,Spironolactone,50 mg,,diuretic,False,True
5034,5034.0,,b436.,Aldactone,Aldactone 100mg tablet,Spironolactone,100 mg,,diuretic,False,True
5035,5035.0,,b437.,Diatensec,Diatensec 50mg tablet,Spironolactone,50 mg,,diuretic,False,True
5036,5036.0,,b438.,Laractone,Laractone 25mg tablet,Spironolactone,25 mg,,diuretic,False,True
5037,5037.0,,b439.,Laractone,Laractone 100mg tablet,Spironolactone,100 mg,,diuretic,False,True
5038,5038.0,,b43A.,Spirospare,Spirospare 25mg tablet,Spironolactone,25 mg,,diuretic,False,True
5039,5039.0,,b43a.,Spiretic,Spiretic 25mg tablet,Spironolactone,25 mg,,diuretic,False,True
5040,5040.0,,b43b.,Spiretic,Spiretic 100mg tablet,Spironolactone,100 mg,,diuretic,False,True
5041,5041.0,,b43c.,Spiroctan,Spiroctan 25mg tablet,Spironolactone,25 mg,,diuretic,False,True
5042,5042.0,,b43d.,Spiroctan,Spiroctan 50mg tablet,Spironolactone,50 mg,,diuretic,False,True
5043,5043.0,,b43e.,Spiroctan,Spiroctan 100mg capsule,Spironolactone,100 mg,,diuretic,False,True
5044,5044.0,,b43f.,Spirolone,Spirolone 25mg tablet,Spironolactone,25 mg,,diuretic,False,True
5045,5045.0,,b43g.,Spirolone,Spirolone 50mg tablet,Spironolactone,50 mg,,diuretic,False,True
5046,5046.0,,b43h.,Spirolone,Spirolone 100mg tablet,Spironolactone,100 mg,,diuretic,False,True
5047,5047.0,,b43i.,Laractone,Laractone 50mg tablet,Spironolactone,50 mg,,diuretic,False,True
5048,5048.0,,b43j.,Spirospare,Spirospare 100mg tablet,Spironolactone,100 mg,,diuretic,False,True
5049,5049.0,,b43k.,Spironol,Spironolactone 5mg/5mL s/f suspension,Spironolactone,5 mg/5 ml,,diuretic,False,True
5050,5050.0,,b43l.,Spironol,Spironolactone 10mg/5mL s/f suspension,Spironolactone,10 mg/5 ml,,diuretic,False,True
5051,5051.0,,b43m.,Spironol,Spironolactone 25mg/5mL s/f suspension,Spironolactone,25 mg/5 ml,,diuretic,False,True
5052,5052.0,,b43n.,Spironol,Spironolactone 50mg/5mL s/f suspension,Spironolactone,50 mg/5 ml,,diuretic,False,True
5053,5053.0,,b43z.,Spironol,Spironolactone 100mg capsule,Spironolactone,100 mg,,diuretic,False,True
5054,5054.0,,b44..,Triamterene,Triamterene,Triamterene,,,diuretic,False,True
5055,5055.0,,b441.,Dytac,Dytac 50mg capsule,Triamterene,50 mg,,diuretic,False,True
5056,5056.0,,b44z.,Triamterene,Triamterene 50mg capsule,Triamterene,50 mg,,diuretic,False,True
5057,5057.0,,b45..,Eplerenone,Eplerenone,Eplerenone,,,diuretic,False,True
5058,5058.0,,b451.,Inspra,Inspra 25mg tablet,Eplerenone,25 mg,,diuretic,False,True
5059,5059.0,,b452.,Inspra,Inspra 50mg tablet,Eplerenone,50 mg,,diuretic,False,True
5060,5060.0,,b45y.,Eplerenone,Eplerenone 50mg tablet,Eplerenone,50 mg,,diuretic,False,True
5061,5061.0,,b45z.,Eplerenone,Eplerenone 25mg tablet,Eplerenone,25 mg,,diuretic,False,True
5062,5062.0,,b511.,Aldactide,Aldactide 25 tablet,Co-Flumactone (Hydroflumeth/Spironol),,25.0,diuretic,False,True
5063,5063.0,,b512.,Aldactide,Aldactide 50 tablet,Co-Flumactone (Hydroflumeth/Spironol),,50.0,diuretic,False,True
5064,5064.0,,b513.,Amil-Co,Amil-Co tablet,Co-Amilozide (Amiloride HCl/Hydchloroth),,,diuretic,False,True
5065,5065.0,,b514.,Dyazide,Dyazide tablet,Co-Triamterzide(Triamterene/Hydchloroth),,,diuretic,False,True
5066,5066.0,,b515.,Dytide,Dytide capsule,Triamterene With Thiazides,,,diuretic,False,True
5067,5067.0,,b517.,Frusene,Frusene tablet,Triamterene With Loop Diuretics,,,diuretic,False,True
5068,5068.0,,b518.,Kalspare,Kalspare tablet,Triamterene With Thiazides,,,diuretic,False,True
5069,5069.0,,b519.,Lasilactone,Lasilactone capsule,Spironolactone With Loop Diuretics,,,diuretic,False,True
5070,5070.0,,b51B.,Fru-Co,Fru-Co tablet,Co-Amilofruse (Amiloride HCl/Frusemide),,,diuretic,False,True
5071,5071.0,,b51C.,Cyclopenth,Amiloride hydrochloride+cyclopenthiazide 2.5mg/250micrograms tablet,Cyclopenthiazide,2.5 mg,,diuretic,False,True
5072,5072.0,,b51D.,Bumetanide,Amiloride hydrochloride+bumetanide 5mg/1mg tablet,Bumetanide,5 mg,,diuretic,False,True
5073,5073.0,,b51E.,Triamterene,Triamterene+benzthiazide 50mg/25mg capsule,Triamterene,50 mg,,diuretic,False,True
5074,5074.0,,b51F.,Triamterene,Triamterene+chlorthalidone 50mg/25mg tablet,Triamterene,50 mg,,diuretic,False,True
5075,5075.0,,b51G.,Chlortalidone,Triamterene+chlortalidone 50mg/50mg tablet,Chlortalidone,50 mg,,diuretic,False,True
5076,5076.0,,b51G.,Triamterene,Triamterene+chlorthalidone 50mg/50mg tablet,Triamterene,50 mg,,diuretic,False,True
5077,5077.0,,b51H.,Furosemide,Triamterene+furosemide 50mg/40mg tablet,Furosemide,50 mg,,diuretic,False,True
5078,5078.0,,b51H.,Triamterene,Triamterene+frusemide 50mg/40mg tablet,Triamterene,50 mg,,diuretic,False,True
5079,5079.0,,b51J.,Furosemide,Spironolactone+furosemide 50mg/20mg capsule,Furosemide,50 mg,,diuretic,False,True
5080,5080.0,,b51J.,Spironol,Spironolactone+frusemide 50mg/20mg capsule,Spironolactone,50 mg,,diuretic,False,True
5081,5081.0,,b51K.,Delvas,Delvas tablet,Co-Amilozide (Amiloride HCl/Hydchloroth),,,diuretic,False,True
5082,5082.0,,b51L.,Aridil,Aridil 2.5mg/20mg tablet,Co-Amilofruse (Amiloride HCl/Frusemide),2.5 mg,,diuretic,False,True
5083,5083.0,,b51M.,Aridil,Aridil 5mg/40mg tablet,Co-Amilofruse (Amiloride HCl/Frusemide),5 mg,,diuretic,False,True
5084,5084.0,,b51N.,Aridil,Aridil 10mg/80mg tablet,Co-Amilofruse (Amiloride HCl/Frusemide),10 mg,,diuretic,False,True
5085,5085.0,,b51O.,Spiro-Co,Spiro-Co 25mg tablet,Co-Flumactone (Hydroflumeth/Spironol),25 mg,,diuretic,False,True
5086,5086.0,,b51P.,Spiro-Co,Spiro-Co 50mg tablet,Co-Flumactone (Hydroflumeth/Spironol),50 mg,,diuretic,False,True
5087,5087.0,,b51Q.,Zida-Co,Zida-Co 5mg/50mg tablet,Co-Amilozide (Amiloride HCl/Hydchloroth),5 mg,,diuretic,False,True
5088,5088.0,,b51R.,Frusemek,Frusemek 5mg/40mg tablet,Co-Amilofruse (Amiloride HCl/Frusemide),5 mg,,diuretic,False,True
5089,5089.0,,b51S.,Froop,Froop Co 5mg/40mg tablet,Furosemide,5 mg,,diuretic,False,True
5090,5090.0,,b51T.,Komil,Komil 5/40 tablet,Co-Amilofruse (Amiloride HCl/Frusemide),,40.0,diuretic,False,True
5091,5091.0,,b51a.,Moduret 25,Moduret 25 tablet,Co-Amilozide (Amiloride HCl/Hydchloroth),,25.0,diuretic,False,True
5092,5092.0,,b51b.,Moduretic,Moduretic tablet,Co-Amilozide (Amiloride HCl/Hydchloroth),,,diuretic,False,True
5093,5093.0,,b51c.,Moduretic,Moduretic oral solution,Co-Amilozide (Amiloride HCl/Hydchloroth),,,diuretic,False,True
5094,5094.0,,b51d.,Normetic,Normetic tablet,Co-Amilozide (Amiloride HCl/Hydchloroth),,,diuretic,False,True
5095,5095.0,,b51e.,Synuretic,Synuretic tablet,Co-Amilozide (Amiloride HCl/Hydchloroth),,,diuretic,False,True
5096,5096.0,,b51f.,Triam-Co,Triam-Co tablet,Co-Triamterzide(Triamterene/Hydchloroth),,,diuretic,False,True
5097,5097.0,,b51h.,Lasoride,Lasoride tablet,Co-Amilofruse (Amiloride HCl/Frusemide),,,diuretic,False,True
5098,5098.0,,b51m.,Vasetic,Vasetic Co-amilozide 5/50mg tablet,Co-Amilozide (Amiloride HCl/Hydchloroth),50 mg,,diuretic,False,True
5099,5099.0,,b51n.,Frusene,Frusene tablets 56CP,Triamterene With Loop Diuretics,,,diuretic,False,True
5100,5100.0,,b51r.,Navispare,Navispare tablet,Amiloride Hydrochloride With Thiazides,,,diuretic,False,True
5101,5101.0,,b51s.,Amilmaxco,Amilmaxco 5/50 tablet,Co-Amilozide (Amiloride HCl/Hydchloroth),,50.0,diuretic,False,True
5102,5102.0,,b51w.,Kalspare,Kalspare LS tablet,Triamterene With Thiazides,,,diuretic,False,True
5103,5103.0,,b61..,Mannitol,Mannitol product,Mannitol,,,diuretic,False,True
5104,5104.0,,b61..,Mannitol,E421 - Mannitol,Mannitol,,,diuretic,False,True
5105,5105.0,,b611.,Mannitol,Mannitol 10% intravenous infusion 500mL,Mannitol,,,diuretic,False,True
5106,5106.0,,b612.,Mannitol,Mannitol 20% intravenous infusion 250mL,Mannitol,,,diuretic,False,True
5107,5107.0,,b613.,Mannitol,Mannitol 20% intravenous infusion 500mL,Mannitol,,,diuretic,False,True
5108,5108.0,,b614.,Mannitol,Mannitol 25% intravenous infusion 50mL,Mannitol,,,diuretic,False,True
5109,5109.0,,b619.,Mannitol,Min-I-Jet Mannitol 25% injection 50mL,Mannitol,,,diuretic,False,True
5110,5110.0,,b61A.,Mannitol,Mannitol 25% prefilled syringe 50mL,Mannitol,,,diuretic,False,True
5111,5111.0,,b61C.,Mannitol,MANNITOL 40mg powder for inhalation capsules,Mannitol,40 mg,,diuretic,False,True
5112,5112.0,,b913.,Centyl,Centyl K m/r tablet,Bendroflumethiazide,,,diuretic,False,True
5113,5113.0,,b914.,Diumide-K Continus,Diumide-K Continus m/r tablet,Furosemide/Potassium,,,diuretic,False,True
5114,5114.0,,b915.,Esidrex,Esidrex K tablet,Hydrochlorothiazide,,,diuretic,False,True
5115,5115.0,,b916.,Hygroton,Hygroton K tablet combination pack,Chlortalidone,,,diuretic,False,True
5116,5116.0,,b917.,Lasikal,Lasikal m/r tablet,Furosemide/Potassium,,,diuretic,False,True
5117,5117.0,,b918.,Lasix,Lasix+K tablets 30day-CP combination pack,Furosemide,,,diuretic,False,True
5118,5118.0,,b919.,Navidrex,Navidrex-K tablet,Cyclopenthiazide,,,diuretic,False,True
5119,5119.0,,b91a.,Neo-Naclex,Neo-Naclex K m/r tablet,Bendroflumethiazide,,,diuretic,False,True
5120,5120.0,,b91b.,Bumetanide,Bumetanide+potassium 500micrograms/7.7mmol m/r tablet,Bumetanide,,,diuretic,False,True
5121,5121.0,,b91c.,Bendroflumethiazide,Bendroflumethiazide+potassium 2.5mg/7.7mmol m/r tablet,Bendroflumethiazide,2.5 mg,,diuretic,False,True
5122,5122.0,,b91f.,Furosemide,Furosemide+potassium 20mg/10mmol m/r tablet,Furosemide,20 mg,,diuretic,False,True
5123,5123.0,,b91h.,Bendroflumethiazide,Bendroflumethiazide+potassium 2.5mg/8.4mmol m/r tablet,Bendroflumethiazide,2.5 mg,,diuretic,False,True
5124,5124.0,,bdeA.,Chloroth,Metoprolol tartrate+hydrochlorothiazide 100mg/12.5mg tablet,Chlorothiazide,100 mg,,diuretic,False,True
5125,5125.0,,bdeB.,Chloroth,Metoprolol tartrate+hydrochlorothiazide 200mg/25mg m/r tablet,Chlorothiazide,200 mg,,diuretic,False,True
5126,5126.0,,bdeD.,Bendroflumethiazide,Nadolol+bendroflumethiazide 40mg/5mg tablet,Bendroflumethiazide,40 mg,,diuretic,False,True
5127,5127.0,,bdeH.,Chloroth,Sotalol hydrochloride+hydrochlorothiazide 160mg/25mg tablet,Chlorothiazide,160 mg,,diuretic,False,True
5128,5128.0,,bdeJ.,Chloroth,Sotalol hydrochloride+hydrochlorothiazide 80mg/12.5mg tablet,Chlorothiazide,80 mg,,diuretic,False,True
5129,5129.0,,bdeK.,Co-Amilozide,Timolol maleate+co-amilozide 10mg/2.5mg/25mg tablet,Co-Amilozide (Amiloride HCl/Hydchloroth),10 mg,,diuretic,False,True
5130,5130.0,,bdeL.,Bendroflumethiazide,Timolol maleate+bendroflumethiazide 10mg/2.5mg tablet,Bendroflumethiazide,10 mg,,diuretic,False,True
5131,5131.0,,bdem.,Chlortalidone,Atenolol+chlortalidone 50mg/12.5mg tablet,Chlortalidone,50 mg,,diuretic,False,True
5132,5132.0,,bden.,Chlortalidone,Atenolol+chlortalidone 100mg/25mg tablet,Chlortalidone,100 mg,,diuretic,False,True
5133,5133.0,,bdex.,Chloroth,Acebutolol+hydrochlorothiazide 200mg/12.5mg tablet,Chlorothiazide,200 mg,,diuretic,False,True
5134,5134.0,,bdey.,Co-Amilozide,Atenolol+co-amilozide 50mg/2.5mg/25mg capsule,Co-Amilozide (Amiloride HCl/Hydchloroth),50 mg,,diuretic,False,True
5135,5135.0,,bdf8.,Chloroth,Bisoprolol fumarate+hydrochlorothiazide 10mg/6.25mg tablet,Chlorothiazide,10 mg,,diuretic,False,True
5136,5136.0,,bf2j.,Chloroth,Methyldopa+hydrochlorothiazide 250mg/15mg tablet,Chlorothiazide,250 mg,,diuretic,False,True
5137,5137.0,,bf3c.,Esidrex,Serpasil-Esidrex tablet,Hydrochlorothiazide,,,diuretic,False,True
5138,5138.0,,bi1e.,Chloroth,Captopril+hydrochlorothiazide 25mg/12.5mg tablet,Chlorothiazide,25 mg,,diuretic,False,True
5139,5139.0,,bi1f.,Chloroth,Captopril+hydrochlorothiazide 50mg/25mg tablet,Chlorothiazide,50 mg,,diuretic,False,True
5140,5140.0,,bi2b.,Chloroth,Enalapril maleate+hydrochlorothiazide 20mg/12.5mg tablet,Chlorothiazide,20 mg,,diuretic,False,True
5141,5141.0,,bi3p.,Chloroth,Lisinopril+hydrochlorothiazide 20mg/12.5mg tablet,Chlorothiazide,20 mg,,diuretic,False,True
5142,5142.0,,bi3t.,Chloroth,Lisinopril+hydrochlorothiazide 10mg/12.5mg tablet,Chlorothiazide,10 mg,,diuretic,False,True
5143,5143.0,,bi48.,Chloroth,Quinalapril+hydrochlorothiazide 10mg/12.5mg tablet,Chlorothiazide,10 mg,,diuretic,False,True
5144,5144.0,,bi4F.,Chloroth,QUINAPRIL+HYDROCHLOROTHIAZIDE 20mg/12.5mg tablets,Chlorothiazide,20 mg,,diuretic,False,True
5145,5145.0,,bi55.,Indapamide,Perindopril erbumine+indapamide 4mg/1.25mg tablet,Indapamide,4 mg,,diuretic,False,True
5146,5146.0,,bi55.,Indapamide,Perindopril tert-butylamine+indapamide 4mg/1.25mg tablet,Indapamide,4 mg,,diuretic,False,True
5147,5147.0,,biC8.,Indapamide,PERINDOPRIL ARGININE+INDAPAMIDE 5mg/1.25mg tablets,Indapamide,5 mg,,diuretic,False,True
5148,5148.0,,bk35.,Chloroth,Losartan potassium+hydrochlorothiazide 50mg/12.5mg tablet,Chlorothiazide,50 mg,,diuretic,False,True
5149,5149.0,,bk3y.,Chloroth,LOSARTAN POTASSIUM+HYDROCHLOROTHIAZIDE 100mg/12.5mg tablets,Chlorothiazide,100 mg,,diuretic,False,True
5150,5150.0,,bk3z.,Chloroth,Losartan potassium+hydrochlorothiazide 100mg/25mg tablet,Chlorothiazide,100 mg,,diuretic,False,True
5151,5151.0,,bk4x.,Chloroth,Valsartan+hydrochlorothiazide 80mg/12.5mg tablet,Chlorothiazide,80 mg,,diuretic,False,True
5152,5152.0,,bk4y.,Chloroth,Valsartan+hydrochlorothiazide 160mg/25mg tablet,Chlorothiazide,160 mg,,diuretic,False,True
5153,5153.0,,bk4z.,Chloroth,Valsartan+hydrochlorothiazide 160mg/12.5mg tablet,Chlorothiazide,160 mg,,diuretic,False,True
5154,5154.0,,bk5x.,Chloroth,IRBESARTAN+HYDROCHLOROTHIAZIDE 300mg/25mg tablets,Chlorothiazide,300 mg,,diuretic,False,True
5155,5155.0,,bk5y.,Chloroth,Irbesartan+hydrochlorothiazide 300mg/12.5mg tablet,Chlorothiazide,300 mg,,diuretic,False,True
5156,5156.0,,bk5z.,Chloroth,Irbesartan+hydrochlorothiazide 150mg/12.5mg tablet,Chlorothiazide,150 mg,,diuretic,False,True
5157,5157.0,,bk8w.,Chloroth,TELMISARTAN+HYDROCHLOROTHIAZIDE 80mg/25mg tablets,Chlorothiazide,80 mg,,diuretic,False,True
5158,5158.0,,bk8x.,Chloroth,Telmisartan+hydrochlorothiazide 40mg/12.5mg tablet,Chlorothiazide,40 mg,,diuretic,False,True
5159,5159.0,,bk8y.,Chloroth,Telmisartan+hydrochlorothiazide 80mg/12.5mg tablet,Chlorothiazide,80 mg,,diuretic,False,True
5160,5160.0,,bkC..,Chloroth,Hydrochlorothiazide + Olmesartan,Chlorothiazide,,,diuretic,False,True
5161,5161.0,,bkCx.,Chloroth,OLMESARTAN+HYDROCHLOROTHIAZIDE 40mg/12.5mg tablets,Chlorothiazide,40 mg,,diuretic,False,True
5162,5162.0,,bkCy.,Chloroth,Olmesartan + hydrochlorothiazide 20mg/25mg tablet,Chlorothiazide,20 mg,,diuretic,False,True
5163,5163.0,,bkCz.,Chloroth,Olmesartan + hydrochlorothiazide 20mg/12.5mg tablet,Chlorothiazide,20 mg,,diuretic,False,True
5164,5164.0,,bkI..,Chloroth,OLMESARTAN+AMLODIPINE+HYDROCHLOROTHIAZIDE,Chlorothiazide,,,diuretic,True,True
5165,5165.0,,bl2..,Isosorbide,Isosorbide dinitrate,Isosorbide,,,diuretic,False,True
5166,5166.0,,bl2..,Isosorbide,ISDN - isosorbide dinitrate,Isosorbide,,,diuretic,False,True
5167,5167.0,,bl3..,Isosorbide,Isosorbide mononitrate product,Isosorbide,,,diuretic,False,True
5168,5168.0,,bl3..,Isosorbide,Isosorbide mononitrate,Isosorbide,,,diuretic,False,True
5169,5169.0,,bl3..,Isosorbide,ISMN - isosorbide mononitrate,Isosorbide,,,diuretic,False,True
5170,5170.0,,bl3..,Isosorbide,ISMO - isosorbide mononitrate,Isosorbide,,,diuretic,False,True
5171,5171.0,,bl3L.,Isosorbide,Isosorbide mononitrate 60mg m/r capsule,Isosorbide,60 mg,,diuretic,False,True
5172,5172.0,,bl3M.,Isosorbide,Isosorbide mononitrate 40mg m/r capsule,Isosorbide,40 mg,,diuretic,False,True
5173,5173.0,,bl3Y.,Isosorbide,Isosorbide mononitrate 25mg m/r tablet,Isosorbide,25 mg,,diuretic,False,True
5174,5174.0,,bl3Z.,Isosorbide,Isosorbide mononitrate 50mg m/r tablet,Isosorbide,50 mg,,diuretic,False,True
5175,5175.0,,bl3d.,Isosorbide,Isosorbide mononitrate 50mg m/r capsule,Isosorbide,50 mg,,diuretic,False,True
5176,5176.0,,bl3j.,Isosorbide,Isosorbide mononitrate 40mg m/r tablet,Isosorbide,40 mg,,diuretic,False,True
5177,5177.0,,bl3p.,Isosorbide,Isosorbide mononitrate 10mg+20mg tablet starter pack,Isosorbide,10 mg,,diuretic,False,True
5178,5178.0,,bl3u.,Isosorbide,Isosorbide mononitrate 25mg m/r capsule,Isosorbide,25 mg,,diuretic,False,True
5179,5179.0,,bl3v.,Isosorbide,Isosorbide mononitrate 10mg tablet,Isosorbide,10 mg,,diuretic,False,True
5180,5180.0,,bl3w.,Isosorbide,Isosorbide mononitrate 20mg tablet,Isosorbide,20 mg,,diuretic,False,True
5181,5181.0,,bl3x.,Isosorbide,Isosorbide mononitrate 40mg tablet,Isosorbide,40 mg,,diuretic,False,True
5182,5182.0,,bl3y.,Isosorbide,Isosorbide mononitrate 60mg m/r tablet,Isosorbide,60 mg,,diuretic,False,True
5183,5183.0,,bl3z.,Isosorbide,Isosorbide mononitrate 20mg m/r tablet,Isosorbide,20 mg,,diuretic,False,True
5184,5184.0,,bl5i.,Chloroth,Diltiazem hydrochloride+hydrochlorothiazide 150mg/12.5mg m/r capsule,Chlorothiazide,150 mg,,diuretic,True,True
5185,5185.0,,blk..,Isosorbide,Isosorbide mononitrate 2,Isosorbide,,,diuretic,False,True
5186,5186.0,,blm..,Isosorbide,Isosorbide mononitrate+aspirin,Isosorbide,,,diuretic,False,True
5187,5187.0,,blmy.,Isosorbide,Isosorbide mononitrate+aspirin 60mg/150mg m/r tablet,Isosorbide,60 mg,,diuretic,False,True
5188,5188.0,,blmz.,Isosorbide,Isosorbide mononitrate+aspirin 60mg/75mg m/r tablet,Isosorbide,60 mg,,diuretic,False,True
5189,5189.0,,bly..,Isosorbide,Isosorbide dinitrate [generic additions],Isosorbide,,,diuretic,False,True
5190,5190.0,,bly1.,Isosorbide,Isosorbide dinitrate 5mg sublingual tablet,Isosorbide,5 mg,,diuretic,False,True
5191,5191.0,,bly2.,Isosorbide,Isosorbide dinitrate 10mg tablet,Isosorbide,10 mg,,diuretic,False,True
5192,5192.0,,bly3.,Isosorbide,Isosorbide dinitrate 20mg tablet,Isosorbide,20 mg,,diuretic,False,True
5193,5193.0,,bly4.,Isosorbide,Isosorbide dinitrate 30mg tablet,Isosorbide,30 mg,,diuretic,False,True
5194,5194.0,,bly5.,Isosorbide,Isosorbide dinitrate 20mg m/r tablet,Isosorbide,20 mg,,diuretic,False,True
5195,5195.0,,bly6.,Isosorbide,Isosorbide dinitrate 20mg m/r capsule,Isosorbide,20 mg,,diuretic,False,True
5196,5196.0,,bly7.,Isosorbide,Isosorbide dinitrate 40mg m/r capsule,Isosorbide,40 mg,,diuretic,False,True
5197,5197.0,,bly8.,Isosorbide,Isosorbide dinitrate 5mg chewable tablet,Isosorbide,5 mg,,diuretic,False,True
5198,5198.0,,bly9.,Isosorbide,Isosorbide dinitrate 40mg tablet,Isosorbide,40 mg,,diuretic,False,True
5199,5199.0,,blya.,Isosorbide,Isosorbide dinitrate 25mg/50mL injection,Isosorbide,25 mg/50 ml,,diuretic,False,True
5200,5200.0,,blyb.,Isosorbide,Isosorbide dinitrate 1.25mg spray,Isosorbide,1.25 mg,,diuretic,False,True
5201,5201.0,,blyc.,Isosorbide,Isosorbide dinitrate 30mg transdermal spray,Isosorbide,30 mg,,diuretic,False,True
5202,5202.0,,blyw.,Isosorbide,Isosorbide dinitrate 40mg m/r tablet,Isosorbide,40 mg,,diuretic,False,True
5203,5203.0,,blyx.,Isosorbide,Isosorbide dinitrate 10mg/10mL injection,Isosorbide,10 mg/10 ml,,diuretic,False,True
5204,5204.0,,blyy.,Isosorbide,Isosorbide dinitrate 50mg/50mL injection,Isosorbide,50 mg/50 ml,,diuretic,False,True
5205,5205.0,,blyz.,Isosorbide,Isosorbide dinitrate 100mg/100mL injection,Isosorbide,100 mg/100 ml,,diuretic,False,True
5206,5206.0,,heD..,Torem,Toremifene,Torasemide,,,diuretic,False,True
5207,5207.0,,heD1.,Torem,Toremifene 60mg tablet,Torasemide,60 mg,,diuretic,False,True
5208,5208.0,,heI..,Arelix,DEGARELIX,Piretanide,,,diuretic,False,True
5209,5209.0,,heI2.,Arelix,DEGARELIX 80mg powder and solvent for solution for injection,Piretanide,80 mg,,diuretic,False,True
5210,5210.0,,heI4.,Arelix,DEGARELIX 120mg powder+solvent for solution for injection,Piretanide,120 mg,,diuretic,False,True
5211,5211.0,,x006v,Isosorbide,Modified release isosorbide dinitrate,Isosorbide,,,diuretic,False,True
5212,5212.0,,x006w,Isosorbide,Parenteral isosorbide dinitrate,Isosorbide,,,diuretic,False,True
5213,5213.0,,x006y,Isosorbide,Modified release isosorbide mononitrate,Isosorbide,,,diuretic,False,True
5214,5214.0,,x00B5,Spironol,Spironolactone+loop diuretic,Spironolactone,,,diuretic,False,True
5215,5215.0,,x00B6,Spironol,Spironolactone+thiazide diuretic,Spironolactone,,,diuretic,False,True
5216,5216.0,,x00Ba,Triamterene,Triamterene+loop diuretic,Triamterene,,,diuretic,False,True
5217,5217.0,,x00Bb,Triamterene,Triamterene+thiazide diuretic,Triamterene,,,diuretic,False,True
5218,5218.0,,x00Oo,Mannitol,Mannitol 10% infusion,Mannitol,,,diuretic,False,True
5219,5219.0,,x00Op,Mannitol,Mannitol 20% infusion,Mannitol,,,diuretic,False,True
5220,5220.0,,x00Yo,Mannitol,Mannitol 25% prefilled syringe,Mannitol,,,diuretic,False,True
5221,5221.0,,x00Yx,Mannitol,Min-I-Jet Mannitol 25% prefilled syringe,Mannitol,,,diuretic,False,True
5222,5222.0,,x00fV,Lasix,Lasix+K tablet combination pack,Furosemide,,,diuretic,False,True
5223,5223.0,,x01Qm,Bumetanide,Oral bumetanide,Bumetanide,,,diuretic,False,True
5224,5224.0,,x01Qn,Bumetanide,Parenteral bumetanide,Bumetanide,,,diuretic,False,True
5225,5225.0,,x01Qo,Furosemide,Oral furosemide,Furosemide,,,diuretic,False,True
5226,5226.0,,x01Qp,Furosemide,Parenteral furosemide,Furosemide,,,diuretic,False,True
5227,5227.0,,x01Qr,Torasemide,Oral torasemide,Torasemide,,,diuretic,False,True
5228,5228.0,,x01Qs,Torasemide,Parenteral torasemide,Torasemide,,,diuretic,False,True
5229,5229.0,,x01Qu,Amizide,Amipramizide,Co-Amilozide (Amiloride HCl/Hydchloroth),,,diuretic,False,True
5230,5230.0,,x01Qx,Mannitol,Mannitol 15% infusion,Mannitol,,,diuretic,False,True
5231,5231.0,,x01RD,Isosorbide,Oral isosorbide dinitrate,Isosorbide,,,diuretic,False,True
5232,5232.0,,x02Rk,Chlortalidone,Atenolol+chlortalidone,Chlortalidone,,,diuretic,False,True
5233,5233.0,,x02S3,Lasilactone,Lasilactone,Spironolactone With Loop Diuretics,,,diuretic,False,True
5234,5234.0,,x02T4,Aldactide,Aldactide,Co-Flumactone (Hydroflumeth/Spironol),,,diuretic,False,True
5235,5235.0,,x02T5,Aldactone,Aldactone,Spironolactone,,,diuretic,False,True
5236,5236.0,,x02Tb,Amil-Co,Amil-Co,Co-Amilozide (Amiloride HCl/Hydchloroth),,,diuretic,False,True
5237,5237.0,,x02Tc,Amilmaxco,Amilmaxco,Co-Amilozide (Amiloride HCl/Hydchloroth),,,diuretic,False,True
5238,5238.0,,x02Td,Amilospare,Amilospare,Amiloride Hydrochloride,,,diuretic,False,True
5239,5239.0,,x02UA,Aprinox,Aprinox,Bendroflumethiazide,,,diuretic,False,True
5240,5240.0,,x02UI,Arelix,Arelix,Piretanide,,,diuretic,False,True
5241,5241.0,,x02UK,Aridil,Aridil,Co-Amilofruse (Amiloride HCl/Frusemide),,,diuretic,False,True
5242,5242.0,,x02V0,Baycaron,Baycaron,Mefruside,,,diuretic,False,True
5243,5243.0,,x02VN,Berkamil,Berkamil,Amiloride Hydrochloride,,,diuretic,False,True
5244,5244.0,,x02VR,Berkozide,Berkozide,Bendroflumethiazide,,,diuretic,False,True
5245,5245.0,,x02Yx,Delvas,Delvas,Co-Amilozide (Amiloride HCl/Hydchloroth),,,diuretic,False,True
5246,5246.0,,x02aE,Diurexan,Diurexan,Xipamide,,,diuretic,False,True
5247,5247.0,,x02aa,Dryptal,Dryptal,Furosemide,,,diuretic,False,True
5248,5248.0,,x02ao,Dyazide,Dyazide,Co-Triamterzide(Triamterene/Hydchloroth),,,diuretic,False,True
5249,5249.0,,x02as,Dytac,Dytac,Triamterene,,,diuretic,False,True
5250,5250.0,,x02at,Dytide,Dytide,Triamterene With Thiazides,,,diuretic,False,True
5251,5251.0,,x02ay,Edecrin,Edecrin,Etacrynic Acid,,,diuretic,False,True
5252,5252.0,,x02dN,Froop,Froop,Furosemide,,,diuretic,False,True
5253,5253.0,,x02dO,Fru-Co,Fru-Co,Co-Amilofruse (Amiloride HCl/Frusemide),,,diuretic,False,True
5254,5254.0,,x02dS,Frusid,Frusid,Furosemide,,,diuretic,False,True
5255,5255.0,,x02f7,Hydrenox,Hydrenox,Hydroflumethiazide,,,diuretic,False,True
5256,5256.0,,x02fB,Saluric,HydroSaluric,Chlorothiazide,,,diuretic,False,True
5257,5257.0,,x02fC,Hygroton,Hygroton,Chlortalidone,,,diuretic,False,True
5258,5258.0,,x02g6,Kalspare,Kalspare,Triamterene With Thiazides,,,diuretic,False,True
5259,5259.0,,x02h7,Lasikal,Lasikal,Furosemide/Potassium,,,diuretic,False,True
5260,5260.0,,x02h8,Lasix,Lasix,Furosemide,,,diuretic,False,True
5261,5261.0,,x02hA,Lasoride,Lasoride,Co-Amilofruse (Amiloride HCl/Frusemide),,,diuretic,False,True
5262,5262.0,,x02im,Metenix,Metenix-5,Metolazone,,,diuretic,False,True
5263,5263.0,,x02j1,Midamor,Midamor,Amiloride Hydrochloride,,,diuretic,False,True
5264,5264.0,,x02ji,Moduret 25,Moduret 25,Co-Amilozide (Amiloride HCl/Hydchloroth),,,diuretic,False,True
5265,5265.0,,x02jj,Moduretic,Moduretic,Co-Amilozide (Amiloride HCl/Hydchloroth),,,diuretic,False,True
5266,5266.0,,x02kS,Natramid,Natramid,Indapamide,,,diuretic,False,True
5267,5267.0,,x02kU,Natrilix,Natrilix,Indapamide,,,diuretic,False,True
5268,5268.0,,x02kW,Navidrex,Navidrex,Cyclopenthiazide,,,diuretic,False,True
5269,5269.0,,x02kX,Navispare,Navispare,Amiloride Hydrochloride With Thiazides,,,diuretic,False,True
5270,5270.0,,x02kb,Neo-Bendromax,Neo-Bendromax,Bendroflumethiazide,,,diuretic,False,True
5271,5271.0,,x02ke,Neo-Naclex,Neo-Naclex,Bendroflumethiazide,,,diuretic,False,True
5272,5272.0,,x02kf,Neo-Naclex,Neo-Naclex K,Bendroflumethiazide,,,diuretic,False,True
5273,5273.0,,x02kk,Nephril,Nephril,Polythiazide,,,diuretic,False,True
5274,5274.0,,x02qC,Rusyde,Rusyde,Furosemide,,,diuretic,False,True
5275,5275.0,,x02qQ,Saluric,Saluric,Chlorothiazide,,,diuretic,False,True
5276,5276.0,,x02rM,Spiretic,Spiretic,Spironolactone,,,diuretic,False,True
5277,5277.0,,x02rN,Spiro-Co,Spiro-Co,Co-Flumactone (Hydroflumeth/Spironol),,,diuretic,False,True
5278,5278.0,,x02rO,Spiroctan,Spiroctan,Spironolactone,,,diuretic,False,True
5279,5279.0,,x02rP,Spiroctan-M,Spiroctan-M,Potassium Canrenoate,,,diuretic,False,True
5280,5280.0,,x02rQ,Spirolone,Spirolone,Spironolactone,,,diuretic,False,True
5281,5281.0,,x02rR,Spirospare,Spirospare,Spironolactone,,,diuretic,False,True
5282,5282.0,,x02sv,Torem,Torem,Torasemide,,,diuretic,False,True
5283,5283.0,,x02tB,Triam-Co,Triam-Co,Co-Triamterzide(Triamterene/Hydchloroth),,,diuretic,False,True
5284,5284.0,,x02um,Xuret,Xuret,Metolazone,,,diuretic,False,True
5285,5285.0,,x02uz,Zida-Co,Zida-Co,Co-Amilozide (Amiloride HCl/Hydchloroth),,,diuretic,False,True
5286,5286.0,,x03eT,Amilamont,Amilamont,Amiloride Hydrochloride,,,diuretic,False,True
5287,5287.0,,x03iG,Frusemek,Frusemek,Co-Amilofruse (Amiloride HCl/Frusemide),,,diuretic,False,True
5288,5288.0,,x03jn,Bendroflumethiazide,Atenolol+bendroflumethiazide,Bendroflumethiazide,,,diuretic,False,True
5289,5289.0,,x03jo,Co-Amilozide,Atenolol+co-amilozide,Co-Amilozide (Amiloride HCl/Hydchloroth),,,diuretic,False,True
5290,5290.0,,x03kF,Natrilix,Natrilix SR,Indapamide,,,diuretic,False,True
5291,5291.0,,x03qm,Isosorbide,Transdermal isosorbide dinitrate,Isosorbide,,,diuretic,False,True
5292,5292.0,,x03sd,Lasix,Lasix+K,Furosemide,,,diuretic,False,True
5293,5293.0,,x03xm,Diumide-K Continus,Diumide-K Continus,Furosemide/Potassium,,,diuretic,False,True
5294,5294.0,,x03zy,Frusene,Frusene,Triamterene With Loop Diuretics,,,diuretic,False,True
5295,5295.0,,x041k,Mannitol,Min-I-Jet Mannitol,Mannitol,,,diuretic,False,True
5296,5296.0,,x044c,Opumide,Opumide,Indapamide,,,diuretic,False,True
5297,5297.0,,x047r,Aldactide,Aldactide 25,Co-Flumactone (Hydroflumeth/Spironol),,,diuretic,False,True
5298,5298.0,,x047s,Aldactide,Aldactide 50,Co-Flumactone (Hydroflumeth/Spironol),,,diuretic,False,True
5299,5299.0,,x04rj,Froop,Froop Co,Furosemide,,,diuretic,False,True
5300,5300.0,,x04vH,Betinex,Betinex,Bumetanide,,,diuretic,False,True
5301,5301.0,,x04vQ,Frusol,Frusol,Furosemide,,,diuretic,False,True
5302,5302.0,,x05DC,Centyl,Centyl K,Bendroflumethiazide,,,diuretic,False,True
5303,5303.0,,x05Lq,Bendroflumethiazide,Bendroflumethiazide - chemical,Bendroflumethiazide,,,diuretic,False,True
5304,5304.0,,x05df,Indapamide,Perindopril+indapamide,Indapamide,,,diuretic,False,True
5305,5305.0,,x05el,Komil,Komil,Co-Amilofruse (Amiloride HCl/Frusemide),,,diuretic,False,True
5306,5306.0,,x05q1,Diuril,Diuril,Chlorothiazide,,,diuretic,False,True
5307,5307.0,,x05vb,Inspra,Inspra,Eplerenone,,,diuretic,False,True
5308,5308.0,,.8B6G,Spironol,Spironolactone prophylaxis,Spironolactone,,,diuretic,False,True
5309,5309.0,,8B6F0,Eplerenone,Eplerenone prophylaxis,Eplerenone,,,diuretic,False,True
5310,5310.0,,8B6F1,Xipamide,Xipamide prophylaxis,Xipamide,,,diuretic,False,True
5311,5311.0,,8B6F2,Metolazone,Metolazone prophylaxis,Metolazone,,,diuretic,False,True
5312,5312.0,,8B6F3,Bendroflumethiazide,Bendroflumethiazide prophylaxis,Bendroflumethiazide,,,diuretic,False,True
5313,5313.0,,8B6G.,Spironol,Spironolactone prophylaxis,Spironolactone,,,diuretic,False,True
5314,5314.0,,8I3K0,Spironol,Spironolactone declined,Spironolactone,,,diuretic,False,True
5315,5315.0,,8I3K1,Eplerenone,Eplerenone therapy declined,Eplerenone,,,diuretic,False,True
5316,5316.0,,8I6A0,Spironol,Spironolactone not indicated,Spironolactone,,,diuretic,False,True
5317,5317.0,,bi1F.,Chloroth,Captopril+hydrochlorothiazide 25mg/12.5mg tablet,Chlorothiazide,25 mg,,diuretic,False,True
5318,5318.0,,bi1G.,Chloroth,Captopril+hydrochlorothiazide 50mg/25mg tablet,Chlorothiazide,50 mg,,diuretic,False,True
5319,5319.0,,44L6.,Nicotinic Acid,Serum nicotinic acid,Nicotinic Acid,,,statin,False,False
5320,5320.0,,Ub05r,Omega 3,Omega 3 fatty acid requirement,Omega-3-Acid Ethyl Esters,,,statin,False,False
5321,5321.0,,Ub05r,Omega 3,N 3 - Omega 3 fatty acid requirement,Omega-3-Acid Ethyl Esters,,,statin,False,False
5322,5322.0,,Ub05r,Omega 3,N 3 - Recommended omega 3 fatty acid intake,Omega-3-Acid Ethyl Esters,,,statin,False,False
5323,5323.0,,Ub05r,Omega 3,Recommended omega 3 fatty acid intake,Omega-3-Acid Ethyl Esters,,,statin,False,False
5324,5324.0,,Ub06X,Omega 3,Omega 3 fatty acid supplementation,Omega-3-Acid Ethyl Esters,,,statin,False,False
5325,5325.0,,Ub07a,Omega 3,Omega 3 fatty acid intake,Omega-3-Acid Ethyl Esters,,,statin,False,False
5326,5326.0,,Ub08r,Omega 3,Omega 3 fatty acid,Omega-3-Acid Ethyl Esters,,,statin,False,False
5327,5327.0,,Ub15N,Nicotinic Acid,nicotinic acid equivalents/day,Nicotinic Acid,,,statin,False,False
5328,5328.0,,Ub15O,Nicotinic Acid,nicotinic acid equivalents/kg body weight,Nicotinic Acid,,,statin,False,False
5329,5329.0,,X40Vb,Sitosterol,Sitosterolaemic xanthomatosis,Sitosterol,,,statin,False,False
5330,5330.0,,X40Vb,Sitosterol,Beta-sitosterolaemia,Sitosterol,,,statin,False,False
5331,5331.0,,X40Vb,Sitosterol,Sitosterolaemia with xanthomatosis,Sitosterol,,,statin,False,False
5332,5332.0,,X40Xf,Sitosterol,Sitosterolaemia,Sitosterol,,,statin,False,False
5333,5333.0,,X80J9,Sitosterol,Sitosterol,Sitosterol,,,statin,False,False
5334,5334.0,,XE2e3,Nicotinic Acid,Serum nicotinic acid,Nicotinic Acid,,,statin,False,False
5335,5335.0,,XE2ej,Nicotinic Acid,Serum nicotinic acid,Nicotinic Acid,,,statin,False,False
5336,5336.0,,Xa9M3,Lopid,Leptotyphlopidae,Gemfibrozil,,,statin,False,False
5337,5337.0,,XaJ5c,Lopid,Clopidogrel not tolerated,Gemfibrozil,,,statin,False,False
5338,5338.0,,XaJ5l,Lopid,Clopidogrel not indicated,Gemfibrozil,,,statin,False,False
5339,5339.0,,XaJ6Z,Lopid,Clopidogrel declined,Gemfibrozil,,,statin,False,False
5340,5340.0,,XaJd8,Lopid,Clopidogrel prophylaxis,Gemfibrozil,,,statin,False,False
5341,5341.0,,XaLJH,Lopid,Clopidogrel indicated,Gemfibrozil,,,statin,False,False
5342,5342.0,,Xaa4s,Lopid,Planned stop date for clopidogrel therapy,Gemfibrozil,,,statin,False,False
5343,5343.0,,Xaa4u,Lopid,Clopidogrel therapy stopped,Gemfibrozil,,,statin,False,False
5344,5344.0,,aa2..,Colestyramine,Colestyramine [antidiarrhoeal use],Colestyramine,,,statin,False,False
5345,5345.0,,aa21.,Questran,Questran powder 4g,Colestyramine,,,statin,False,False
5346,5346.0,,aa2z.,Colestyramine,Colestyramine powder 4g,Colestyramine,,,statin,False,False
5347,5347.0,,bn31.,Bradilan,Bradilan 250mg e/c tablet,Nicofuranose,250 mg,,statin,False,False
5348,5348.0,,bn39.,Nicofuranose,Nicofuranose 250mg e/c tablet,Nicofuranose,250 mg,,statin,False,False
5349,5349.0,,bu5..,Lopid,Clopidogrel,Gemfibrozil,,,statin,False,False
5350,5350.0,,bu51.,Lopid,Clopidogrel 75mg tablet,Gemfibrozil,75 mg,,statin,False,False
5351,5351.0,,bu54.,Lopid,CLOPIDOGREL 300mg tablets,Gemfibrozil,300 mg,,statin,False,False
5352,5352.0,,bu6..,Lopid,Ticlopidine,Gemfibrozil,,,statin,False,False
5353,5353.0,,bu61.,Lopid,Ticlopidine hydrochloride 250mg tablet,Gemfibrozil,250 mg,,statin,False,False
5354,5354.0,,bx1..,Bezafibrate,Bezafibrate product,Bezafibrate,,,statin,False,False
5355,5355.0,,bx1..,Bezafibrate,Bezafibrate,Bezafibrate,,,statin,False,False
5356,5356.0,,bx11.,Bezalip,Bezalip 200mg tablet,Bezafibrate,200 mg,,statin,False,False
5357,5357.0,,bx12.,Bezalip,Bezalip-Mono 400mg m/r tablet,Bezafibrate,400 mg,,statin,False,False
5358,5358.0,,bx13.,Bezafibrate,Bezafibrate 200mg tablet,Bezafibrate,200 mg,,statin,False,False
5359,5359.0,,bx14.,Bezafibrate,Bezafibrate 400mg m/r tablet,Bezafibrate,400 mg,,statin,False,False
5360,5360.0,,bx15.,Bezagen,Bezagen XL 400mg m/r tablet,Bezafibrate,400 mg,,statin,False,False
5361,5361.0,,bx16.,Liparol,Liparol XL 400mg m/r tablet,Bezafibrate,400 mg,,statin,False,False
5362,5362.0,,bx17.,Zimbacol,Zimbacol XL 400mg m/r tablet,Bezafibrate,400 mg,,statin,False,False
5363,5363.0,,bx18.,Fibrazate,Fibrazate XL 400mg m/r tablet,Bezafibrate,400 mg,,statin,False,False
5364,5364.0,,bx2..,Colestyramine,Colestyramine [lipid lowering use],Colestyramine,,,statin,False,False
5365,5365.0,,bx21.,Questran,Questran 4g/sachet powder,Colestyramine,,,statin,False,False
5366,5366.0,,bx22.,Questran,Questran Light 4g/sachet powder,Colestyramine,,,statin,False,False
5367,5367.0,,bx22.,Questran,Questran-A 4g/sachet powder,Colestyramine,,,statin,False,False
5368,5368.0,,bx23.,Colestyramine,Colestyramine 4g/sachet powder,Colestyramine,,,statin,False,False
5369,5369.0,,bx25.,Colestyramine,Colestyramine+aspartame 4g/sachet powder,Colestyramine,,,statin,False,False
5370,5370.0,,bx26.,Cholemin,Cholemin 4g/sachet powder,Colestyramine,,,statin,False,False
5371,5371.0,,bx27.,Colestyramine,Colestyramine+aspartame 4g/sachet s/f oral powder,Colestyramine,,,statin,False,False
5372,5372.0,,bx28.,Questran,Questran Light 4g/sachet s/f oral powder,Colestyramine,,,statin,False,False
5373,5373.0,,bx3..,Clofibrate,Clofibrate,Clofibrate,,,statin,False,False
5374,5374.0,,bx31.,Atromid-S,Atromid-S 500mg capsule,Clofibrate,500 mg,,statin,False,False
5375,5375.0,,bx3z.,Clofibrate,Clofibrate 500mg capsule,Clofibrate,500 mg,,statin,False,False
5376,5376.0,,bx41.,Colestid,Colestid 5g/sachet granules,Colestipol Hydrochloride,,,statin,False,False
5377,5377.0,,bx43.,Colestid,Colestid Orange 5g/sachet granules,Colestipol Hydrochloride,,,statin,False,False
5378,5378.0,,bx51.,Choloxin,Choloxin 2mg tablet,Dextrothyroxine Sodium,2 mg,,statin,False,False
5379,5379.0,,bx6..,Gemfibrozil,Gemfibrozil product,Gemfibrozil,,,statin,False,False
5380,5380.0,,bx6..,Gemfibrozil,Gemfibrozil,Gemfibrozil,,,statin,False,False
5381,5381.0,,bx61.,Lopid,Lopid 300 capsule,Gemfibrozil,,,statin,False,False
5382,5382.0,,bx62.,Lopid,Lopid 600 tablet,Gemfibrozil,,600.0,statin,False,False
5383,5383.0,,bx63.,Gemfibrozil,Gemfibrozil 600mg tablet,Gemfibrozil,600 mg,,statin,False,False
5384,5384.0,,bx64.,Emfib,Emfib 300mg capsule,Gemfibrozil,300 mg,,statin,False,False
5385,5385.0,,bx6z.,Gemfibrozil,Gemfibrozil 300mg capsule,Gemfibrozil,300 mg,,statin,False,False
5386,5386.0,,bx7..,Nicofuranose,Nicofuranose,Nicofuranose,,,statin,False,False
5387,5387.0,,bx84.,Nicotinic Acid,Nicotinic acid 375mg m/r tablet and nicotinic acid 500mg m/r tablet and nicotinic acid 750mg m/r tablet starter pack,Nicotinic Acid,375 mg,,statin,False,False
5388,5388.0,,bx88.,Niaspan,Niaspan 375mg and 500mg and 750mg m/r tablet starter pack,Nicotinic Acid,375 mg,,statin,False,False
5389,5389.0,,bx89.,Niaspan,Niaspan 500mg m/r tablet,Nicotinic Acid,500 mg,,statin,False,False
5390,5390.0,,bx8a.,Niaspan,Niaspan 750mg m/r tablet,Nicotinic Acid,750 mg,,statin,False,False
5391,5391.0,,bx8b.,Niaspan,Niaspan 1000mg m/r tablet,Nicotinic Acid,1000 mg,,statin,False,False
5392,5392.0,,bx8c.,Tredaptive,TREDAPTIVE 1000mg/20mg m/r tablets,Nicotinic Acid/Laropiprant,1000 mg,,statin,False,False
5393,5393.0,,bx8d.,Nicotinic Acid/Laropiprant,NICOTINIC ACID/LAROPIPRANT 1000mg/20mg m/r tablets,Nicotinic Acid/Laropiprant,1000 mg,,statin,False,False
5394,5394.0,,bx9..,Probucol,Probucol,Probucol,,,statin,False,False
5395,5395.0,,bx91.,Lurselle,Lurselle 250mg tablet,Probucol,250 mg,,statin,False,False
5396,5396.0,,bx9z.,Probucol,Probucol 250mg tablet,Probucol,250 mg,,statin,False,False
5397,5397.0,,bxa..,Omega 3,Omega 3-marine triglycerides,Omega-3-Acid Ethyl Esters,,,statin,False,False
5398,5398.0,,bxa1.,Maxepa,Maxepa 1g capsule,Omega-3 Marine Triglycerides,,,statin,False,False
5399,5399.0,,bxa2.,Maxepa,Maxepa liquid,Omega-3 Marine Triglycerides,,,statin,False,False
5400,5400.0,,bxa6.,Maxepa,Maxepa oral emulsion,Omega-3 Marine Triglycerides,,,statin,False,False
5401,5401.0,,bxa7.,Omacor,Omacor 1g capsule,Omega-3-Acid Ethyl Esters,,,statin,False,False
5402,5402.0,,bxa8.,Teromeg,TEROMEG 1g capsules,Omega-3-Acid Ethyl Esters,,,statin,False,False
5403,5403.0,,bxa9.,Prestylon,PRESTYLON 1g capsules,Omega-3-Acid Ethyl Esters,,,statin,False,False
5404,5404.0,,bxaA.,Nebbaro,NEBBARO 1000mg capsules,Omega-3-Acid Ethyl Esters,1000 mg,,statin,False,False
5405,5405.0,,bxaB.,Dualtis,DUALTIS 1000mg capsules,Omega-3-Acid Ethyl Esters,1000 mg,,statin,False,False
5406,5406.0,,bxb..,Acipimox,Acipimox,Acipimox,,,statin,False,False
5407,5407.0,,bxb1.,Olbetam,Olbetam 250mg capsule,Acipimox,250 mg,,statin,False,False
5408,5408.0,,bxb2.,Acipimox,Acipimox 250mg capsule,Acipimox,250 mg,,statin,False,False
5409,5409.0,,bxc..,Fenofibrate,Fenofibrate,Fenofibrate,,,statin,False,False
5410,5410.0,,bxc1.,Fenofibrate,Fenofibrate 100mg capsule,Fenofibrate,100 mg,,statin,False,False
5411,5411.0,,bxc2.,Lipantil,Lipantil 100mg capsules 21CP,Fenofibrate,100 mg,,statin,False,False
5412,5412.0,,bxc3.,Lipantil,Lipantil 100mg capsules 84CP,Fenofibrate,100 mg,,statin,False,False
5413,5413.0,,bxc4.,Fenofibrate,Fenofibrate 200mg capsule,Fenofibrate,200 mg,,statin,False,False
5414,5414.0,,bxc5.,Lipantil,Lipantil Micro 200mg capsule,Fenofibrate,200 mg,,statin,False,False
5415,5415.0,,bxc6.,Fenofibrate,Fenofibrate 67mg capsule,Fenofibrate,67 mg,,statin,False,False
5416,5416.0,,bxc7.,Lipantil,Lipantil Micro 67mg capsule,Fenofibrate,67 mg,,statin,False,False
5417,5417.0,,bxc8.,Fenofibrate,Fenofibrate 267mg capsule,Fenofibrate,267 mg,,statin,False,False
5418,5418.0,,bxc9.,Lipantil,Lipantil Micro 267mg capsule,Fenofibrate,267 mg,,statin,False,False
5419,5419.0,,bxcA.,Fenofibrate,Fenofibrate 160mg m/r tablet,Fenofibrate,160 mg,,statin,False,False
5420,5420.0,,bxcB.,Supralip,Supralip 160mg m/r tablet,Fenofibrate,160 mg,,statin,False,False
5421,5421.0,,bxcC.,Fenofibrate,Fenofibrate Micro 200mg capsule,Fenofibrate,200 mg,,statin,False,False
5422,5422.0,,bxcD.,Fenogal,Fenogal 200mg capsule,Fenofibrate,200 mg,,statin,False,False
5423,5423.0,,bxcE.,Fenofibrate,FENOFIBRATE 160mg tablets,Fenofibrate,160 mg,,statin,False,False
5424,5424.0,,bxd..,Simvastatin,Simvastatin,Simvastatin,,,statin,False,False
5425,5425.0,,bxd1.,Simvastatin,Simvastatin 10mg tablet,Simvastatin,10 mg,,statin,False,False
5426,5426.0,,bxd2.,Simvastatin,Simvastatin 20mg tablet,Simvastatin,20 mg,,statin,False,False
5427,5427.0,,bxd3.,Zocor,Zocor 10mg tablets 28CP,Simvastatin,10 mg,,statin,False,False
5428,5428.0,,bxd4.,Zocor,Zocor 20mg tablets 28CP,Simvastatin,20 mg,,statin,False,False
5429,5429.0,,bxd5.,Simvastatin,Simvastatin 40mg tablet,Simvastatin,40 mg,,statin,False,False
5430,5430.0,,bxd6.,Zocor,Zocor 40mg tablet,Simvastatin,40 mg,,statin,False,False
5431,5431.0,,bxd7.,Zocor,Zocor 10mg tablet,Simvastatin,10 mg,,statin,False,False
5432,5432.0,,bxd8.,Zocor,Zocor 20mg tablet,Simvastatin,20 mg,,statin,False,False
5433,5433.0,,bxd9.,Zocor,Zocor 80mg tablet,Simvastatin,80 mg,,statin,False,False
5434,5434.0,,bxdA.,Simvador,Simvador 10mg tablet,Simvastatin,10 mg,,statin,False,False
5435,5435.0,,bxdB.,Simvador,Simvador 20mg tablet,Simvastatin,20 mg,,statin,False,False
5436,5436.0,,bxdC.,Simvador,Simvador 40mg tablet,Simvastatin,40 mg,,statin,False,False
5437,5437.0,,bxdD.,Ranzolont,Ranzolont 10mg tablet,Simvastatin,10 mg,,statin,False,False
5438,5438.0,,bxdE.,Ranzolont,Ranzolont 20mg tablet,Simvastatin,20 mg,,statin,False,False
5439,5439.0,,bxdF.,Ranzolont,Ranzolont 40mg tablet,Simvastatin,40 mg,,statin,False,False
5440,5440.0,,bxdG.,Zocor,Zocor Heart-Pro 10mg tablet,Simvastatin,10 mg,,statin,False,False
5441,5441.0,,bxdH.,Inegy,Inegy 10mg/20mg tablet,Simvastatin & Ezetimibe,10 mg,,statin,False,False
5442,5442.0,,bxdI.,Inegy,Inegy 10mg/40mg tablet,Simvastatin & Ezetimibe,10 mg,,statin,False,False
5443,5443.0,,bxdJ.,Inegy,Inegy 10mg/80mg tablet,Simvastatin & Ezetimibe,10 mg,,statin,False,False
5444,5444.0,,bxdK.,Simvador,SIMVADOR 80mg tablets,Simvastatin,80 mg,,statin,False,False
5445,5445.0,,bxdu.,Simvastatin,SIMVASTATIN 20mg/5mL oral suspension,Simvastatin,20 mg/5 ml,,statin,False,False
5446,5446.0,,bxdv.,Simvastatin,SIMVASTATIN 40mg/5mL oral suspension,Simvastatin,40 mg/5 ml,,statin,False,False
5447,5447.0,,bxdw.,Ezetimibe,Simvastatin 80mg / ezetimibe 10mg tablet,Ezetimibe,80 mg,,statin,False,False
5448,5448.0,,bxdx.,Ezetimibe,Simvastatin 40mg / ezetimibe 10mg tablet,Ezetimibe,40 mg,,statin,False,False
5449,5449.0,,bxdy.,Ezetimibe,Simvastatin 20mg / ezetimibe 10mg tablet,Ezetimibe,20 mg,,statin,False,False
5450,5450.0,,bxdz.,Simvastatin,Simvastatin 80mg tablet,Simvastatin,80 mg,,statin,False,False
5451,5451.0,,bxe3.,Lipostat,Lipostat 10mg tablet,Pravastatin Sodium,10 mg,,statin,False,False
5452,5452.0,,bxe4.,Lipostat,Lipostat 20mg tablet,Pravastatin Sodium,20 mg,,statin,False,False
5453,5453.0,,bxe8.,Lipostat,Lipostat 40mg tablet,Pravastatin Sodium,40 mg,,statin,False,False
5454,5454.0,,bxf..,Ciprofibrate,Ciprofibrate,Ciprofibrate,,,statin,False,False
5455,5455.0,,bxf1.,Modalim,Modalim 100mg tablet,Ciprofibrate,100 mg,,statin,False,False
5456,5456.0,,bxf2.,Ciprofibrate,Ciprofibrate 100mg tablet,Ciprofibrate,100 mg,,statin,False,False
5457,5457.0,,bxg1.,Lescol,Lescol 20mg capsule,Fluvastatin Sodium,20 mg,,statin,False,False
5458,5458.0,,bxg2.,Lescol,Lescol 40mg capsule,Fluvastatin Sodium,40 mg,,statin,False,False
5459,5459.0,,bxg5.,Lescol,Lescol XL 80mg m/r tablet,Fluvastatin Sodium,80 mg,,statin,False,False
5460,5460.0,,bxg6.,Luvinsta,LUVINSTA XL 80mg m/r tablets,Fluvastatin Sodium,80 mg,,statin,False,False
5461,5461.0,,bxg7.,Stefluvin,STEFLUVIN XL 80mg m/r tablets,Fluvastatin Sodium,80 mg,,statin,False,False
5462,5462.0,,bxg8.,Dorisin,DORISIN XL 80mg m/r tablets,Fluvastatin Sodium,80 mg,,statin,False,False
5463,5463.0,,bxg9.,Nandovar XL,NANDOVAR XL 80mg m/r tablets,Fluvastatin Sodium,80 mg,,statin,False,False
5464,5464.0,,bxh2.,Fybozest,Fybozest Orange 3.5g s/f granules,Ispaghula Husk,,,statin,False,False
5465,5465.0,,bxi..,Atorvastatin,Atorvastatin,Atorvastatin,,,statin,False,False
5466,5466.0,,bxi1.,Atorvastatin,Atorvastatin 10mg tablet,Atorvastatin,10 mg,,statin,False,False
5467,5467.0,,bxi2.,Atorvastatin,Atorvastatin 20mg tablet,Atorvastatin,20 mg,,statin,False,False
5468,5468.0,,bxi3.,Atorvastatin,Atorvastatin 40mg tablet,Atorvastatin,40 mg,,statin,False,False
5469,5469.0,,bxi4.,Lipitor,Lipitor 10mg tablet,Atorvastatin,10 mg,,statin,False,False
5470,5470.0,,bxi5.,Lipitor,Lipitor 20mg tablet,Atorvastatin,20 mg,,statin,False,False
5471,5471.0,,bxi6.,Lipitor,Lipitor 40mg tablet,Atorvastatin,40 mg,,statin,False,False
5472,5472.0,,bxi7.,Lipitor,Lipitor 80mg tablet,Atorvastatin,80 mg,,statin,False,False
5473,5473.0,,bxi8.,Lipitor,LIPITOR 10mg chewable tablets,Atorvastatin,10 mg,,statin,False,False
5474,5474.0,,bxi9.,Atorvastatin,ATORVASTATIN 10mg chewable tablets,Atorvastatin,10 mg,,statin,False,False
5475,5475.0,,bxiA.,Lipitor,LIPITOR 20mg chewable tablets,Atorvastatin,20 mg,,statin,False,False
5476,5476.0,,bxiB.,Atorvastatin,ATORVASTATIN 20mg chewable tablets,Atorvastatin,20 mg,,statin,False,False
5477,5477.0,,bxiy.,Atorvastatin,ATORVASTATIN 60mg tablets,Atorvastatin,60 mg,,statin,False,False
5478,5478.0,,bxiz.,Atorvastatin,Atorvastatin 80mg tablet,Atorvastatin,80 mg,,statin,False,False
5479,5479.0,,bxj..,Cerivastatin,Cerivastatin,Cerivastatin,,,statin,False,False
5480,5480.0,,bxj1.,Cerivastatin,Cerivastatin sodium 100micrograms tablet,Cerivastatin,,,statin,False,False
5481,5481.0,,bxj2.,Cerivastatin,Cerivastatin sodium 200micrograms tablet,Cerivastatin,,,statin,False,False
5482,5482.0,,bxj3.,Cerivastatin,Cerivastatin sodium 300micrograms tablet,Cerivastatin,,,statin,False,False
5483,5483.0,,bxj4.,Lipobay,Lipobay 100micrograms tablet,Cerivastatin,,,statin,False,False
5484,5484.0,,bxj5.,Lipobay,Lipobay 200micrograms tablet,Cerivastatin,,,statin,False,False
5485,5485.0,,bxj6.,Lipobay,Lipobay 300micrograms tablet,Cerivastatin,,,statin,False,False
5486,5486.0,,bxj7.,Cerivastatin,Cerivastatin sodium 400micrograms tablet,Cerivastatin,,,statin,False,False
5487,5487.0,,bxj8.,Lipobay,Lipobay 400micrograms tablet,Cerivastatin,,,statin,False,False
5488,5488.0,,bxj9.,Lipobay,Lipobay 800micrograms tablet,Cerivastatin,,,statin,False,False
5489,5489.0,,bxjz.,Cerivastatin,Cerivastatin sodium 800micrograms tablet,Cerivastatin,,,statin,False,False
5490,5490.0,,bxk1.,Crestor,Crestor 10mg tablet,Rosuvastatin Calcium,10 mg,,statin,False,False
5491,5491.0,,bxk2.,Crestor,Crestor 20mg tablet,Rosuvastatin Calcium,20 mg,,statin,False,False
5492,5492.0,,bxk3.,Crestor,Crestor 40mg tablet,Rosuvastatin Calcium,40 mg,,statin,False,False
5493,5493.0,,bxk4.,Crestor,Crestor 5mg tablet,Rosuvastatin Calcium,5 mg,,statin,False,False
5494,5494.0,,bxl..,Ezetimibe,Ezetimibe,Ezetimibe,,,statin,False,False
5495,5495.0,,bxl1.,Ezetimibe,Ezetimibe 10mg tablet,Ezetimibe,10 mg,,statin,False,False
5496,5496.0,,bxlz.,Ezetrol,Ezetrol 10mg tablet,Ezetimibe,10 mg,,statin,False,False
5497,5497.0,,bxm..,Colesevelam Hydrochloride,COLESEVELAM HYDROCHLORIDE,Colesevelam Hydrochloride,,,statin,False,False
5498,5498.0,,bxm1.,Cholestagel,CHOLESTAGEL 625mg tablets,Colesevelam Hydrochloride,625 mg,,statin,False,False
5499,5499.0,,bxn..,Lomitapide,LOMITAPIDE,Lomitapide,,,statin,False,False
5500,5500.0,,bxn1.,Lojuxta,LOJUXTA 5mg capsules,Lomitapide,5 mg,,statin,False,False
5501,5501.0,,bxn2.,Lomitapide,LOMITAPIDE 5mg capsules,Lomitapide,5 mg,,statin,False,False
5502,5502.0,,bxn3.,Lojuxta,LOJUXTA 10mg capsules,Lomitapide,10 mg,,statin,False,False
5503,5503.0,,bxn4.,Lomitapide,LOMITAPIDE 10mg capsules,Lomitapide,10 mg,,statin,False,False
5504,5504.0,,bxn5.,Lojuxta,LOJUXTA 20mg capsules,Lomitapide,20 mg,,statin,False,False
5505,5505.0,,bxn6.,Lomitapide,LOMITAPIDE 20mg capsules,Lomitapide,20 mg,,statin,False,False
5506,5506.0,,bxo..,Evolocumab,EVOLOCUMAB,Evolocumab,,,statin,False,False
5507,5507.0,,bxo1.,Repatha,REPATHA 140mg/1mL solution for injection prefilled syringe,Evolocumab,140 mg/1 ml,,statin,False,False
5508,5508.0,,bxo2.,Evolocumab,EVOLOCUMAB 140mg/1mL soln for inj prefilled syringe,Evolocumab,140 mg/1 ml,,statin,False,False
5509,5509.0,,bxo3.,Repatha,REPATHA SURECLICK 140mg/1mL soln for inj prefilled pen,Evolocumab,140 mg/1 ml,,statin,False,False
5510,5510.0,,bxo4.,Evolocumab,EVOLOCUMAB 140mg/1mL solution for injection prefilled pen,Evolocumab,140 mg/1 ml,,statin,False,False
5511,5511.0,,bxp..,Alirocumab,ALIROCUMAB,Alirocumab,,,statin,False,False
5512,5512.0,,bxp1.,Praluent,PRALUENT 75mg/1mL solution for injection prefilled pen,Alirocumab,75 mg/1 ml,,statin,False,False
5513,5513.0,,bxp2.,Alirocumab,ALIROCUMAB 75mg/1mL solution for injection prefilled pen,Alirocumab,75 mg/1 ml,,statin,False,False
5514,5514.0,,bxp3.,Praluent,PRALUENT 150mg/1mL solution for injection prefilled pen,Alirocumab,150 mg/1 ml,,statin,False,False
5515,5515.0,,bxp4.,Alirocumab,ALIROCUMAB 150mg/1mL solution for injection prefilled pen,Alirocumab,150 mg/1 ml,,statin,False,False
5516,5516.0,,h5I..,Liplat,Oxaliplatin,Pravastatin Sodium,,,statin,False,False
5517,5517.0,,h5Iv.,Liplat,OXALIPLATIN 200mg/40mL infusion concentrate,Pravastatin Sodium,200 mg/40 ml,,statin,False,False
5518,5518.0,,h5Iw.,Liplat,Oxaliplatin 100mg/20mL infusion concentrate,Pravastatin Sodium,100 mg/20 ml,,statin,False,False
5519,5519.0,,h5Ix.,Liplat,Oxaliplatin 50mg/10mL infusion concentrate,Pravastatin Sodium,50 mg/10 ml,,statin,False,False
5520,5520.0,,h5Iy.,Liplat,Oxaliplatin 50mg infusion (pdr for recon),Pravastatin Sodium,50 mg,,statin,False,False
5521,5521.0,,h5Iz.,Liplat,Oxaliplatin 100mg infusion (pdr for recon),Pravastatin Sodium,100 mg,,statin,False,False
5522,5522.0,,s9c5.,Dorisin,DEOGEL 2010 deodorising and lubricating gel 200g,Fluvastatin Sodium,,,statin,False,False
5523,5523.0,,s9cA.,Dorisin,DEOGEL 2020 deodorising and lubricating gel sachet,Fluvastatin Sodium,,,statin,False,False
5524,5524.0,,x0029,Clofibrate,Clofibrate group,Clofibrate,,,statin,False,False
5525,5525.0,,x00E2,Lipantil,Lipantil 100mg capsule,Fenofibrate,100 mg,,statin,False,False
5526,5526.0,,x00Tb,Cardyl,Avlocardyl Retard 160mg m/r capsule,Atorvastatin,160 mg,,statin,False,False
5527,5527.0,,x01p5,Dorisin,Ostobon 4750 stoma deodorising powder,Fluvastatin Sodium,,,statin,False,False
5528,5528.0,,x029e,Colestyramine,Colestyramine sugar free powder,Colestyramine,,,statin,False,False
5529,5529.0,,x02Mi,Colestyramine,Colestyramine product,Colestyramine,,,statin,False,False
5530,5530.0,,x02Mi,Colestyramine,Colestyramine,Colestyramine,,,statin,False,False
5531,5531.0,,x02Uj,Atromid-S,Atromid-S,Clofibrate,,,statin,False,False
5532,5532.0,,x02Un,Cardyl,Avlocardyl Retard,Atorvastatin,,,statin,False,False
5533,5533.0,,x02Vg,Bezalip,Bezalip,Bezafibrate,,,statin,False,False
5534,5534.0,,x02Vh,Bezalip,Bezalip-Mono,Bezafibrate,,,statin,False,False
5535,5535.0,,x02XH,Cholemin,Cholemin,Colestyramine,,,statin,False,False
5536,5536.0,,x02Xk,Colestid,Colestid,Colestipol Hydrochloride,,,statin,False,False
5537,5537.0,,x02hM,Lescol,Lescol,Fluvastatin Sodium,,,statin,False,False
5538,5538.0,,x02ha,Lipantil,Lipantil,Fenofibrate,,,statin,False,False
5539,5539.0,,x02hc,Lipostat,Lipostat,Pravastatin Sodium,,,statin,False,False
5540,5540.0,,x02hs,Lopid,Lopid,Gemfibrozil,,,statin,False,False
5541,5541.0,,x02i1,Lurselle,Lurselle,Probucol,,,statin,False,False
5542,5542.0,,x02iI,Maxepa,Maxepa,Omega-3 Marine Triglycerides,,,statin,False,False
5543,5543.0,,x02jb,Modalim,Modalim,Ciprofibrate,,,statin,False,False
5544,5544.0,,x02lo,Olbetam,Olbetam,Acipimox,,,statin,False,False
5545,5545.0,,x02ot,Questran,Questran Light,Colestyramine,,,statin,False,False
5546,5546.0,,x03d7,Zocor,Zocor,Simvastatin,,,statin,False,False
5547,5547.0,,x03jA,Fybozest,Fybozest Orange,Ispaghula Husk,,,statin,False,False
5548,5548.0,,x03jx,Lipitor,Lipitor,Atorvastatin,,,statin,False,False
5549,5549.0,,x03l1,Lipobay,Lipobay,Cerivastatin,,,statin,False,False
5550,5550.0,,x03s1,Questran,Questran,Colestyramine,,,statin,False,False
5551,5551.0,,x03vR,Lipantil,Lipantil Micro,Fenofibrate,,,statin,False,False
5552,5552.0,,x03xI,Emfib,Emfib,Gemfibrozil,,,statin,False,False
5553,5553.0,,x03zD,Colestid,Colestid Orange,Colestipol Hydrochloride,,,statin,False,False
5554,5554.0,,x04ui,Bezagen,Bezagen XL,Bezafibrate,,,statin,False,False
5555,5555.0,,x057j,Liparol,Liparol XL,Bezafibrate,,,statin,False,False
5556,5556.0,,x05CA,Zimbacol,Zimbacol XL,Bezafibrate,,,statin,False,False
5557,5557.0,,x05CE,Lescol,Lescol XL,Fluvastatin Sodium,,,statin,False,False
5558,5558.0,,x05D5,Supralip,Supralip,Fenofibrate,,,statin,False,False
5559,5559.0,,x05K2,Acipimox,Acipimox - chemical,Acipimox,,,statin,False,False
5560,5560.0,,x05LP,Atorvastatin,Atorvastatin - chemical,Atorvastatin,,,statin,False,False
5561,5561.0,,x05Zu,Fenofibrate,Fenofibrate Micro,Fenofibrate,,,statin,False,False
5562,5562.0,,x05f8,Omacor,Omacor,Omega-3-Acid Ethyl Esters,,,statin,False,False
5563,5563.0,,x05gZ,Fenogal,Fenogal,Fenofibrate,,,statin,False,False
5564,5564.0,,x05ll,Crestor,Crestor,Rosuvastatin Calcium,,,statin,False,False
5565,5565.0,,x05mX,Ezetrol,Ezetrol,Ezetimibe,,,statin,False,False
5566,5566.0,,x05pD,Simvador,Simvador,Simvastatin,,,statin,False,False
5567,5567.0,,x05qD,Niaspan,Niaspan,Nicotinic Acid,,,statin,False,False
5568,5568.0,,x05tC,Ranzolont,Ranzolont,Simvastatin,,,statin,False,False
5569,5569.0,,x05uS,Zocor,Zocor Heart-Pro,Simvastatin,,,statin,False,False
5570,5570.0,,x05vi,Fibrazate,Fibrazate,Bezafibrate,,,statin,False,False
5571,5571.0,,x05xL,Ezetimibe,Ezetimibe+simvastatin,Ezetimibe,,,statin,False,False
5572,5572.0,,x05xO,Inegy,Inegy,Simvastatin & Ezetimibe,,,statin,False,False
5573,5573.0,,.44L6,Nicotinic Acid,Serum nicotinic acid,Nicotinic Acid,,,statin,False,False
5574,5574.0,,.8B6P,Lopid,Clopidogrel prophylaxis,Gemfibrozil,,,statin,False,False
5575,5575.0,,.8BG9,Lopid,Clopidogrel indicated,Gemfibrozil,,,statin,False,False
5576,5576.0,,.8I3R,Lopid,Clopidogrel declined,Gemfibrozil,,,statin,False,False
5577,5577.0,,.8I6B,Lopid,Clopidogrel not indicated,Gemfibrozil,,,statin,False,False
5578,5578.0,,.8I72,Lopid,Clopidogrel not tolerated,Gemfibrozil,,,statin,False,False
5579,5579.0,,8B6P.,Lopid,Clopidogrel prophylaxis,Gemfibrozil,,,statin,False,False
5580,5580.0,,8B6P0,Lopid,Planned stop date for clopidogrel therapy,Gemfibrozil,,,statin,False,False
5581,5581.0,,8B6P1,Lopid,Clopidogrel therapy stopped,Gemfibrozil,,,statin,False,False
5582,5582.0,,8BG9.,Lopid,Clopidogrel indicated,Gemfibrozil,,,statin,False,False
5583,5583.0,,8I3R.,Lopid,Clopidogrel declined,Gemfibrozil,,,statin,False,False
5584,5584.0,,8I6B.,Lopid,Clopidogrel not indicated,Gemfibrozil,,,statin,False,False
5585,5585.0,,8I72.,Lopid,Clopidogrel not tolerated,Gemfibrozil,,,statin,False,False
5586,5586.0,,bx71.,Bradilan,Bradilan 250mg e/c tablet,Nicofuranose,250 mg,,statin,False,False
5587,5587.0,,bx7z.,Nicofuranose,Nicofuranose 250mg e/c tablet,Nicofuranose,250 mg,,statin,False,False
5588,5588.0,,x00g6,Zocor,Zocor 10mg tablet,Simvastatin,10 mg,,statin,False,False
5589,5589.0,,x00g7,Zocor,Zocor 20mg tablet,Simvastatin,20 mg,,statin,False,False
5590,,,X75lZ,Soprol,Peripheral vasoproliferative retinopathy,Bisoprolol Fumarate,,,beta blockers,False,False
5591,,,X77uC,Concor,Discordant ventriculoarterial connection with concordant atrioventricular connection,Bisoprolol Fumarate,,,beta blockers,False,False
5592,,,XM04s,Soprol,Vasoproliferative retinopathy,Bisoprolol Fumarate,,,beta blockers,False,False
5593,,,Xa5LO,Atenolol,Atenolol sensitivity,Atenolol,,,beta blockers,False,False
5594,,,Xa8f7,Concor,Salmonella concord,Bisoprolol Fumarate,,,beta blockers,False,False
5595,,,Xa8vy,Kalten,Salmonella kaltenhausen,Atenolol With Diuretic,,,beta blockers,False,False
5596,,,XaQDq,Concor,Needs assistance with medication concordance,Bisoprolol Fumarate,,,beta blockers,False,False
5597,,,XaQaL,Soprol,Bisoprolol not indicated,Bisoprolol Fumarate,,,beta blockers,False,False
5598,,,XaQaM,Carvedilol,Carvedilol not indicated,Carvedilol,,,beta blockers,False,False
5599,,,XaQaN,Nebivolol,Nebivolol not indicated,Nebivolol,,,beta blockers,False,False
5600,,,XaQaO,Soprol,Bisoprolol not tolerated,Bisoprolol Fumarate,,,beta blockers,False,False
5601,,,XaQaP,Carvedilol,Carvedilol not tolerated,Carvedilol,,,beta blockers,False,False
5602,,,XaQaQ,Nebivolol,Nebivolol not tolerated,Nebivolol,,,beta blockers,False,False
5603,,,bc7..,Practolol,Practolol [antiarrhythmic],Practolol,,,beta blockers,False,False
5604,,,bc71.,Eraldin,Eraldin 10mg/5mL injection,Practolol,10 mg/5 ml,,beta blockers,False,False
5605,,,bc7z.,Practolol,Practolol 10mg/5mL injection,Practolol,10 mg/5 ml,,beta blockers,False,False
5606,,,bd15.,Angilol,Angilol 10mg tablet,Propranolol Hydrochloride,10 mg,,beta blockers,False,False
5607,,,bd16.,Angilol,Angilol 40mg tablet,Propranolol Hydrochloride,40 mg,,beta blockers,False,False
5608,,,bd17.,Angilol,Angilol 80mg tablet,Propranolol Hydrochloride,80 mg,,beta blockers,False,False
5609,,,bd18.,Angilol,Angilol 160mg tablet,Propranolol Hydrochloride,160 mg,,beta blockers,False,False
5610,,,bd19.,Apsolol,Apsolol 10mg tablet,Propranolol Hydrochloride,10 mg,,beta blockers,False,False
5611,,,bd1A.,Propanix,Propanix 10mg tablet,Propranolol Hydrochloride,10 mg,,beta blockers,False,False
5612,,,bd1B.,Propanix,Propanix 40mg tablet,Propranolol Hydrochloride,40 mg,,beta blockers,False,False
5613,,,bd1C.,Propanix,Propanix 80mg tablet,Propranolol Hydrochloride,80 mg,,beta blockers,False,False
5614,,,bd1D.,Propanix,Propanix 160mg tablet,Propranolol Hydrochloride,160 mg,,beta blockers,False,False
5615,,,bd1E.,Propanix,Propanix SR 160mg m/r capsule,Propranolol Hydrochloride,160 mg,,beta blockers,False,False
5616,,,bd1F.,Betadur,Betadur CR 160mg m/r capsule,Propranolol Hydrochloride,160 mg,,beta blockers,False,False
5617,,,bd1G.,Beta-Prograne,Beta-Prograne 160mg m/r capsule,Propranolol Hydrochloride,160 mg,,beta blockers,False,False
5618,,,bd1K.,Betadur,Half-Betadur CR 80mg m/r capsule,Propranolol Hydrochloride,80 mg,,beta blockers,False,False
5619,,,bd1L.,Beta-Prograne,Half Beta-Prograne 80mg m/r capsule,Propranolol Hydrochloride,80 mg,,beta blockers,False,False
5620,,,bd1M.,Sloprolol,Sloprolol 80mg m/r capsule,Propranolol Hydrochloride,80 mg,,beta blockers,False,False
5621,,,bd1N.,Probeta,Probeta LA 160mg m/r capsule,Propranolol Hydrochloride,160 mg,,beta blockers,False,False
5622,,,bd1O.,Lopranol,Lopranol LA 160mg m/r capsule,Propranolol Hydrochloride,160 mg,,beta blockers,False,False
5623,,,bd1S.,Propanix,Half Propanix LA 80mg m/r capsule,Propranolol Hydrochloride,80 mg,,beta blockers,False,False
5624,,,bd1T.,Propanix,Propanix LA 160mg m/r capsule,Propranolol Hydrochloride,160 mg,,beta blockers,False,False
5625,,,bd1U.,Propatard,Half Propatard LA 80mg m/r capsule,Propranolol Hydrochloride,80 mg,,beta blockers,False,False
5626,,,bd1V.,Propatard,Propatard LA 160mg m/r capsule,Propranolol Hydrochloride,160 mg,,beta blockers,False,False
5627,,,bd1Z.,Syprol,Syprol 5mg/5mL oral solution,Propranolol Hydrochloride,5 mg/5 ml,,beta blockers,False,False
5628,,,bd1a.,Apsolol,Apsolol 40mg tablet,Propranolol Hydrochloride,40 mg,,beta blockers,False,False
5629,,,bd1b.,Apsolol,Apsolol 80mg tablet,Propranolol Hydrochloride,80 mg,,beta blockers,False,False
5630,,,bd1c.,Apsolol,Apsolol 160mg tablet,Propranolol Hydrochloride,160 mg,,beta blockers,False,False
5631,,,bd1d.,Bedranol,Bedranol 10mg tablet,Propranolol Hydrochloride,10 mg,,beta blockers,False,False
5632,,,bd1e.,Bedranol,Bedranol 40mg tablet,Propranolol Hydrochloride,40 mg,,beta blockers,False,False
5633,,,bd1f.,Bedranol,Bedranol 80mg tablet,Propranolol Hydrochloride,80 mg,,beta blockers,False,False
5634,,,bd1g.,Bedranol,Bedranol SR 160mg m/r capsule,Propranolol Hydrochloride,160 mg,,beta blockers,False,False
5635,,,bd1h.,Berkolol,Berkolol 10mg tablet,Propranolol Hydrochloride,10 mg,,beta blockers,False,False
5636,,,bd1i.,Berkolol,Berkolol 40mg tablet,Propranolol Hydrochloride,40 mg,,beta blockers,False,False
5637,,,bd1j.,Berkolol,Berkolol 80mg tablet,Propranolol Hydrochloride,80 mg,,beta blockers,False,False
5638,,,bd1k.,Berkolol,Berkolol 160mg tablet,Propranolol Hydrochloride,160 mg,,beta blockers,False,False
5639,,,bd1l.,Inderal,Half-Inderal LA 80mg m/r capsule,Propranolol Hydrochloride,80 mg,,beta blockers,False,False
5640,,,bd1m.,Inderal,Inderal 10mg tablet,Propranolol Hydrochloride,10 mg,,beta blockers,False,False
5641,,,bd1n.,Inderal,Inderal 40mg tablet,Propranolol Hydrochloride,40 mg,,beta blockers,False,False
5642,,,bd1o.,Inderal,Inderal 80mg tablet,Propranolol Hydrochloride,80 mg,,beta blockers,False,False
5643,,,bd1p.,Inderal,Inderal 160mg tablet,Propranolol Hydrochloride,160 mg,,beta blockers,False,False
5644,,,bd1q.,Inderal,Inderal 1mg/1mL injection,Propranolol Hydrochloride,1 mg/1 ml,,beta blockers,False,False
5645,,,bd1r.,Inderal,Inderal-LA 160mg m/r capsule,Propranolol Hydrochloride,160 mg,,beta blockers,False,False
5646,,,bd1s.,Sloprolol,Sloprolol 160mg m/r capsule,Propranolol Hydrochloride,160 mg,,beta blockers,False,False
5647,,,bd1t.,Cardinol,Cardinol 10mg tablet,Propranolol Hydrochloride,10 mg,,beta blockers,False,False
5648,,,bd1u.,Cardinol,Cardinol 40mg tablet,Propranolol Hydrochloride,40 mg,,beta blockers,False,False
5649,,,bd1v.,Cardinol,Cardinol 80mg tablet,Propranolol Hydrochloride,80 mg,,beta blockers,False,False
5650,,,bd1w.,Cardinol,Cardinol 160mg tablet,Propranolol Hydrochloride,160 mg,,beta blockers,False,False
5651,,,bd1z.,Syprol,Syprol 10mg/5mL oral solution,Propranolol Hydrochloride,10 mg/5 ml,,beta blockers,False,False
5652,,,bd21.,Sectral,Sectral 100mg capsule,Acebutolol Hydrochloride,100 mg,,beta blockers,False,False
5653,,,bd22.,Sectral,Sectral 200mg capsule,Acebutolol Hydrochloride,200 mg,,beta blockers,False,False
5654,,,bd23.,Sectral,Sectral 400mg tablet,Acebutolol Hydrochloride,400 mg,,beta blockers,False,False
5655,,,bd24.,Sectral,Sectral 10mg/2mL injection,Acebutolol Hydrochloride,10 mg/2 ml,,beta blockers,False,False
5656,,,bd3..,Atenolol,Atenolol,Atenolol,,,beta blockers,False,False
5657,,,bd31.,Tenormin,Tenormin 100mg tablet,Atenolol,100 mg,,beta blockers,False,False
5658,,,bd32.,Tenormin,Tenormin 25mg/5mL syrup,Atenolol,25 mg/5 ml,,beta blockers,False,False
5659,,,bd33.,Tenormin,Tenormin 5mg/10mL injection,Atenolol,5 mg/10 ml,,beta blockers,False,False
5660,,,bd34.,Tenormin,Tenormin LS 50mg tablet,Atenolol,50 mg,,beta blockers,False,False
5661,,,bd35.,Atenolol,Atenolol 50mg tablet,Atenolol,50 mg,,beta blockers,False,False
5662,,,bd36.,Atenolol,Atenolol 100mg tablet,Atenolol,100 mg,,beta blockers,False,False
5663,,,bd37.,Tenormin,Tenormin CCU pack,Atenolol,,,beta blockers,False,False
5664,,,bd3a.,Antipressan,Antipressan 50mg tablet,Atenolol,50 mg,,beta blockers,False,False
5665,,,bd3b.,Antipressan,Antipressan 100mg tablet,Atenolol,100 mg,,beta blockers,False,False
5666,,,bd3c.,Tenormin,Tenormin 25 tablet,Atenolol,,25.0,beta blockers,False,False
5667,,,bd3d.,Vasaten,Vasaten 50mg tablet,Atenolol,50 mg,,beta blockers,False,False
5668,,,bd3e.,Vasaten,Vasaten 100mg tablet,Atenolol,100 mg,,beta blockers,False,False
5669,,,bd3f.,Atenix,Atenix 50mg tablet,Atenolol,50 mg,,beta blockers,False,False
5670,,,bd3g.,Atenix,Atenix 100mg tablet,Atenolol,100 mg,,beta blockers,False,False
5671,,,bd3h.,Totamol,Totamol 50mg tablet,Atenolol,50 mg,,beta blockers,False,False
5672,,,bd3i.,Totamol,Totamol 100mg tablet,Atenolol,100 mg,,beta blockers,False,False
5673,,,bd3j.,Atenolol,Atenolol 25mg tablet,Atenolol,25 mg,,beta blockers,False,False
5674,,,bd3k.,Totamol,Totamol 25mg tablet,Atenolol,25 mg,,beta blockers,False,False
5675,,,bd3l.,Antipressan,Antipressan 25mg tablet,Atenolol,25 mg,,beta blockers,False,False
5676,,,bd3x.,Atenolol,Atenolol 25mg/5mL syrup,Atenolol,25 mg/5 ml,,beta blockers,False,False
5677,,,bd3y.,Atenolol,Atenolol 5mg/10mL injection,Atenolol,5 mg/10 ml,,beta blockers,False,False
5678,,,bd3z.,Atenix,Atenix 25mg tablet,Atenolol,25 mg,,beta blockers,False,False
5679,,,bd4..,Betaxolol HCl,Betaxolol HCl [b-blocker],Betaxolol Hydrochloride,,,beta blockers,False,False
5680,,,bd41.,Kerlone,Kerlone 20mg tablet,Betaxolol Hydrochloride,20 mg,,beta blockers,False,False
5681,,,bd54.,Labrocol,Labrocol 100mg tablet,Labetalol Hydrochloride,100 mg,,beta blockers,False,False
5682,,,bd55.,Labrocol,Labrocol 200mg tablet,Labetalol Hydrochloride,200 mg,,beta blockers,False,False
5683,,,bd56.,Labrocol,Labrocol 400mg tablet,Labetalol Hydrochloride,400 mg,,beta blockers,False,False
5684,,,bd57.,Trandate,Trandate 50mg tablet,Labetalol Hydrochloride,50 mg,,beta blockers,False,False
5685,,,bd58.,Trandate,Trandate 100mg tablet,Labetalol Hydrochloride,100 mg,,beta blockers,False,False
5686,,,bd59.,Trandate,Trandate 200mg tablet,Labetalol Hydrochloride,200 mg,,beta blockers,False,False
5687,,,bd5a.,Trandate,Trandate 400mg tablet,Labetalol Hydrochloride,400 mg,,beta blockers,False,False
5688,,,bd5b.,Trandate,Trandate 100mg/20mL injection,Labetalol Hydrochloride,100 mg/20 ml,,beta blockers,False,False
5689,,,bd6..,Toprol,Metoprolol tartrate,Metoprolol Tartrate,,,beta blockers,False,False
5690,,,bd61.,Betaloc,Betaloc 50mg tablet,Metoprolol Tartrate,50 mg,,beta blockers,False,False
5691,,,bd62.,Betaloc,Betaloc 100mg tablet,Metoprolol Tartrate,100 mg,,beta blockers,False,False
5692,,,bd63.,Betaloc,Betaloc 5mg/5mL injection,Metoprolol Tartrate,5 mg/5 ml,,beta blockers,False,False
5693,,,bd64.,Betaloc,Betaloc-SA 200mg Durule,Metoprolol Tartrate,200 mg,,beta blockers,False,False
5694,,,bd65.,Lopresor,Lopresor 50mg tablet,Metoprolol Tartrate,50 mg,,beta blockers,False,False
5695,,,bd66.,Lopresor,Lopresor 100mg tablet,Metoprolol Tartrate,100 mg,,beta blockers,False,False
5696,,,bd67.,Mepranix,Mepranix 50mg tablet,Metoprolol Tartrate,50 mg,,beta blockers,False,False
5697,,,bd68.,Mepranix,Mepranix 100mg tablet,Metoprolol Tartrate,100 mg,,beta blockers,False,False
5698,,,bd6a.,Lopresor,Lopresor 5mg/5mL injection,Metoprolol Tartrate,5 mg/5 ml,,beta blockers,False,False
5699,,,bd6b.,Lopresor,Lopresor SR 200mg m/r tablet,Metoprolol Tartrate,200 mg,,beta blockers,False,False
5700,,,bd6c.,Arbralene,Arbralene 50mg tablet,Metoprolol Tartrate,50 mg,,beta blockers,False,False
5701,,,bd6d.,Arbralene,Arbralene 100mg tablet,Metoprolol Tartrate,100 mg,,beta blockers,False,False
5702,,,bd6e.,Tensomex,Tensomex 100mg tablet,Metoprolol Tartrate,100 mg,,beta blockers,False,False
5703,,,bd6w.,Toprol,Metoprolol tartrate 100mg tablet,Metoprolol Tartrate,100 mg,,beta blockers,False,False
5704,,,bd6x.,Toprol,Metoprolol tartrate 50mg tablet,Metoprolol Tartrate,50 mg,,beta blockers,False,False
5705,,,bd6y.,Toprol,Metoprolol tartrate 5mg/5mL injection,Metoprolol Tartrate,5 mg/5 ml,,beta blockers,False,False
5706,,,bd6z.,Toprol,Metoprolol tartrate 200mg m/r tablet,Metoprolol Tartrate,200 mg,,beta blockers,False,False
5707,,,bd7..,Nadolol,Nadolol,Nadolol,,,beta blockers,False,False
5708,,,bd71.,Corgard,Corgard 40mg tablet,Nadolol,40 mg,,beta blockers,False,False
5709,,,bd72.,Corgard,Corgard 80mg tablet,Nadolol,80 mg,,beta blockers,False,False
5710,,,bd7y.,Nadolol,Nadolol 40mg tablet,Nadolol,40 mg,,beta blockers,False,False
5711,,,bd7z.,Nadolol,Nadolol 80mg tablet,Nadolol,80 mg,,beta blockers,False,False
5712,,,bd85.,Apsolox,Apsolox 20mg tablet,Oxprenolol Hydrochloride,20 mg,,beta blockers,False,False
5713,,,bd86.,Apsolox,Apsolox 40mg tablet,Oxprenolol Hydrochloride,40 mg,,beta blockers,False,False
5714,,,bd87.,Apsolox,Apsolox 80mg tablet,Oxprenolol Hydrochloride,80 mg,,beta blockers,False,False
5715,,,bd88.,Apsolox,Apsolox 160mg tablet,Oxprenolol Hydrochloride,160 mg,,beta blockers,False,False
5716,,,bd89.,Laracor,Laracor 20mg tablet,Oxprenolol Hydrochloride,20 mg,,beta blockers,False,False
5717,,,bd8a.,Laracor,Laracor 40mg tablet,Oxprenolol Hydrochloride,40 mg,,beta blockers,False,False
5718,,,bd8b.,Laracor,Laracor 80mg tablet,Oxprenolol Hydrochloride,80 mg,,beta blockers,False,False
5719,,,bd8c.,Laracor,Laracor 160mg tablet,Oxprenolol Hydrochloride,160 mg,,beta blockers,False,False
5720,,,bd8d.,Slow-Pren,Slow-Pren 160mg m/r tablet,Oxprenolol Hydrochloride,160 mg,,beta blockers,False,False
5721,,,bd8e.,Slow-Trasicor,Slow-Trasicor 160mg m/r tablet,Oxprenolol Hydrochloride,160 mg,,beta blockers,False,False
5722,,,bd8f.,Trasicor,Trasicor 20mg tablet,Oxprenolol Hydrochloride,20 mg,,beta blockers,False,False
5723,,,bd8g.,Trasicor,Trasicor 40mg tablet,Oxprenolol Hydrochloride,40 mg,,beta blockers,False,False
5724,,,bd8h.,Trasicor,Trasicor 80mg tablet,Oxprenolol Hydrochloride,80 mg,,beta blockers,False,False
5725,,,bd8i.,Trasicor,Trasicor 160mg tablet,Oxprenolol Hydrochloride,160 mg,,beta blockers,False,False
5726,,,bd8j.,Trasicor,Trasicor 2mg injection,Oxprenolol Hydrochloride,2 mg,,beta blockers,False,False
5727,,,bd8k.,Paritane,Paritane 20mg tablet,Oxprenolol Hydrochloride,20 mg,,beta blockers,False,False
5728,,,bd8l.,Paritane,Paritane 40mg tablet,Oxprenolol Hydrochloride,40 mg,,beta blockers,False,False
5729,,,bd8m.,Paritane,Paritane 80mg tablet,Oxprenolol Hydrochloride,80 mg,,beta blockers,False,False
5730,,,bd8n.,Paritane,Paritane 160mg tablet,Oxprenolol Hydrochloride,160 mg,,beta blockers,False,False
5731,,,bda..,Pindolol,Pindolol,Pindolol,,,beta blockers,False,False
5732,,,bda1.,Visken,Visken 5mg tablet,Pindolol,5 mg,,beta blockers,False,False
5733,,,bda2.,Visken,Visken 15mg tablet,Pindolol,15 mg,,beta blockers,False,False
5734,,,bda3.,Betadren,Betadren 5mg tablet,Pindolol,5 mg,,beta blockers,False,False
5735,,,bda4.,Betadren,Betadren 15mg tablet,Pindolol,15 mg,,beta blockers,False,False
5736,,,bday.,Pindolol,Pindolol 5mg tablet,Pindolol,5 mg,,beta blockers,False,False
5737,,,bdaz.,Pindolol,Pindolol 15mg tablet,Pindolol,15 mg,,beta blockers,False,False
5738,,,bdb..,Practolol,Practolol [b-blocker],Practolol,,,beta blockers,False,False
5739,,,bdc1.,Beta-Cardone,Beta-Cardone 40mg tablet,Sotalol Hydrochloride,40 mg,,beta blockers,False,False
5740,,,bdc2.,Beta-Cardone,Beta-Cardone 80mg tablet,Sotalol Hydrochloride,80 mg,,beta blockers,False,False
5741,,,bdc3.,Beta-Cardone,Beta-Cardone 200mg tablet,Sotalol Hydrochloride,200 mg,,beta blockers,False,False
5742,,,bdc4.,Sotacor,Sotacor 80mg tablet,Sotalol Hydrochloride,80 mg,,beta blockers,False,False
5743,,,bdc5.,Sotacor,Sotacor 160mg tablet,Sotalol Hydrochloride,160 mg,,beta blockers,False,False
5744,,,bdc6.,Sotacor,Sotacor 10mg/5mL injection,Sotalol Hydrochloride,10 mg/5 ml,,beta blockers,False,False
5745,,,bdc7.,Sotacor,Sotacor 100mg/10mL injection,Sotalol Hydrochloride,100 mg/10 ml,,beta blockers,False,False
5746,,,bdc8.,Sotacor,Sotacor 40mg/4mL injection,Sotalol Hydrochloride,40 mg/4 ml,,beta blockers,False,False
5747,,,bdd..,Timolol,Timolol maleate [b-blocker],Timolol,,,beta blockers,False,False
5748,,,bdd1.,Betim,Betim 10mg tablet,Timolol,10 mg,,beta blockers,False,False
5749,,,bdd2.,Blocadren,Blocadren 10mg tablet,Timolol,10 mg,,beta blockers,False,False
5750,,,bddz.,Timolol,Timolol maleate 10mg tablet,Timolol,10 mg,,beta blockers,False,False
5751,,,bde1.,Betaloc,Co-Betaloc tablet,Metoprolol Tartrate,,,beta blockers,False,False
5752,,,bde2.,Betaloc,Co-Betaloc SA tablet,Metoprolol Tartrate,,,beta blockers,False,False
5753,,,bde3.,Corgaretic,Corgaretic 40mg tablet,Nadolol With Diuretic,40 mg,,beta blockers,False,False
5754,,,bde4.,Corgaretic,Corgaretic 80mg tablet,Nadolol With Diuretic,80 mg,,beta blockers,False,False
5755,,,bde5.,Inderetic,Inderetic capsule,Propranolol Hydrochloride With Diuretic,,,beta blockers,False,False
5756,,,bde6.,Inderex,Inderex capsule,Propranolol Hydrochloride With Diuretic,,,beta blockers,False,False
5757,,,bde7.,Kalten,Kalten capsule,Atenolol With Diuretic,,,beta blockers,False,False
5758,,,bde8.,Lasipressin,Lasipressin tablet,Penbutolol Sulphate With Diuretic,,,beta blockers,False,False
5759,,,bde9.,Lopresor,Lopresoretic tablet,Metoprolol Tartrate,,,beta blockers,False,False
5760,,,bdeA.,Toprol,Metoprolol tartrate+hydrochlorothiazide 100mg/12.5mg tablet,Metoprolol Tartrate,100 mg,,beta blockers,False,True
5761,,,bdeB.,Toprol,Metoprolol tartrate+hydrochlorothiazide 200mg/25mg m/r tablet,Metoprolol Tartrate,200 mg,,beta blockers,False,True
5762,,,bdeC.,Toprol,Metoprolol tartrate+chlorthalidone 100mg/12.5mg tablet,Metoprolol Tartrate,100 mg,,beta blockers,False,False
5763,,,bdeD.,Nadolol,Nadolol+bendroflumethiazide 40mg/5mg tablet,Nadolol,40 mg,,beta blockers,False,True
5764,,,bdeD.,Nadolol,Nadolol+bendrofluazide 40mg/5mg tablet,Nadolol,40 mg,,beta blockers,False,False
5765,,,bdeE.,Nadolol,Nadolol+bendrofluazide 80mg/5mg tablet,Nadolol,80 mg,,beta blockers,False,False
5766,,,bdeG.,Pindolol,Pindolol+clopamide 10mg/5mg tablet,Pindolol,10 mg,,beta blockers,False,False
5767,,,bdeK.,Timolol,Timolol maleate+co-amilozide 10mg/2.5mg/25mg tablet,Timolol,10 mg,,beta blockers,False,True
5768,,,bdeL.,Timolol,Timolol maleate+bendroflumethiazide 10mg/2.5mg tablet,Timolol,10 mg,,beta blockers,False,True
5769,,,bdeL.,Timolol,Timolol maleate+bendrofluazide 10mg/2.5mg tablet,Timolol,10 mg,,beta blockers,False,False
5770,,,bdeM.,Timolol,Timolol maleate+bendrofluazide 20mg/5mg tablet,Timolol,20 mg,,beta blockers,False,False
5771,,,bdeN.,Totaretic,Totaretic 50mg/12.5mg tablet,Co-Tenidone (Atenolol/Chlortalidone),50 mg,,beta blockers,False,False
5772,,,bdeO.,Totaretic,Totaretic 100mg/25mg tablet,Co-Tenidone (Atenolol/Chlortalidone),100 mg,,beta blockers,False,False
5773,,,bdeP.,Atenolol,Atenolol+bendrofluazide 25mg/1.25mg capsule,Atenolol,25 mg,,beta blockers,False,False
5774,,,bdeQ.,Tenben,Tenben capsule,Atenolol with Thiazides,,,beta blockers,False,False
5775,,,bdea.,Moducren,Moducren tablet,Timolol With Diuretic,,,beta blockers,False,False
5776,,,bdeb.,Prestim,Prestim tablet,Timolol With Diuretic,,,beta blockers,False,False
5777,,,bdec.,Prestim,Prestim Forte tablet,Timolol With Diuretic,,,beta blockers,False,False
5778,,,bded.,Secadrex,Secadrex tablet,Acebutolol Hydrochloride With Diuretic,,,beta blockers,False,False
5779,,,bdee.,Sotazide,Sotazide tablet,Sotalol Hydrochloride With Diuretic,,,beta blockers,False,False
5780,,,bdef.,Spiroprop,Spiroprop tablet,Propranolol Hydrochloride With Diuretic,,,beta blockers,False,False
5781,,,bdeg.,Tenoret,Tenoret 50 tablet,Co-Tenidone (Atenolol/Chlortalidone),,50.0,beta blockers,False,False
5782,,,bdeh.,Tenoret,Tenoretic tablet,Co-Tenidone (Atenolol/Chlortalidone),,,beta blockers,False,False
5783,,,bdei.,Tolerzide,Tolerzide tablet,Sotalol Hydrochloride With Diuretic,,,beta blockers,False,False
5784,,,bdej.,Trasidrex,Trasidrex tablet,Co-Prenozide (Oxprenolol HCl/Cyclopenth),,,beta blockers,False,False
5785,,,bdek.,Viskaldix,Viskaldix tablet,Pindolol With Diuretic,,,beta blockers,False,False
5786,,,bdem.,Atenolol,Atenolol+chlorthalidone 50mg/12.5mg tablet,Atenolol,50 mg,,beta blockers,False,False
5787,,,bdem.,Atenolol,Atenolol+chlortalidone 50mg/12.5mg tablet,Atenolol,50 mg,,beta blockers,False,True
5788,,,bden.,Atenolol,Atenolol+chlorthalidone 100mg/25mg tablet,Atenolol,100 mg,,beta blockers,False,False
5789,,,bden.,Atenolol,Atenolol+chlortalidone 100mg/25mg tablet,Atenolol,100 mg,,beta blockers,False,True
5790,,,bdeo.,Atenix,AtenixCo 50mg/12.5mg tablet,Atenolol,50 mg,,beta blockers,False,False
5791,,,bdep.,Atenix,AtenixCo 100mg/25mg tablet,Atenolol,100 mg,,beta blockers,False,False
5792,,,bdeq.,Tenchlor,Tenchlor 50mg/12.5mg tablet,Co-Tenidone (Atenolol/Chlortalidone),50 mg,,beta blockers,False,False
5793,,,bder.,Tenchlor,Tenchlor 100mg/25mg tablet,Co-Tenidone (Atenolol/Chlortalidone),100 mg,,beta blockers,False,False
5794,,,bdes.,Beta-Adalat,Beta-Adalat capsule,Atenolol With Calcium Channel Blocker,,,beta blockers,True,False
5795,,,bdet.,Tenif,Tenif capsule,Atenolol With Calcium Channel Blocker,,,beta blockers,False,False
5796,,,bdey.,Atenolol,Atenolol+co-amilozide 50mg/2.5mg/25mg capsule,Atenolol,50 mg,,beta blockers,False,True
5797,,,bdez.,Atenolol,Atenolol+nifedipine 50mg/20mg m/r capsule,Atenolol,50 mg,,beta blockers,True,False
5798,,,bdf..,Soprol,Bisoprolol fumarate,Bisoprolol Fumarate,,,beta blockers,False,False
5799,,,bdf1.,Soprol,Bisoprolol fumarate 5mg tablet,Bisoprolol Fumarate,5 mg,,beta blockers,False,False
5800,,,bdf2.,Soprol,Bisoprolol fumarate 10mg tablet,Bisoprolol Fumarate,10 mg,,beta blockers,False,False
5801,,,bdf3.,Monocor,Monocor 5mg tablet,Bisoprolol Fumarate,5 mg,,beta blockers,False,False
5802,,,bdf4.,Monocor,Monocor 10mg tablet,Bisoprolol Fumarate,10 mg,,beta blockers,False,False
5803,,,bdf5.,Emcor,Emcor LS 5mg tablet,Bisoprolol Fumarate,5 mg,,beta blockers,False,False
5804,,,bdf6.,Emcor,Emcor 10mg tablet,Bisoprolol Fumarate,10 mg,,beta blockers,False,False
5805,,,bdf7.,Monozide 10,Monozide 10 tablet,Bisoprolol Fumarate With Diuretic,,10.0,beta blockers,False,False
5806,,,bdf8.,Soprol,Bisoprolol fumarate+hydrochlorothiazide 10mg/6.25mg tablet,Bisoprolol Fumarate,10 mg,,beta blockers,False,True
5807,,,bdf9.,Cardicor,Cardicor 1.25mg tablet,Bisoprolol Fumarate,1.25 mg,,beta blockers,False,False
5808,,,bdfA.,Cardicor,Cardicor 2.5mg tablet,Bisoprolol Fumarate,2.5 mg,,beta blockers,False,False
5809,,,bdfB.,Cardicor,Cardicor 3.75mg tablet,Bisoprolol Fumarate,3.75 mg,,beta blockers,False,False
5810,,,bdfC.,Cardicor,Cardicor 5mg tablet,Bisoprolol Fumarate,5 mg,,beta blockers,False,False
5811,,,bdfD.,Cardicor,Cardicor 7.5mg tablet,Bisoprolol Fumarate,7.5 mg,,beta blockers,False,False
5812,,,bdfE.,Cardicor,Cardicor 10mg tablet,Bisoprolol Fumarate,10 mg,,beta blockers,False,False
5813,,,bdfF.,Bipranix,Bipranix 5mg tablet,Bisoprolol Fumarate,5 mg,,beta blockers,False,False
5814,,,bdfG.,Bipranix,Bipranix 10mg tablet,Bisoprolol Fumarate,10 mg,,beta blockers,False,False
5815,,,bdfH.,Soloc,Soloc 5mg tablet,Bisoprolol Fumarate,5 mg,,beta blockers,False,False
5816,,,bdfI.,Soloc,Soloc 10mg tablet,Bisoprolol Fumarate,10 mg,,beta blockers,False,False
5817,,,bdfJ.,Vivacor,Vivacor 10mg tablet,Bisoprolol Fumarate,10 mg,,beta blockers,False,False
5818,,,bdfK.,Vivacor,Vivacor 5mg tablet,Bisoprolol Fumarate,5 mg,,beta blockers,False,False
5819,,,bdfL.,Congescor,Congescor 1.25mg tablet,Bisoprolol Fumarate,1.25 mg,,beta blockers,False,False
5820,,,bdfM.,Congescor,Congescor 2.5mg tablet,Bisoprolol Fumarate,2.5 mg,,beta blockers,False,False
5821,,,bdfw.,Soprol,Bisoprolol fumarate 1.25mg tablet,Bisoprolol Fumarate,1.25 mg,,beta blockers,False,False
5822,,,bdfx.,Soprol,Bisoprolol fumarate 2.5mg tablet,Bisoprolol Fumarate,2.5 mg,,beta blockers,False,False
5823,,,bdfy.,Soprol,Bisoprolol fumarate 3.75mg tablet,Bisoprolol Fumarate,3.75 mg,,beta blockers,False,False
5824,,,bdfz.,Soprol,Bisoprolol fumarate 7.5mg tablet,Bisoprolol Fumarate,7.5 mg,,beta blockers,False,False
5825,,,bdh..,Toprol,Metoprolol fumarate,Metoprolol Tartrate,,,beta blockers,False,False
5826,,,bdh1.,Toprol,Metoprolol fumarate 190mg tablet,Metoprolol Tartrate,190 mg,,beta blockers,False,False
5827,,,bdh2.,Toprol,Metoprolol fumarate 95mg tablet,Metoprolol Tartrate,95 mg,,beta blockers,False,False
5828,,,bdh3.,Metoros,Metoros 190mg tablet,Metoprolol Fumarate,190 mg,,beta blockers,False,False
5829,,,bdh4.,Metoros,Metoros 95mg tablet,Metoprolol Fumarate,95 mg,,beta blockers,False,False
5830,,,bdi2.,Cartrol,Cartrol 10mg tablet,Carteolol Hydrochloride,10 mg,,beta blockers,False,False
5831,,,bdj2.,Celectol,Celectol 200mg tablets 28-CP,Celiprolol Hydrochloride,200 mg,,beta blockers,False,False
5832,,,bdj3.,Celectol,Celectol 200mg tablet,Celiprolol Hydrochloride,200 mg,,beta blockers,False,False
5833,,,bdj5.,Celectol,Celectol 400mg tablet,Celiprolol Hydrochloride,400 mg,,beta blockers,False,False
5834,,,bdk3.,Brevibloc,Brevibloc Concentrate 2.5g/10mL injection,Esmolol Hydrochloride,,,beta blockers,False,False
5835,,,bdk4.,Brevibloc,Brevibloc 100mg/10mL injection,Esmolol Hydrochloride,100 mg/10 ml,,beta blockers,False,False
5836,,,bdk6.,Brevibloc,Brevibloc 10mg/mL infusion solution,Esmolol Hydrochloride,10 mg/mL,,beta blockers,False,False
5837,,,bdk7.,Esmolol Hydrochloride,ESMOLOL HYDROCHLORIDE 2.5g powder for solution for injection,Esmolol Hydrochloride,,,beta blockers,False,False
5838,,,bdl..,Carvedilol,Carvedilol,Carvedilol,,,beta blockers,False,False
5839,,,bdl1.,Eucardic,Eucardic 12.5 tablet,Carvedilol,,5.0,beta blockers,False,False
5840,,,bdl2.,Eucardic,Eucardic 25 tablet,Carvedilol,,25.0,beta blockers,False,False
5841,,,bdl3.,Carvedilol,Carvedilol 12.5mg tablet,Carvedilol,12.5 mg,,beta blockers,False,False
5842,,,bdl4.,Carvedilol,Carvedilol 25mg tablet,Carvedilol,25 mg,,beta blockers,False,False
5843,,,bdl5.,Carvedilol,Carvedilol 3.125mg tablet,Carvedilol,3.125 mg,,beta blockers,False,False
5844,,,bdl6.,Carvedilol,Carvedilol 6.25mg tablet,Carvedilol,6.25 mg,,beta blockers,False,False
5845,,,bdl7.,Eucardic,Eucardic 3.125 tablet,Carvedilol,,125.0,beta blockers,False,False
5846,,,bdl8.,Eucardic,Eucardic 6.25 tablet,Carvedilol,,25.0,beta blockers,False,False
5847,,,bdm..,Nebivolol,Nebivolol,Nebivolol,,,beta blockers,False,False
5848,,,bdm1.,Nebilet,Nebilet 5mg tablet,Nebivolol,5 mg,,beta blockers,False,False
5849,,,bdm2.,Hypoloc,HYPOLOC 5mg tablets,Nebivolol,5 mg,,beta blockers,False,False
5850,,,bdmy.,Nebivolol,NEBIVOLOL 2.5mg tablets,Nebivolol,2.5 mg,,beta blockers,False,False
5851,,,bdmz.,Nebivolol,Nebivolol 5mg tablet,Nebivolol,5 mg,,beta blockers,False,False
5852,,,bdn1.,Syprol,Syprol 50mg/5mL oral solution,Propranolol Hydrochloride,50 mg/5 ml,,beta blockers,False,False
5853,,,bdn2.,Bedranol,Bedranol SR 80mg m/r capsule,Propranolol Hydrochloride,80 mg,,beta blockers,False,False
5854,,,bdn3.,Rapranol,Rapranol SR 80mg m/r capsule,Propranolol Hydrochloride,80 mg,,beta blockers,False,False
5855,,,bdn4.,Rapranol,Rapranol SR 160mg m/r capsule,Propranolol Hydrochloride,160 mg,,beta blockers,False,False
5856,,,bdn5.,Syprol,SYPROL 40mg/5mL oral solution,Propranolol Hydrochloride,40 mg/5 ml,,beta blockers,False,False
5857,,,bdn6.,Propranolol Hydrochloride,PROPRANOLOL HYDROCHLORIDE 40mg/5mL sugar free oral solution,Propranolol Hydrochloride,40 mg/5 ml,,beta blockers,False,False
5858,,,d7d1.,Concor,Concordin 5mg tablet,Bisoprolol Fumarate,5 mg,,beta blockers,False,False
5859,,,d7d2.,Concor,Concordin 10mg tablet,Bisoprolol Fumarate,10 mg,,beta blockers,False,False
5860,,,k8f..,Timolol,Timolol maleate [eye],Timolol,,,beta blockers,False,False
5861,,,k8f4.,Timolol,Timolol 0.25% eye drops 0.25mL unit dose dispenser,Timolol,,,beta blockers,False,False
5862,,,k8f6.,Timolol,Timolol 0.5% eye drops 0.25mL unit dose dispenser,Timolol,,,beta blockers,False,False
5863,,,k8f9.,Timolol,Timolol 0.25% liquid eye gel,Timolol,,,beta blockers,False,False
5864,,,k8fA.,Timolol,Timolol 0.5% liquid eye gel,Timolol,,,beta blockers,False,False
5865,,,k8fF.,Timolol,Timolol 0.1% liquid eye gel,Timolol,,,beta blockers,False,False
5866,,,k8fI.,Timolol,TIMOLOL 1mg/g single-dose eye gel,Timolol,1 mg,,beta blockers,False,False
5867,,,k8fy.,Timolol,Timolol 0.25% eye drops,Timolol,,,beta blockers,False,False
5868,,,k8fz.,Timolol,Timolol 0.5% eye drops,Timolol,,,beta blockers,False,False
5869,,,k8k..,Timolol,Dorzolamide+timolol,Timolol,,,beta blockers,False,False
5870,,,k8k1.,Timolol,Dorzolamide+timolol 2%/0.5% eye drops,Timolol,,,beta blockers,False,False
5871,,,k8k4.,Timolol,DORZOLAMIDE+TIMOLOL 2%/0.5% single-use eye drops,Timolol,,,beta blockers,False,False
5872,,,k8m..,Timolol,Latanoprost+timolol,Timolol,,,beta blockers,False,False
5873,,,k8mz.,Timolol,Latanoprost+timolol 0.005%/0.5% eye drops,Timolol,,,beta blockers,False,False
5874,,,k8p..,Timolol,Brimonidine+timolol,Timolol,,,beta blockers,False,False
5875,,,k8p1.,Timolol,Brimonidine tartrate 0.2% / timolol 0.5% eye drops,Timolol,,,beta blockers,False,False
5876,,,k8q..,Timolol,TIMOLOL+TRAVOPROST,Timolol,,,beta blockers,False,False
5877,,,k8q1.,Timolol,TRAVOPROST 0.004% / TIMOLOL 0.5% eye drops,Timolol,,,beta blockers,False,False
5878,,,k8r..,Timolol,BIMATOPROST+TIMOLOL,Timolol,,,beta blockers,False,False
5879,,,k8r1.,Timolol,BIMATOPROST 0.03% / TIMOLOL 0.5% eye drops,Timolol,,,beta blockers,False,False
5880,,,k8r4.,Timolol,BIMATOPROST+TIMOLOL 0.03%/0.5% single-use eye drops,Timolol,,,beta blockers,False,False
5881,,,k8s..,Timolol,BRINZOLAMIDE+TIMOLOL,Timolol,,,beta blockers,False,False
5882,,,k8sz.,Timolol,BRINZOLAMIDE 1% / TIMOLOL 0.5% eye drops,Timolol,,,beta blockers,False,False
5883,,,k8v..,Timolol,TAFLUPROST+TIMOLOL,Timolol,,,beta blockers,False,False
5884,,,k8v2.,Timolol,TAFLUPROST+TIMOLOL 15micrograms/5mg/mL single-use eye drops,Timolol,5 mg/mL,,beta blockers,False,False
5885,,,m81I.,Artex,Wartex ointment 6g,Tertatolol,,,beta blockers,False,False
5886,,,wy0BQ,Concor,Concord Pharmaceutical Ltd,Bisoprolol Fumarate,,,beta blockers,False,False
5887,,,x000z,Atenolol,Atenolol+calcium channel blocker,Atenolol,,,beta blockers,False,False
5888,,,x0010,Atenolol,Atenolol+diuretic,Atenolol,,,beta blockers,False,False
5889,,,x007i,Toprol,Metoprolol+diuretic,Metoprolol Tartrate,,,beta blockers,False,False
5890,,,x0087,Nadolol,Nadolol+diuretic,Nadolol,,,beta blockers,False,False
5891,,,x009S,Pindolol,Pindolol+diuretic,Pindolol,,,beta blockers,False,False
5892,,,x00BL,Timolol,Timolol maleate+diuretic,Timolol,,,beta blockers,False,False
5893,,,x00Tb,Avlocardyl,Avlocardyl Retard 160mg m/r capsule,Propranolol Hydrochloride,160 mg,,beta blockers,False,False
5894,,,x00Te,Inderal,Inderal Retard 160mg m/r capsule,Propranolol Hydrochloride,160 mg,,beta blockers,False,False
5895,,,x00Tr,Trasicor,Trasicor Retard 160mg m/r tablet,Oxprenolol Hydrochloride,160 mg,,beta blockers,False,False
5896,,,x00Vw,Timolol,Timolol 0.25% metered dose eye drops,Timolol,,,beta blockers,False,False
5897,,,x00Vx,Timolol,Timolol 0.5% metered dose eye drops,Timolol,,,beta blockers,False,False
5898,,,x01C1,Soprol,Bisoprolol,Bisoprolol Fumarate,,,beta blockers,False,False
5899,,,x01C4,Toprol,Metoprolol,Metoprolol Tartrate,,,beta blockers,False,False
5900,,,x01CC,Practolol,Practolol,Practolol,,,beta blockers,False,False
5901,,,x01CJ,Timolol,Timolol,Timolol,,,beta blockers,False,False
5902,,,x01CK,Timolol,Oral timolol,Timolol,,,beta blockers,False,False
5903,,,x01CL,Timolol,Timolol eye drops,Timolol,,,beta blockers,False,False
5904,,,x02Rk,Atenolol,Atenolol+chlorthalidone,Atenolol,,,beta blockers,False,False
5905,,,x02Rk,Atenolol,Atenolol+chlortalidone,Atenolol,,,beta blockers,False,True
5906,,,x02Ty,Angilol,Angilol,Propranolol Hydrochloride,,,beta blockers,False,False
5907,,,x02U3,Antipressan,Antipressan,Atenolol,,,beta blockers,False,False
5908,,,x02UD,Apsolol,Apsolol,Propranolol Hydrochloride,,,beta blockers,False,False
5909,,,x02UG,Arbralene,Arbralene,Metoprolol Tartrate,,,beta blockers,False,False
5910,,,x02Uf,Atenix,Atenix,Atenolol,,,beta blockers,False,False
5911,,,x02Ug,Atenix,AtenixCo,Atenolol,,,beta blockers,False,False
5912,,,x02Un,Avlocardyl,Avlocardyl Retard,Propranolol Hydrochloride,,,beta blockers,False,False
5913,,,x02VB,Bedranol,Bedranol SR,Propranolol Hydrochloride,,,beta blockers,False,False
5914,,,x02VQ,Berkolol,Berkolol,Propranolol Hydrochloride,,,beta blockers,False,False
5915,,,x02VT,Beta-Adalat,Beta-Adalat,Atenolol With Calcium Channel Blocker,,,beta blockers,True,False
5916,,,x02VU,Beta-Cardone,Beta-Cardone,Sotalol Hydrochloride,,,beta blockers,False,False
5917,,,x02VV,Beta-Prograne,Beta-Prograne,Propranolol Hydrochloride,,,beta blockers,False,False
5918,,,x02Va,Betaloc,Betaloc,Metoprolol Tartrate,,,beta blockers,False,False
5919,,,x02Vb,Betaloc,Betaloc-SA,Metoprolol Tartrate,,,beta blockers,False,False
5920,,,x02Vc,Betim,Betim,Timolol,,,beta blockers,False,False
5921,,,x02Vm,Blocadren,Blocadren,Timolol,,,beta blockers,False,False
5922,,,x02Vu,Brevibloc,Brevibloc,Esmolol Hydrochloride,,,beta blockers,False,False
5923,,,x02Wp,Cardinol,Cardinol,Propranolol Hydrochloride,,,beta blockers,False,False
5924,,,x02X3,Celectol,Celectol,Celiprolol Hydrochloride,,,beta blockers,False,False
5925,,,x02Xf,Betaloc,Co-Betaloc,Metoprolol Tartrate,,,beta blockers,False,False
5926,,,x02Xg,Betaloc,Co-Betaloc SA,Metoprolol Tartrate,,,beta blockers,False,False
5927,,,x02Xv,Concor,Concordin,Bisoprolol Fumarate,,,beta blockers,False,False
5928,,,x02Y3,Corgard,Corgard,Nadolol,,,beta blockers,False,False
5929,,,x02Y4,Corgaretic,Corgaretic,Nadolol With Diuretic,,,beta blockers,False,False
5930,,,x02bC,Emcor,Emcor,Bisoprolol Fumarate,,,beta blockers,False,False
5931,,,x02bD,Emcor,Emcor LS,Bisoprolol Fumarate,,,beta blockers,False,False
5932,,,x02bs,Eucardic,Eucardic,Carvedilol,,,beta blockers,False,False
5933,,,x02eO,Beta-Prograne,Half Beta-Prograne,Propranolol Hydrochloride,,,beta blockers,False,False
5934,,,x02eP,Inderal,Half-Inderal LA,Propranolol Hydrochloride,,,beta blockers,False,False
5935,,,x02fW,Inderal,Inderal,Propranolol Hydrochloride,,,beta blockers,False,False
5936,,,x02fX,Inderal,Inderal Retard,Propranolol Hydrochloride,,,beta blockers,False,False
5937,,,x02fY,Inderal,Inderal-LA,Propranolol Hydrochloride,,,beta blockers,False,False
5938,,,x02fZ,Inderetic,Inderetic,Propranolol Hydrochloride With Diuretic,,,beta blockers,False,False
5939,,,x02fa,Inderex,Inderex,Propranolol Hydrochloride With Diuretic,,,beta blockers,False,False
5940,,,x02g7,Kalten,Kalten,Atenolol With Diuretic,,,beta blockers,False,False
5941,,,x02gM,Kerlone,Kerlone,Betaxolol Hydrochloride,,,beta blockers,False,False
5942,,,x02gm,Labrocol,Labrocol,Labetalol Hydrochloride,,,beta blockers,False,False
5943,,,x02ht,Lopranol,Lopranol LA,Propranolol Hydrochloride,,,beta blockers,False,False
5944,,,x02hu,Lopresor,Lopresor,Metoprolol Tartrate,,,beta blockers,False,False
5945,,,x02hv,Lopresor,Lopresor SR,Metoprolol Tartrate,,,beta blockers,False,False
5946,,,x02jh,Moducren,Moducren,Timolol With Diuretic,,,beta blockers,False,False
5947,,,x02jn,Monocor,Monocor,Bisoprolol Fumarate,,,beta blockers,False,False
5948,,,x02oA,Prestim,Prestim,Timolol With Diuretic,,,beta blockers,False,False
5949,,,x02oB,Prestim,Prestim Forte,Timolol With Diuretic,,,beta blockers,False,False
5950,,,x02oL,Probeta,Probeta LA,Propranolol Hydrochloride,,,beta blockers,False,False
5951,,,x02oV,Propanix,Propanix,Propranolol Hydrochloride,,,beta blockers,False,False
5952,,,x02oW,Propanix,Propanix SR,Propranolol Hydrochloride,,,beta blockers,False,False
5953,,,x02qe,Secadrex,Secadrex,Acebutolol Hydrochloride With Diuretic,,,beta blockers,False,False
5954,,,x02qg,Sectral,Sectral,Acebutolol Hydrochloride,,,beta blockers,False,False
5955,,,x02r2,Sloprolol,Sloprolol,Propranolol Hydrochloride,,,beta blockers,False,False
5956,,,x02r6,Slow-Trasicor,Slow-Trasicor,Oxprenolol Hydrochloride,,,beta blockers,False,False
5957,,,x02rH,Sotacor,Sotacor,Sotalol Hydrochloride,,,beta blockers,False,False
5958,,,x02rI,Sotazide,Sotazide,Sotalol Hydrochloride With Diuretic,,,beta blockers,False,False
5959,,,x02sK,Tenchlor,Tenchlor,Co-Tenidone (Atenolol/Chlortalidone),,,beta blockers,False,False
5960,,,x02sL,Tenif,Tenif,Atenolol With Calcium Channel Blocker,,,beta blockers,False,False
5961,,,x02sN,Tenoret,Tenoret 50,Co-Tenidone (Atenolol/Chlortalidone),,,beta blockers,False,False
5962,,,x02sO,Tenoret,Tenoretic,Co-Tenidone (Atenolol/Chlortalidone),,,beta blockers,False,False
5963,,,x02sP,Tenormin,Tenormin,Atenolol,,,beta blockers,False,False
5964,,,x02sQ,Tenormin,Tenormin LS,Atenolol,,,beta blockers,False,False
5965,,,x02sr,Tolerzide,Tolerzide,Sotalol Hydrochloride With Diuretic,,,beta blockers,False,False
5966,,,x02sx,Totamol,Totamol,Atenolol,,,beta blockers,False,False
5967,,,x02sy,Totaretic,Totaretic,Co-Tenidone (Atenolol/Chlortalidone),,,beta blockers,False,False
5968,,,x02t1,Trandate,Trandate,Labetalol Hydrochloride,,,beta blockers,False,False
5969,,,x02t4,Trasicor,Trasicor,Oxprenolol Hydrochloride,,,beta blockers,False,False
5970,,,x02t5,Trasicor,Trasicor Retard,Oxprenolol Hydrochloride,,,beta blockers,False,False
5971,,,x02t6,Trasidrex,Trasidrex,Co-Prenozide (Oxprenolol HCl/Cyclopenth),,,beta blockers,False,False
5972,,,x02uP,Viskaldix,Viskaldix,Pindolol With Diuretic,,,beta blockers,False,False
5973,,,x02uQ,Visken,Visken,Pindolol,,,beta blockers,False,False
5974,,,x03hf,Timolol,Topical timolol,Timolol,,,beta blockers,False,False
5975,,,x03jn,Atenolol,Atenolol+bendroflumethiazide,Atenolol,,,beta blockers,False,True
5976,,,x03jn,Atenolol,Atenolol+bendrofluazide,Atenolol,,,beta blockers,False,False
5977,,,x03jo,Atenolol,Atenolol+co-amilozide,Atenolol,,,beta blockers,False,True
5978,,,x03jp,Tenben,Tenben,Atenolol with Thiazides,,,beta blockers,False,False
5979,,,x03sB,Brevibloc,Brevibloc Concentrate,Esmolol Hydrochloride,,,beta blockers,False,False
5980,,,x03st,Monozide 10,Monozide 10,Bisoprolol Fumarate With Diuretic,,,beta blockers,False,False
5981,,,x03wm,Propanix,Propanix LA,Propranolol Hydrochloride,,,beta blockers,False,False
5982,,,x03yR,Tenormin,Tenormin 25,Atenolol,,,beta blockers,False,False
5983,,,x048y,Propanix,Half Propanix LA,Propranolol Hydrochloride,,,beta blockers,False,False
5984,,,x04bN,Propatard,Half Propatard LA,Propranolol Hydrochloride,,,beta blockers,False,False
5985,,,x04bO,Propatard,Propatard LA,Propranolol Hydrochloride,,,beta blockers,False,False
5986,,,x04uG,Eucardic,Eucardic 3.125,Carvedilol,,,beta blockers,False,False
5987,,,x04uH,Eucardic,Eucardic 6.25,Carvedilol,,,beta blockers,False,False
5988,,,x04uI,Eucardic,Eucardic 12.5,Carvedilol,,,beta blockers,False,False
5989,,,x04uJ,Eucardic,Eucardic 25,Carvedilol,,,beta blockers,False,False
5990,,,x04y0,Nebilet,Nebilet,Nebivolol,,,beta blockers,False,False
5991,,,x054A,Artex,Wartex ointment,Tertatolol,,,beta blockers,False,False
5992,,,x054B,Artex,Wartex,Tertatolol,,,beta blockers,False,False
5993,,,x056B,Cardicor,Cardicor,Bisoprolol Fumarate,,,beta blockers,False,False
5994,,,x05E7,Syprol,Syprol,Propranolol Hydrochloride,,,beta blockers,False,False
5995,,,x05LO,Atenolol,Atenolol - chemical,Atenolol,,,beta blockers,False,False
5996,,,x05MW,Soprol,Bisoprolol fumarate - chemical,Bisoprolol Fumarate,,,beta blockers,False,False
5997,,,x05Xy,Bipranix,Bipranix,Bisoprolol Fumarate,,,beta blockers,False,False
5998,,,x05gS,Tensomex,Tensomex,Metoprolol Tartrate,,,beta blockers,False,False
5999,,,x05gY,Soloc,Soloc,Bisoprolol Fumarate,,,beta blockers,False,False
6000,,,x05i2,Rapranol,Rapranol SR,Propranolol Hydrochloride,,,beta blockers,False,False
6001,,,x05iH,Vivacor,Vivacor,Bisoprolol Fumarate,,,beta blockers,False,False
6002,,,x060K,Congescor,Congescor,Bisoprolol Fumarate,,,beta blockers,False,False
6003,,,.8BMR,Concor,Needs assistance with medication concordance,Bisoprolol Fumarate,,,beta blockers,False,False
6004,,,.8I6i,Soprol,Bisoprolol not indicated,Bisoprolol Fumarate,,,beta blockers,False,False
6005,,,.8I6j,Carvedilol,Carvedilol not indicated,Carvedilol,,,beta blockers,False,False
6006,,,.8I6k,Nebivolol,Nebivolol not indicated,Nebivolol,,,beta blockers,False,False
6007,,,.8I7K,Soprol,Bisoprolol not tolerated,Bisoprolol Fumarate,,,beta blockers,False,False
6008,,,.8I7L,Carvedilol,Carvedilol not tolerated,Carvedilol,,,beta blockers,False,False
6009,,,.8I7M,Nebivolol,Nebivolol not tolerated,Nebivolol,,,beta blockers,False,False
6010,,,8BMR.,Concor,Needs assistance with medication concordance,Bisoprolol Fumarate,,,beta blockers,False,False
6011,,,8I6i.,Soprol,Bisoprolol not indicated,Bisoprolol Fumarate,,,beta blockers,False,False
6012,,,8I6j.,Carvedilol,Carvedilol not indicated,Carvedilol,,,beta blockers,False,False
6013,,,8I6k.,Nebivolol,Nebivolol not indicated,Nebivolol,,,beta blockers,False,False
6014,,,8I7K.,Soprol,Bisoprolol not tolerated,Bisoprolol Fumarate,,,beta blockers,False,False
6015,,,8I7L.,Carvedilol,Carvedilol not tolerated,Carvedilol,,,beta blockers,False,False
6016,,,8I7M.,Nebivolol,Nebivolol not tolerated,Nebivolol,,,beta blockers,False,False
6017,,,bd38.,Beta-Adalat,Beta-Adalat capsule,Atenolol With Calcium Channel Blocker,,,beta blockers,True,False
6018,,,bd39.,Tenif,Tenif capsule,Atenolol With Calcium Channel Blocker,,,beta blockers,False,False
6019,,,031..,Univer,University academic staff,Verapamil Hydrochloride,,,calcium-channel blocker,True,False
6020,,,0311.,Univer,University vice-chancellor,Verapamil Hydrochloride,,,calcium-channel blocker,True,False
6021,,,0312.,Univer,University professor,Verapamil Hydrochloride,,,calcium-channel blocker,True,False
6022,,,0313.,Univer,University lecturer,Verapamil Hydrochloride,,,calcium-channel blocker,True,False
6023,,,0314.,Univer,University dean,Verapamil Hydrochloride,,,calcium-channel blocker,True,False
6024,,,031Z.,Univer,University teacher NOS,Verapamil Hydrochloride,,,calcium-channel blocker,True,False
6025,,,09Z..,Uard,(Private detective) or (security guard) or (other protective services),Diltiazem Hydrochloride,,,calcium-channel blocker,True,False
6026,,,09Z..,Uard,Security guard,Diltiazem Hydrochloride,,,calcium-channel blocker,True,False
6027,,,09Z..,Uard,Guard - security,Diltiazem Hydrochloride,,,calcium-channel blocker,True,False
6028,,,09Z1.,Uard,Coastguard,Diltiazem Hydrochloride,,,calcium-channel blocker,True,False
6029,,,09Z9.,Uard,Security guard,Diltiazem Hydrochloride,,,calcium-channel blocker,True,False
6030,,,0I24.,Uard,Railway guard,Diltiazem Hydrochloride,,,calcium-channel blocker,True,False
6031,,,13T2.,Uard,Guardian's allowance,Diltiazem Hydrochloride,,,calcium-channel blocker,True,False
6032,,,25D..,Uard,O/E - guarding on palpation,Diltiazem Hydrochloride,,,calcium-channel blocker,True,False
6033,,,25D..,Uard,O/E - guarding of abdomen,Diltiazem Hydrochloride,,,calcium-channel blocker,True,False
6034,,,25D1.,Uard,O/E - no guarding on palpation,Diltiazem Hydrochloride,,,calcium-channel blocker,True,False
6035,,,25D2.,Uard,O/E - guarding-R.hypochondrium,Diltiazem Hydrochloride,,,calcium-channel blocker,True,False
6036,,,25D3.,Uard,O/E - guarding - epigastrium,Diltiazem Hydrochloride,,,calcium-channel blocker,True,False
6037,,,25D4.,Uard,O/E - guarding-L.hypochondrium,Diltiazem Hydrochloride,,,calcium-channel blocker,True,False
6038,,,25D5.,Uard,O/E - guarding - R.lumbar,Diltiazem Hydrochloride,,,calcium-channel blocker,True,False
6039,,,25D6.,Uard,O/E - guarding - umbilical,Diltiazem Hydrochloride,,,calcium-channel blocker,True,False
6040,,,25D7.,Uard,O/E - guarding - L.lumbar,Diltiazem Hydrochloride,,,calcium-channel blocker,True,False
6041,,,25D8.,Uard,O/E - guarding - R.iliac,Diltiazem Hydrochloride,,,calcium-channel blocker,True,False
6042,,,25D9.,Uard,O/E - guarding - hypogastrium,Diltiazem Hydrochloride,,,calcium-channel blocker,True,False
6043,,,25DA.,Uard,O/E - guarding - L.iliac,Diltiazem Hydrochloride,,,calcium-channel blocker,True,False
6044,,,25DZ.,Uard,O/E -guarding on palpation NOS,Diltiazem Hydrochloride,,,calcium-channel blocker,True,False
6045,,,6995.,Univer,University admission medical,Verapamil Hydrochloride,,,calcium-channel blocker,True,False
6046,,,72550,Uard,Creation of guarded fistula to sclera,Diltiazem Hydrochloride,,,calcium-channel blocker,True,False
6047,,,7263.,Sular,Extracapsular extraction of lens,Nisoldipine,,,calcium-channel blocker,True,False
6048,,,7263.,Sular,Extracapsular cataract extraction,Nisoldipine,,,calcium-channel blocker,True,False
6049,,,7263.,Sular,ECCE - Extracapsular cataract extraction,Nisoldipine,,,calcium-channel blocker,True,False
6050,,,7263y,Sular,Other specified extracapsular extraction of lens,Nisoldipine,,,calcium-channel blocker,True,False
6051,,,7263z,Sular,Extracapsular extraction of lens NOS,Nisoldipine,,,calcium-channel blocker,True,False
6052,,,7264.,Sular,Intracapsular extraction of lens,Nisoldipine,,,calcium-channel blocker,True,False
6053,,,7264.,Sular,Intracapsular extraction of cataract,Nisoldipine,,,calcium-channel blocker,True,False
6054,,,7264.,Sular,ICCE - Intracapsular cataract extraction,Nisoldipine,,,calcium-channel blocker,True,False
6055,,,7264y,Sular,Other specified intracapsular extraction of lens,Nisoldipine,,,calcium-channel blocker,True,False
6056,,,7264z,Sular,Intracapsular extraction of lens NOS,Nisoldipine,,,calcium-channel blocker,True,False
6057,,,7C020,Sular,Bilateral subcapsular orchidectomy,Nisoldipine,,,calcium-channel blocker,True,False
6058,,,7C020,Sular,BSO - Bilateral subcapsular orchidectomy,Nisoldipine,,,calcium-channel blocker,True,False
6059,,,7C020,Sular,BSCO - Bilateral subcapsular orchidectomy,Nisoldipine,,,calcium-channel blocker,True,False
6060,,,7C030,Sular,Unilateral subcapsular orchidectomy,Nisoldipine,,,calcium-channel blocker,True,False
6061,,,7K1J0,Sular,Closed reduction of intracapsular fracture of neck of femur and fixation using Garden cannulated screw,Nisoldipine,,,calcium-channel blocker,True,False
6062,,,7K1J0,Sular,Closed reduction of intracapsular fracture of neck of femur and fixation using Smith-Petersen nail,Nisoldipine,,,calcium-channel blocker,True,False
6063,,,7K6S0,Sular,Capsular shift,Nisoldipine,,,calcium-channel blocker,True,False
6064,,,8E73.,Istin,Assisting exercise,Amlodipine,,,calcium-channel blocker,True,False
6065,,,9142.,Univer,Patient away at college or university,Verapamil Hydrochloride,,,calcium-channel blocker,True,False
6066,,,C3548,Univer,Calcinosis: [universalis] or [other],Verapamil Hydrochloride,,,calcium-channel blocker,True,False
6067,,,C3548,Univer,Calcinosis universalis,Verapamil Hydrochloride,,,calcium-channel blocker,True,False
6068,,,F4551,Sular,Glaucoma capsulare,Nisoldipine,,,calcium-channel blocker,True,False
6069,,,F4603,Sular,Anterior subcapsular polar cataract,Nisoldipine,,,calcium-channel blocker,True,False
6070,,,F4604,Sular,Posterior subcapsular polar cataract,Nisoldipine,,,calcium-channel blocker,True,False
6071,,,F4616,Sular,Anterior subcapsular polar senile cataract,Nisoldipine,,,calcium-channel blocker,True,False
6072,,,F4617,Sular,Posterior subcapsular polar senile cataract,Nisoldipine,,,calcium-channel blocker,True,False
6073,,,F4631,Sular,Glaucomatous subcapsular flecks,Nisoldipine,,,calcium-channel blocker,True,False
6074,,,J6156,Sular,Capsular portal cirrhosis,Nisoldipine,,,calcium-channel blocker,True,False
6075,,,L122.,Istin,Other pre-existing hypertension in preg/childbirth/puerp,Amlodipine,,,calcium-channel blocker,True,False
6076,,,L1220,Istin,"Other pre-existing hypertension complicating pregnancy, childbirth and the puerperium unspecified",Amlodipine,,,calcium-channel blocker,True,False
6077,,,L1221,Istin,"Other pre-existing hypertension complicating pregnancy, childbirth and the puerperium - delivered",Amlodipine,,,calcium-channel blocker,True,False
6078,,,L1222,Istin,"Other pre-existing hypertension complicating pregnancy, childbirth and the puerperium - delivered with postnatal complication",Amlodipine,,,calcium-channel blocker,True,False
6079,,,L1223,Istin,"Other pre-existing hypertension complicating pregnancy, childbirth and the puerperium - not delivered",Amlodipine,,,calcium-channel blocker,True,False
6080,,,L1224,Istin,"Other pre-existing hypertension complicating pregnancy, childbirth and the puerperium with postnatal complication",Amlodipine,,,calcium-channel blocker,True,False
6081,,,L122z,Istin,"Other pre-existing hypertension complicating pregnancy, childbirth and the puerperium NOS",Amlodipine,,,calcium-channel blocker,True,False
6082,,,L127.,Istin,Pre-eclampsia or eclampsia with pre-existing hypertension,Amlodipine,,,calcium-channel blocker,True,False
6083,,,L1270,Istin,Pre-eclampsia or eclampsia with pre-existing hypertension unspecified,Amlodipine,,,calcium-channel blocker,True,False
6084,,,L1271,Istin,Pre-eclampsia or eclampsia with pre-existing hypertension - delivered,Amlodipine,,,calcium-channel blocker,True,False
6085,,,L1272,Istin,Pre-eclampsia or eclampsia with pre-existing hypertension - delivered with postnatal complication,Amlodipine,,,calcium-channel blocker,True,False
6086,,,L1273,Istin,Pre-eclampsia or eclampsia with pre-existing hypertension - not delivered,Amlodipine,,,calcium-channel blocker,True,False
6087,,,L1274,Istin,Pre-eclampsia or eclampsia with pre-existing hypertension with postnatal complication,Amlodipine,,,calcium-channel blocker,True,False
6088,,,L127z,Istin,Pre-eclampsia or eclampsia with pre-existing hypertension NOS,Amlodipine,,,calcium-channel blocker,True,False
6089,,,L128.,Istin,"Pre-existing hypertension complicating pregnancy, childbirth and puerperium",Amlodipine,,,calcium-channel blocker,True,False
6090,,,L1280,Istin,"Pre-existing hypertensive heart disease complicating pregnancy, childbirth and the puerperium",Amlodipine,,,calcium-channel blocker,True,False
6091,,,L1281,Istin,"Pre-existing hypertensive heart and renal disease complicating pregnancy, childbirth and the puerperium",Amlodipine,,,calcium-channel blocker,True,False
6092,,,L1282,Istin,"Pre-existing secondary hypertension complicating pregnancy, childbirth and puerperium",Amlodipine,,,calcium-channel blocker,True,False
6093,,,L1805,Istin,"Pre-existing diabetes mellitus, insulin-dependent",Amlodipine,,,calcium-channel blocker,True,False
6094,,,L1806,Istin,"Pre-existing diabetes mellitus, non-insulin-dependent",Amlodipine,,,calcium-channel blocker,True,False
6095,,,L1807,Istin,Pre-existing malnutrition-related diabetes mellitus,Amlodipine,,,calcium-channel blocker,True,False
6096,,,Lyu29,Istin,"[X]Pre-existing diabetes mellitus, unspecified",Amlodipine,,,calcium-channel blocker,True,False
6097,,,M161E,Univer,Psoriasis universalis,Verapamil Hydrochloride,,,calcium-channel blocker,True,False
6098,,,M2415,Univer,Hypertrichosis universalis,Verapamil Hydrochloride,,,calcium-channel blocker,True,False
6099,,,N07y.,Sular,"Internal knee derangement: [other] or [old capsular, collateral ligament and cruciate damage]",Nisoldipine,,,calcium-channel blocker,True,False
6100,,,N07y.,Sular,"Old capsular, collateral ligament and cruciate damage to knee",Nisoldipine,,,calcium-channel blocker,True,False
6101,,,N07y4,Sular,Old capsular knee ligament disruption,Nisoldipine,,,calcium-channel blocker,True,False
6102,,,N07y9,Sular,Old posterolateral capsular complex tear,Nisoldipine,,,calcium-channel blocker,True,False
6103,,,N07yC,Sular,Old medial capsular complex tear,Nisoldipine,,,calcium-channel blocker,True,False
6104,,,P331.,Sular,Capsular and subcapsular cataract,Nisoldipine,,,calcium-channel blocker,True,False
6105,,,P3310,Sular,Capsular cataract,Nisoldipine,,,calcium-channel blocker,True,False
6106,,,P3311,Sular,Subcapsular cataract,Nisoldipine,,,calcium-channel blocker,True,False
6107,,,P331z,Sular,Capsular or subcapsular cataract NOS,Nisoldipine,,,calcium-channel blocker,True,False
6108,,,PB42.,Univer,Universal mesentery,Verapamil Hydrochloride,,,calcium-channel blocker,True,False
6109,,,Q20y1,Sular,Liver subcapsular haematoma due to birth trauma,Nisoldipine,,,calcium-channel blocker,True,False
6110,,,S0405,Istin,"Multiple closed fractures involving skull or face with other bones without mention of intracranial injury, with more than 24 hours loss of consciousness without return to pre-existing conscious leve",Amlodipine,,,calcium-channel blocker,True,False
6111,,,S3000,Sular,"Closed fracture proximal femur, intracapsular section, unspecified",Nisoldipine,,,calcium-channel blocker,True,False
6112,,,S3010,Sular,"Open fracture proximal femur, intracapsular section, unspecified",Nisoldipine,,,calcium-channel blocker,True,False
6113,,,S531.,Sular,Ischiocapsular sprain,Nisoldipine,,,calcium-channel blocker,True,False
6114,,,S6405,Istin,"Intracranial injury NOS without mention of open intracranial wound, with more than 24 hours loss of consciousness without return to pre-existing conscious state",Amlodipine,,,calcium-channel blocker,True,False
6115,,,S7502,Sular,"Spleen capsular tear without major disruption of parenchyma, without mention of open wound into cavity",Nisoldipine,,,calcium-channel blocker,True,False
6116,,,S7512,Sular,"Spleen capsular tear without major disruption of parenchyma, with open wound into cavity",Nisoldipine,,,calcium-channel blocker,True,False
6117,,,T154.,Uard,"Motor vehicle traffic accident involving collision, on highway, between motor vehicle and guard rail",Diltiazem Hydrochloride,,,calcium-channel blocker,True,False
6118,,,T1540,Uard,"Motor vehicle traffic accident involving collision, on highway, between motor vehicle and boundary fence or guard rail, driver of motor vehicle injured",Diltiazem Hydrochloride,,,calcium-channel blocker,True,False
6119,,,T1541,Uard,"Motor vehicle traffic accident involving collision, on highway, between motor vehicle and boundary fence or guard rail, passenger of motor vehicle injured",Diltiazem Hydrochloride,,,calcium-channel blocker,True,False
6120,,,T1542,Uard,"Motor vehicle traffic accident involving collision, on highway, between motor vehicle and boundary fence or guard rail, motor cyclist injured",Diltiazem Hydrochloride,,,calcium-channel blocker,True,False
6121,,,T1543,Uard,"Motor vehicle traffic accident involving collision, on highway, between motor vehicle and boundary fence or guard rail, passenger on motor cycle injured",Diltiazem Hydrochloride,,,calcium-channel blocker,True,False
6122,,,T1544,Uard,"Motor vehicle traffic accident involving collision, on highway, between motor vehicle and boundary fence or guard rail, occupant of tram injured",Diltiazem Hydrochloride,,,calcium-channel blocker,True,False
6123,,,T1545,Uard,"Motor vehicle traffic accident involving collision, on highway, between motor vehicle and boundary fence or guard rail, rider of animal or occupant of animal-drawn vehicle injured",Diltiazem Hydrochloride,,,calcium-channel blocker,True,False
6124,,,T1546,Uard,"Motor vehicle traffic accident involving collision, on highway, between motor vehicle and boundary fence or guard rail, pedal cyclist injured",Diltiazem Hydrochloride,,,calcium-channel blocker,True,False
6125,,,T1547,Uard,"Motor vehicle traffic accident involving collision, on highway, between motor vehicle and boundary fence or guard rail, pedestrian injured",Diltiazem Hydrochloride,,,calcium-channel blocker,True,False
6126,,,T154y,Uard,"Motor vehicle traffic accident involving collision, on highway, between motor vehicle and boundary fence or guard rail, other specified person injured",Diltiazem Hydrochloride,,,calcium-channel blocker,True,False
6127,,,T154z,Uard,"Motor vehicle traffic accident involving collision, on highway, between motor vehicle and boundary fence or guard rail, unspecified person injured",Diltiazem Hydrochloride,,,calcium-channel blocker,True,False
6128,,,Ua03f,Istin,Assisting,Amlodipine,,,calcium-channel blocker,True,False
6129,,,Ua03h,Istin,Assisting with therapy,Amlodipine,,,calcium-channel blocker,True,False
6130,,,Ua03i,Istin,Assisting with activity,Amlodipine,,,calcium-channel blocker,True,False
6131,,,Ua03k,Istin,Assisting with procedure,Amlodipine,,,calcium-channel blocker,True,False
6132,,,Ua09d,Sular,Peninsular Malaysia,Nisoldipine,,,calcium-channel blocker,True,False
6133,,,Ua0Rt,Univer,Received university education,Verapamil Hydrochloride,,,calcium-channel blocker,True,False
6134,,,Ua0Rt,Univer,Went to university,Verapamil Hydrochloride,,,calcium-channel blocker,True,False
6135,,,Ua0S5,Univer,Attending university,Verapamil Hydrochloride,,,calcium-channel blocker,True,False
6136,,,Ua0p8,Univer,University,Verapamil Hydrochloride,,,calcium-channel blocker,True,False
6137,,,Ua1fM,Motens,Normotensive,Lacidipine,,,calcium-channel blocker,True,False
6138,,,Ua2DS,Istin,Assisting with grooming,Amlodipine,,,calcium-channel blocker,True,False
6139,,,Ua2DT,Istin,Assisting with haircare,Amlodipine,,,calcium-channel blocker,True,False
6140,,,Ua2DU,Istin,Assisting with nail care,Amlodipine,,,calcium-channel blocker,True,False
6141,,,Ua2DV,Istin,Assisting with mouthcare,Amlodipine,,,calcium-channel blocker,True,False
6142,,,Ua2DW,Istin,Assisting with personal hygiene,Amlodipine,,,calcium-channel blocker,True,False
6143,,,Ua2EO,Istin,Assisting with eating and drinking,Amlodipine,,,calcium-channel blocker,True,False
6144,,,Ub1BJ,Istin,Fisting,Amlodipine,,,calcium-channel blocker,True,False
6145,,,Ub1jW,Uard,Guardian,Diltiazem Hydrochloride,,,calcium-channel blocker,True,False
6146,,,X00ML,Sular,Local anaesthetic hip block by intracapsular approach,Nisoldipine,,,calcium-channel blocker,True,False
6147,,,X00ML,Sular,Hip block by intracapsular approach,Nisoldipine,,,calcium-channel blocker,True,False
6148,,,X00MM,Sular,Local anaesthetic hip block by extracapsular approach,Nisoldipine,,,calcium-channel blocker,True,False
6149,,,X00MM,Sular,Hip block by extracapsular approach,Nisoldipine,,,calcium-channel blocker,True,False
6150,,,X00sl,Uard,Insertion of tooth guard,Diltiazem Hydrochloride,,,calcium-channel blocker,True,False
6151,,,X00t9,Uard,Removal of tooth guard,Diltiazem Hydrochloride,,,calcium-channel blocker,True,False
6152,,,X00tA,Uard,Removal of bite guard,Diltiazem Hydrochloride,,,calcium-channel blocker,True,False
6153,,,X2099,Istin,Vascular graft twisting,Amlodipine,,,calcium-channel blocker,True,False
6154,,,X20Fh,Sular,Subcapsular haematoma of spleen,Nisoldipine,,,calcium-channel blocker,True,False
6155,,,X20M8,Uard,Insertion of mouth guard,Diltiazem Hydrochloride,,,calcium-channel blocker,True,False
6156,,,X20M8,Uard,Insertion of bite guard,Diltiazem Hydrochloride,,,calcium-channel blocker,True,False
6157,,,X20M8,Uard,Insertion of MG - mouth guard,Diltiazem Hydrochloride,,,calcium-channel blocker,True,False
6158,,,X20M8,Uard,Insertion of BG - bite guard,Diltiazem Hydrochloride,,,calcium-channel blocker,True,False
6159,,,X20MI,Istin,Repair of existing restoration of tooth,Amlodipine,,,calcium-channel blocker,True,False
6160,,,X30Gw,Sular,Subcapsular orchidectomy,Nisoldipine,,,calcium-channel blocker,True,False
6161,,,X30Gw,Sular,SCO - Subcapsular orchidectomy,Nisoldipine,,,calcium-channel blocker,True,False
6162,,,X40GB,Sular,Capsular breast contracture of breast implant,Nisoldipine,,,calcium-channel blocker,True,False
6163,,,X508W,Istin,Persisting cholinergic urticaria,Amlodipine,,,calcium-channel blocker,True,False
6164,,,X508i,Univer,Universal acquired melanosis,Verapamil Hydrochloride,,,calcium-channel blocker,True,False
6165,,,X509h,Univer,Alopecia universalis,Verapamil Hydrochloride,,,calcium-channel blocker,True,False
6166,,,X509h,Univer,Universal alopecia areata,Verapamil Hydrochloride,,,calcium-channel blocker,True,False
6167,,,X50Ft,Univer,Calcinosis universalis,Verapamil Hydrochloride,,,calcium-channel blocker,True,False
6168,,,X50Iv,Univer,Dyschromatosis universalis,Verapamil Hydrochloride,,,calcium-channel blocker,True,False
6169,,,X601S,Sular,Closed reduction of intracapsular fracture of neck of femur and fixation using Smith-Petersen nail,Nisoldipine,,,calcium-channel blocker,True,False
6170,,,X6073,Sular,Temporomandibular joint capsular plication,Nisoldipine,,,calcium-channel blocker,True,False
6171,,,X700C,Sular,"Old capsular, collateral ligament and cruciate damage to knee",Nisoldipine,,,calcium-channel blocker,True,False
6172,,,X73Ej,Istin,Micrococcus kristinae,Amlodipine,,,calcium-channel blocker,True,False
6173,,,X73WN,Sular,Capsularis zoogleiformans,Nisoldipine,,,calcium-channel blocker,True,False
6174,,,X74lC,Sular,Extracapsular ligament of temporomandibular joint,Nisoldipine,,,calcium-channel blocker,True,False
6175,,,X74lx,Sular,Capsular ligament of shoulder joint,Nisoldipine,,,calcium-channel blocker,True,False
6176,,,X74m4,Sular,Capsular ligament of wrist joint,Nisoldipine,,,calcium-channel blocker,True,False
6177,,,X74mV,Sular,Capsular ligament of hip joint,Nisoldipine,,,calcium-channel blocker,True,False
6178,,,X74mZ,Sular,Intracapsular ligament of hip joint,Nisoldipine,,,calcium-channel blocker,True,False
6179,,,X74mb,Sular,Capsular ligament of knee joint,Nisoldipine,,,calcium-channel blocker,True,False
6180,,,X74mh,Sular,Intracapsular ligament of knee joint,Nisoldipine,,,calcium-channel blocker,True,False
6181,,,X74ms,Sular,Capsular ligament of ankle joint,Nisoldipine,,,calcium-channel blocker,True,False
6182,,,X75aB,Istin,Fisting reflex,Amlodipine,,,calcium-channel blocker,True,False
6183,,,X75kZ,Sular,Anterior capsular lens opacities,Nisoldipine,,,calcium-channel blocker,True,False
6184,,,X75ka,Sular,Anterior subcapsular lens opacities,Nisoldipine,,,calcium-channel blocker,True,False
6185,,,X75kh,Sular,Posterior subcapsular lens opacities,Nisoldipine,,,calcium-channel blocker,True,False
6186,,,X75kh,Sular,PSCLO - Posterior subcapsular lens opacities,Nisoldipine,,,calcium-channel blocker,True,False
6187,,,X75ki,Sular,Polychromatic posterior subcapsular lens opacities,Nisoldipine,,,calcium-channel blocker,True,False
6188,,,X75ql,Istin,Difficulty in distinguishing different smells,Amlodipine,,,calcium-channel blocker,True,False
6189,,,X763i,Istin,Repetitive complex twisting movements,Amlodipine,,,calcium-channel blocker,True,False
6190,,,X763j,Istin,Repetitive complex twisting movements of fingers,Amlodipine,,,calcium-channel blocker,True,False
6191,,,X763k,Istin,Repetitive complex twisting movements of limbs,Amlodipine,,,calcium-channel blocker,True,False
6192,,,X763l,Istin,Repetitive complex twisting movements of whole body,Amlodipine,,,calcium-channel blocker,True,False
6193,,,X763m,Istin,Repetitive complex twisting of objects near eyes,Amlodipine,,,calcium-channel blocker,True,False
6194,,,X763n,Istin,Repititive complex twisting of hands near eyes,Amlodipine,,,calcium-channel blocker,True,False
6195,,,X76SF,Istin,Fetal parts not distinguishable per abdomen,Amlodipine,,,calcium-channel blocker,True,False
6196,,,X76SG,Istin,Fetal parts distinguished abdominally,Amlodipine,,,calcium-channel blocker,True,False
6197,,,X76Uh,Istin,Segments of uterus distinguishable in labour,Amlodipine,,,calcium-channel blocker,True,False
6198,,,X76dL,Istin,Unable to distinguish stool and flatus,Amlodipine,,,calcium-channel blocker,True,False
6199,,,X76dj,Uard,Abdominal guarding,Diltiazem Hydrochloride,,,calcium-channel blocker,True,False
6200,,,X76nn,Istin,Twisting movements,Amlodipine,,,calcium-channel blocker,True,False
6201,,,X77P0,Istin,Projection of areola and papilla to form distinct secondary mound,Amlodipine,,,calcium-channel blocker,True,False
6202,,,X77vu,Uard,Unguarded tricuspid valve orifice,Diltiazem Hydrochloride,,,calcium-channel blocker,True,False
6203,,,X77wM,Uard,Unguarded mitral orifice,Diltiazem Hydrochloride,,,calcium-channel blocker,True,False
6204,,,X77wq,Uard,Abnormality of valve guarding common atrioventricular junction,Diltiazem Hydrochloride,,,calcium-channel blocker,True,False
6205,,,X77xR,Uard,Unguarded right atrioventricular valve orifice,Diltiazem Hydrochloride,,,calcium-channel blocker,True,False
6206,,,X77xt,Uard,Unguarded left atrioventricular valve orifice,Diltiazem Hydrochloride,,,calcium-channel blocker,True,False
6207,,,X780t,Istin,Persisting fifth aortic arch,Amlodipine,,,calcium-channel blocker,True,False
6208,,,X781U,Istin,Patent ductus arteriosus - persisting type,Amlodipine,,,calcium-channel blocker,True,False
6209,,,X78Gf,Univer,Indiana University testicular tumour staging system,Verapamil Hydrochloride,,,calcium-channel blocker,True,False
6210,,,X79vJ,Sular,Extracapsular extraction,Nisoldipine,,,calcium-channel blocker,True,False
6211,,,X79vL,Sular,Intracapsular extraction,Nisoldipine,,,calcium-channel blocker,True,False
6212,,,X80f4,Univer,UCHT-1 - University College Hospital T-cell-1,Verapamil Hydrochloride,,,calcium-channel blocker,True,False
6213,,,X80f4,Univer,University College Hospital T-cell-1,Verapamil Hydrochloride,,,calcium-channel blocker,True,False
6214,,,X80fq,Univer,University College Hospital lymphocyte 1,Verapamil Hydrochloride,,,calcium-channel blocker,True,False
6215,,,X80fq,Univer,UCHL-1 - University College Hospital lymphocyte-1,Verapamil Hydrochloride,,,calcium-channel blocker,True,False
6216,,,X909m,Sular,Inferodorsal intracapsular fat pad,Nisoldipine,,,calcium-channel blocker,True,False
6217,,,X90KU,Sular,Dorsal intracapsular fibrous rim,Nisoldipine,,,calcium-channel blocker,True,False
6218,,,X90Xq,Istin,From existing graft to coronary artery,Amlodipine,,,calcium-channel blocker,True,False
6219,,,XA07B,Sular,Capsular tear of liver,Nisoldipine,,,calcium-channel blocker,True,False
6220,,,XA07D,Sular,Subcapsular liver haematoma,Nisoldipine,,,calcium-channel blocker,True,False
6221,,,XA07m,Sular,Capsular tear of spleen,Nisoldipine,,,calcium-channel blocker,True,False
6222,,,XA0G7,Uard,Guardsman's fracture of mandible,Diltiazem Hydrochloride,,,calcium-channel blocker,True,False
6223,,,XA0HF,Sular,Intracapsular fracture of neck of femur,Nisoldipine,,,calcium-channel blocker,True,False
6224,,,XA0HI,Sular,Extracapsular fracture of neck of femur,Nisoldipine,,,calcium-channel blocker,True,False
6225,,,XC06f,Sular,Capsular drop,Nisoldipine,,,calcium-channel blocker,True,False
6226,,,XC0Ct,Univer,Universal,Verapamil Hydrochloride,,,calcium-channel blocker,True,False
6227,,,XC0FE,Sular,Extracapsular condyle of mandible,Nisoldipine,,,calcium-channel blocker,True,False
6228,,,XC0nv,Univer,City University technique,Verapamil Hydrochloride,,,calcium-channel blocker,True,False
6229,,,XE0mp,Univer,University academic (& [staff]),Verapamil Hydrochloride,,,calcium-channel blocker,True,False
6230,,,XE0mp,Univer,University academic staff,Verapamil Hydrochloride,,,calcium-channel blocker,True,False
6231,,,XE0mp,Univer,Academic - university,Verapamil Hydrochloride,,,calcium-channel blocker,True,False
6232,,,XE0mp,Univer,University acad. staff,Verapamil Hydrochloride,,,calcium-channel blocker,True,False
6233,,,XE0xu,Istin,Pregnancy with hypertension (& [pre-existing]),Amlodipine,,,calcium-channel blocker,True,False
6234,,,XE0xu,Istin,Preg.+ pre-existing hypertensn,Amlodipine,,,calcium-channel blocker,True,False
6235,,,XE0xu,Istin,Pregnancy with pre-existing hypertension,Amlodipine,,,calcium-channel blocker,True,False
6236,,,XM0H2,Uard,Sports mouth guard,Diltiazem Hydrochloride,,,calcium-channel blocker,True,False
6237,,,XM0H2,Uard,Mouth guard,Diltiazem Hydrochloride,,,calcium-channel blocker,True,False
6238,,,XM0H2,Uard,MG - Mouth guard,Diltiazem Hydrochloride,,,calcium-channel blocker,True,False
6239,,,XM0H2,Uard,Bite guard,Diltiazem Hydrochloride,,,calcium-channel blocker,True,False
6240,,,XM0H2,Uard,BG - Bite guard,Diltiazem Hydrochloride,,,calcium-channel blocker,True,False
6241,,,XSLAr,Istin,Pre-existing condition,Amlodipine,,,calcium-channel blocker,True,False
6242,,,Xa0HL,Istin,Pre-existing disease in renal transplant,Amlodipine,,,calcium-channel blocker,True,False
6243,,,Xa0lt,Istin,Pre-existing hypertension complicating pregnancy,Amlodipine,,,calcium-channel blocker,True,False
6244,,,Xa10K,Sular,Insular gyrus,Nisoldipine,,,calcium-channel blocker,True,False
6245,,,Xa10N,Sular,Short insular gyrus,Nisoldipine,,,calcium-channel blocker,True,False
6246,,,Xa1qr,Istin,Removal of existing dental restoration,Amlodipine,,,calcium-channel blocker,True,False
6247,,,Xa2DK,Uard,Brown-Sequard syndrome,Diltiazem Hydrochloride,,,calcium-channel blocker,True,False
6248,,,Xa2zt,Istin,Habitual hair twisting,Amlodipine,,,calcium-channel blocker,True,False
6249,,,Xa4hs,Istin,Fit ear mould for existing hearing aid,Amlodipine,,,calcium-channel blocker,True,False
6250,,,Xa6Zr,Sular,Subcapsular,Nisoldipine,,,calcium-channel blocker,True,False
6251,,,Xa7JY,Istin,Fisting reflex present,Amlodipine,,,calcium-channel blocker,True,False
6252,,,Xa7JZ,Istin,Fisting reflex absent,Amlodipine,,,calcium-channel blocker,True,False
6253,,,Xa7Ja,Istin,Fisting reflex equivocal,Amlodipine,,,calcium-channel blocker,True,False
6254,,,Xa7Vo,Uard,Observation of abdominal guarding,Diltiazem Hydrochloride,,,calcium-channel blocker,True,False
6255,,,Xa7Vp,Uard,Guarding of right hypochondrium,Diltiazem Hydrochloride,,,calcium-channel blocker,True,False
6256,,,Xa7Vq,Uard,Guarding of epigastrium,Diltiazem Hydrochloride,,,calcium-channel blocker,True,False
6257,,,Xa7Vr,Uard,Guarding of left hypochondrium,Diltiazem Hydrochloride,,,calcium-channel blocker,True,False
6258,,,Xa7Vs,Uard,Guarding of right lumbar region,Diltiazem Hydrochloride,,,calcium-channel blocker,True,False
6259,,,Xa7Vt,Uard,Guarding of left lumbar region,Diltiazem Hydrochloride,,,calcium-channel blocker,True,False
6260,,,Xa7Vu,Uard,Guarding of umbilical region,Diltiazem Hydrochloride,,,calcium-channel blocker,True,False
6261,,,Xa7Vv,Uard,Guarding of right iliac fossa,Diltiazem Hydrochloride,,,calcium-channel blocker,True,False
6262,,,Xa7Vw,Uard,Guarding of left iliac fossa,Diltiazem Hydrochloride,,,calcium-channel blocker,True,False
6263,,,Xa7Vx,Uard,Guarding of hypogastrium,Diltiazem Hydrochloride,,,calcium-channel blocker,True,False
6264,,,Xa7Vy,Uard,No abdominal guarding on palpation,Diltiazem Hydrochloride,,,calcium-channel blocker,True,False
6265,,,Xa8Np,Univer,University teacher,Verapamil Hydrochloride,,,calcium-channel blocker,True,False
6266,,,Xa9Di,Uard,Received into guardianship under the Mental Health Act 1983 (England and Wales),Diltiazem Hydrochloride,,,calcium-channel blocker,True,False
6267,,,Xa9Dk,Uard,Received into guardianship under Section 7 of the Mental Health Act1983 (England and Wales),Diltiazem Hydrochloride,,,calcium-channel blocker,True,False
6268,,,Xa9Dk,Uard,S7 MHA - Received into guardianship under Section 7 of the Mental Health Act1983 (England and Wales),Diltiazem Hydrochloride,,,calcium-channel blocker,True,False
6269,,,Xa9Dm,Uard,Received into guardianship on court order under Section 37 of the Mental Health Act 1983 (England and Wales),Diltiazem Hydrochloride,,,calcium-channel blocker,True,False
6270,,,Xa9Dm,Uard,S37 MHA - Received into guardianship on court order under Section 37 of the Mental Health Act 1983 (England and Wales),Diltiazem Hydrochloride,,,calcium-channel blocker,True,False
6271,,,XaA0S,Istin,Assisting with functional activity,Amlodipine,,,calcium-channel blocker,True,False
6272,,,XaA0T,Istin,Assisting with activity of daily living,Amlodipine,,,calcium-channel blocker,True,False
6273,,,XaA0U,Istin,Assisting with exercise,Amlodipine,,,calcium-channel blocker,True,False
6274,,,XaBYN,Sular,Extracapsular cataract extraction and insertion of intraocular lens,Nisoldipine,,,calcium-channel blocker,True,False
6275,,,XaBYN,Sular,ECCE - Extracapsular cataract extraction and insertion of intraocular lens,Nisoldipine,,,calcium-channel blocker,True,False
6276,,,XaBYO,Sular,Intracapsular cataract extraction and insertion of intraocular lens,Nisoldipine,,,calcium-channel blocker,True,False
6277,,,XaBYO,Sular,ICCE - Intracapsular cataract extraction and insertion of intraocular lens,Nisoldipine,,,calcium-channel blocker,True,False
6278,,,XaCJ8,Istin,Less than 24 weeks involving risk of injury to the physical/mental health of any existing children of the pregnant woman's family,Amlodipine,,,calcium-channel blocker,True,False
6279,,,XaEJD,Sular,Closed reduction of intracapsular fracture of neck of femur and internal fixation using a dynamic hip screw,Nisoldipine,,,calcium-channel blocker,True,False
6280,,,XaEL7,Istin,Assisting with toileting,Amlodipine,,,calcium-channel blocker,True,False
6281,,,XaEb4,Sular,Insular structure,Nisoldipine,,,calcium-channel blocker,True,False
6282,,,XaEfN,Sular,Insular sulcus,Nisoldipine,,,calcium-channel blocker,True,False
6283,,,XaG28,Sular,Anterior subcapsular cataract,Nisoldipine,,,calcium-channel blocker,True,False
6284,,,XaG29,Sular,Posterior subcapsular cataract,Nisoldipine,,,calcium-channel blocker,True,False
6285,,,XaJQ2,Uard,Legal guardian details,Diltiazem Hydrochloride,,,calcium-channel blocker,True,False
6286,,,XaJQ4,Uard,Legal guardian - home telephone number,Diltiazem Hydrochloride,,,calcium-channel blocker,True,False
6287,,,XaJQ7,Uard,Legal guardian - mobile telephone number,Diltiazem Hydrochloride,,,calcium-channel blocker,True,False
6288,,,XaJQ9,Uard,Legal guardian - work telephone number,Diltiazem Hydrochloride,,,calcium-channel blocker,True,False
6289,,,XaJQB,Uard,Legal guardian - email address,Diltiazem Hydrochloride,,,calcium-channel blocker,True,False
6290,,,XaJek,Sular,Arthroscopic capsular release of shoulder joint,Nisoldipine,,,calcium-channel blocker,True,False
6291,,,XaJv3,Univer,Malnutrition universal screening tool score,Verapamil Hydrochloride,,,calcium-channel blocker,True,False
6292,,,XaJv3,Univer,MUST (malnutrition universal screening tool) score,Verapamil Hydrochloride,,,calcium-channel blocker,True,False
6293,,,XaN6E,Uard,Has guardian appointed under the Adults with Incapacity (Scotland) Act 2000,Diltiazem Hydrochloride,,,calcium-channel blocker,True,False
6294,,,XaPHd,Uard,Education of guardian,Diltiazem Hydrochloride,,,calcium-channel blocker,True,False
6295,,,XaPUr,Univer,Universalist,Verapamil Hydrochloride,,,calcium-channel blocker,True,False
6296,,,XaPUs,Univer,Unitarian Universalist,Verapamil Hydrochloride,,,calcium-channel blocker,True,False
6297,,,XaPtb,Sular,Remanipulation of intracapsular fracture of neck of femur and fixation using nail or screw,Nisoldipine,,,calcium-channel blocker,True,False
6298,,,XaQok,Uard,Referral to safeguarding adults team,Diltiazem Hydrochloride,,,calcium-channel blocker,True,False
6299,,,XaVxn,Uard,Notification to safeguarding service of missing child,Diltiazem Hydrochloride,,,calcium-channel blocker,True,False
6300,,,XaX8Z,Uard,Legal guardian present at encounter,Diltiazem Hydrochloride,,,calcium-channel blocker,True,False
6301,,,XaXIf,Uard,Referral to safeguarding children team,Diltiazem Hydrochloride,,,calcium-channel blocker,True,False
6302,,,XaXMw,Uard,Discussed with clinical supervisor for safeguarding,Diltiazem Hydrochloride,,,calcium-channel blocker,True,False
6303,,,XaXOB,Univer,Universal precautions,Verapamil Hydrochloride,,,calcium-channel blocker,True,False
6304,,,XaXP4,Uard,Adult safeguarding concern,Diltiazem Hydrochloride,,,calcium-channel blocker,True,False
6305,,,XaXP7,Uard,Adult no longer safeguarding concern,Diltiazem Hydrochloride,,,calcium-channel blocker,True,False
6306,,,XaXoi,Istin,Colistin desensitisation therapy,Amlodipine,,,calcium-channel blocker,True,False
6307,,,XaYRG,Uard,Safeguarding children and young people toolkit for general practice (2009 revision),Diltiazem Hydrochloride,,,calcium-channel blocker,True,False
6308,,,XaYZ3,Uard,Child no longer safeguarding concern,Diltiazem Hydrochloride,,,calcium-channel blocker,True,False
6309,,,XaZJs,Uard,Child is cause for safeguarding concern,Diltiazem Hydrochloride,,,calcium-channel blocker,True,False
6310,,,XaZK8,Uard,Referral to safeguarding coordinator,Diltiazem Hydrochloride,,,calcium-channel blocker,True,False
6311,,,XaZLa,Univer,Under care of health visiting service - Universal,Verapamil Hydrochloride,,,calcium-channel blocker,True,False
6312,,,XaZLb,Univer,Under care of health visiting service - Universal plus,Verapamil Hydrochloride,,,calcium-channel blocker,True,False
6313,,,XaZLc,Univer,Under care of health visiting service - Universal partnership plus,Verapamil Hydrochloride,,,calcium-channel blocker,True,False
6314,,,XaZfL,Uard,Assessment of risk for deprivation of liberty in accordance with Mental Capacity Act 2005 Deprivation of liberty safeguards Code of Practice,Diltiazem Hydrochloride,,,calcium-channel blocker,True,False
6315,,,XaZwt,Uard,No safeguarding issues identified,Diltiazem Hydrochloride,,,calcium-channel blocker,True,False
6316,,,Xaa1c,Univer,Malnutrition universal screening tool,Verapamil Hydrochloride,,,calcium-channel blocker,True,False
6317,,,XaaMQ,Istin,Existing patient paper record available,Amlodipine,,,calcium-channel blocker,True,False
6318,,,XaaNV,Uard,Unborn child is cause for safeguarding concern,Diltiazem Hydrochloride,,,calcium-channel blocker,True,False
6319,,,XaagD,Uard,Parent/guardian not aware of any contraindication to immunisation,Diltiazem Hydrochloride,,,calcium-channel blocker,True,False
6320,,,Xab9T,Univer,University of Washington Quality of Life questionnaire version 4,Verapamil Hydrochloride,,,calcium-channel blocker,True,False
6321,,,XabR2,Univer,Under care of school nursing service - Universal,Verapamil Hydrochloride,,,calcium-channel blocker,True,False
6322,,,XabR5,Univer,Under care of school nursing service - Universal plus,Verapamil Hydrochloride,,,calcium-channel blocker,True,False
6323,,,XabR8,Univer,Under care of school nursing service - Universal partnership plus,Verapamil Hydrochloride,,,calcium-channel blocker,True,False
6324,,,XabZy,Istin,Able to distinguish stool and flatus,Amlodipine,,,calcium-channel blocker,True,False
6325,,,Xabjy,Sular,Anterior capsular phimosis,Nisoldipine,,,calcium-channel blocker,True,False
6326,,,Xabs9,Uard,Discharged from guardianship under Section 23 of the Mental Health Act 1983 (England and Wales),Diltiazem Hydrochloride,,,calcium-channel blocker,True,False
6327,,,XabzB,Uard,Safeguarding adults protection plan agreed,Diltiazem Hydrochloride,,,calcium-channel blocker,True,False
6328,,,XabzC,Uard,Safeguarding adults protection plan completed,Diltiazem Hydrochloride,,,calcium-channel blocker,True,False
6329,,,Xac4L,Univer,Requires information on USB (universal serial bus) mass storage device,Verapamil Hydrochloride,,,calcium-channel blocker,True,False
6330,,,XaeDc,Uard,Unborn child no longer cause for safeguarding concern,Diltiazem Hydrochloride,,,calcium-channel blocker,True,False
6331,,,XaeYX,Uard,SAR (Safeguarding Adults Return) referral conclusion,Diltiazem Hydrochloride,,,calcium-channel blocker,True,False
6332,,,XaeYY,Uard,SAR (Safeguarding Adults Return) referral conclusion - investigation fully substantiated,Diltiazem Hydrochloride,,,calcium-channel blocker,True,False
6333,,,XaeYZ,Uard,SAR (Safeguarding Adults Return) referral conclusion - investigation partially substantiated,Diltiazem Hydrochloride,,,calcium-channel blocker,True,False
6334,,,XaeYa,Uard,SAR (Safeguarding Adults Return) referral conclusion - investigation not substantiated,Diltiazem Hydrochloride,,,calcium-channel blocker,True,False
6335,,,XaeYb,Uard,SAR (Safeguarding Adults Return) referral conclusion - investigation inconclusive,Diltiazem Hydrochloride,,,calcium-channel blocker,True,False
6336,,,XaeYc,Uard,SAR (Safeguarding Adults Return) referral conclusion - investigation ceased at individual's request,Diltiazem Hydrochloride,,,calcium-channel blocker,True,False
6337,,,XafF8,Uard,Safeguarding intervention,Diltiazem Hydrochloride,,,calcium-channel blocker,True,False
6338,,,XafeJ,Uard,Child in family is safeguarding concern,Diltiazem Hydrochloride,,,calcium-channel blocker,True,False
6339,,,Xafgj,Uard,Notification to safeguarding service of child no longer missing,Diltiazem Hydrochloride,,,calcium-channel blocker,True,False
6340,,,Xafhr,Uard,Subject to deprivation of liberty under the Mental Capacity Act 2005 Deprivation of Liberty Safeguards,Diltiazem Hydrochloride,,,calcium-channel blocker,True,False
6341,,,as12.,Keloc,Kelocyanor 300mg/20mL injection,Felodipine,300 mg/20 ml,,calcium-channel blocker,True,False
6342,,,bA1..,Felodipine,Felodipine+ramipril,Felodipine,,,calcium-channel blocker,True,False
6343,,,bA1y.,Felodipine,Felodipine+ramipril 2.5mg/2.5mg tablet,Felodipine,2.5 mg,,calcium-channel blocker,True,False
6344,,,bA1z.,Felodipine,Felodipine+ramipril 5mg/5mg tablet,Felodipine,5 mg,,calcium-channel blocker,True,False
6345,,,bb34.,Berkatens,Berkatens 40mg tablet,Verapamil Hydrochloride,40 mg,,calcium-channel blocker,True,False
6346,,,bb35.,Berkatens,Berkatens 80mg tablet,Verapamil Hydrochloride,80 mg,,calcium-channel blocker,True,False
6347,,,bb36.,Berkatens,Berkatens 120mg tablet,Verapamil Hydrochloride,120 mg,,calcium-channel blocker,True,False
6348,,,bb37.,Berkatens,Berkatens 160mg tablet,Verapamil Hydrochloride,160 mg,,calcium-channel blocker,True,False
6349,,,bb38.,Cordilox,Cordilox 40mg tablet,Verapamil Hydrochloride,40 mg,,calcium-channel blocker,True,False
6350,,,bb39.,Cordilox,Cordilox 80mg tablet,Verapamil Hydrochloride,80 mg,,calcium-channel blocker,True,False
6351,,,bb3B.,Securon,Half Securon SR 120mg m/r tablet,Verapamil Hydrochloride,120 mg,,calcium-channel blocker,True,False
6352,,,bb3F.,Securon,Half-Securon SR 120mg m/r tablets 28CP,Verapamil Hydrochloride,120 mg,,calcium-channel blocker,True,False
6353,,,bb3K.,Verapress,Verapress MR 240 m/r tablet,Verapamil Hydrochloride,,,calcium-channel blocker,True,False
6354,,,bb3L.,Ethimil,Ethimil MR 240 m/r tablet,Verapamil Hydrochloride,,,calcium-channel blocker,True,False
6355,,,bb3M.,Cordilox,Cordilox MR 240 m/r tablet,Verapamil Hydrochloride,,,calcium-channel blocker,True,False
6356,,,bb3N.,Zolvera,Zolvera 40mg/5mL oral solution,Verapamil Hydrochloride,40 mg/5 ml,,calcium-channel blocker,True,False
6357,,,bb3O.,Ranvera,Ranvera MR 240mg m/r tablet,Verapamil Hydrochloride,240 mg,,calcium-channel blocker,True,False
6358,,,bb3P.,Vera-Til,Vera-Til SR 240mg m/r tablet,Verapamil Hydrochloride,240 mg,,calcium-channel blocker,True,False
6359,,,bb3Q.,Vera-Til,Vera-Til SR 120mg m/r tablet,Verapamil Hydrochloride,120 mg,,calcium-channel blocker,True,False
6360,,,bb3a.,Cordilox,Cordilox 120mg tablet,Verapamil Hydrochloride,120 mg,,calcium-channel blocker,True,False
6361,,,bb3b.,Cordilox,Cordilox 160mg tablet,Verapamil Hydrochloride,160 mg,,calcium-channel blocker,True,False
6362,,,bb3c.,Cordilox,Cordilox 5mg/2mL injection,Verapamil Hydrochloride,5 mg/2 ml,,calcium-channel blocker,True,False
6363,,,bb3d.,Securon,Securon 40mg tablet,Verapamil Hydrochloride,40 mg,,calcium-channel blocker,True,False
6364,,,bb3e.,Securon,Securon 80mg tablet,Verapamil Hydrochloride,80 mg,,calcium-channel blocker,True,False
6365,,,bb3f.,Securon,Securon 120mg tablet,Verapamil Hydrochloride,120 mg,,calcium-channel blocker,True,False
6366,,,bb3g.,Securon,Securon 120mg tablets 56CP,Verapamil Hydrochloride,120 mg,,calcium-channel blocker,True,False
6367,,,bb3h.,Securon,Securon 160mg tablets 56CP,Verapamil Hydrochloride,160 mg,,calcium-channel blocker,True,False
6368,,,bb3i.,Securon,Securon 160mg tablet,Verapamil Hydrochloride,160 mg,,calcium-channel blocker,True,False
6369,,,bb3j.,Securon,Securon SR 240mg m/r tablet,Verapamil Hydrochloride,240 mg,,calcium-channel blocker,True,False
6370,,,bb3k.,Securon,Securon SR 240mg m/r tablets 28CP,Verapamil Hydrochloride,240 mg,,calcium-channel blocker,True,False
6371,,,bb3l.,Univer,Univer 120mg m/r capsules x28,Verapamil Hydrochloride,120 mg,,calcium-channel blocker,True,False
6372,,,bb3m.,Univer,Univer 180mg m/r capsule x56,Verapamil Hydrochloride,180 mg,,calcium-channel blocker,True,False
6373,,,bb3n.,Univer,Univer 240mg m/r capsules x28,Verapamil Hydrochloride,240 mg,,calcium-channel blocker,True,False
6374,,,bb3o.,Securon,Securon IV 5mg/2mL injection,Verapamil Hydrochloride,5 mg/2 ml,,calcium-channel blocker,True,False
6375,,,bb3p.,Geangin,Geangin 40mg tablet,Verapamil Hydrochloride,40 mg,,calcium-channel blocker,True,False
6376,,,bb3q.,Geangin,Geangin 80mg tablet,Verapamil Hydrochloride,80 mg,,calcium-channel blocker,True,False
6377,,,bb3r.,Geangin,Geangin 120mg tablet,Verapamil Hydrochloride,120 mg,,calcium-channel blocker,True,False
6378,,,bb3s.,Vertab,Vertab SR 240 m/r tablet,Verapamil Hydrochloride,,,calcium-channel blocker,True,False
6379,,,bdes.,Adalat,Beta-Adalat capsule,Nifedipine,,,calcium-channel blocker,True,False
6380,,,bdez.,Nifedipine,Atenolol+nifedipine 50mg/20mg m/r capsule,Nifedipine,50 mg,,calcium-channel blocker,True,False
6381,,,bk6..,Verapamil Hydrochloride,Trandolapril+verapamil hydrochloride,Verapamil Hydrochloride,,,calcium-channel blocker,True,False
6382,,,bk61.,Verapamil Hydrochloride,Trandolapril+verapamil hydrochloride 2mg/180mg m/r capsule,Verapamil Hydrochloride,2 mg,,calcium-channel blocker,True,False
6383,,,bkD..,Amlodipine,AMLODIPINE + VALSARTAN,Amlodipine,,,calcium-channel blocker,True,False
6384,,,bkD1.,Amlodipine,AMLODIPINE+VALSARTAN 5mg/80mg tablets,Amlodipine,5 mg,,calcium-channel blocker,True,False
6385,,,bkD2.,Amlodipine,AMLODIPINE+VALSARTAN 5mg/160mg tablets,Amlodipine,5 mg,,calcium-channel blocker,True,False
6386,,,bkD3.,Amlodipine,AMLODIPINE+VALSARTAN 10mg/160mg tablets,Amlodipine,10 mg,,calcium-channel blocker,True,False
6387,,,bkDx.,Exforge,EXFORGE 10mg/160mg tablets,Valsartan/Amlodipine,10 mg,,calcium-channel blocker,True,False
6388,,,bkDy.,Exforge,EXFORGE 5mg/160mg tablets,Valsartan/Amlodipine,5 mg,,calcium-channel blocker,True,False
6389,,,bkDz.,Exforge,EXFORGE 5mg/80mg tablets,Valsartan/Amlodipine,5 mg,,calcium-channel blocker,True,False
6390,,,bkH..,Amlodipine,OLMESARTAN+AMLODIPINE,Amlodipine,,,calcium-channel blocker,True,False
6391,,,bkHx.,Amlodipine,OLMESARTAN MEDOXOMIL+AMLODIPINE 40mg/10mg tablets,Amlodipine,40 mg,,calcium-channel blocker,True,False
6392,,,bkHy.,Amlodipine,OLMESARTAN MEDOXOMIL+AMLODIPINE 40mg/5mg tablets,Amlodipine,40 mg,,calcium-channel blocker,True,False
6393,,,bkHz.,Amlodipine,OLMESARTAN MEDOXOMIL+AMLODIPINE 20mg/5mg tablets,Amlodipine,20 mg,,calcium-channel blocker,True,False
6394,,,bkI..,Amlodipine,OLMESARTAN+AMLODIPINE+HYDROCHLOROTHIAZIDE,Amlodipine,,,calcium-channel blocker,True,True
6395,,,bl51.,Tildiem,Tildiem 60mg m/r tablet,Diltiazem Hydrochloride,60 mg,,calcium-channel blocker,True,False
6396,,,bl52.,Calcicard,Calcicard 60mg tablet,Diltiazem Hydrochloride,60 mg,,calcium-channel blocker,True,False
6397,,,bl53.,Britiazim,Britiazim 60mg m/r tablet,Diltiazem Hydrochloride,60 mg,,calcium-channel blocker,True,False
6398,,,bl54.,Adizem,Adizem-SR 120mg long acting m/r tablet,Diltiazem Hydrochloride,120 mg,,calcium-channel blocker,True,False
6399,,,bl56.,Angiozem,Angiozem 60mg m/r tablet,Diltiazem Hydrochloride,60 mg,,calcium-channel blocker,True,False
6400,,,bl57.,Adizem,Adizem-60 m/r tablet,Diltiazem Hydrochloride,,,calcium-channel blocker,True,False
6401,,,bl58.,Tildiem,Tildiem Retard 90mg long acting m/r tablet,Diltiazem Hydrochloride,90 mg,,calcium-channel blocker,True,False
6402,,,bl59.,Tildiem,Tildiem Retard 120mg long acting m/r tablet,Diltiazem Hydrochloride,120 mg,,calcium-channel blocker,True,False
6403,,,bl5A.,Tildiem,Tildiem LA 300mg long acting m/r capsule,Diltiazem Hydrochloride,300 mg,,calcium-channel blocker,True,False
6404,,,bl5B.,Adizem,Adizem-SR 90mg long acting m/r capsule,Diltiazem Hydrochloride,90 mg,,calcium-channel blocker,True,False
6405,,,bl5C.,Adizem,Adizem-SR 120mg long acting m/r capsule,Diltiazem Hydrochloride,120 mg,,calcium-channel blocker,True,False
6406,,,bl5D.,Adizem,Adizem-SR 180mg long acting m/r capsule,Diltiazem Hydrochloride,180 mg,,calcium-channel blocker,True,False
6407,,,bl5E.,Adizem,Adizem-XL 300mg long acting m/r capsule,Diltiazem Hydrochloride,300 mg,,calcium-channel blocker,True,False
6408,,,bl5F.,Dilzem,Dilzem SR 60mg long acting m/r capsule,Diltiazem Hydrochloride,60 mg,,calcium-channel blocker,True,False
6409,,,bl5G.,Dilzem,Dilzem SR 90mg long acting m/r capsule,Diltiazem Hydrochloride,90 mg,,calcium-channel blocker,True,False
6410,,,bl5H.,Dilzem,Dilzem SR 120mg long acting m/r capsule,Diltiazem Hydrochloride,120 mg,,calcium-channel blocker,True,False
6411,,,bl5I.,Adizem,Adizem-XL 240mg m/r capsule,Diltiazem Hydrochloride,240 mg,,calcium-channel blocker,True,False
6412,,,bl5J.,Adizem,Adizem-XL 180mg m/r capsule,Diltiazem Hydrochloride,180 mg,,calcium-channel blocker,True,False
6413,,,bl5K.,Adizem,Adizem-XL 120mg m/r capsule,Diltiazem Hydrochloride,120 mg,,calcium-channel blocker,True,False
6414,,,bl5L.,Dilzem,Dilzem XL 120mg m/r capsule,Diltiazem Hydrochloride,120 mg,,calcium-channel blocker,True,False
6415,,,bl5M.,Dilzem,Dilzem XL 180mg m/r capsule,Diltiazem Hydrochloride,180 mg,,calcium-channel blocker,True,False
6416,,,bl5N.,Dilzem,Dilzem XL 240mg m/r capsule,Diltiazem Hydrochloride,240 mg,,calcium-channel blocker,True,False
6417,,,bl5O.,Slozem,Slozem 120mg m/r capsule,Diltiazem Hydrochloride,120 mg,,calcium-channel blocker,True,False
6418,,,bl5P.,Slozem,Slozem 180mg m/r capsule,Diltiazem Hydrochloride,180 mg,,calcium-channel blocker,True,False
6419,,,bl5Q.,Slozem,Slozem 240mg m/r capsule,Diltiazem Hydrochloride,240 mg,,calcium-channel blocker,True,False
6420,,,bl5R.,Angitil,Angitil SR 90 m/r capsule,Diltiazem Hydrochloride,,,calcium-channel blocker,True,False
6421,,,bl5S.,Angitil,Angitil SR 120 m/r capsule,Diltiazem Hydrochloride,,,calcium-channel blocker,True,False
6422,,,bl5U.,Angitil,Angitil SR 180 m/r capsule,Diltiazem Hydrochloride,,,calcium-channel blocker,True,False
6423,,,bl5V.,Calcicard,Calcicard CR 90mg m/r tablet,Diltiazem Hydrochloride,90 mg,,calcium-channel blocker,True,False
6424,,,bl5W.,Calcicard,Calcicard CR 120mg m/r tablet,Diltiazem Hydrochloride,120 mg,,calcium-channel blocker,True,False
6425,,,bl5X.,Kentiazem,Kentiazem 60mg m/r capsule,Diltiazem Hydrochloride,60 mg,,calcium-channel blocker,True,False
6426,,,bl5Y.,Optil,Optil 60mg m/r tablet,Diltiazem Hydrochloride,60 mg,,calcium-channel blocker,True,False
6427,,,bl5Z.,Tildiem,Tildiem LA 200mg m/r capsule,Diltiazem Hydrochloride,200 mg,,calcium-channel blocker,True,False
6428,,,bl5j.,Adizem,Adizem-XL Plus m/r capsule,Diltiazem Hydrochloride,,,calcium-channel blocker,True,False
6429,,,bl5k.,Angiozem,Angiozem CR 90mg m/r tablet,Diltiazem Hydrochloride,90 mg,,calcium-channel blocker,True,False
6430,,,bl5l.,Dilcardia,Dilcardia SR 60mg m/r capsule,Diltiazem Hydrochloride,60 mg,,calcium-channel blocker,True,False
6431,,,bl5m.,Angiozem,Angiozem CR 120mg m/r tablet,Diltiazem Hydrochloride,120 mg,,calcium-channel blocker,True,False
6432,,,bl5n.,Zemtard,Zemtard 300 XL m/r capsule,Diltiazem Hydrochloride,,,calcium-channel blocker,True,False
6433,,,bl5o.,Viazem,Viazem XL 120mg m/r capsule,Diltiazem Hydrochloride,120 mg,,calcium-channel blocker,True,False
6434,,,bl5p.,Viazem,Viazem XL 180mg m/r capsule,Diltiazem Hydrochloride,180 mg,,calcium-channel blocker,True,False
6435,,,bl5q.,Viazem,Viazem XL 240mg m/r capsule,Diltiazem Hydrochloride,240 mg,,calcium-channel blocker,True,False
6436,,,bl5r.,Viazem,Viazem XL 300mg m/r capsule,Diltiazem Hydrochloride,300 mg,,calcium-channel blocker,True,False
6437,,,bl5t.,Viazem,Viazem XL 360mg m/r capsule,Diltiazem Hydrochloride,360 mg,,calcium-channel blocker,True,False
6438,,,bl5u.,Calazem,Calazem 60mg m/r tablet,Diltiazem Hydrochloride,60 mg,,calcium-channel blocker,True,False
6439,,,bl5v.,Dilcardia,Dilcardia SR 90mg m/r capsule,Diltiazem Hydrochloride,90 mg,,calcium-channel blocker,True,False
6440,,,bl5w.,Dilcardia,Dilcardia SR 120mg m/r capsule,Diltiazem Hydrochloride,120 mg,,calcium-channel blocker,True,False
6441,,,bl5x.,Angitil,Angitil XL 240 m/r capsule,Diltiazem Hydrochloride,,,calcium-channel blocker,True,False
6442,,,bl5y.,Angitil,Angitil XL 300 m/r capsule,Diltiazem Hydrochloride,,,calcium-channel blocker,True,False
6443,,,bl6..,Lidoflazine,Lidoflazine,Lidoflazine,,,calcium-channel blocker,True,False
6444,,,bl61.,Clinium,Clinium 120mg tablet,Lidoflazine,120 mg,,calcium-channel blocker,True,False
6445,,,bl6z.,Lidoflazine,Lidoflazine 120mg tablet,Lidoflazine,120 mg,,calcium-channel blocker,True,False
6446,,,bl71.,Cardene,Cardene 20mg capsule,Nicardipine Hydrochloride,20 mg,,calcium-channel blocker,True,False
6447,,,bl72.,Cardene,Cardene 30mg capsule,Nicardipine Hydrochloride,30 mg,,calcium-channel blocker,True,False
6448,,,bl73.,Cardene,Cardene SR 30mg m/r capsule,Nicardipine Hydrochloride,30 mg,,calcium-channel blocker,True,False
6449,,,bl74.,Cardene,Cardene SR 45mg m/r capsule,Nicardipine Hydrochloride,45 mg,,calcium-channel blocker,True,False
6450,,,bl8..,Nifedipine,Nifedipine,Nifedipine,,,calcium-channel blocker,True,False
6451,,,bl81.,Adalat,Adalat 5mg capsule,Nifedipine,5 mg,,calcium-channel blocker,True,False
6452,,,bl82.,Adalat,Adalat 10mg capsule,Nifedipine,10 mg,,calcium-channel blocker,True,False
6453,,,bl83.,Adalat,Adalat Retard 20 m/r tablet,Nifedipine,,,calcium-channel blocker,True,False
6454,,,bl84.,Adalat,Adalat Retard 10 m/r tablet,Nifedipine,,,calcium-channel blocker,True,False
6455,,,bl85.,Nifedipine,Nifedipine 5mg capsule,Nifedipine,5 mg,,calcium-channel blocker,True,False
6456,,,bl86.,Nifedipine,Nifedipine 10mg capsule,Nifedipine,10 mg,,calcium-channel blocker,True,False
6457,,,bl87.,Adalat,Adalat IC 200micrograms/2mL prefilled syringe,Nifedipine,,,calcium-channel blocker,True,False
6458,,,bl88.,Nifedipine,Nifedipine 200micrograms/2mL prefilled syringe,Nifedipine,,,calcium-channel blocker,True,False
6459,,,bl89.,Vasad,Vasad 5mg capsule,Nifedipine,5 mg,,calcium-channel blocker,True,False
6460,,,bl8A.,Adipine,Adipine MR 20 m/r tablet,Nifedipine,,,calcium-channel blocker,True,False
6461,,,bl8B.,Adipine,Adipine MR 10 m/r tablet,Nifedipine,,,calcium-channel blocker,True,False
6462,,,bl8C.,Unipine,Unipine XL 30mg m/r tablet,Nifedipine,30 mg,,calcium-channel blocker,True,False
6463,,,bl8D.,Nimodrel,Nimodrel MR 10 m/r tablet,Nifedipine,,,calcium-channel blocker,True,False
6464,,,bl8E.,Nimodrel,Nimodrel MR 20 m/r tablet,Nifedipine,,,calcium-channel blocker,True,False
6465,,,bl8F.,Nifedipine,Nifedipine 40mg m/r tablet,Nifedipine,40 mg,,calcium-channel blocker,True,False
6466,,,bl8G.,Angiopine,Angiopine 40 LA m/r tablet,Nifedipine,,,calcium-channel blocker,True,False
6467,,,bl8H.,Cardilate,Cardilate MR 10mg m/r tablet,Nifedipine,10 mg,,calcium-channel blocker,True,False
6468,,,bl8J.,Tensipine,Tensipine MR 10 m/r tablet,Nifedipine,,,calcium-channel blocker,True,False
6469,,,bl8K.,Tensipine,Tensipine MR 20 m/r tablet,Nifedipine,,,calcium-channel blocker,True,False
6470,,,bl8L.,Fortipine,Fortipine LA40 m/r tablet,Nifedipine,,,calcium-channel blocker,True,False
6471,,,bl8M.,Adalat,Adalat LA 20mg m/r tablet,Nifedipine,20 mg,,calcium-channel blocker,True,False
6472,,,bl8O.,Slofedipine,Slofedipine 20mg m/r tablet,Nifedipine,20 mg,,calcium-channel blocker,True,False
6473,,,bl8P.,Angiopine,Angiopine MR 10mg m/r tablet,Nifedipine,10 mg,,calcium-channel blocker,True,False
6474,,,bl8Q.,Genalat,Genalat Retard 10mg m/r tablet,Nifedipine,10 mg,,calcium-channel blocker,True,False
6475,,,bl8R.,Genalat,Genalat Retard 20mg m/r tablet,Nifedipine,20 mg,,calcium-channel blocker,True,False
6476,,,bl8S.,Nifedipress,Nifedipress MR 10 m/r tablet,Nifedipine,,,calcium-channel blocker,True,False
6477,,,bl8T.,Nivaten,Nivaten Retard 10mg m/r tablet,Nifedipine,10 mg,,calcium-channel blocker,True,False
6478,,,bl8U.,Nifedipress,Nifedipress MR 20 m/r tablet,Nifedipine,,,calcium-channel blocker,True,False
6479,,,bl8V.,Nifedipine,Nifedipine 30mg m/r capsule,Nifedipine,30 mg,,calcium-channel blocker,True,False
6480,,,bl8W.,Nifedipine,Nifedipine 60mg m/r capsule,Nifedipine,60 mg,,calcium-channel blocker,True,False
6481,,,bl8X.,Coracten,Coracten XL 30mg m/r capsule,Nifedipine,30 mg,,calcium-channel blocker,True,False
6482,,,bl8Y.,Coracten,Coracten XL 60mg m/r capsule,Nifedipine,60 mg,,calcium-channel blocker,True,False
6483,,,bl8Z.,Nivaten,Nivaten Retard 20mg m/r tablet,Nifedipine,20 mg,,calcium-channel blocker,True,False
6484,,,bl8a.,Vasad,Vasad 10mg capsule,Nifedipine,10 mg,,calcium-channel blocker,True,False
6485,,,bl8b.,Calcilat,Calcilat 10mg capsule,Nifedipine,10 mg,,calcium-channel blocker,True,False
6486,,,bl8e.,Coracten,Coracten SR 20mg m/r capsule,Nifedipine,20 mg,,calcium-channel blocker,True,False
6487,,,bl8f.,Angiopine,Angiopine 5mg capsule,Nifedipine,5 mg,,calcium-channel blocker,True,False
6488,,,bl8g.,Angiopine,Angiopine 10mg capsule,Nifedipine,10 mg,,calcium-channel blocker,True,False
6489,,,bl8i.,Adalat,Adalat LA 30mg m/r tablet,Nifedipine,30 mg,,calcium-channel blocker,True,False
6490,,,bl8j.,Adalat,Adalat LA 60mg m/r tablet,Nifedipine,60 mg,,calcium-channel blocker,True,False
6491,,,bl8k.,Coracten,Coracten SR 10mg m/r capsule,Nifedipine,10 mg,,calcium-channel blocker,True,False
6492,,,bl8l.,Cardilate,Cardilate MR 20mg m/r tablet,Nifedipine,20 mg,,calcium-channel blocker,True,False
6493,,,bl8m.,Angiopine,Angiopine MR 20mg m/r tablet,Nifedipine,20 mg,,calcium-channel blocker,True,False
6494,,,bl8n.,Nifelease,Nifelease 20mg m/r tablet,Nifedipine,20 mg,,calcium-channel blocker,True,False
6495,,,bl8o.,Calanif,Calanif 10mg capsule,Nifedipine,10 mg,,calcium-channel blocker,True,False
6496,,,bl8p.,Calanif,Calanif 5mg capsule,Nifedipine,5 mg,,calcium-channel blocker,True,False
6497,,,bl8q.,Hypolar,Hypolar Retard 20 m/r tablet,Nifedipine,,,calcium-channel blocker,True,False
6498,,,bl8r.,Nifedotard,Nifedotard 20MR m/r tablet,Nifedipine,,,calcium-channel blocker,True,False
6499,,,bl8s.,Coroday,Coroday MR 20mg m/r tablet,Nifedipine,20 mg,,calcium-channel blocker,True,False
6500,,,bl8t.,Nifopress,Nifopress Retard 20mg m/r tablet,Nifedipine,20 mg,,calcium-channel blocker,True,False
6501,,,bl8u.,Nifedipine,Nifedipine 10mg m/r capsule,Nifedipine,10 mg,,calcium-channel blocker,True,False
6502,,,bl8v.,Nifedipine,Nifedipine 20mg m/r capsule,Nifedipine,20 mg,,calcium-channel blocker,True,False
6503,,,bl8w.,Nifedipine,Nifedipine 10mg m/r tablet,Nifedipine,10 mg,,calcium-channel blocker,True,False
6504,,,bl8x.,Nifedipine,Nifedipine 30mg m/r tablet,Nifedipine,30 mg,,calcium-channel blocker,True,False
6505,,,bl8y.,Nifedipine,Nifedipine 60mg m/r tablet,Nifedipine,60 mg,,calcium-channel blocker,True,False
6506,,,bl8z.,Nifedipine,Nifedipine 20mg m/r tablet,Nifedipine,20 mg,,calcium-channel blocker,True,False
6507,,,bl91.,Synadrin,Synadrin 60mg tablet,PrenylamineLactate,60 mg,,calcium-channel blocker,True,False
6508,,,bla..,Isradipine,Isradipine,Isradipine,,,calcium-channel blocker,True,False
6509,,,bla1.,Isradipine,Isradipine 2.5mg tablet,Isradipine,2.5 mg,,calcium-channel blocker,True,False
6510,,,bla2.,Prescal,Prescal 2.5mg tablet,Isradipine,2.5 mg,,calcium-channel blocker,True,False
6511,,,blb..,Amlodipine,Amlodipine,Amlodipine,,,calcium-channel blocker,True,False
6512,,,blb1.,Amlodipine,Amlodipine 5mg tablet,Amlodipine,5 mg,,calcium-channel blocker,True,False
6513,,,blb2.,Amlodipine,Amlodipine 10mg tablet,Amlodipine,10 mg,,calcium-channel blocker,True,False
6514,,,blb3.,Istin,Istin 5mg tablet,Amlodipine,5 mg,,calcium-channel blocker,True,False
6515,,,blb4.,Istin,Istin 10mg tablet,Amlodipine,10 mg,,calcium-channel blocker,True,False
6516,,,blb5.,Amlostin,Amlostin 5mg tablet,Amlodipine,5 mg,,calcium-channel blocker,True,False
6517,,,blb6.,Amlostin,Amlostin 10mg tablet,Amlodipine,10 mg,,calcium-channel blocker,True,False
6518,,,blb7.,Amlodipine,AMLODIPINE 1mg/mL oral solution,Amlodipine,1 mg/mL,,calcium-channel blocker,True,False
6519,,,blb8.,Amlodipine,AMLODIPINE 2mg/mL oral solution,Amlodipine,2 mg/mL,,calcium-channel blocker,True,False
6520,,,blc..,Felodipine,Felodipine,Felodipine,,,calcium-channel blocker,True,False
6521,,,blc1.,Felodipine,Felodipine 5mg m/r tablet,Felodipine,5 mg,,calcium-channel blocker,True,False
6522,,,blc2.,Felodipine,Felodipine 10mg m/r tablet,Felodipine,10 mg,,calcium-channel blocker,True,False
6523,,,blc3.,Plendil,Plendil 5mg m/r tablet,Felodipine,5 mg,,calcium-channel blocker,True,False
6524,,,blc4.,Plendil,Plendil 10mg m/r tablet,Felodipine,10 mg,,calcium-channel blocker,True,False
6525,,,blc5.,Felodipine,Felodipine 2.5mg m/r tablet,Felodipine,2.5 mg,,calcium-channel blocker,True,False
6526,,,blc6.,Plendil,Plendil 2.5mg m/r tablet,Felodipine,2.5 mg,,calcium-channel blocker,True,False
6527,,,blc7.,Cabren,Cabren 2.5mg m/r tablet,Felodipine,2.5 mg,,calcium-channel blocker,True,False
6528,,,blc8.,Cabren,Cabren 5mg m/r tablet,Felodipine,5 mg,,calcium-channel blocker,True,False
6529,,,blc9.,Cabren,Cabren 10mg m/r tablet,Felodipine,10 mg,,calcium-channel blocker,True,False
6530,,,blca.,Felotens,Felotens XL 5mg m/r tablet,Felodipine,5 mg,,calcium-channel blocker,True,False
6531,,,blcb.,Felotens,Felotens XL 10mg m/r tablet,Felodipine,10 mg,,calcium-channel blocker,True,False
6532,,,blcc.,Felogen,Felogen XL 5mg m/r tablet,Felodipine,5 mg,,calcium-channel blocker,True,False
6533,,,blcf.,Keloc,Keloc SR 5mg m/r tablet,Felodipine,5 mg,,calcium-channel blocker,True,False
6534,,,blcg.,Keloc,Keloc SR 10mg m/r tablet,Felodipine,10 mg,,calcium-channel blocker,True,False
6535,,,blch.,Felogen,Felogen XL 10mg m/r tablet,Felodipine,10 mg,,calcium-channel blocker,True,False
6536,,,blci.,Vascalpha,Vascalpha 5mg m/r tablet,Felodipine,5 mg,,calcium-channel blocker,True,False
6537,,,blcj.,Vascalpha,Vascalpha 10mg m/r tablet,Felodipine,10 mg,,calcium-channel blocker,True,False
6538,,,blck.,Cardioplen,Cardioplen XL 5mg m/r tablet,Felodipine,5 mg,,calcium-channel blocker,True,False
6539,,,blcl.,Cardioplen,Cardioplen XL 10mg m/r tablet,Felodipine,10 mg,,calcium-channel blocker,True,False
6540,,,blcm.,Neofel,Neofel XL 5mg m/r tablet,Felodipine,5 mg,,calcium-channel blocker,True,False
6541,,,blcn.,Neofel,Neofel XL 10mg m/r tablet,Felodipine,10 mg,,calcium-channel blocker,True,False
6542,,,blcq.,Pinefeld,Pinefeld XL 10mg m/r tablet,Felodipine,10 mg,,calcium-channel blocker,True,False
6543,,,blcr.,Cardioplen,CARDIOPLEN XL 2.5mg m/r tablets,Felodipine,2.5 mg,,calcium-channel blocker,True,False
6544,,,blcs.,Neofel,NEOFEL XL 2.5mg m/r tablets,Felodipine,2.5 mg,,calcium-channel blocker,True,False
6545,,,blct.,Felotens,FELOTENS XL 2.5mg m/r tablets,Felodipine,2.5 mg,,calcium-channel blocker,True,False
6546,,,ble..,Lacidipine,Lacidipine,Lacidipine,,,calcium-channel blocker,True,False
6547,,,ble1.,Lacidipine,Lacidipine 2mg tablet,Lacidipine,2 mg,,calcium-channel blocker,True,False
6548,,,ble2.,Lacidipine,Lacidipine 4mg tablet,Lacidipine,4 mg,,calcium-channel blocker,True,False
6549,,,ble3.,Motens,Motens 2mg tablet,Lacidipine,2 mg,,calcium-channel blocker,True,False
6550,,,ble4.,Motens,Motens 4mg tablet,Lacidipine,4 mg,,calcium-channel blocker,True,False
6551,,,ble5.,Molap,MOLAP 4mg tablets,Lacidipine,4 mg,,calcium-channel blocker,True,False
6552,,,blg..,Nisoldipine,Nisoldipine,Nisoldipine,,,calcium-channel blocker,True,False
6553,,,blg1.,Nisoldipine,Nisoldipine 10mg m/r tablet,Nisoldipine,10 mg,,calcium-channel blocker,True,False
6554,,,blg2.,Nisoldipine,Nisoldipine 20mg m/r tablet,Nisoldipine,20 mg,,calcium-channel blocker,True,False
6555,,,blg3.,Nisoldipine,Nisoldipine 30mg m/r tablet,Nisoldipine,30 mg,,calcium-channel blocker,True,False
6556,,,blg4.,Syscor,Syscor MR 10mg m/r tablet,Nisoldipine,10 mg,,calcium-channel blocker,True,False
6557,,,blg5.,Syscor,Syscor MR 20mg m/r tablet,Nisoldipine,20 mg,,calcium-channel blocker,True,False
6558,,,blg6.,Syscor,Syscor MR 30mg m/r tablet,Nisoldipine,30 mg,,calcium-channel blocker,True,False
6559,,,blh2.,Zanidip,Zanidip 10mg tablet,Lercanidipine Hydrochloride,10 mg,,calcium-channel blocker,True,False
6560,,,blh4.,Zanidip,Zanidip 20mg tablet,Lercanidipine Hydrochloride,20 mg,,calcium-channel blocker,True,False
6561,,,bli..,Mibefradil,Mibefradil,Mibefradil,,,calcium-channel blocker,True,False
6562,,,bli1.,Mibefradil,Mibefradil 50mg tablet,Mibefradil,50 mg,,calcium-channel blocker,True,False
6563,,,bli2.,Mibefradil,Mibefradil 100mg tablet,Mibefradil,100 mg,,calcium-channel blocker,True,False
6564,,,bli3.,Posicor,Posicor 50mg tablet,Mibefradil,50 mg,,calcium-channel blocker,True,False
6565,,,bli4.,Posicor,Posicor 100mg tablet,Mibefradil,100 mg,,calcium-channel blocker,True,False
6566,,,blj1.,Zemtard,Zemtard 120 XL m/r capsule,Diltiazem Hydrochloride,,,calcium-channel blocker,True,False
6567,,,blj2.,Zemtard,Zemtard 180 XL m/r capsule,Diltiazem Hydrochloride,,,calcium-channel blocker,True,False
6568,,,blj3.,Zemtard,Zemtard 240 XL m/r capsule,Diltiazem Hydrochloride,,,calcium-channel blocker,True,False
6569,,,blj4.,Optil,Optil SR 90 m/r capsule,Diltiazem Hydrochloride,,,calcium-channel blocker,True,False
6570,,,blj5.,Optil,Optil SR 120 m/r capsule,Diltiazem Hydrochloride,,,calcium-channel blocker,True,False
6571,,,blj6.,Optil,Optil SR 180 m/r capsule,Diltiazem Hydrochloride,,,calcium-channel blocker,True,False
6572,,,blj7.,Optil,Optil XL 240 m/r capsule,Diltiazem Hydrochloride,,,calcium-channel blocker,True,False
6573,,,blj8.,Optil,Optil XL 300 m/r capsule,Diltiazem Hydrochloride,,,calcium-channel blocker,True,False
6574,,,blj9.,Dilcardia,Dilcardia XL 120mg m/r capsule,Diltiazem Hydrochloride,120 mg,,calcium-channel blocker,True,False
6575,,,bljA.,Dilcardia,Dilcardia XL 180mg m/r capsule,Diltiazem Hydrochloride,180 mg,,calcium-channel blocker,True,False
6576,,,bljB.,Dilcardia,Dilcardia XL 240mg m/r capsule,Diltiazem Hydrochloride,240 mg,,calcium-channel blocker,True,False
6577,,,bljC.,Bi-Carzem,BI-CARZEM SR 60mg m/r capsule,Diltiazem Hydrochloride,60 mg,,calcium-channel blocker,True,False
6578,,,bljD.,Bi-Carzem,BI-CARZEM SR 90mg m/r capsule,Diltiazem Hydrochloride,90 mg,,calcium-channel blocker,True,False
6579,,,bljE.,Bi-Carzem,BI-CARZEM SR 120mg m/r capsule,Diltiazem Hydrochloride,120 mg,,calcium-channel blocker,True,False
6580,,,bljF.,Zildil,Zildil SR 60mg m/r capsule,Diltiazem Hydrochloride,60 mg,,calcium-channel blocker,True,False
6581,,,bljG.,Zildil,Zildil SR 90mg m/r capsule,Diltiazem Hydrochloride,90 mg,,calcium-channel blocker,True,False
6582,,,bljH.,Zildil,Zildil SR 120mg m/r capsule,Diltiazem Hydrochloride,120 mg,,calcium-channel blocker,True,False
6583,,,bljJ.,Slozem,Slozem 300mg m/r capsule,Diltiazem Hydrochloride,300 mg,,calcium-channel blocker,True,False
6584,,,bljK.,Bi-Carzem,BI-CARZEM XL 300mg m/r capsule,Diltiazem Hydrochloride,300 mg,,calcium-channel blocker,True,False
6585,,,bljL.,Bi-Carzem,BI-CARZEM XL 240mg m/r capsule,Diltiazem Hydrochloride,240 mg,,calcium-channel blocker,True,False
6586,,,bljM.,Zemret,Zemret 180 XL m/r capsule,Diltiazem Hydrochloride,,,calcium-channel blocker,True,False
6587,,,bljN.,Zemret,Zemret 240 XL m/r capsule,Diltiazem Hydrochloride,,,calcium-channel blocker,True,False
6588,,,bljO.,Zemret,Zemret 300 XL m/r capsule,Diltiazem Hydrochloride,,,calcium-channel blocker,True,False
6589,,,bljP.,Adizem,Adizem-XL 200mg m/r capsule,Diltiazem Hydrochloride,200 mg,,calcium-channel blocker,True,False
6590,,,bljQ.,Disogram,Disogram SR 60mg m/r capsule,Diltiazem Hydrochloride,60 mg,,calcium-channel blocker,True,False
6591,,,bljR.,Disogram,Disogram SR 90mg m/r capsule,Diltiazem Hydrochloride,90 mg,,calcium-channel blocker,True,False
6592,,,bljS.,Disogram,Disogram SR 120mg m/r capsule,Diltiazem Hydrochloride,120 mg,,calcium-channel blocker,True,False
6593,,,bljT.,Disogram,Disogram SR 180mg m/r capsule,Diltiazem Hydrochloride,180 mg,,calcium-channel blocker,True,False
6594,,,bljU.,Disogram,Disogram SR 240mg m/r capsule,Diltiazem Hydrochloride,240 mg,,calcium-channel blocker,True,False
6595,,,bljV.,Disogram,Disogram SR 300mg m/r capsule,Diltiazem Hydrochloride,300 mg,,calcium-channel blocker,True,False
6596,,,bljW.,Horizem,Horizem SR 90mg m/r capsule,Diltiazem Hydrochloride,90 mg,,calcium-channel blocker,True,False
6597,,,bljX.,Horizem,Horizem SR 120mg m/r capsule,Diltiazem Hydrochloride,120 mg,,calcium-channel blocker,True,False
6598,,,bljY.,Diltiazem Hydrochloride,Diltiazem Hydrochloride XL 180mg m/r capsule,Diltiazem Hydrochloride,180 mg,,calcium-channel blocker,True,False
6599,,,bljZ.,Diltiazem Hydrochloride,Diltiazem Hydrochloride XL 240mg m/r capsule,Diltiazem Hydrochloride,240 mg,,calcium-channel blocker,True,False
6600,,,blja.,Diltiazem Hydrochloride,Diltiazem Hydrochloride XL 300mg m/r capsule,Diltiazem Hydrochloride,300 mg,,calcium-channel blocker,True,False
6601,,,bljb.,Retalzem,RETALZEM MR 60mg m/r tablets,Diltiazem Hydrochloride,60 mg,,calcium-channel blocker,True,False
6602,,,bljc.,Uard,UARD 120XL m/r capsules,Diltiazem Hydrochloride,,,calcium-channel blocker,True,False
6603,,,bljd.,Uard,UARD 180XL m/r capsules,Diltiazem Hydrochloride,,,calcium-channel blocker,True,False
6604,,,blje.,Uard,UARD 240XL m/r capsules,Diltiazem Hydrochloride,,,calcium-channel blocker,True,False
6605,,,bljf.,Uard,UARD 300XL m/r capsules,Diltiazem Hydrochloride,,,calcium-channel blocker,True,False
6606,,,bll..,Nifedipine,Nifedipine [2],Nifedipine,,,calcium-channel blocker,True,False
6607,,,bll1.,Slofedipine,Slofedipine XL 30mg m/r tablet,Nifedipine,30 mg,,calcium-channel blocker,True,False
6608,,,bll2.,Slofedipine,Slofedipine XL 60mg m/r tablet,Nifedipine,60 mg,,calcium-channel blocker,True,False
6609,,,bll3.,Adipine,Adipine LA 30 m/r tablet,Nifedipine,,,calcium-channel blocker,True,False
6610,,,bll4.,Adipine,Adipine LA 60 m/r tablet,Nifedipine,,,calcium-channel blocker,True,False
6611,,,bll5.,Hypolar,Hypolar XL 30 m/r tablet,Nifedipine,,,calcium-channel blocker,True,False
6612,,,bll6.,Calchan,Calchan MR 20mg m/r tablet,Nifedipine,20 mg,,calcium-channel blocker,True,False
6613,,,bll7.,Calchan,Calchan MR 10mg m/r tablet,Nifedipine,10 mg,,calcium-channel blocker,True,False
6614,,,bll8.,Kentipine,Kentipine MR 10mg m/r tablet,Nifedipine,10 mg,,calcium-channel blocker,True,False
6615,,,bll9.,Kentipine,Kentipine MR 20mg m/r tablet,Nifedipine,20 mg,,calcium-channel blocker,True,False
6616,,,blla.,Hypolar,Hypolar Retard 10mg m/r tablet,Nifedipine,10 mg,,calcium-channel blocker,True,False
6617,,,bllb.,Valni,Valni 20 Retard 20mg m/r tablet,Nifedipine,20 mg,,calcium-channel blocker,True,False
6618,,,bllc.,Adipine,Adipine XL 30mg m/r tablet,Nifedipine,30 mg,,calcium-channel blocker,True,False
6619,,,blld.,Adipine,Adipine XL 60mg m/r tablet,Nifedipine,60 mg,,calcium-channel blocker,True,False
6620,,,blle.,Nimodrel,Nimodrel XL 60mg m/r tablet,Nifedipine,60 mg,,calcium-channel blocker,True,False
6621,,,bllf.,Nimodrel,Nimodrel XL 30mg m/r tablet,Nifedipine,30 mg,,calcium-channel blocker,True,False
6622,,,bllg.,Valni,VALNI XL 30mg m/r tablets,Nifedipine,30 mg,,calcium-channel blocker,True,False
6623,,,bllh.,Valni,VALNI XL 60mg m/r tablets,Nifedipine,60 mg,,calcium-channel blocker,True,False
6624,,,blli.,Nidef,NIDEF 30mg m/r tablets,Nifedipine,30 mg,,calcium-channel blocker,True,False
6625,,,bllj.,Nidef,NIDEF 60mg m/r tablets,Nifedipine,60 mg,,calcium-channel blocker,True,False
6626,,,bllk.,Adanif,ADANIF XL 30mg m/r tablets,Nifedipine,30 mg,,calcium-channel blocker,True,False
6627,,,blll.,Adanif,ADANIF XL 60mg m/r tablets,Nifedipine,60 mg,,calcium-channel blocker,True,False
6628,,,c8c1.,Istin,Fabahistin 50mg tablet,Amlodipine,50 mg,,calcium-channel blocker,True,False
6629,,,c8c2.,Istin,Fabahistin 50mg/5mL mixture,Amlodipine,50 mg/5 ml,,calcium-channel blocker,True,False
6630,,,dh1..,Istin,Betahistine dihydrochloride,Amlodipine,,,calcium-channel blocker,True,False
6631,,,dh13.,Istin,Betahistine hydrochloride 16mg tablet,Amlodipine,16 mg,,calcium-channel blocker,True,False
6632,,,dh1z.,Istin,Betahistine hydrochloride 8mg tablet,Amlodipine,8 mg,,calcium-channel blocker,True,False
6633,,,dt1..,Nimodipine,Nimodipine,Nimodipine,,,calcium-channel blocker,True,False
6634,,,dt11.,Nimodipine,Nimodipine 10mg/50mL infusion,Nimodipine,10 mg/50 ml,,calcium-channel blocker,True,False
6635,,,dt12.,Nimotop,Nimotop 10mg/50mL infusion,Nimodipine,10 mg/50 ml,,calcium-channel blocker,True,False
6636,,,dt13.,Nimodipine,Nimodipine 30mg tablet,Nimodipine,30 mg,,calcium-channel blocker,True,False
6637,,,dt14.,Nimotop,Nimotop 30mg tablet,Nimodipine,30 mg,,calcium-channel blocker,True,False
6638,,,dt15.,Nimodipine,Nimodipine 50mg/250mL infusion,Nimodipine,50 mg/250 ml,,calcium-channel blocker,True,False
6639,,,dt16.,Nimotop,Nimotop IV 50mg/250mL infusion,Nimodipine,50 mg/250 ml,,calcium-channel blocker,True,False
6640,,,eb3..,Istin,Colistin,Amlodipine,,,calcium-channel blocker,True,False
6641,,,eb3w.,Istin,Colistin sulphate 1.5million units tablet,Amlodipine,,,calcium-channel blocker,True,False
6642,,,eb3x.,Istin,"Colistin sulphate 250,000units/5mL syrup",Amlodipine,,,calcium-channel blocker,True,False
6643,,,eb3y.,Istin,"Colistin sulphomethate sodium 500,000units injection (pdr for recon)",Amlodipine,,,calcium-channel blocker,True,False
6644,,,eb3z.,Istin,Colistin sulphomethate sodium 1million units injection (pdr for recon),Amlodipine,,,calcium-channel blocker,True,False
6645,,,ebA..,Istin,Quinupristin+dalfopristin,Amlodipine,,,calcium-channel blocker,True,False
6646,,,ebAz.,Istin,Quinupristin+dalfopristin 150mg/350mg infusion (pdr for recon),Amlodipine,150 mg,,calcium-channel blocker,True,False
6647,,,gg1H.,Optil,OPTILUBE gel 5g sachet,Diltiazem Hydrochloride,,,calcium-channel blocker,True,False
6648,,,gg1I.,Optil,OPTILUBE gel 42g,Diltiazem Hydrochloride,,,calcium-channel blocker,True,False
6649,,,gg1J.,Optil,OPTILUBE gel 82g,Diltiazem Hydrochloride,,,calcium-channel blocker,True,False
6650,,,gg1K.,Optil,OPTILUBE gel 6mL,Diltiazem Hydrochloride,,,calcium-channel blocker,True,False
6651,,,gg1L.,Optil,OPTILUBE gel 11mL,Diltiazem Hydrochloride,,,calcium-channel blocker,True,False
6652,,,h43..,Istin,Vincristine sulphate,Amlodipine,,,calcium-channel blocker,True,False
6653,,,h431.,Istin,Vincristine 1mg injection (pdr for recon),Amlodipine,1 mg,,calcium-channel blocker,True,False
6654,,,h432.,Istin,Vincristine 2mg injection (pdr for recon),Amlodipine,2 mg,,calcium-channel blocker,True,False
6655,,,h433.,Istin,Vincristine 5mg injection (pdr for recon),Amlodipine,5 mg,,calcium-channel blocker,True,False
6656,,,h43v.,Istin,Vincristine sulphate 1mg/1mL prefilled syringe,Amlodipine,1 mg/1 ml,,calcium-channel blocker,True,False
6657,,,h43w.,Istin,Vincristine sulphate 2mg/2mL prefilled syringe,Amlodipine,2 mg/2 ml,,calcium-channel blocker,True,False
6658,,,h43x.,Istin,Vincristine sulphate 5mg/5mL injection,Amlodipine,5 mg/5 ml,,calcium-channel blocker,True,False
6659,,,h43y.,Istin,Vincristine sulphate 1mg/1mL injection,Amlodipine,1 mg/1 ml,,calcium-channel blocker,True,False
6660,,,h43z.,Istin,Vincristine sulphate 2mg/2mL injection,Amlodipine,2 mg/2 ml,,calcium-channel blocker,True,False
6661,,,k611.,Istin,Otrivine-Antistin eye drops 10mL,Amlodipine,,,calcium-channel blocker,True,False
6662,,,k6h2.,Optil,Optilast 0.05% eye drops 6mL,Diltiazem Hydrochloride,,,calcium-channel blocker,True,False
6663,,,k6h4.,Optil,Optilast 0.05% eye drops 8mL,Diltiazem Hydrochloride,,,calcium-channel blocker,True,False
6664,,,l952.,Istin,Otrivine-Antistin nose drops,Amlodipine,,,calcium-channel blocker,True,False
6665,,,l953.,Istin,Otrivine-Antistin nasal spray,Amlodipine,,,calcium-channel blocker,True,False
6666,,,mc2..,Istin,Colistin sulphate,Amlodipine,,,calcium-channel blocker,True,False
6667,,,mc2z.,Istin,Colistin sulphate topical powder,Amlodipine,,,calcium-channel blocker,True,False
6668,,,oa1R.,Optil,OPTILUBE ACTIVE gel 6mL,Diltiazem Hydrochloride,,,calcium-channel blocker,True,False
6669,,,oa1S.,Optil,OPTILUBE ACTIVE gel 11mL,Diltiazem Hydrochloride,,,calcium-channel blocker,True,False
6670,,,p1Y3.,Uard,CILGUARD STANDARD 10cmx10cm dressing,Diltiazem Hydrochloride,,,calcium-channel blocker,True,False
6671,,,p1Y4.,Uard,CILGUARD STANDARD 15cmx15cm dressing,Diltiazem Hydrochloride,,,calcium-channel blocker,True,False
6672,,,p1Y5.,Uard,CILGUARD STANDARD 20cmx10cm dressing,Diltiazem Hydrochloride,,,calcium-channel blocker,True,False
6673,,,p1Y6.,Uard,CILGUARD STANDARD 20cmx20cm dressing,Diltiazem Hydrochloride,,,calcium-channel blocker,True,False
6674,,,p1Y7.,Uard,CILGUARD STANDARD 20cmx50cm dressing,Diltiazem Hydrochloride,,,calcium-channel blocker,True,False
6675,,,p1Y8.,Uard,CILGUARD STANDARD 10cmx60cm dressing,Diltiazem Hydrochloride,,,calcium-channel blocker,True,False
6676,,,p1Y9.,Uard,CILGUARD BORDER 10cmx10cm dressing,Diltiazem Hydrochloride,,,calcium-channel blocker,True,False
6677,,,p1YA.,Uard,CILGUARD BORDER 15cmx15cm dressing,Diltiazem Hydrochloride,,,calcium-channel blocker,True,False
6678,,,p1YB.,Uard,CILGUARD BORDER 20cmx10cm dressing,Diltiazem Hydrochloride,,,calcium-channel blocker,True,False
6679,,,p1YC.,Uard,CILGUARD BORDER 20cmx20cm dressing,Diltiazem Hydrochloride,,,calcium-channel blocker,True,False
6680,,,p1YD.,Uard,CILGUARD BORDER 20cmx50cm dressing,Diltiazem Hydrochloride,,,calcium-channel blocker,True,False
6681,,,p1YE.,Uard,CILGUARD OVERLAP 10cmx10cm dressing,Diltiazem Hydrochloride,,,calcium-channel blocker,True,False
6682,,,p1YF.,Uard,CILGUARD OVERLAP 15cmx15cm dressing,Diltiazem Hydrochloride,,,calcium-channel blocker,True,False
6683,,,p1YG.,Uard,CILGUARD OVERLAP 20cmx10cm dressing,Diltiazem Hydrochloride,,,calcium-channel blocker,True,False
6684,,,p1YH.,Uard,CILGUARD OVERLAP 20cmx20cm dressing,Diltiazem Hydrochloride,,,calcium-channel blocker,True,False
6685,,,p46r.,Univer,Ferraris Pocketpeak peak flow meter universal mouthpiece,Verapamil Hydrochloride,,,calcium-channel blocker,True,False
6686,,,p46v.,Univer,MicroPeak PSA2200 peak flow meter universal mouthpiece,Verapamil Hydrochloride,,,calcium-channel blocker,True,False
6687,,,p8JH.,Univer,Universal Hospital Supplies 10mL balloon 12Ch UN51161210 2-way silicone elastomer coated male length urethral Foley catheter,Verapamil Hydrochloride,,,calcium-channel blocker,True,False
6688,,,p8JI.,Univer,Universal Hospital Supplies 10mL balloon 14Ch UN51161410 2-way silicone elastomer coated male length urethral Foley catheter,Verapamil Hydrochloride,,,calcium-channel blocker,True,False
6689,,,p8JJ.,Univer,Universal Hospital Supplies 10mL balloon 16Ch UN51161610 2-way silicone elastomer coated male length urethral Foley catheter,Verapamil Hydrochloride,,,calcium-channel blocker,True,False
6690,,,p8JK.,Univer,Universal Hospital Supplies 10mL balloon 18Ch UN51161810 2-way silicone elastomer coated male length urethral Foley catheter,Verapamil Hydrochloride,,,calcium-channel blocker,True,False
6691,,,p8JL.,Univer,Universal Hospital Supplies 10mL balloon 20Ch UN51162010 2-way silicone elastomer coated male length urethral Foley catheter,Verapamil Hydrochloride,,,calcium-channel blocker,True,False
6692,,,p8JM.,Univer,Universal Hospital Supplies 10mL balloon 22Ch UN51162210 2-way silicone elastomer coated male length urethral Foley catheter,Verapamil Hydrochloride,,,calcium-channel blocker,True,False
6693,,,p8JN.,Univer,Universal Hospital Supplies 10mL balloon 24Ch UN51162410 2-way silicone elastomer coated male length urethral Foley catheter,Verapamil Hydrochloride,,,calcium-channel blocker,True,False
6694,,,p8JO.,Univer,Universal Hospital Supplies 10mL balloon 26Ch UN51162610 2-way silicone elastomer coated male length urethral Foley catheter,Verapamil Hydrochloride,,,calcium-channel blocker,True,False
6695,,,p8Ne.,Univer,Universal Hospital Supplies 10mL balloon 12Ch UN41151205 2-way all-silicone male length urethral Foley catheter,Verapamil Hydrochloride,,,calcium-channel blocker,True,False
6696,,,p8Nf.,Univer,Universal Hospital Supplies 10mL balloon 14Ch UN41151405 2-way all-silicone male length urethral Foley catheter,Verapamil Hydrochloride,,,calcium-channel blocker,True,False
6697,,,p8Ng.,Univer,Universal Hospital Supplies 10mL balloon 16Ch UN41151605 2-way all-silicone male length urethral Foley catheter,Verapamil Hydrochloride,,,calcium-channel blocker,True,False
6698,,,p8Nh.,Univer,Universal Hospital Supplies 10mL balloon 18Ch UN41151805 2-way all-silicone male length urethral Foley catheter,Verapamil Hydrochloride,,,calcium-channel blocker,True,False
6699,,,p8Ni.,Univer,Universal Hospital Supplies 10mL balloon 20Ch UN41152005 2-way all-silicone male length urethral Foley catheter,Verapamil Hydrochloride,,,calcium-channel blocker,True,False
6700,,,p8Nj.,Univer,Universal Hospital Supplies 10mL balloon 22Ch UN41152205 2-way all-silicone male length urethral Foley catheter,Verapamil Hydrochloride,,,calcium-channel blocker,True,False
6701,,,p8XF.,Uard,Bardex IC Aquafil 10mL balloon 12Ch D236512S 2-way prefilled male length urethral catheter with hydrogel and Bacti-Guard silver alloy coating,Diltiazem Hydrochloride,,,calcium-channel blocker,True,False
6702,,,p8XG.,Uard,Bardex IC Aquafil 10mL balloon 14Ch D236514S 2-way prefilled male length urethral catheter with hydrogel and Bacti-Guard silver alloy coating,Diltiazem Hydrochloride,,,calcium-channel blocker,True,False
6703,,,p8XH.,Uard,Bardex IC Aquafil 10mL balloon 16Ch D236516S 2-way prefilled male length urethral catheter with hydrogel and Bacti-Guard silver alloy coating,Diltiazem Hydrochloride,,,calcium-channel blocker,True,False
6704,,,p8XI.,Uard,Bardex IC Aquafil 10mL balloon 18Ch D236518S 2-way prefilled male length urethral catheter with hydrogel and Bacti-Guard silver alloy coating,Diltiazem Hydrochloride,,,calcium-channel blocker,True,False
6705,,,p8XJ.,Uard,Bardex IC Aquafil 10mL balloon 20Ch D236520S 2-way prefilled male length urethral catheter with hydrogel and Bacti-Guard silver alloy coating,Diltiazem Hydrochloride,,,calcium-channel blocker,True,False
6706,,,p8XK.,Uard,Bardex IC Aquafil 10mL balloon 22Ch D236522S 2-way prefilled male length urethral catheter with hydrogel and Bacti-Guard silver alloy coating,Diltiazem Hydrochloride,,,calcium-channel blocker,True,False
6707,,,ph24.,Uard,Hypoguard 1mL U100 insulin syringe,Diltiazem Hydrochloride,,,calcium-channel blocker,True,False
6708,,,ph29.,Uard,Hypoguard 1mL U100 click/count syringe,Diltiazem Hydrochloride,,,calcium-channel blocker,True,False
6709,,,ph2A.,Uard,Hypoguard 1mL U100 pre-set syringe,Diltiazem Hydrochloride,,,calcium-channel blocker,True,False
6710,,,ph7G.,Univer,Unilet Universal ComforTouch 0.45mm(26gauge) lancet,Verapamil Hydrochloride,,,calcium-channel blocker,True,False
6711,,,ph7Z.,Uard,Hypoguard Supreme 0.36mm(28gauge) lancet,Diltiazem Hydrochloride,,,calcium-channel blocker,True,False
6712,,,ph9n.,Univer,MICRODOT UNIVERSAL 1.8mm(26gauge) lancet,Verapamil Hydrochloride,,,calcium-channel blocker,True,False
6713,,,ph9x.,Univer,MEDLANCE PLUS UNIVERSAL 1.8mm(21gauge) lancet,Verapamil Hydrochloride,,,calcium-channel blocker,True,False
6714,,,phD2.,Univer,ACTI-LANCE UNIVERSAL 1.8mm(23gauge) lancet,Verapamil Hydrochloride,,,calcium-channel blocker,True,False
6715,,,puh4.,Uard,Hypoguard GA blood Glucose testing strip x50,Diltiazem Hydrochloride,,,calcium-channel blocker,True,False
6716,,,puh6.,Uard,Hypoguard Supreme blood Glucose testing strip x50,Diltiazem Hydrochloride,,,calcium-channel blocker,True,False
6717,,,puhL.,Uard,Hypoguard Supreme Spectrum blood glucose testing strip x50,Diltiazem Hydrochloride,,,calcium-channel blocker,True,False
6718,,,q5l..,Univer,Universal hosp leg bag,Verapamil Hydrochloride,,,calcium-channel blocker,True,False
6719,,,s223.,Univer,Hollister Universal 7760 stoma adhesive remover wipe,Verapamil Hydrochloride,,,calcium-channel blocker,True,False
6720,,,se55.,Uard,Guardian irrigator 38mm/4803 x5,Diltiazem Hydrochloride,,,calcium-channel blocker,True,False
6721,,,se56.,Uard,Guardian irrigator 51mm/4804 x5,Diltiazem Hydrochloride,,,calcium-channel blocker,True,False
6722,,,se57.,Uard,Guardian irrigator 64mm/4805 x5,Diltiazem Hydrochloride,,,calcium-channel blocker,True,False
6723,,,se58.,Uard,Guardian irrigator 102mm/4806 x5,Diltiazem Hydrochloride,,,calcium-channel blocker,True,False
6724,,,sgi1.,Uard,OstoGuard RMC1 barrier cream 60g,Diltiazem Hydrochloride,,,calcium-channel blocker,True,False
6725,,,sgi2.,Uard,OstoGuard RMC2 barrier cream 2g sachets,Diltiazem Hydrochloride,,,calcium-channel blocker,True,False
6726,,,sgi6.,Uard,OSTOGUARD RMC3 barrier film sachet 3mL,Diltiazem Hydrochloride,,,calcium-channel blocker,True,False
6727,,,sgi7.,Uard,OSTOGUARD RMC4 barrier film 30mL,Diltiazem Hydrochloride,,,calcium-channel blocker,True,False
6728,,,sgi8.,Uard,OSTOGUARD RMC5 barrier film 50mL,Diltiazem Hydrochloride,,,calcium-channel blocker,True,False
6729,,,sj35.,Univer,HOLLISTER 9779 universal catheter access port,Verapamil Hydrochloride,,,calcium-channel blocker,True,False
6730,,,sk42.,Uard,Guardian 4606 102mm clear drainable pouch two-piece ostomy system,Diltiazem Hydrochloride,,,calcium-channel blocker,True,False
6731,,,sk47.,Uard,Guardian 25mm/4402 flanges x5,Diltiazem Hydrochloride,,,calcium-channel blocker,True,False
6732,,,sk48.,Uard,Guardian 38mm/4403 flanges x5,Diltiazem Hydrochloride,,,calcium-channel blocker,True,False
6733,,,sk49.,Uard,Guardian 51mm/4404 flanges x5,Diltiazem Hydrochloride,,,calcium-channel blocker,True,False
6734,,,sk4A.,Uard,Guardian 4522 25mm mini opaque closed pouch+filter two-piece ostomy system,Diltiazem Hydrochloride,,,calcium-channel blocker,True,False
6735,,,sk4B.,Uard,Guardian 4523 38mm mini opaque closed pouch+filter two-piece ostomy system,Diltiazem Hydrochloride,,,calcium-channel blocker,True,False
6736,,,sk4C.,Uard,Guardian 4524 51mm mini opaque closed pouch+filter two-piece ostomy system,Diltiazem Hydrochloride,,,calcium-channel blocker,True,False
6737,,,sk4D.,Uard,Guardian 4525 64mm mini opaque closed pouch+filter two-piece ostomy system,Diltiazem Hydrochloride,,,calcium-channel blocker,True,False
6738,,,sk4F.,Uard,Guardian 4303 38mm opaque stoma cap+filter two-piece ostomy system,Diltiazem Hydrochloride,,,calcium-channel blocker,True,False
6739,,,sk4G.,Uard,Guardian 4304 51mm opaque stoma cap+filter two-piece ostomy system,Diltiazem Hydrochloride,,,calcium-channel blocker,True,False
6740,,,sk4H.,Uard,Guardian 4305 64mm opaque stoma cap+filter two-piece ostomy system,Diltiazem Hydrochloride,,,calcium-channel blocker,True,False
6741,,,sk4J.,Uard,Guardian 25mm/4422 flanges x5,Diltiazem Hydrochloride,,,calcium-channel blocker,True,False
6742,,,sk4K.,Uard,Guardian 38mm/4423 flanges x5,Diltiazem Hydrochloride,,,calcium-channel blocker,True,False
6743,,,sk4L.,Uard,Guardian 51mm/4424 flanges x5,Diltiazem Hydrochloride,,,calcium-channel blocker,True,False
6744,,,sk4M.,Uard,Guardian 64mm/4425 flanges x5,Diltiazem Hydrochloride,,,calcium-channel blocker,True,False
6745,,,sk4N.,Uard,Guardian 4202 25mm belt adaptor two-piece ostomy system,Diltiazem Hydrochloride,,,calcium-channel blocker,True,False
6746,,,sk4P.,Uard,Guardian 4203 38mm belt adaptor two-piece ostomy system,Diltiazem Hydrochloride,,,calcium-channel blocker,True,False
6747,,,sk4Q.,Uard,Guardian 4204 51mm belt adaptor two-piece ostomy system,Diltiazem Hydrochloride,,,calcium-channel blocker,True,False
6748,,,sk4R.,Uard,Guardian 4205 64mm belt adaptor two-piece ostomy system,Diltiazem Hydrochloride,,,calcium-channel blocker,True,False
6749,,,sk4S.,Uard,Guardian 4206 102mm belt adaptor two-piece ostomy system,Diltiazem Hydrochloride,,,calcium-channel blocker,True,False
6750,,,sk4a.,Uard,Guardian 64mm/4405 flanges x5,Diltiazem Hydrochloride,,,calcium-channel blocker,True,False
6751,,,sk4b.,Uard,Guardian 102mm/4406 flanges x5,Diltiazem Hydrochloride,,,calcium-channel blocker,True,False
6752,,,sk4c.,Uard,Guardian 4513 38mm opaque closed pouch two-piece ostomy system,Diltiazem Hydrochloride,,,calcium-channel blocker,True,False
6753,,,sk4d.,Uard,Guardian 4514 51mm opaque closed pouch two-piece ostomy system,Diltiazem Hydrochloride,,,calcium-channel blocker,True,False
6754,,,sk4e.,Uard,Guardian 4515 64mm opaque closed pouch two-piece ostomy system,Diltiazem Hydrochloride,,,calcium-channel blocker,True,False
6755,,,sk4f.,Uard,Guardian 4702 25mm urostomy pouch two-piece ostomy system,Diltiazem Hydrochloride,,,calcium-channel blocker,True,False
6756,,,sk4g.,Uard,Guardian 4703 38mm urostomy pouch two-piece ostomy system,Diltiazem Hydrochloride,,,calcium-channel blocker,True,False
6757,,,sk4h.,Uard,Guardian 4704 51mm urostomy pouch two-piece ostomy system,Diltiazem Hydrochloride,,,calcium-channel blocker,True,False
6758,,,sk4i.,Uard,Guardian 4503 38mm clear closed pouch two-piece ostomy system,Diltiazem Hydrochloride,,,calcium-channel blocker,True,False
6759,,,sk4j.,Uard,Guardian 4504 51mm clear closed pouch two-piece ostomy system,Diltiazem Hydrochloride,,,calcium-channel blocker,True,False
6760,,,sk4k.,Uard,Guardian 4505 64mm clear closed pouch two-piece ostomy system,Diltiazem Hydrochloride,,,calcium-channel blocker,True,False
6761,,,sk4l.,Uard,Guardian 4602 25mm clear drainable pouch two-piece ostomy system,Diltiazem Hydrochloride,,,calcium-channel blocker,True,False
6762,,,sk4m.,Uard,Guardian 4603 38mm clear drainable pouch two-piece ostomy system,Diltiazem Hydrochloride,,,calcium-channel blocker,True,False
6763,,,sk4n.,Uard,Guardian 4604 51mm clear drainable pouch two-piece ostomy system,Diltiazem Hydrochloride,,,calcium-channel blocker,True,False
6764,,,sk4o.,Uard,Guardian 4605 64mm clear drainable pouch two-piece ostomy system,Diltiazem Hydrochloride,,,calcium-channel blocker,True,False
6765,,,sk4p.,Uard,Guardian 4612 25mm opaque drainable pouch two-piece ostomy system,Diltiazem Hydrochloride,,,calcium-channel blocker,True,False
6766,,,sk4q.,Uard,Guardian 4613 38mm opaque drainable pouch two-piece ostomy system,Diltiazem Hydrochloride,,,calcium-channel blocker,True,False
6767,,,sk4r.,Uard,Guardian 4614 51mm opaque drainable pouch two-piece ostomy system,Diltiazem Hydrochloride,,,calcium-channel blocker,True,False
6768,,,sk4s.,Uard,Guardian 4615 64mm opaque drainable pouch two-piece ostomy system,Diltiazem Hydrochloride,,,calcium-channel blocker,True,False
6769,,,sk4t.,Uard,Guardian 4642 25mm mini opaque drainable pouch two-piece ostomy system,Diltiazem Hydrochloride,,,calcium-channel blocker,True,False
6770,,,sk4u.,Uard,Guardian 4643 38mm mini opaque drainable pouch two-piece ostomy system,Diltiazem Hydrochloride,,,calcium-channel blocker,True,False
6771,,,sk4v.,Uard,Guardian 4644 51mm mini opaque drainable pouch two-piece ostomy system,Diltiazem Hydrochloride,,,calcium-channel blocker,True,False
6772,,,sk4w.,Uard,Guardian 4645 64mm mini opaque drainable pouch two-piece ostomy system,Diltiazem Hydrochloride,,,calcium-channel blocker,True,False
6773,,,sk4x.,Uard,Guardian 420 belt adaptor x10,Diltiazem Hydrochloride,,,calcium-channel blocker,True,False
6774,,,sk4y.,Uard,Guardian 4502 25mm clear closed pouch two-piece ostomy system,Diltiazem Hydrochloride,,,calcium-channel blocker,True,False
6775,,,sk4z.,Uard,Guardian 4512 25mm opaque closed pouch two-piece ostomy system,Diltiazem Hydrochloride,,,calcium-channel blocker,True,False
6776,,,wy02n,Uard,Hypoguard (UK) Ltd,Diltiazem Hydrochloride,,,calcium-channel blocker,True,False
6777,,,wy06s,Univer,Universal Hospital Supplies,Verapamil Hydrochloride,,,calcium-channel blocker,True,False
6778,,,x008F,Nifedipine,Modified release nifedipine,Nifedipine,,,calcium-channel blocker,True,False
6779,,,x009B,Nifedipine,Parenteral nifedipine,Nifedipine,,,calcium-channel blocker,True,False
6780,,,x00Du,Adalat,Adalate 10mg capsule,Nifedipine,10 mg,,calcium-channel blocker,True,False
6781,,,x00KG,Istin,Otrivine-Antistin eye drops,Amlodipine,,,calcium-channel blocker,True,False
6782,,,x00Pw,Istin,Vincristine sulphate 5mg/25mL infusion,Amlodipine,5 mg/25 ml,,calcium-channel blocker,True,False
6783,,,x00Px,Istin,Vincristine sulphate 10mg/50mL infusion,Amlodipine,10 mg/50 ml,,calcium-channel blocker,True,False
6784,,,x00Py,Istin,Vincristine sulphate 5mg/50mL infusion,Amlodipine,5 mg/50 ml,,calcium-channel blocker,True,False
6785,,,x00Pz,Istin,Vincristine sulphate 10mg/100mL infusion,Amlodipine,10 mg/100 ml,,calcium-channel blocker,True,False
6786,,,x00Th,Univer,Univer 120mg m/r capsule,Verapamil Hydrochloride,120 mg,,calcium-channel blocker,True,False
6787,,,x00Ti,Univer,Univer 180mg m/r capsule,Verapamil Hydrochloride,180 mg,,calcium-channel blocker,True,False
6788,,,x00Tj,Univer,Univer 240mg m/r capsule,Verapamil Hydrochloride,240 mg,,calcium-channel blocker,True,False
6789,,,x00Tl,Adalat,Adalat AR 20mg m/r tablet,Nifedipine,20 mg,,calcium-channel blocker,True,False
6790,,,x00Tm,Adalat,Adalate LP 20mg m/r tablet,Nifedipine,20 mg,,calcium-channel blocker,True,False
6791,,,x00pm,Univer,Universal sterile plastic leg bag,Verapamil Hydrochloride,,,calcium-channel blocker,True,False
6792,,,x00v7,Uard,Guardian two-piece ostomy system,Diltiazem Hydrochloride,,,calcium-channel blocker,True,False
6793,,,x01Ak,Istin,Vincristine,Amlodipine,,,calcium-channel blocker,True,False
6794,,,x01CW,Nifedipine,Oral nifedipine,Nifedipine,,,calcium-channel blocker,True,False
6795,,,x01RN,Istin,Betahistine,Amlodipine,,,calcium-channel blocker,True,False
6796,,,x01fQ,Uard,Guardian 'F' floating flange two-piece ostomy system,Diltiazem Hydrochloride,,,calcium-channel blocker,True,False
6797,,,x01fR,Uard,Guardian 'S' stationary flange two-piece ostomy system,Diltiazem Hydrochloride,,,calcium-channel blocker,True,False
6798,,,x01fS,Uard,Guardian closed pouch two-piece ostomy system,Diltiazem Hydrochloride,,,calcium-channel blocker,True,False
6799,,,x01fT,Uard,Guardian closed mini pouch two-piece ostomy system,Diltiazem Hydrochloride,,,calcium-channel blocker,True,False
6800,,,x01fU,Uard,Guardian drainable pouch two-piece ostomy system,Diltiazem Hydrochloride,,,calcium-channel blocker,True,False
6801,,,x01fV,Uard,Guardian drainable mini pouch two-piece ostomy system,Diltiazem Hydrochloride,,,calcium-channel blocker,True,False
6802,,,x01fW,Uard,Guardian urostomy pouch two-piece ostomy system,Diltiazem Hydrochloride,,,calcium-channel blocker,True,False
6803,,,x01fX,Uard,Guardian stoma cap+filter two-piece ostomy system,Diltiazem Hydrochloride,,,calcium-channel blocker,True,False
6804,,,x01fY,Uard,Guardian belt adaptor two-piece ostomy system,Diltiazem Hydrochloride,,,calcium-channel blocker,True,False
6805,,,x01xp,Uard,Hollister 4803 38mm/flange irrigator drain for guardian two-peice system,Diltiazem Hydrochloride,,,calcium-channel blocker,True,False
6806,,,x01xq,Uard,Hollister 4804 51mm/flange irrigator drain for guardian two-peice system,Diltiazem Hydrochloride,,,calcium-channel blocker,True,False
6807,,,x01xr,Uard,Hollister 4805 64mm/flange irrigator drain for guardian two-peice system,Diltiazem Hydrochloride,,,calcium-channel blocker,True,False
6808,,,x01xs,Uard,Hollister 4806 102mm/flange irrigator drain for guardian two-peice system,Diltiazem Hydrochloride,,,calcium-channel blocker,True,False
6809,,,x021S,Uard,Guardian 4402 25mm 'F' floating flange two-piece ostomy system,Diltiazem Hydrochloride,,,calcium-channel blocker,True,False
6810,,,x021T,Uard,Guardian 4403 38mm 'F' floating flange two-piece ostomy system,Diltiazem Hydrochloride,,,calcium-channel blocker,True,False
6811,,,x021U,Uard,Guardian 4404 51mm 'F' floating flange two-piece ostomy system,Diltiazem Hydrochloride,,,calcium-channel blocker,True,False
6812,,,x021V,Uard,Guardian 4405 64mm 'F' floating flange two-piece ostomy system,Diltiazem Hydrochloride,,,calcium-channel blocker,True,False
6813,,,x021W,Uard,Guardian 4406 102mm 'F' floating flange two-piece ostomy system,Diltiazem Hydrochloride,,,calcium-channel blocker,True,False
6814,,,x021X,Uard,Guardian 4422 25mm 'S' stationary flange two-piece ostomy system,Diltiazem Hydrochloride,,,calcium-channel blocker,True,False
6815,,,x021Y,Uard,Guardian 4423 38mm 'S' stationary flange two-piece ostomy system,Diltiazem Hydrochloride,,,calcium-channel blocker,True,False
6816,,,x021Z,Uard,Guardian 4424 51mm 'S' stationary flange two-piece ostomy system,Diltiazem Hydrochloride,,,calcium-channel blocker,True,False
6817,,,x021a,Uard,Guardian 4425 64mm 'S' stationary flange two-piece ostomy system,Diltiazem Hydrochloride,,,calcium-channel blocker,True,False
6818,,,x029M,Uard,Hypoguard GA blood glucose testing strip,Diltiazem Hydrochloride,,,calcium-channel blocker,True,False
6819,,,x029O,Uard,Hypoguard Supreme blood glucose testing strip,Diltiazem Hydrochloride,,,calcium-channel blocker,True,False
6820,,,x02QH,Adalat,Adalat,Nifedipine,,,calcium-channel blocker,True,False
6821,,,x02QI,Adalat,Adalat Retard,Nifedipine,,,calcium-channel blocker,True,False
6822,,,x02QJ,Adalat,Adalat LA,Nifedipine,,,calcium-channel blocker,True,False
6823,,,x02QK,Adipine,Adipine MR,Nifedipine,,,calcium-channel blocker,True,False
6824,,,x02QL,Angiopine,Angiopine,Nifedipine,,,calcium-channel blocker,True,False
6825,,,x02QM,Angiopine,Angiopine MR,Nifedipine,,,calcium-channel blocker,True,False
6826,,,x02QN,Calanif,Calanif,Nifedipine,,,calcium-channel blocker,True,False
6827,,,x02QO,Calcilat,Calcilat,Nifedipine,,,calcium-channel blocker,True,False
6828,,,x02QP,Cardilate,Cardilate MR,Nifedipine,,,calcium-channel blocker,True,False
6829,,,x02QQ,Hypolar,Hypolar Retard,Nifedipine,,,calcium-channel blocker,True,False
6830,,,x02QR,Nifelease,Nifelease,Nifedipine,,,calcium-channel blocker,True,False
6831,,,x02QU,Adizem,Adizem,Diltiazem Hydrochloride,,,calcium-channel blocker,True,False
6832,,,x02QV,Adizem,Adizem-SR,Diltiazem Hydrochloride,,,calcium-channel blocker,True,False
6833,,,x02QW,Adizem,Adizem-XL,Diltiazem Hydrochloride,,,calcium-channel blocker,True,False
6834,,,x02QY,Angiozem,Angiozem,Diltiazem Hydrochloride,,,calcium-channel blocker,True,False
6835,,,x02QZ,Angitil,Angitil SR,Diltiazem Hydrochloride,,,calcium-channel blocker,True,False
6836,,,x02Qa,Britiazim,Britiazim,Diltiazem Hydrochloride,,,calcium-channel blocker,True,False
6837,,,x02Qb,Calcicard,Calcicard CR,Diltiazem Hydrochloride,,,calcium-channel blocker,True,False
6838,,,x02Qc,Dilzem,Dilzem,Diltiazem Hydrochloride,,,calcium-channel blocker,True,False
6839,,,x02Qd,Dilzem,Dilzem SR,Diltiazem Hydrochloride,,,calcium-channel blocker,True,False
6840,,,x02Qe,Dilzem,Dilzem XL,Diltiazem Hydrochloride,,,calcium-channel blocker,True,False
6841,,,x02Qg,Slozem,Slozem,Diltiazem Hydrochloride,,,calcium-channel blocker,True,False
6842,,,x02Qh,Tildiem,Tildiem,Diltiazem Hydrochloride,,,calcium-channel blocker,True,False
6843,,,x02Qi,Tildiem,Tildiem Retard,Diltiazem Hydrochloride,,,calcium-channel blocker,True,False
6844,,,x02Qj,Tildiem,Tildiem LA,Diltiazem Hydrochloride,,,calcium-channel blocker,True,False
6845,,,x02Qk,Coracten,Coracten SR,Nifedipine,,,calcium-channel blocker,True,False
6846,,,x02Sn,Adalat,Adalate,Nifedipine,,,calcium-channel blocker,True,False
6847,,,x02So,Adalat,Adalate LP,Nifedipine,,,calcium-channel blocker,True,False
6848,,,x02VO,Berkatens,Berkatens,Verapamil Hydrochloride,,,calcium-channel blocker,True,False
6849,,,x02VT,Adalat,Beta-Adalat,Nifedipine,,,calcium-channel blocker,True,False
6850,,,x02Wn,Cardene,Cardene,Nicardipine Hydrochloride,,,calcium-channel blocker,True,False
6851,,,x02Wo,Cardene,Cardene SR,Nicardipine Hydrochloride,,,calcium-channel blocker,True,False
6852,,,x02Y2,Cordilox,Cordilox,Verapamil Hydrochloride,,,calcium-channel blocker,True,False
6853,,,x02fz,Istin,Istin,Amlodipine,,,calcium-channel blocker,True,False
6854,,,x02gI,Keloc,Kelocyanor,Felodipine,,,calcium-channel blocker,True,False
6855,,,x02jv,Motens,Motens,Lacidipine,,,calcium-channel blocker,True,False
6856,,,x02ku,Nimotop,Nimotop,Nimodipine,,,calcium-channel blocker,True,False
6857,,,x02mL,Istin,Otrivine-Antistin,Amlodipine,,,calcium-channel blocker,True,False
6858,,,x02nh,Plendil,Plendil,Felodipine,,,calcium-channel blocker,True,False
6859,,,x02o9,Prescal,Prescal,Isradipine,,,calcium-channel blocker,True,False
6860,,,x02qh,Securon,Securon,Verapamil Hydrochloride,,,calcium-channel blocker,True,False
6861,,,x03d3,Unipine,Unipine XL,Nifedipine,,,calcium-channel blocker,True,False
6862,,,x03e0,Nimodrel,Nimodrel MR,Nifedipine,,,calcium-channel blocker,True,False
6863,,,x03e5,Adizem,Adizem-XL Plus,Diltiazem Hydrochloride,,,calcium-channel blocker,True,False
6864,,,x03hZ,Tensipine,Tensipine MR,Nifedipine,,,calcium-channel blocker,True,False
6865,,,x03iy,Zemtard,Zemtard XL,Diltiazem Hydrochloride,,,calcium-channel blocker,True,False
6866,,,x03jP,Fortipine,Fortipine LA,Nifedipine,,,calcium-channel blocker,True,False
6867,,,x03lF,Nifedotard,Nifedotard 20MR,Nifedipine,,,calcium-channel blocker,True,False
6868,,,x03lM,Slofedipine,Slofedipine,Nifedipine,,,calcium-channel blocker,True,False
6869,,,x03lh,Verapress,Verapress MR,Verapamil Hydrochloride,,,calcium-channel blocker,True,False
6870,,,x03n2,Viazem,Viazem XL,Diltiazem Hydrochloride,,,calcium-channel blocker,True,False
6871,,,x03pa,Genalat,Genalat Retard,Nifedipine,,,calcium-channel blocker,True,False
6872,,,x03qf,Zanidip,Zanidip,Lercanidipine Hydrochloride,,,calcium-channel blocker,True,False
6873,,,x03rU,Posicor,Posicor,Mibefradil,,,calcium-channel blocker,True,False
6874,,,x03rp,Calazem,Calazem,Diltiazem Hydrochloride,,,calcium-channel blocker,True,False
6875,,,x03t6,Kentiazem,Kentiazem,Diltiazem Hydrochloride,,,calcium-channel blocker,True,False
6876,,,x03vs,Securon,Securon IV,Verapamil Hydrochloride,,,calcium-channel blocker,True,False
6877,,,x03vt,Securon,Securon SR,Verapamil Hydrochloride,,,calcium-channel blocker,True,False
6878,,,x03yS,Tensipine,Tensipine MR 10,Nifedipine,,,calcium-channel blocker,True,False
6879,,,x03yT,Tensipine,Tensipine MR 20,Nifedipine,,,calcium-channel blocker,True,False
6880,,,x03yp,Univer,Univer,Verapamil Hydrochloride,,,calcium-channel blocker,True,False
6881,,,x03zv,Fortipine,Fortipine LA40,Nifedipine,,,calcium-channel blocker,True,False
6882,,,x040C,Verapress,Verapress MR 240,Verapamil Hydrochloride,,,calcium-channel blocker,True,False
6883,,,x044T,Nifedipress,Nifedipress MR 20,Nifedipine,,,calcium-channel blocker,True,False
6884,,,x045x,Nimodrel,Nimodrel MR 10,Nifedipine,,,calcium-channel blocker,True,False
6885,,,x045y,Nimodrel,Nimodrel MR 20,Nifedipine,,,calcium-channel blocker,True,False
6886,,,x046e,Angiopine,Angiopine 40 LA,Nifedipine,,,calcium-channel blocker,True,False
6887,,,x046f,Angiozem,Angiozem CR,Diltiazem Hydrochloride,,,calcium-channel blocker,True,False
6888,,,x047Y,Adalat,Adalat AR,Nifedipine,,,calcium-channel blocker,True,False
6889,,,x047Z,Adalat,Adalat Retard 10,Nifedipine,,,calcium-channel blocker,True,False
6890,,,x047a,Adalat,Adalat Retard 20,Nifedipine,,,calcium-channel blocker,True,False
6891,,,x047f,Adipine,Adipine MR 10,Nifedipine,,,calcium-channel blocker,True,False
6892,,,x047g,Adipine,Adipine MR 20,Nifedipine,,,calcium-channel blocker,True,False
6893,,,x047h,Adizem,Adizem-60,Diltiazem Hydrochloride,,,calcium-channel blocker,True,False
6894,,,x048t,Syscor,Syscor MR,Nisoldipine,,,calcium-channel blocker,True,False
6895,,,x048z,Securon,Half Securon SR,Verapamil Hydrochloride,,,calcium-channel blocker,True,False
6896,,,x049o,Hypolar,Hypolar Retard 20,Nifedipine,,,calcium-channel blocker,True,False
6897,,,x049y,Zemtard,Zemtard 300 XL,Diltiazem Hydrochloride,,,calcium-channel blocker,True,False
6898,,,x04bG,Optil,Optil,Diltiazem Hydrochloride,,,calcium-channel blocker,True,False
6899,,,x04c4,Dilcardia,Dilcardia SR,Diltiazem Hydrochloride,,,calcium-channel blocker,True,False
6900,,,x04cf,Nifedipress,Nifedipress MR 10,Nifedipine,,,calcium-channel blocker,True,False
6901,,,x04om,Nivaten,Nivaten Retard,Nifedipine,,,calcium-channel blocker,True,False
6902,,,x04pM,Optil,Optilast 0.05% eye drops,Diltiazem Hydrochloride,,,calcium-channel blocker,True,False
6903,,,x04pN,Optil,Optilast,Diltiazem Hydrochloride,,,calcium-channel blocker,True,False
6904,,,x04qk,Coroday,Coroday MR,Nifedipine,,,calcium-channel blocker,True,False
6905,,,x04qm,Angitil,Angitil XL 240,Diltiazem Hydrochloride,,,calcium-channel blocker,True,False
6906,,,x04qn,Angitil,Angitil XL 300,Diltiazem Hydrochloride,,,calcium-channel blocker,True,False
6907,,,x04t2,Angitil,Angitil SR 90,Diltiazem Hydrochloride,,,calcium-channel blocker,True,False
6908,,,x04t3,Angitil,Angitil SR 120,Diltiazem Hydrochloride,,,calcium-channel blocker,True,False
6909,,,x04t4,Angitil,Angitil SR 180,Diltiazem Hydrochloride,,,calcium-channel blocker,True,False
6910,,,x04t9,Zemtard,Zemtard 120 XL,Diltiazem Hydrochloride,,,calcium-channel blocker,True,False
6911,,,x04tA,Zemtard,Zemtard 180 XL,Diltiazem Hydrochloride,,,calcium-channel blocker,True,False
6912,,,x04tB,Zemtard,Zemtard 240 XL,Diltiazem Hydrochloride,,,calcium-channel blocker,True,False
6913,,,x04vM,Ethimil,Ethimil MR 240,Verapamil Hydrochloride,,,calcium-channel blocker,True,False
6914,,,x04vd,Cordilox,Cordilox MR 240,Verapamil Hydrochloride,,,calcium-channel blocker,True,False
6915,,,x04vg,Coracten,Coracten XL,Nifedipine,,,calcium-channel blocker,True,False
6916,,,x04vl,Optil,Optil SR 90,Diltiazem Hydrochloride,,,calcium-channel blocker,True,False
6917,,,x04vm,Optil,Optil SR 120,Diltiazem Hydrochloride,,,calcium-channel blocker,True,False
6918,,,x04vn,Optil,Optil SR 180,Diltiazem Hydrochloride,,,calcium-channel blocker,True,False
6919,,,x04vo,Optil,Optil XL 240,Diltiazem Hydrochloride,,,calcium-channel blocker,True,False
6920,,,x04vp,Optil,Optil XL 300,Diltiazem Hydrochloride,,,calcium-channel blocker,True,False
6921,,,x04wJ,Vertab,Vertab SR 240,Verapamil Hydrochloride,,,calcium-channel blocker,True,False
6922,,,x04wL,Nifopress,Nifopress Retard,Nifedipine,,,calcium-channel blocker,True,False
6923,,,x04wM,Slofedipine,Slofedipine XL,Nifedipine,,,calcium-channel blocker,True,False
6924,,,x04wl,Dilcardia,Dilcardia XL,Diltiazem Hydrochloride,,,calcium-channel blocker,True,False
6925,,,x04yc,Adipine,Adipine LA 30,Nifedipine,,,calcium-channel blocker,True,False
6926,,,x04yd,Adipine,Adipine LA 60,Nifedipine,,,calcium-channel blocker,True,False
6927,,,x0575,Bi-Carzem,BI-CARZEM SR,Diltiazem Hydrochloride,,,calcium-channel blocker,True,False
6928,,,x05Bx,Uard,Hypoguard Supreme Spectrum blood glucose testing strip,Diltiazem Hydrochloride,,,calcium-channel blocker,True,False
6929,,,x05Cl,Zildil,Zildil SR,Diltiazem Hydrochloride,,,calcium-channel blocker,True,False
6930,,,x05Dw,Hypolar,Hypolar XL 30,Nifedipine,,,calcium-channel blocker,True,False
6931,,,x05Ei,Bi-Carzem,BI-CARZEM XL,Diltiazem Hydrochloride,,,calcium-channel blocker,True,False
6932,,,x05G5,Calchan,Calchan MR,Nifedipine,,,calcium-channel blocker,True,False
6933,,,x05JR,Zemret,Zemret 180 XL,Diltiazem Hydrochloride,,,calcium-channel blocker,True,False
6934,,,x05Jl,Zemret,Zemret 240 XL,Diltiazem Hydrochloride,,,calcium-channel blocker,True,False
6935,,,x05Jm,Zemret,Zemret 300 XL,Diltiazem Hydrochloride,,,calcium-channel blocker,True,False
6936,,,x05Kw,Amlodipine,Amlodipine - chemical,Amlodipine,,,calcium-channel blocker,True,False
6937,,,x05Kx,Amlodipine,Amlodipine besylate - chemical,Amlodipine,,,calcium-channel blocker,True,False
6938,,,x05MD,Istin,Betahistine dihydrochloride - chemical,Amlodipine,,,calcium-channel blocker,True,False
6939,,,x05ME,Istin,Betahistine hydrochloride - chemical,Amlodipine,,,calcium-channel blocker,True,False
6940,,,x05Xz,Zolvera,Zolvera,Verapamil Hydrochloride,,,calcium-channel blocker,True,False
6941,,,x05bu,Disogram,Disogram SR,Diltiazem Hydrochloride,,,calcium-channel blocker,True,False
6942,,,x05dP,Horizem,Horizem SR,Diltiazem Hydrochloride,,,calcium-channel blocker,True,False
6943,,,x05ek,Uard,OstoGuard RMC1 barrier cream,Diltiazem Hydrochloride,,,calcium-channel blocker,True,False
6944,,,x05hA,Diltiazem Hydrochloride,Diltiazem Hydrochloride XL,Diltiazem Hydrochloride,,,calcium-channel blocker,True,False
6945,,,x05i1,Ranvera,Ranvera MR,Verapamil Hydrochloride,,,calcium-channel blocker,True,False
6946,,,x05i3,Cabren,Cabren,Felodipine,,,calcium-channel blocker,True,False
6947,,,x05j1,Uard,OstoGuard RMC2 barrier cream sachet,Diltiazem Hydrochloride,,,calcium-channel blocker,True,False
6948,,,x05jB,Vera-Til,Vera-Til SR,Verapamil Hydrochloride,,,calcium-channel blocker,True,False
6949,,,x05ok,Kentipine,Kentipine MR,Nifedipine,,,calcium-channel blocker,True,False
6950,,,x05pF,Felotens,Felotens XL,Felodipine,,,calcium-channel blocker,True,False
6951,,,x05pk,Felogen,Felogen XL,Felodipine,,,calcium-channel blocker,True,False
6952,,,x05qe,Keloc,Keloc SR,Felodipine,,,calcium-channel blocker,True,False
6953,,,x05rz,Vascalpha,Vascalpha,Felodipine,,,calcium-channel blocker,True,False
6954,,,x05sM,Valni,Valni Retard,Nifedipine,,,calcium-channel blocker,True,False
6955,,,x05u3,Cardioplen,Cardioplen XL,Felodipine,,,calcium-channel blocker,True,False
6956,,,x05uo,Amlostin,Amlostin,Amlodipine,,,calcium-channel blocker,True,False
6957,,,x05vQ,Neofel,Neofel XL,Felodipine,,,calcium-channel blocker,True,False
6958,,,x05wO,Adipine,Adipine XL,Nifedipine,,,calcium-channel blocker,True,False
6959,,,x05xk,Pinefeld,Pinefeld XL,Felodipine,,,calcium-channel blocker,True,False
6960,,,x0606,Nimodrel,Nimodrel XL,Nifedipine,,,calcium-channel blocker,True,False
6961,,,.031.,Univer,University academic (& [staff]),Verapamil Hydrochloride,,,calcium-channel blocker,True,False
6962,,,.031.,Univer,University academic staff,Verapamil Hydrochloride,,,calcium-channel blocker,True,False
6963,,,.031.,Univer,Academic - university,Verapamil Hydrochloride,,,calcium-channel blocker,True,False
6964,,,.031.,Univer,University acad. staff,Verapamil Hydrochloride,,,calcium-channel blocker,True,False
6965,,,.0311,Univer,University vice-chancellor,Verapamil Hydrochloride,,,calcium-channel blocker,True,False
6966,,,.0312,Univer,University professor,Verapamil Hydrochloride,,,calcium-channel blocker,True,False
6967,,,.0313,Univer,University lecturer,Verapamil Hydrochloride,,,calcium-channel blocker,True,False
6968,,,.0314,Univer,University dean,Verapamil Hydrochloride,,,calcium-channel blocker,True,False
6969,,,.031Z,Univer,University teacher NOS,Verapamil Hydrochloride,,,calcium-channel blocker,True,False
6970,,,.09Z.,Uard,(Private detective) or (security guard) or (other protective services),Diltiazem Hydrochloride,,,calcium-channel blocker,True,False
6971,,,.09Z.,Uard,Security guard,Diltiazem Hydrochloride,,,calcium-channel blocker,True,False
6972,,,.09Z.,Uard,Guard - security,Diltiazem Hydrochloride,,,calcium-channel blocker,True,False
6973,,,.09Z1,Uard,Coastguard,Diltiazem Hydrochloride,,,calcium-channel blocker,True,False
6974,,,.09Z9,Uard,Security guard,Diltiazem Hydrochloride,,,calcium-channel blocker,True,False
6975,,,.0I24,Uard,Railway guard,Diltiazem Hydrochloride,,,calcium-channel blocker,True,False
6976,,,.13Io,Uard,Has guardian appointed under the Adults with Incapacity (Scotland) Act 2000,Diltiazem Hydrochloride,,,calcium-channel blocker,True,False
6977,,,.13T2,Uard,Guardian's allowance,Diltiazem Hydrochloride,,,calcium-channel blocker,True,False
6978,,,.25D.,Uard,O/E - guarding on palpation,Diltiazem Hydrochloride,,,calcium-channel blocker,True,False
6979,,,.25D.,Uard,O/E - guarding of abdomen,Diltiazem Hydrochloride,,,calcium-channel blocker,True,False
6980,,,.25D1,Uard,O/E - no guarding on palpation,Diltiazem Hydrochloride,,,calcium-channel blocker,True,False
6981,,,.25D2,Uard,O/E - guarding-R.hypochondrium,Diltiazem Hydrochloride,,,calcium-channel blocker,True,False
6982,,,.25D3,Uard,O/E - guarding - epigastrium,Diltiazem Hydrochloride,,,calcium-channel blocker,True,False
6983,,,.25D4,Uard,O/E - guarding-L.hypochondrium,Diltiazem Hydrochloride,,,calcium-channel blocker,True,False
6984,,,.25D5,Uard,O/E - guarding - R.lumbar,Diltiazem Hydrochloride,,,calcium-channel blocker,True,False
6985,,,.25D6,Uard,O/E - guarding - umbilical,Diltiazem Hydrochloride,,,calcium-channel blocker,True,False
6986,,,.25D7,Uard,O/E - guarding - L.lumbar,Diltiazem Hydrochloride,,,calcium-channel blocker,True,False
6987,,,.25D8,Uard,O/E - guarding - R.iliac,Diltiazem Hydrochloride,,,calcium-channel blocker,True,False
6988,,,.25D9,Uard,O/E - guarding - hypogastrium,Diltiazem Hydrochloride,,,calcium-channel blocker,True,False
6989,,,.25DA,Uard,O/E - guarding - L.iliac,Diltiazem Hydrochloride,,,calcium-channel blocker,True,False
6990,,,.25DZ,Uard,O/E -guarding on palpation NOS,Diltiazem Hydrochloride,,,calcium-channel blocker,True,False
6991,,,.662R,Motens,Normotensive,Lacidipine,,,calcium-channel blocker,True,False
6992,,,.687C,Univer,Malnutrition universal screening tool score,Verapamil Hydrochloride,,,calcium-channel blocker,True,False
6993,,,.687C,Univer,MUST (malnutrition universal screening tool) score,Verapamil Hydrochloride,,,calcium-channel blocker,True,False
6994,,,.6995,Univer,University admission medical,Verapamil Hydrochloride,,,calcium-channel blocker,True,False
6995,,,.7396,Sular,Extracapsular extraction of lens,Nisoldipine,,,calcium-channel blocker,True,False
6996,,,.7396,Sular,Extracapsular cataract extraction,Nisoldipine,,,calcium-channel blocker,True,False
6997,,,.7396,Sular,ECCE - Extracapsular cataract extraction,Nisoldipine,,,calcium-channel blocker,True,False
6998,,,.8E73,Istin,Assisting exercise,Amlodipine,,,calcium-channel blocker,True,False
6999,,,.9142,Univer,Patient away at college or university,Verapamil Hydrochloride,,,calcium-channel blocker,True,False
7000,,,.918N,Uard,Legal guardian - home telephone number,Diltiazem Hydrochloride,,,calcium-channel blocker,True,False
7001,,,.918P,Uard,Legal guardian - mobile telephone number,Diltiazem Hydrochloride,,,calcium-channel blocker,True,False
7002,,,.918Q,Uard,Legal guardian - work telephone number,Diltiazem Hydrochloride,,,calcium-channel blocker,True,False
7003,,,.918R,Uard,Legal guardian - email address,Diltiazem Hydrochloride,,,calcium-channel blocker,True,False
7004,,,.918S,Uard,Legal guardian details,Diltiazem Hydrochloride,,,calcium-channel blocker,True,False
7005,,,.9d40,Uard,Guardian,Diltiazem Hydrochloride,,,calcium-channel blocker,True,False
7006,,,.K24.,Istin,Pregnancy with hypertension (& [pre-existing]),Amlodipine,,,calcium-channel blocker,True,False
7007,,,.K24.,Istin,Preg.+ pre-existing hypertensn,Amlodipine,,,calcium-channel blocker,True,False
7008,,,.K24.,Istin,Pregnancy with pre-existing hypertension,Amlodipine,,,calcium-channel blocker,True,False
7009,,,135o.,Univer,Universalist,Verapamil Hydrochloride,,,calcium-channel blocker,True,False
7010,,,135p.,Univer,Unitarian Universalist,Verapamil Hydrochloride,,,calcium-channel blocker,True,False
7011,,,13If0,Uard,Unborn child is cause for safeguarding concern,Diltiazem Hydrochloride,,,calcium-channel blocker,True,False
7012,,,13Io.,Uard,Has guardian appointed under the Adults with Incapacity (Scotland) Act 2000,Diltiazem Hydrochloride,,,calcium-channel blocker,True,False
7013,,,13WX.,Uard,Child is cause for safeguarding concern,Diltiazem Hydrochloride,,,calcium-channel blocker,True,False
7014,,,19EJ.,Istin,Able to distinguish stool and flatus,Amlodipine,,,calcium-channel blocker,True,False
7015,,,38B7.,Uard,Assessment of risk for deprivation of liberty in accordance with Mental Capacity Act 2005 Deprivation of liberty safeguards Code of Practice,Diltiazem Hydrochloride,,,calcium-channel blocker,True,False
7016,,,38G4.,Uard,Safeguarding children and young people toolkit for general practice (2009 revision),Diltiazem Hydrochloride,,,calcium-channel blocker,True,False
7017,,,38Gk.,Univer,Malnutrition universal screening tool,Verapamil Hydrochloride,,,calcium-channel blocker,True,False
7018,,,38QS.,Univer,University of Washington Quality of Life questionnaire version 4,Verapamil Hydrochloride,,,calcium-channel blocker,True,False
7019,,,65e..,Univer,Universal precautions,Verapamil Hydrochloride,,,calcium-channel blocker,True,False
7020,,,662R.,Motens,Normotensive,Lacidipine,,,calcium-channel blocker,True,False
7021,,,687C.,Univer,Malnutrition universal screening tool score,Verapamil Hydrochloride,,,calcium-channel blocker,True,False
7022,,,687C.,Univer,MUST (malnutrition universal screening tool) score,Verapamil Hydrochloride,,,calcium-channel blocker,True,False
7023,,,68Nx.,Uard,Parent/guardian not aware of any contraindication to immunisation,Diltiazem Hydrochloride,,,calcium-channel blocker,True,False
7024,,,7K1Jd,Sular,Closed reduction of intracapsular fracture of neck of femur and internal fixation using a dynamic hip screw,Nisoldipine,,,calcium-channel blocker,True,False
7025,,,7K1Y0,Sular,Remanipulation of intracapsular fracture of neck of femur and fixation using nail or screw,Nisoldipine,,,calcium-channel blocker,True,False
7026,,,86804,Istin,Colistin desensitisation therapy,Amlodipine,,,calcium-channel blocker,True,False
7027,,,8CMh.,Uard,Safeguarding adults protection plan completed,Diltiazem Hydrochloride,,,calcium-channel blocker,True,False
7028,,,8CSC.,Uard,Safeguarding adults protection plan agreed,Diltiazem Hydrochloride,,,calcium-channel blocker,True,False
7029,,,8Hkc.,Uard,Referral to safeguarding adults team,Diltiazem Hydrochloride,,,calcium-channel blocker,True,False
7030,,,8Hkh.,Uard,Referral to safeguarding children team,Diltiazem Hydrochloride,,,calcium-channel blocker,True,False
7031,,,918N.,Uard,Legal guardian - home telephone number,Diltiazem Hydrochloride,,,calcium-channel blocker,True,False
7032,,,918P.,Uard,Legal guardian - mobile telephone number,Diltiazem Hydrochloride,,,calcium-channel blocker,True,False
7033,,,918Q.,Uard,Legal guardian - work telephone number,Diltiazem Hydrochloride,,,calcium-channel blocker,True,False
7034,,,918R.,Uard,Legal guardian - email address,Diltiazem Hydrochloride,,,calcium-channel blocker,True,False
7035,,,918S.,Uard,Legal guardian details,Diltiazem Hydrochloride,,,calcium-channel blocker,True,False
7036,,,9Ea3.,Istin,Less than 24 weeks involving risk of injury to the physical/mental health of any existing children of the pregnant woman's family,Amlodipine,,,calcium-channel blocker,True,False
7037,,,9NfS.,Univer,Requires information on USB (universal serial bus) mass storage device,Verapamil Hydrochloride,,,calcium-channel blocker,True,False
7038,,,9NgB.,Uard,Child no longer safeguarding concern,Diltiazem Hydrochloride,,,calcium-channel blocker,True,False
7039,,,9Ngf.,Uard,No safeguarding issues identified,Diltiazem Hydrochloride,,,calcium-channel blocker,True,False
7040,,,9Ngj.,Uard,Adult safeguarding concern,Diltiazem Hydrochloride,,,calcium-channel blocker,True,False
7041,,,9Ngk.,Uard,Adult no longer safeguarding concern,Diltiazem Hydrochloride,,,calcium-channel blocker,True,False
7042,,,9Ngl0,Univer,Under care of health visiting service - Universal,Verapamil Hydrochloride,,,calcium-channel blocker,True,False
7043,,,9Ngl1,Univer,Under care of health visiting service - Universal plus,Verapamil Hydrochloride,,,calcium-channel blocker,True,False
7044,,,9Ngl2,Univer,Under care of health visiting service - Universal partnership plus,Verapamil Hydrochloride,,,calcium-channel blocker,True,False
7045,,,9Ngz3,Univer,Under care of school nursing service - Universal,Verapamil Hydrochloride,,,calcium-channel blocker,True,False
7046,,,9Ngz4,Univer,Under care of school nursing service - Universal plus,Verapamil Hydrochloride,,,calcium-channel blocker,True,False
7047,,,9Ngz5,Univer,Under care of school nursing service - Universal partnership plus,Verapamil Hydrochloride,,,calcium-channel blocker,True,False
7048,,,9NgzR,Uard,Unborn child no longer cause for safeguarding concern,Diltiazem Hydrochloride,,,calcium-channel blocker,True,False
7049,,,9NzE.,Uard,Legal guardian present at encounter,Diltiazem Hydrochloride,,,calcium-channel blocker,True,False
7050,,,9Rd..,Uard,SAR (Safeguarding Adults Return) referral conclusion,Diltiazem Hydrochloride,,,calcium-channel blocker,True,False
7051,,,9Rd0.,Uard,SAR (Safeguarding Adults Return) referral conclusion - investigation fully substantiated,Diltiazem Hydrochloride,,,calcium-channel blocker,True,False
7052,,,9Rd1.,Uard,SAR (Safeguarding Adults Return) referral conclusion - investigation partially substantiated,Diltiazem Hydrochloride,,,calcium-channel blocker,True,False
7053,,,9Rd2.,Uard,SAR (Safeguarding Adults Return) referral conclusion - investigation not substantiated,Diltiazem Hydrochloride,,,calcium-channel blocker,True,False
7054,,,9Rd3.,Uard,SAR (Safeguarding Adults Return) referral conclusion - investigation inconclusive,Diltiazem Hydrochloride,,,calcium-channel blocker,True,False
7055,,,9Rd4.,Uard,SAR (Safeguarding Adults Return) referral conclusion - investigation ceased at individual's request,Diltiazem Hydrochloride,,,calcium-channel blocker,True,False
7056,,,9d40.,Uard,Guardian,Diltiazem Hydrochloride,,,calcium-channel blocker,True,False
7057,,,9lJ..,Istin,Existing patient paper record available,Amlodipine,,,calcium-channel blocker,True,False
7058,,,F164.,Uard,Brown-Sequard syndrome,Diltiazem Hydrochloride,,,calcium-channel blocker,True,False
7059,,,L180X,Istin,"[X]Pre-existing diabetes mellitus, unspecified",Amlodipine,,,calcium-channel blocker,True,False
7060,,,M240K,Univer,Alopecia universalis,Verapamil Hydrochloride,,,calcium-channel blocker,True,False
7061,,,M240K,Univer,Universal alopecia areata,Verapamil Hydrochloride,,,calcium-channel blocker,True,False
7062,,,SP07T,Sular,Anterior capsular phimosis,Nisoldipine,,,calcium-channel blocker,True,False
7063,,,bd38.,Adalat,Beta-Adalat capsule,Nifedipine,,,calcium-channel blocker,True,False
7064,,,h32v.,Istin,Vincristine sulphate 1mg/1mL prefilled syringe,Amlodipine,1 mg/1 ml,,calcium-channel blocker,True,False
7065,,,x01CT,Amlodipine,Amlodipine,Amlodipine,,,calcium-channel blocker,True,False
7066,,,AC7x0,Amias,Syngamiasis,Candesartan Cilexetil,,,Angiotensin-II Receptor Antagonists,False,False
7067,,,C3541,Hypercal,Hypercalcaemia: [NEC] or [secondary],Reserpine And Rauwolfia Alkaloids,,,Centrally-Acting Antihypertensive Drugs,False,False
7068,,,C3541,Hypercal,Secondary hypercalcaemia,Reserpine And Rauwolfia Alkaloids,,,Centrally-Acting Antihypertensive Drugs,False,False
7069,,,C3541,Hypercal,Hypercalcaemia NEC,Reserpine And Rauwolfia Alkaloids,,,Centrally-Acting Antihypertensive Drugs,False,False
7070,,,C3542,Hypercal,Idiopathic hypercalcaemia,Reserpine And Rauwolfia Alkaloids,,,Centrally-Acting Antihypertensive Drugs,False,False
7071,,,C3544,Hypercal,Hypercalciuria,Reserpine And Rauwolfia Alkaloids,,,Centrally-Acting Antihypertensive Drugs,False,False
7072,,,C3544,Hypercal,Hypercalcinuria,Reserpine And Rauwolfia Alkaloids,,,Centrally-Acting Antihypertensive Drugs,False,False
7073,,,C3544,Hypercal,Hypercalcuria,Reserpine And Rauwolfia Alkaloids,,,Centrally-Acting Antihypertensive Drugs,False,False
7074,,,C3545,Hypercal,Familial benign hypercalcaemia,Reserpine And Rauwolfia Alkaloids,,,Centrally-Acting Antihypertensive Drugs,False,False
7075,,,X30Jn,Hypercal,Bartter's syndrome with hypercalciuria and nephrocalcinosis,Reserpine And Rauwolfia Alkaloids,,,Centrally-Acting Antihypertensive Drugs,False,False
7076,,,X30Kd,Hypercal,Hypercalcaemic nephropathy,Reserpine And Rauwolfia Alkaloids,,,Centrally-Acting Antihypertensive Drugs,False,False
7077,,,X30Lv,Hypercal,Acute hypercalcaemia of dialysis,Reserpine And Rauwolfia Alkaloids,,,Centrally-Acting Antihypertensive Drugs,False,False
7078,,,X40BT,Ranace,Placenta membranacea,Ramipril,,,Angiotensin-Converting Enzyme Inhibitors,False,False
7079,,,X40QU,Hypercal,Secondary hypercalcaemia,Reserpine And Rauwolfia Alkaloids,,,Centrally-Acting Antihypertensive Drugs,False,False
7080,,,X40Qa,Hypercal,Hypercalcaemia,Reserpine And Rauwolfia Alkaloids,,,Centrally-Acting Antihypertensive Drugs,False,False
7081,,,X40Qc,Hypercal,Familial hypocalciuric hypercalcaemia,Reserpine And Rauwolfia Alkaloids,,,Centrally-Acting Antihypertensive Drugs,False,False
7082,,,X40Qc,Hypercal,FHH - Familial hypocalciuric hypercalcaemia,Reserpine And Rauwolfia Alkaloids,,,Centrally-Acting Antihypertensive Drugs,False,False
7083,,,X40Qd,Hypercal,Hypercalcaemia of malignancy,Reserpine And Rauwolfia Alkaloids,,,Centrally-Acting Antihypertensive Drugs,False,False
7084,,,X40Qd,Hypercal,Malignant hypercalcaemia,Reserpine And Rauwolfia Alkaloids,,,Centrally-Acting Antihypertensive Drugs,False,False
7085,,,X40Qe,Hypercal,Drug-induced hypercalcaemia,Reserpine And Rauwolfia Alkaloids,,,Centrally-Acting Antihypertensive Drugs,False,False
7086,,,X40Qg,Hypercal,Familial idiopathic hypercalciuria,Reserpine And Rauwolfia Alkaloids,,,Centrally-Acting Antihypertensive Drugs,False,False
7087,,,X40Qt,Hypercal,Hypercalciuric rickets,Reserpine And Rauwolfia Alkaloids,,,Centrally-Acting Antihypertensive Drugs,False,False
7088,,,X40Qu,Hypercal,Hypercalciuric rickets,Reserpine And Rauwolfia Alkaloids,,,Centrally-Acting Antihypertensive Drugs,False,False
7089,,,X40Qu,Hypercal,HHRH - Hereditary hypophosphataemic rickets with hypercalciuria,Reserpine And Rauwolfia Alkaloids,,,Centrally-Acting Antihypertensive Drugs,False,False
7090,,,X40RR,Hypercal,Familial hypomagnesaemia-hypercalciuria,Reserpine And Rauwolfia Alkaloids,,,Centrally-Acting Antihypertensive Drugs,False,False
7091,,,X77Wu,Captopril,Captopril suppression test,Captopril,,,Angiotensin-Converting Enzyme Inhibitors,False,False
7092,,,X78EK,Captopril,Fetal captopril/enalapril syndrome,Captopril,,,Angiotensin-Converting Enzyme Inhibitors,False,False
7093,,,X78EO,Minoxidil,Fetal minoxidil syndrome,Minoxidil,,,Vasodilator Antihypertensive Drugs,False,False
7094,,,XE11e,Hypercal,Hypercalcaemia NEC,Reserpine And Rauwolfia Alkaloids,,,Centrally-Acting Antihypertensive Drugs,False,False
7095,,,XE13M,Hypercal,(Phosphorus &/or calcium disorders (& [hypercalcaemia] or [hypercalcinuria] or [hypocalcaemia]) or (nephrocalcinosis),Reserpine And Rauwolfia Alkaloids,,,Centrally-Acting Antihypertensive Drugs,False,False
7096,,,XE13M,Hypercal,Hypercalcinuria,Reserpine And Rauwolfia Alkaloids,,,Centrally-Acting Antihypertensive Drugs,False,False
7097,,,XE13M,Hypercal,Hypercalcaemia,Reserpine And Rauwolfia Alkaloids,,,Centrally-Acting Antihypertensive Drugs,False,False
7098,,,XM19f,Hypercal,[EDTA] Nephrocalcinosis and hypercalcaemic nephropathy associated with renal failure,Reserpine And Rauwolfia Alkaloids,,,Centrally-Acting Antihypertensive Drugs,False,False
7099,,,Xa0AE,Hypercal,Infantile hypercalcaemia,Reserpine And Rauwolfia Alkaloids,,,Centrally-Acting Antihypertensive Drugs,False,False
7100,,,Xa0AF,Hypercal,Idiopathic infantile hypercalcaemia - mild form,Reserpine And Rauwolfia Alkaloids,,,Centrally-Acting Antihypertensive Drugs,False,False
7101,,,Xa0Qd,Hypercal,Idiopathic infantile hypercalcaemia - severe form,Reserpine And Rauwolfia Alkaloids,,,Centrally-Acting Antihypertensive Drugs,False,False
7102,,,XacIH,Aliskiren,Aliskiren declined,Aliskiren,,,Renin Inhibitors,False,False
7103,,,XacIK,Aliskiren,Aliskiren not tolerated,Aliskiren,,,Renin Inhibitors,False,False
7104,,,a4c..,Thelin,Propantheline bromide [antispasmodic],Sitaxentan Sodium,,,Vasodilator Antihypertensive Drugs,False,False
7105,,,a4c1.,Thelin,Propantheline bromide 15mg tablet,Sitaxentan Sodium,15 mg,,Vasodilator Antihypertensive Drugs,False,False
7106,,,bA1..,Ramipril,Felodipine+ramipril,Ramipril,,,Angiotensin-Converting Enzyme Inhibitors,True,False
7107,,,bA11.,Triapin,Triapin mite 2.5mg/2.5mg tablet,Ramipril,2.5 mg,,Angiotensin-Converting Enzyme Inhibitors,False,False
7108,,,bA12.,Triapin,Triapin 5mg/5mg tablet,Ramipril,5 mg,,Angiotensin-Converting Enzyme Inhibitors,False,False
7109,,,bA1y.,Ramipril,Felodipine+ramipril 2.5mg/2.5mg tablet,Ramipril,2.5 mg,,Angiotensin-Converting Enzyme Inhibitors,True,False
7110,,,bA1z.,Ramipril,Felodipine+ramipril 5mg/5mg tablet,Ramipril,5 mg,,Angiotensin-Converting Enzyme Inhibitors,True,False
7111,,,be1..,Diazoxide,Diazoxide [cardiovascular use],Diazoxide,,,Vasodilator Antihypertensive Drugs,False,False
7112,,,be1z.,Diazoxide,Diazoxide 300mg/20mL injection,Diazoxide,300 mg/20 ml,,Vasodilator Antihypertensive Drugs,False,False
7113,,,be21.,Apresoline,Apresoline 25mg tablet,Hydralazine Hydrochloride,25 mg,,Vasodilator Antihypertensive Drugs,False,False
7114,,,be22.,Apresoline,Apresoline 50mg tablet,Hydralazine Hydrochloride,50 mg,,Vasodilator Antihypertensive Drugs,False,False
7115,,,be23.,Apresoline,Apresoline 20mg injection (pdr for recon),Hydralazine Hydrochloride,20 mg,,Vasodilator Antihypertensive Drugs,False,False
7116,,,be3..,Minoxidil,Minoxidil,Minoxidil,,,Vasodilator Antihypertensive Drugs,False,False
7117,,,be31.,Loniten,Loniten 2.5mg tablet,Minoxidil,2.5 mg,,Vasodilator Antihypertensive Drugs,False,False
7118,,,be32.,Loniten,Loniten 5mg tablet,Minoxidil,5 mg,,Vasodilator Antihypertensive Drugs,False,False
7119,,,be33.,Loniten,Loniten 10mg tablet,Minoxidil,10 mg,,Vasodilator Antihypertensive Drugs,False,False
7120,,,be3x.,Minoxidil,Minoxidil 2.5mg tablet,Minoxidil,2.5 mg,,Vasodilator Antihypertensive Drugs,False,False
7121,,,be3y.,Minoxidil,Minoxidil 5mg tablet,Minoxidil,5 mg,,Vasodilator Antihypertensive Drugs,False,False
7122,,,be3z.,Minoxidil,Minoxidil 10mg tablet,Minoxidil,10 mg,,Vasodilator Antihypertensive Drugs,False,False
7123,,,bf11.,Catapres,Catapres 100mcg tablet,Clonidine Hydrochloride,,,Centrally-Acting Antihypertensive Drugs,False,False
7124,,,bf12.,Catapres,Catapres 300mcg tablet,Clonidine Hydrochloride,,,Centrally-Acting Antihypertensive Drugs,False,False
7125,,,bf13.,Catapres,Catapres 250micrograms Perlonget,Clonidine Hydrochloride,,,Centrally-Acting Antihypertensive Drugs,False,False
7126,,,bf14.,Catapres,Catapres 150mcg/1mL injection,Clonidine Hydrochloride,,,Centrally-Acting Antihypertensive Drugs,False,False
7127,,,bf2..,Methyldopa,Methyldopa,Methyldopa,,,Centrally-Acting Antihypertensive Drugs,False,False
7128,,,bf2..,Methyldopa,Alpha methyldopa,Methyldopa,,,Centrally-Acting Antihypertensive Drugs,False,False
7129,,,bf21.,Methyldopa,Methyldopa 125mg tablet,Methyldopa,125 mg,,Centrally-Acting Antihypertensive Drugs,False,False
7130,,,bf22.,Methyldopa,Methyldopa 250mg tablet,Methyldopa,250 mg,,Centrally-Acting Antihypertensive Drugs,False,False
7131,,,bf23.,Methyldopa,Methyldopa 500mg tablet,Methyldopa,500 mg,,Centrally-Acting Antihypertensive Drugs,False,False
7132,,,bf29.,Dopamet,Dopamet 125mg tablet,Methyldopa,125 mg,,Centrally-Acting Antihypertensive Drugs,False,False
7133,,,bf2a.,Dopamet,Dopamet 250mg tablet,Methyldopa,250 mg,,Centrally-Acting Antihypertensive Drugs,False,False
7134,,,bf2b.,Dopamet,Dopamet 500mg tablet,Methyldopa,500 mg,,Centrally-Acting Antihypertensive Drugs,False,False
7135,,,bf2c.,Medomet,Medomet 250mg capsule,Methyldopa,250 mg,,Centrally-Acting Antihypertensive Drugs,False,False
7136,,,bf2d.,Medomet,Medomet 250mg tablet,Methyldopa,250 mg,,Centrally-Acting Antihypertensive Drugs,False,False
7137,,,bf2e.,Medomet,Medomet 500mg tablet,Methyldopa,500 mg,,Centrally-Acting Antihypertensive Drugs,False,False
7138,,,bf2f.,Hydromet,Hydromet tablet,Methyldopa,,,Centrally-Acting Antihypertensive Drugs,False,False
7139,,,bf2g.,Metalpha,Metalpha 250mg tablet,Methyldopa,250 mg,,Centrally-Acting Antihypertensive Drugs,False,False
7140,,,bf2h.,Metalpha,Metalpha 500mg tablet,Methyldopa,500 mg,,Centrally-Acting Antihypertensive Drugs,False,False
7141,,,bf2j.,Methyldopa,Methyldopa+hydrochlorothiazide 250mg/15mg tablet,Methyldopa,250 mg,,Centrally-Acting Antihypertensive Drugs,False,True
7142,,,bf2v.,Methyldopa,Methyldopa 250mg/5mL oral suspension,Methyldopa,250 mg/5 ml,,Centrally-Acting Antihypertensive Drugs,False,False
7143,,,bf2w.,Methyldopa,Methyldopate hydrochloride 250mg/5mL injection,Methyldopa,250 mg/5 ml,,Centrally-Acting Antihypertensive Drugs,False,False
7144,,,bf2z.,Methyldopa,Methyldopa 250mg capsule,Methyldopa,250 mg,,Centrally-Acting Antihypertensive Drugs,False,False
7145,,,bf33.,Decaserpyl,Decaserpyl 5mg tablet,Reserpine And Rauwolfia Alkaloids,5 mg,,Centrally-Acting Antihypertensive Drugs,False,False
7146,,,bf34.,Decaserpyl,Decaserpyl 10mg tablet,Reserpine And Rauwolfia Alkaloids,10 mg,,Centrally-Acting Antihypertensive Drugs,False,False
7147,,,bf35.,Hypercal,Hypercal 2mg tablet,Reserpine And Rauwolfia Alkaloids,2 mg,,Centrally-Acting Antihypertensive Drugs,False,False
7148,,,bf36.,Rauwiloid,Rauwiloid 2mg tablet,Reserpine And Rauwolfia Alkaloids,2 mg,,Centrally-Acting Antihypertensive Drugs,False,False
7149,,,bf37.,Serpasil,Serpasil 100micrograms tablet,Reserpine And Rauwolfia Alkaloids,,,Centrally-Acting Antihypertensive Drugs,False,False
7150,,,bf38.,Serpasil,Serpasil 250micrograms tablet,Reserpine And Rauwolfia Alkaloids,,,Centrally-Acting Antihypertensive Drugs,False,False
7151,,,bf39.,Abicol,Abicol tablet,Reserpine And Rauwolfia Alkaloids,,,Centrally-Acting Antihypertensive Drugs,False,False
7152,,,bf3a.,Decaserpyl,Decaserpyl Plus tablet,Reserpine And Rauwolfia Alkaloids,,,Centrally-Acting Antihypertensive Drugs,False,False
7153,,,bf3b.,Rautrax,Rautrax tablet,Reserpine And Rauwolfia Alkaloids,,,Centrally-Acting Antihypertensive Drugs,False,False
7154,,,bf3c.,Serpasil,Serpasil-Esidrex tablet,Reserpine And Rauwolfia Alkaloids,,,Centrally-Acting Antihypertensive Drugs,False,True
7155,,,bf4..,Moxonidine,Moxonidine,Moxonidine,,,Centrally-Acting Antihypertensive Drugs,False,False
7156,,,bf41.,Moxonidine,Moxonidine 200micrograms tablet,Moxonidine,,,Centrally-Acting Antihypertensive Drugs,False,False
7157,,,bf42.,Moxonidine,Moxonidine 400micrograms tablet,Moxonidine,,,Centrally-Acting Antihypertensive Drugs,False,False
7158,,,bf43.,Physiotens,Physiotens 200micrograms tablet,Moxonidine,,,Centrally-Acting Antihypertensive Drugs,False,False
7159,,,bf44.,Physiotens,Physiotens 400micrograms tablet,Moxonidine,,,Centrally-Acting Antihypertensive Drugs,False,False
7160,,,bf45.,Moxonidine,Moxonidine 300micrograms tablet,Moxonidine,,,Centrally-Acting Antihypertensive Drugs,False,False
7161,,,bf46.,Physiotens,Physiotens 300micrograms tablet,Moxonidine,,,Centrally-Acting Antihypertensive Drugs,False,False
7162,,,bg13.,Bendogen,Bendogen 10mg tablet,Betanidine Sulfate,10 mg,,Adrenergic Neurone Blocking Drugs,False,False
7163,,,bg14.,Bendogen,Bendogen 50mg tablet,Betanidine Sulfate,50 mg,,Adrenergic Neurone Blocking Drugs,False,False
7164,,,bg15.,Esbatal,Esbatal 10mg tablet,Betanidine Sulfate,10 mg,,Adrenergic Neurone Blocking Drugs,False,False
7165,,,bg16.,Esbatal,Esbatal 50mg tablet,Betanidine Sulfate,50 mg,,Adrenergic Neurone Blocking Drugs,False,False
7166,,,bg21.,Declinax,Declinax 10mg tablet,Debrisoquine Sulfate,10 mg,,Adrenergic Neurone Blocking Drugs,False,False
7167,,,bg22.,Declinax,Declinax 20mg tablet,Debrisoquine Sulfate,20 mg,,Adrenergic Neurone Blocking Drugs,False,False
7168,,,bh1..,Indoramin,Indoramin hydrochloride,Indoramin,,,Alpha-Adrenoceptor Blocking Drugs,False,False
7169,,,bh11.,Baratol,Baratol 25mg tablet,Indoramin,25 mg,,Alpha-Adrenoceptor Blocking Drugs,False,False
7170,,,bh12.,Baratol,Baratol 50mg tablet,Indoramin,50 mg,,Alpha-Adrenoceptor Blocking Drugs,False,False
7171,,,bh14.,Indoramin,Indoramin 20mg tablet,Indoramin,20 mg,,Alpha-Adrenoceptor Blocking Drugs,False,False
7172,,,bh1y.,Indoramin,Indoramin 25mg tablet,Indoramin,25 mg,,Alpha-Adrenoceptor Blocking Drugs,False,False
7173,,,bh1z.,Indoramin,Indoramin 50mg tablet,Indoramin,50 mg,,Alpha-Adrenoceptor Blocking Drugs,False,False
7174,,,bh21.,Dibenyline,Dibenyline [cvs] 10mg capsule,Phenoxybenzamine Hydrochloride,10 mg,,Alpha-Adrenoceptor Blocking Drugs,False,False
7175,,,bh22.,Dibenyline,Dibenyline 100mg/2mL infusion concentrate,Phenoxybenzamine Hydrochloride,100 mg/2 ml,,Alpha-Adrenoceptor Blocking Drugs,False,False
7176,,,bh31.,Rogitine,Rogitine 10mg/1mL injection,Phentolamine Mesilate,10 mg/1 ml,,Alpha-Adrenoceptor Blocking Drugs,False,False
7177,,,bh32.,Rogitine,Rogitine 50mg/5mL injection,Phentolamine Mesilate,50 mg/5 ml,,Alpha-Adrenoceptor Blocking Drugs,False,False
7178,,,bh41.,Hypovase,Hypovase 500mcg tablet,Prazosin Hydrochloride,,,Alpha-Adrenoceptor Blocking Drugs,False,False
7179,,,bh42.,Hypovase,Hypovase 1mg tablet,Prazosin Hydrochloride,1 mg,,Alpha-Adrenoceptor Blocking Drugs,False,False
7180,,,bh43.,Hypovase,Hypovase 2mg tablet,Prazosin Hydrochloride,2 mg,,Alpha-Adrenoceptor Blocking Drugs,False,False
7181,,,bh44.,Hypovase,Hypovase 5mg tablet,Prazosin Hydrochloride,5 mg,,Alpha-Adrenoceptor Blocking Drugs,False,False
7182,,,bh45.,Hypovase,Hypovase tablet starter pack,Prazosin Hydrochloride,,,Alpha-Adrenoceptor Blocking Drugs,False,False
7183,,,bh46.,Alphavase,Alphavase 500micrograms tablet,Prazosin Hydrochloride,,,Alpha-Adrenoceptor Blocking Drugs,False,False
7184,,,bh47.,Alphavase,Alphavase 1mg tablet,Prazosin Hydrochloride,1 mg,,Alpha-Adrenoceptor Blocking Drugs,False,False
7185,,,bh48.,Alphavase,Alphavase 2mg tablet,Prazosin Hydrochloride,2 mg,,Alpha-Adrenoceptor Blocking Drugs,False,False
7186,,,bh49.,Alphavase,Alphavase 5mg tablet,Prazosin Hydrochloride,5 mg,,Alpha-Adrenoceptor Blocking Drugs,False,False
7187,,,bh4A.,Kentovace,Kentovace 500micrograms tablet,Prazosin Hydrochloride,,,Alpha-Adrenoceptor Blocking Drugs,False,False
7188,,,bh4B.,Kentovace,Kentovace 1mg tablet,Prazosin Hydrochloride,1 mg,,Alpha-Adrenoceptor Blocking Drugs,False,False
7189,,,bh4C.,Kentovace,Kentovace 2mg tablet,Prazosin Hydrochloride,2 mg,,Alpha-Adrenoceptor Blocking Drugs,False,False
7190,,,bh4D.,Kentovace,Kentovace 5mg tablet,Prazosin Hydrochloride,5 mg,,Alpha-Adrenoceptor Blocking Drugs,False,False
7191,,,bh51.,Hytrin,Hytrin 2mg tablet,Terazosin Hydrochloride,2 mg,,Alpha-Adrenoceptor Blocking Drugs,False,False
7192,,,bh52.,Hytrin,Hytrin 5mg tablet,Terazosin Hydrochloride,5 mg,,Alpha-Adrenoceptor Blocking Drugs,False,False
7193,,,bh53.,Hytrin,Hytrin 10mg tablet,Terazosin Hydrochloride,10 mg,,Alpha-Adrenoceptor Blocking Drugs,False,False
7194,,,bh54.,Hytrin,Hytrin tablet starter pack,Terazosin Hydrochloride,,,Alpha-Adrenoceptor Blocking Drugs,False,False
7195,,,bh57.,Hytrin,HYTRIN 1mg tablets,Terazosin Hydrochloride,1 mg,,Alpha-Adrenoceptor Blocking Drugs,False,False
7196,,,bh6E.,Slocinx,SLOCINX XL 4mg m/r tablets,Doxazosin Mesilate,4 mg,,Alpha-Adrenoceptor Blocking Drugs,False,False
7197,,,bh6G.,Oxandosin,OXANDOSIN XL 4mg m/r tablets,Doxazosin Mesilate,4 mg,,Alpha-Adrenoceptor Blocking Drugs,False,False
7198,,,bh6H.,Raporsin,RAPORSIN XL 4mg m/r tablets,Doxazosin Mesilate,4 mg,,Alpha-Adrenoceptor Blocking Drugs,False,False
7199,,,bi1..,Captopril,Captopril,Captopril,,,Angiotensin-Converting Enzyme Inhibitors,False,False
7200,,,bi11.,Acepril,Acepril 12.5mg tablet,Captopril,12.5 mg,,Angiotensin-Converting Enzyme Inhibitors,False,False
7201,,,bi12.,Acepril,Acepril 25mg tablet,Captopril,25 mg,,Angiotensin-Converting Enzyme Inhibitors,False,False
7202,,,bi13.,Acepril,Acepril 25mg tablets x56,Captopril,25 mg,,Angiotensin-Converting Enzyme Inhibitors,False,False
7203,,,bi14.,Acepril,Acepril 50mg tablet,Captopril,50 mg,,Angiotensin-Converting Enzyme Inhibitors,False,False
7204,,,bi15.,Acepril,Acepril 50mg tablets x56,Captopril,50 mg,,Angiotensin-Converting Enzyme Inhibitors,False,False
7205,,,bi16.,Capoten,Capoten 12.5mg tablet,Captopril,12.5 mg,,Angiotensin-Converting Enzyme Inhibitors,False,False
7206,,,bi17.,Capoten,Capoten 25mg tablet,Captopril,25 mg,,Angiotensin-Converting Enzyme Inhibitors,False,False
7207,,,bi18.,Capoten,Capoten 25mg tablets x56,Captopril,25 mg,,Angiotensin-Converting Enzyme Inhibitors,False,False
7208,,,bi19.,Capoten,Capoten 50mg tablet,Captopril,50 mg,,Angiotensin-Converting Enzyme Inhibitors,False,False
7209,,,bi1D.,Capto-Co,Capto-Co 25mg/12.5mg tablet,Co-Zidocapt,25 mg,,Angiotensin-Converting Enzyme Inhibitors,False,False
7210,,,bi1E.,Capto-Co,Capto-Co 50mg/25mg tablet,Co-Zidocapt,50 mg,,Angiotensin-Converting Enzyme Inhibitors,False,False
7211,,,bi1H.,Noyada,NOYADA 5mg/5mL oral solution,Captopril,5 mg/5 ml,,Angiotensin-Converting Enzyme Inhibitors,False,False
7212,,,bi1I.,Captopril,CAPTOPRIL 5mg/5mL oral solution,Captopril,5 mg/5 ml,,Angiotensin-Converting Enzyme Inhibitors,False,False
7213,,,bi1J.,Noyada,NOYADA 25mg/5mL oral solution,Captopril,25 mg/5 ml,,Angiotensin-Converting Enzyme Inhibitors,False,False
7214,,,bi1K.,Captopril,CAPTOPRIL 25mg/5mL oral solution,Captopril,25 mg/5 ml,,Angiotensin-Converting Enzyme Inhibitors,False,False
7215,,,bi1a.,Capoten,Capoten 50mg tablets x56,Captopril,50 mg,,Angiotensin-Converting Enzyme Inhibitors,False,False
7216,,,bi1b.,Acezide,Acezide 50mg tablets x56,Co-Zidocapt,50 mg,,Angiotensin-Converting Enzyme Inhibitors,False,False
7217,,,bi1c.,Capozide,Capozide 50mg tablets x28,Co-Zidocapt,50 mg,,Angiotensin-Converting Enzyme Inhibitors,False,False
7218,,,bi1d.,Capozide,Capozide LS 25mg tablets x28CP,Co-Zidocapt,25 mg,,Angiotensin-Converting Enzyme Inhibitors,False,False
7219,,,bi1e.,Captopril,Captopril+hydrochlorothiazide 25mg/12.5mg tablet,Captopril,25 mg,,Angiotensin-Converting Enzyme Inhibitors,False,True
7220,,,bi1f.,Captopril,Captopril+hydrochlorothiazide 50mg/25mg tablet,Captopril,50 mg,,Angiotensin-Converting Enzyme Inhibitors,False,True
7221,,,bi1g.,Ecopace,Ecopace 12.5mg tablet,Captopril,12.5 mg,,Angiotensin-Converting Enzyme Inhibitors,False,False
7222,,,bi1h.,Ecopace,Ecopace 25mg tablet,Captopril,25 mg,,Angiotensin-Converting Enzyme Inhibitors,False,False
7223,,,bi1i.,Ecopace,Ecopace 50mg tablet,Captopril,50 mg,,Angiotensin-Converting Enzyme Inhibitors,False,False
7224,,,bi1j.,Kaplon,Kaplon 12.5mg tablet,Captopril,12.5 mg,,Angiotensin-Converting Enzyme Inhibitors,False,False
7225,,,bi1k.,Kaplon,Kaplon 25mg tablet,Captopril,25 mg,,Angiotensin-Converting Enzyme Inhibitors,False,False
7226,,,bi1l.,Kaplon,Kaplon 50mg tablet,Captopril,50 mg,,Angiotensin-Converting Enzyme Inhibitors,False,False
7227,,,bi1m.,Hyteneze,Hyteneze 12.5 tablet,Captopril,,5.0,Angiotensin-Converting Enzyme Inhibitors,False,False
7228,,,bi1n.,Hyteneze,Hyteneze 25 tablet,Captopril,,25.0,Angiotensin-Converting Enzyme Inhibitors,False,False
7229,,,bi1o.,Hyteneze,Hyteneze 50 tablet,Captopril,,50.0,Angiotensin-Converting Enzyme Inhibitors,False,False
7230,,,bi1p.,Tensopril,Tensopril 12.5mg tablet,Captopril,12.5 mg,,Angiotensin-Converting Enzyme Inhibitors,False,False
7231,,,bi1q.,Tensopril,Tensopril 25mg tablet,Captopril,25 mg,,Angiotensin-Converting Enzyme Inhibitors,False,False
7232,,,bi1r.,Tensopril,Tensopril 50mg tablet,Captopril,50 mg,,Angiotensin-Converting Enzyme Inhibitors,False,False
7233,,,bi1s.,Capozide,CAPOZIDE 50mg/25mg tablets,Co-Zidocapt,50 mg,,Angiotensin-Converting Enzyme Inhibitors,False,False
7234,,,bi1v.,Captopril,Captopril 12.5mg tablet,Captopril,12.5 mg,,Angiotensin-Converting Enzyme Inhibitors,False,False
7235,,,bi1w.,Captopril,Captopril 25mg tablet,Captopril,25 mg,,Angiotensin-Converting Enzyme Inhibitors,False,False
7236,,,bi1x.,Captopril,Captopril 25mg tablets x56,Captopril,25 mg,,Angiotensin-Converting Enzyme Inhibitors,False,False
7237,,,bi1y.,Captopril,Captopril 50mg tablets x56,Captopril,50 mg,,Angiotensin-Converting Enzyme Inhibitors,False,False
7238,,,bi1z.,Captopril,Captopril 50mg tablet,Captopril,50 mg,,Angiotensin-Converting Enzyme Inhibitors,False,False
7239,,,bi21.,Innovace,Innovace 2.5mg tablet,Enalapril Maleate,2.5 mg,,Angiotensin-Converting Enzyme Inhibitors,False,False
7240,,,bi22.,Innovace,Innovace 5mg tablet,Enalapril Maleate,5 mg,,Angiotensin-Converting Enzyme Inhibitors,False,False
7241,,,bi23.,Innovace,Innovace 5mg tablets x28,Enalapril Maleate,5 mg,,Angiotensin-Converting Enzyme Inhibitors,False,False
7242,,,bi24.,Innovace,Innovace 10mg tablet,Enalapril Maleate,10 mg,,Angiotensin-Converting Enzyme Inhibitors,False,False
7243,,,bi25.,Innovace,Innovace 10mg tablets x28,Enalapril Maleate,10 mg,,Angiotensin-Converting Enzyme Inhibitors,False,False
7244,,,bi26.,Innovace,Innovace 20mg tablet,Enalapril Maleate,20 mg,,Angiotensin-Converting Enzyme Inhibitors,False,False
7245,,,bi27.,Innovace,Innovace 20mg tablets x28,Enalapril Maleate,20 mg,,Angiotensin-Converting Enzyme Inhibitors,False,False
7246,,,bi28.,Innozide,Innozide tablet,Enalapril Maleate,,,Angiotensin-Converting Enzyme Inhibitors,False,False
7247,,,bi29.,Innovace,Innovace tablet starter pack,Enalapril Maleate,,,Angiotensin-Converting Enzyme Inhibitors,False,False
7248,,,bi2E.,Innovace,Innovace Melt 2.5mg wafer,Enalapril Maleate,2.5 mg,,Angiotensin-Converting Enzyme Inhibitors,False,False
7249,,,bi2F.,Innovace,Innovace Melt 5mg wafer,Enalapril Maleate,5 mg,,Angiotensin-Converting Enzyme Inhibitors,False,False
7250,,,bi2G.,Innovace,Innovace Melt 10mg wafer,Enalapril Maleate,10 mg,,Angiotensin-Converting Enzyme Inhibitors,False,False
7251,,,bi2H.,Innovace,Innovace Melt 20mg wafer,Enalapril Maleate,20 mg,,Angiotensin-Converting Enzyme Inhibitors,False,False
7252,,,bi2J.,Pralenal,Pralenal 2.5mg tablet,Enalapril Maleate,2.5 mg,,Angiotensin-Converting Enzyme Inhibitors,False,False
7253,,,bi2K.,Pralenal,Pralenal 5mg tablet,Enalapril Maleate,5 mg,,Angiotensin-Converting Enzyme Inhibitors,False,False
7254,,,bi2L.,Pralenal,Pralenal 10mg tablet,Enalapril Maleate,10 mg,,Angiotensin-Converting Enzyme Inhibitors,False,False
7255,,,bi2M.,Pralenal,Pralenal 20mg tablet,Enalapril Maleate,20 mg,,Angiotensin-Converting Enzyme Inhibitors,False,False
7256,,,bi3..,Lisinopril,Lisinopril,Lisinopril,,,Angiotensin-Converting Enzyme Inhibitors,False,False
7257,,,bi31.,Lisinopril,Lisinopril 2.5mg tablet,Lisinopril,2.5 mg,,Angiotensin-Converting Enzyme Inhibitors,False,False
7258,,,bi32.,Lisinopril,Lisinopril 5mg tablet,Lisinopril,5 mg,,Angiotensin-Converting Enzyme Inhibitors,False,False
7259,,,bi33.,Lisinopril,Lisinopril 10mg tablet,Lisinopril,10 mg,,Angiotensin-Converting Enzyme Inhibitors,False,False
7260,,,bi34.,Lisinopril,Lisinopril 20mg tablet,Lisinopril,20 mg,,Angiotensin-Converting Enzyme Inhibitors,False,False
7261,,,bi35.,Carace,Carace 2.5mg tablet,Lisinopril,2.5 mg,,Angiotensin-Converting Enzyme Inhibitors,False,False
7262,,,bi36.,Carace,Carace 5mg tablets 28CP,Lisinopril,5 mg,,Angiotensin-Converting Enzyme Inhibitors,False,False
7263,,,bi37.,Carace,Carace 5mg tablet,Lisinopril,5 mg,,Angiotensin-Converting Enzyme Inhibitors,False,False
7264,,,bi38.,Carace,Carace 10mg tablets 28CP,Lisinopril,10 mg,,Angiotensin-Converting Enzyme Inhibitors,False,False
7265,,,bi39.,Carace,Carace 10mg tablet,Lisinopril,10 mg,,Angiotensin-Converting Enzyme Inhibitors,False,False
7266,,,bi3a.,Carace,Carace 20mg tablets 28CP,Lisinopril,20 mg,,Angiotensin-Converting Enzyme Inhibitors,False,False
7267,,,bi3b.,Carace,Carace 20mg tablet,Lisinopril,20 mg,,Angiotensin-Converting Enzyme Inhibitors,False,False
7268,,,bi3c.,Zestril,Zestril 2.5mg tablets 28CP,Lisinopril,2.5 mg,,Angiotensin-Converting Enzyme Inhibitors,False,False
7269,,,bi3d.,Zestril,Zestril 2.5mg tablet,Lisinopril,2.5 mg,,Angiotensin-Converting Enzyme Inhibitors,False,False
7270,,,bi3e.,Zestril,Zestril 5mg tablets 28CP,Lisinopril,5 mg,,Angiotensin-Converting Enzyme Inhibitors,False,False
7271,,,bi3f.,Zestril,Zestril 5mg tablet,Lisinopril,5 mg,,Angiotensin-Converting Enzyme Inhibitors,False,False
7272,,,bi3g.,Zestril,Zestril 10mg tablets 28CP,Lisinopril,10 mg,,Angiotensin-Converting Enzyme Inhibitors,False,False
7273,,,bi3h.,Zestril,Zestril 10mg tablet,Lisinopril,10 mg,,Angiotensin-Converting Enzyme Inhibitors,False,False
7274,,,bi3i.,Zestril,Zestril 20mg tablets 28CP,Lisinopril,20 mg,,Angiotensin-Converting Enzyme Inhibitors,False,False
7275,,,bi3j.,Zestril,Zestril 20mg tablet,Lisinopril,20 mg,,Angiotensin-Converting Enzyme Inhibitors,False,False
7276,,,bi3k.,Carace,Carace 20 Plus tablet,Lisinopril,,,Angiotensin-Converting Enzyme Inhibitors,False,False
7277,,,bi3l.,Carace,Carace 10 Plus tablet,Lisinopril,,,Angiotensin-Converting Enzyme Inhibitors,False,False
7278,,,bi3m.,Zestoretic,Zestoretic tablets 28CP,Lisinopril,,,Angiotensin-Converting Enzyme Inhibitors,False,False
7279,,,bi3n.,Zestoretic,Zestoretic 20 tablet,Lisinopril,,20.0,Angiotensin-Converting Enzyme Inhibitors,False,False
7280,,,bi3p.,Lisinopril,Lisinopril+hydrochlorothiazide 20mg/12.5mg tablet,Lisinopril,20 mg,,Angiotensin-Converting Enzyme Inhibitors,False,True
7281,,,bi3q.,Zestril,Zestril 2.5mg starter pack,Lisinopril,2.5 mg,,Angiotensin-Converting Enzyme Inhibitors,False,False
7282,,,bi3r.,Lisinopril,Lisinopril 2.5mg tablet starter pack,Lisinopril,2.5 mg,,Angiotensin-Converting Enzyme Inhibitors,False,False
7283,,,bi3s.,Zestoretic,Zestoretic 10 tablet,Lisinopril,,10.0,Angiotensin-Converting Enzyme Inhibitors,False,False
7284,,,bi3t.,Lisinopril,Lisinopril+hydrochlorothiazide 10mg/12.5mg tablet,Lisinopril,10 mg,,Angiotensin-Converting Enzyme Inhibitors,False,True
7285,,,bi3u.,Caralpha,Caralpha 10/12.5mg tablet,Lisinopril,12.5 mg,,Angiotensin-Converting Enzyme Inhibitors,False,False
7286,,,bi3v.,Caralpha,Caralpha 20/12.5mg tablet,Lisinopril,12.5 mg,,Angiotensin-Converting Enzyme Inhibitors,False,False
7287,,,bi3w.,Lisicostad,Lisicostad HCT 20/12.5mg tablet,Lisinopril,12.5 mg,,Angiotensin-Converting Enzyme Inhibitors,False,False
7288,,,bi3x.,Lisicostad,Lisicostad HCT 10/12.5mg tablet,Lisinopril,12.5 mg,,Angiotensin-Converting Enzyme Inhibitors,False,False
7289,,,bi3y.,Lisinopril,LISINOPRIL 1mg/mL oral solution,Lisinopril,1 mg/mL,,Angiotensin-Converting Enzyme Inhibitors,False,False
7290,,,bi44.,Accupro,Accupro 5mg tablets 28CP,Quinapril Hydrochloride,5 mg,,Angiotensin-Converting Enzyme Inhibitors,False,False
7291,,,bi45.,Accupro,Accupro 10mg tablets 28CP,Quinapril Hydrochloride,10 mg,,Angiotensin-Converting Enzyme Inhibitors,False,False
7292,,,bi46.,Accupro,Accupro 20mg tablets 28CP,Quinapril Hydrochloride,20 mg,,Angiotensin-Converting Enzyme Inhibitors,False,False
7293,,,bi47.,Accuretic,Accuretic tablet,Quinapril Hydrochloride,,,Angiotensin-Converting Enzyme Inhibitors,False,False
7294,,,bi49.,Accupro,Accupro 40mg tablet,Quinapril Hydrochloride,40 mg,,Angiotensin-Converting Enzyme Inhibitors,False,False
7295,,,bi4B.,Quinil,Quinil 5mg tablet,Quinapril Hydrochloride,5 mg,,Angiotensin-Converting Enzyme Inhibitors,False,False
7296,,,bi4C.,Quinil,Quinil 10mg tablet,Quinapril Hydrochloride,10 mg,,Angiotensin-Converting Enzyme Inhibitors,False,False
7297,,,bi4D.,Quinil,Quinil 20mg tablet,Quinapril Hydrochloride,20 mg,,Angiotensin-Converting Enzyme Inhibitors,False,False
7298,,,bi4E.,Quinil,Quinil 40mg tablet,Quinapril Hydrochloride,40 mg,,Angiotensin-Converting Enzyme Inhibitors,False,False
7299,,,bi5..,Perindopril,Perindopril erbumine,Perindopril,,,Angiotensin-Converting Enzyme Inhibitors,False,False
7300,,,bi5..,Perindopril,Perindopril tert-butylamine,Perindopril,,,Angiotensin-Converting Enzyme Inhibitors,False,False
7301,,,bi51.,Perindopril,Perindopril erbumine 2mg tablet,Perindopril,2 mg,,Angiotensin-Converting Enzyme Inhibitors,False,False
7302,,,bi51.,Perindopril,Perindopril tert-butylamine 2mg tablet,Perindopril,2 mg,,Angiotensin-Converting Enzyme Inhibitors,False,False
7303,,,bi52.,Perindopril,Perindopril erbumine 4mg tablet,Perindopril,4 mg,,Angiotensin-Converting Enzyme Inhibitors,False,False
7304,,,bi52.,Perindopril,Perindopril tert-butylamine 4mg tablet,Perindopril,4 mg,,Angiotensin-Converting Enzyme Inhibitors,False,False
7305,,,bi53.,Coversyl,Coversyl 2mg tablet,Perindopril,2 mg,,Angiotensin-Converting Enzyme Inhibitors,False,False
7306,,,bi54.,Coversyl,Coversyl 4mg tablet,Perindopril,4 mg,,Angiotensin-Converting Enzyme Inhibitors,False,False
7307,,,bi55.,Perindopril,Perindopril erbumine+indapamide 4mg/1.25mg tablet,Perindopril,4 mg,,Angiotensin-Converting Enzyme Inhibitors,False,True
7308,,,bi55.,Perindopril,Perindopril tert-butylamine+indapamide 4mg/1.25mg tablet,Perindopril,4 mg,,Angiotensin-Converting Enzyme Inhibitors,False,True
7309,,,bi56.,Coversyl,Coversyl Plus 4mg/1.25mg tablet,Perindopril,4 mg,,Angiotensin-Converting Enzyme Inhibitors,False,False
7310,,,bi57.,Perindopril,Perindopril erbumine 8mg tablet,Perindopril,8 mg,,Angiotensin-Converting Enzyme Inhibitors,False,False
7311,,,bi57.,Perindopril,Perindopril tert-butylamine 8mg tablet,Perindopril,8 mg,,Angiotensin-Converting Enzyme Inhibitors,False,False
7312,,,bi58.,Coversyl,Coversyl 8mg tablet,Perindopril,8 mg,,Angiotensin-Converting Enzyme Inhibitors,False,False
7313,,,bi6..,Ramipril,Ramipril,Ramipril,,,Angiotensin-Converting Enzyme Inhibitors,False,False
7314,,,bi61.,Ramipril,Ramipril 1.25mg capsule,Ramipril,1.25 mg,,Angiotensin-Converting Enzyme Inhibitors,False,False
7315,,,bi62.,Ramipril,Ramipril 2.5mg capsule,Ramipril,2.5 mg,,Angiotensin-Converting Enzyme Inhibitors,False,False
7316,,,bi63.,Ramipril,Ramipril 5mg capsule,Ramipril,5 mg,,Angiotensin-Converting Enzyme Inhibitors,False,False
7317,,,bi64.,Tritace,Tritace 1.25mg capsule,Ramipril,1.25 mg,,Angiotensin-Converting Enzyme Inhibitors,False,False
7318,,,bi65.,Tritace,Tritace 2.5mg capsule,Ramipril,2.5 mg,,Angiotensin-Converting Enzyme Inhibitors,False,False
7319,,,bi66.,Tritace,Tritace 5mg capsule,Ramipril,5 mg,,Angiotensin-Converting Enzyme Inhibitors,False,False
7320,,,bi67.,Ramipril,Ramipril 10mg capsule,Ramipril,10 mg,,Angiotensin-Converting Enzyme Inhibitors,False,False
7321,,,bi68.,Tritace,Tritace 10mg capsule,Ramipril,10 mg,,Angiotensin-Converting Enzyme Inhibitors,False,False
7322,,,bi69.,Ramipril,Ramipril 2.5mg+5mg+10mg capsules titration pack,Ramipril,2.5 mg,,Angiotensin-Converting Enzyme Inhibitors,False,False
7323,,,bi6A.,Tritace,Tritace Titration Pack,Ramipril,,,Angiotensin-Converting Enzyme Inhibitors,False,False
7324,,,bi6B.,Ramipril,Ramipril 1.25mg tablet,Ramipril,1.25 mg,,Angiotensin-Converting Enzyme Inhibitors,False,False
7325,,,bi6C.,Ramipril,Ramipril 2.5mg tablet,Ramipril,2.5 mg,,Angiotensin-Converting Enzyme Inhibitors,False,False
7326,,,bi6D.,Ramipril,Ramipril 5mg tablet,Ramipril,5 mg,,Angiotensin-Converting Enzyme Inhibitors,False,False
7327,,,bi6E.,Ramipril,Ramipril 10mg tablet,Ramipril,10 mg,,Angiotensin-Converting Enzyme Inhibitors,False,False
7328,,,bi6F.,Ramipril,RAMIPRIL 2.5mg+5mg+10mg tablets titration pack,Ramipril,2.5 mg,,Angiotensin-Converting Enzyme Inhibitors,False,False
7329,,,bi6G.,Ramipril,RAMIPRIL 2.5mg/5mL oral solution,Ramipril,5 mg/5 ml,,Angiotensin-Converting Enzyme Inhibitors,False,False
7330,,,bi6o.,Tritace,TRITACE Titration Pack tablets,Ramipril,,,Angiotensin-Converting Enzyme Inhibitors,False,False
7331,,,bi6p.,Ranace,Ranace 10mg capsule,Ramipril,10 mg,,Angiotensin-Converting Enzyme Inhibitors,False,False
7332,,,bi6q.,Ranace,Ranace 5mg capsule,Ramipril,5 mg,,Angiotensin-Converting Enzyme Inhibitors,False,False
7333,,,bi6r.,Ranace,Ranace 2.5mg capsule,Ramipril,2.5 mg,,Angiotensin-Converting Enzyme Inhibitors,False,False
7334,,,bi6s.,Ranace,Ranace 1.25mg capsule,Ramipril,1.25 mg,,Angiotensin-Converting Enzyme Inhibitors,False,False
7335,,,bi6t.,Lopace,Lopace 2.5mg capsule,Ramipril,2.5 mg,,Angiotensin-Converting Enzyme Inhibitors,False,False
7336,,,bi6u.,Lopace,Lopace 5mg capsule,Ramipril,5 mg,,Angiotensin-Converting Enzyme Inhibitors,False,False
7337,,,bi6v.,Lopace,Lopace 10mg capsule,Ramipril,10 mg,,Angiotensin-Converting Enzyme Inhibitors,False,False
7338,,,bi6w.,Tritace,Tritace 10mg tablet,Ramipril,10 mg,,Angiotensin-Converting Enzyme Inhibitors,False,False
7339,,,bi6x.,Tritace,Tritace 5mg tablet,Ramipril,5 mg,,Angiotensin-Converting Enzyme Inhibitors,False,False
7340,,,bi6y.,Tritace,Tritace 2.5mg tablet,Ramipril,2.5 mg,,Angiotensin-Converting Enzyme Inhibitors,False,False
7341,,,bi6z.,Tritace,Tritace 1.25mg tablet,Ramipril,1.25 mg,,Angiotensin-Converting Enzyme Inhibitors,False,False
7342,,,bi73.,Staril,Staril 10mg tablet,Fosinopril Sodium,10 mg,,Angiotensin-Converting Enzyme Inhibitors,False,False
7343,,,bi74.,Staril,Staril 20mg tablet,Fosinopril Sodium,20 mg,,Angiotensin-Converting Enzyme Inhibitors,False,False
7344,,,bi8..,Cilazapril,Cilazapril,Cilazapril,,,Angiotensin-Converting Enzyme Inhibitors,False,False
7345,,,bi81.,Cilazapril,Cilazapril 250micrograms tablet,Cilazapril,,,Angiotensin-Converting Enzyme Inhibitors,False,False
7346,,,bi82.,Cilazapril,Cilazapril 500micrograms tablet,Cilazapril,,,Angiotensin-Converting Enzyme Inhibitors,False,False
7347,,,bi83.,Cilazapril,Cilazapril 1mg tablet,Cilazapril,1 mg,,Angiotensin-Converting Enzyme Inhibitors,False,False
7348,,,bi84.,Cilazapril,Cilazapril 2.5mg tablet,Cilazapril,2.5 mg,,Angiotensin-Converting Enzyme Inhibitors,False,False
7349,,,bi85.,Vascace,Vascace 250micrograms tablet,Cilazapril,,,Angiotensin-Converting Enzyme Inhibitors,False,False
7350,,,bi86.,Vascace,Vascace 500mcg tablet,Cilazapril,,,Angiotensin-Converting Enzyme Inhibitors,False,False
7351,,,bi87.,Vascace,Vascace 1mg tablet,Cilazapril,1 mg,,Angiotensin-Converting Enzyme Inhibitors,False,False
7352,,,bi88.,Vascace,Vascace 2.5mg tablet,Cilazapril,2.5 mg,,Angiotensin-Converting Enzyme Inhibitors,False,False
7353,,,bi89.,Vascace,Vascace 5mg tablet,Cilazapril,5 mg,,Angiotensin-Converting Enzyme Inhibitors,False,False
7354,,,bi8a.,Cilazapril,Cilazapril 5mg tablet,Cilazapril,5 mg,,Angiotensin-Converting Enzyme Inhibitors,False,False
7355,,,bi9..,Trandolapril,Trandolapril,Trandolapril,,,Angiotensin-Converting Enzyme Inhibitors,False,False
7356,,,bi91.,Trandolapril,Trandolapril 500micrograms capsule,Trandolapril,,,Angiotensin-Converting Enzyme Inhibitors,False,False
7357,,,bi92.,Trandolapril,Trandolapril 1mg capsule,Trandolapril,1 mg,,Angiotensin-Converting Enzyme Inhibitors,False,False
7358,,,bi93.,Trandolapril,Trandolapril 2mg capsule,Trandolapril,2 mg,,Angiotensin-Converting Enzyme Inhibitors,False,False
7359,,,bi94.,Gopten,Gopten 500micrograms capsule,Trandolapril,,,Angiotensin-Converting Enzyme Inhibitors,False,False
7360,,,bi95.,Gopten,Gopten 1mg capsule,Trandolapril,1 mg,,Angiotensin-Converting Enzyme Inhibitors,False,False
7361,,,bi96.,Gopten,Gopten 2mg capsule,Trandolapril,2 mg,,Angiotensin-Converting Enzyme Inhibitors,False,False
7362,,,bi97.,Odrik,Odrik 500micrograms capsule,Trandolapril,,,Angiotensin-Converting Enzyme Inhibitors,False,False
7363,,,bi98.,Odrik,Odrik 1mg capsule,Trandolapril,1 mg,,Angiotensin-Converting Enzyme Inhibitors,False,False
7364,,,bi99.,Odrik,Odrik 2mg capsule,Trandolapril,2 mg,,Angiotensin-Converting Enzyme Inhibitors,False,False
7365,,,bi9A.,Gopten,Gopten 4mg capsule,Trandolapril,4 mg,,Angiotensin-Converting Enzyme Inhibitors,False,False
7366,,,bi9z.,Trandolapril,Trandolapril 4mg capsule,Trandolapril,4 mg,,Angiotensin-Converting Enzyme Inhibitors,False,False
7367,,,biA3.,Perdix,Perdix 7.5mg tablet,Moexipril Hydrochloride,7.5 mg,,Angiotensin-Converting Enzyme Inhibitors,False,False
7368,,,biA4.,Perdix,Perdix 15mg tablet,Moexipril Hydrochloride,15 mg,,Angiotensin-Converting Enzyme Inhibitors,False,False
7369,,,biB1.,Tanatril,Tanatril 5mg tablet,Imidapril Hydrochloride,5 mg,,Angiotensin-Converting Enzyme Inhibitors,False,False
7370,,,biB2.,Tanatril,Tanatril 10mg tablet,Imidapril Hydrochloride,10 mg,,Angiotensin-Converting Enzyme Inhibitors,False,False
7371,,,biB3.,Tanatril,Tanatril 20mg tablet,Imidapril Hydrochloride,20 mg,,Angiotensin-Converting Enzyme Inhibitors,False,False
7372,,,biC..,Perindopril,PERINDOPRIL ARGININE,Perindopril,,,Angiotensin-Converting Enzyme Inhibitors,False,False
7373,,,biC1.,Coversyl,COVERSYL ARGININE 2.5mg tablets,Perindopril,2.5 mg,,Angiotensin-Converting Enzyme Inhibitors,False,False
7374,,,biC2.,Perindopril,PERINDOPRIL ARGININE 2.5mg tablets,Perindopril,2.5 mg,,Angiotensin-Converting Enzyme Inhibitors,False,False
7375,,,biC3.,Coversyl,COVERSYL ARGININE 5mg tablets,Perindopril,5 mg,,Angiotensin-Converting Enzyme Inhibitors,False,False
7376,,,biC4.,Perindopril,PERINDOPRIL ARGININE 5mg tablets,Perindopril,5 mg,,Angiotensin-Converting Enzyme Inhibitors,False,False
7377,,,biC5.,Coversyl,COVERSYL ARGININE 10mg tablets,Perindopril,10 mg,,Angiotensin-Converting Enzyme Inhibitors,False,False
7378,,,biC6.,Perindopril,PERINDOPRIL ARGININE 10mg tablets,Perindopril,10 mg,,Angiotensin-Converting Enzyme Inhibitors,False,False
7379,,,biC7.,Coversyl,COVERSYL ARGININE PLUS 5mg/1.25mg tablets,Perindopril,5 mg,,Angiotensin-Converting Enzyme Inhibitors,False,False
7380,,,biC8.,Perindopril,PERINDOPRIL ARGININE+INDAPAMIDE 5mg/1.25mg tablets,Perindopril,5 mg,,Angiotensin-Converting Enzyme Inhibitors,False,True
7381,,,bj11.,Arfonad,Arfonad 250mg/5mL infusion concentrate,Trimetaphan Camsilate,250 mg/5 ml,,Ganglion-Blocking Drugs,False,False
7382,,,bk1..,Metirosine,Metirosine,Metirosine,,,Alpha-Adrenoceptor Blocking Drugs,False,False
7383,,,bk11.,Demser,Demser 250mg capsule,Metirosine,250 mg,,Alpha-Adrenoceptor Blocking Drugs,False,False
7384,,,bk1z.,Metirosine,Metirosine 250mg capsule,Metirosine,250 mg,,Alpha-Adrenoceptor Blocking Drugs,False,False
7385,,,bk21.,Hypercal,Hypercal-B tablet,Reserpine And Rauwolfia Alkaloids,,,Centrally-Acting Antihypertensive Drugs,False,False
7386,,,bk22.,Seominal,Seominal tablet,Reserpine And Rauwolfia Alkaloids,,,Centrally-Acting Antihypertensive Drugs,False,False
7387,,,bk3..,Losartan,Losartan,Losartan Potassium,,,Angiotensin-II Receptor Antagonists,False,False
7388,,,bk31.,Losartan,Losartan potassium 25mg tablet,Losartan Potassium,25 mg,,Angiotensin-II Receptor Antagonists,False,False
7389,,,bk32.,Losartan,Losartan potassium 50mg tablet,Losartan Potassium,50 mg,,Angiotensin-II Receptor Antagonists,False,False
7390,,,bk33.,Cozaar,Cozaar 25mg tablet,Losartan Potassium,25 mg,,Angiotensin-II Receptor Antagonists,False,False
7391,,,bk33.,Cozaar,Cozaar Half Strength 25mg tablet,Losartan Potassium,25 mg,,Angiotensin-II Receptor Antagonists,False,False
7392,,,bk34.,Cozaar,Cozaar 50mg tablet,Losartan Potassium,50 mg,,Angiotensin-II Receptor Antagonists,False,False
7393,,,bk35.,Losartan,Losartan potassium+hydrochlorothiazide 50mg/12.5mg tablet,Losartan Potassium,50 mg,,Angiotensin-II Receptor Antagonists,False,True
7394,,,bk36.,Cozaar,Cozaar-Comp 50mg/12.5mg tablet,Losartan Potassium,50 mg,,Angiotensin-II Receptor Antagonists,False,False
7395,,,bk37.,Losartan,Losartan potassium 100mg tablet,Losartan Potassium,100 mg,,Angiotensin-II Receptor Antagonists,False,False
7396,,,bk38.,Cozaar,Cozaar 100mg tablet,Losartan Potassium,100 mg,,Angiotensin-II Receptor Antagonists,False,False
7397,,,bk39.,Cozaar,Cozaar-Comp 100mg/25mg tablet,Losartan Potassium,100 mg,,Angiotensin-II Receptor Antagonists,False,False
7398,,,bk3A.,Cozaar,COZAAR-COMP 100mg/12.5mg tablets,Losartan Potassium,100 mg,,Angiotensin-II Receptor Antagonists,False,False
7399,,,bk3B.,Cozaar,COZAAR 12.5mg tablets,Losartan Potassium,12.5 mg,,Angiotensin-II Receptor Antagonists,False,False
7400,,,bk3C.,Losartan Pot,LOSARTAN POTASSIUM 12.5mg tablets,Losartan Potassium,12.5 mg,,Angiotensin-II Receptor Antagonists,False,False
7401,,,bk3D.,Cozaar,COZAAR 2.5mg/mL oral suspension,Losartan Potassium,5 mg/mL,,Angiotensin-II Receptor Antagonists,False,False
7402,,,bk3E.,Losartan Pot,LOSARTAN POTASSIUM 2.5mg/mL oral suspension,Losartan Potassium,5 mg/mL,,Angiotensin-II Receptor Antagonists,False,False
7403,,,bk3y.,Losartan Pot,LOSARTAN POTASSIUM+HYDROCHLOROTHIAZIDE 100mg/12.5mg tablets,Losartan Potassium,100 mg,,Angiotensin-II Receptor Antagonists,False,True
7404,,,bk3z.,Losartan,Losartan potassium+hydrochlorothiazide 100mg/25mg tablet,Losartan Potassium,100 mg,,Angiotensin-II Receptor Antagonists,False,True
7405,,,bk4..,Valsartan,Valsartan,Valsartan,,,Angiotensin-II Receptor Antagonists,False,False
7406,,,bk41.,Valsartan,Valsartan 40mg capsule,Valsartan,40 mg,,Angiotensin-II Receptor Antagonists,False,False
7407,,,bk42.,Valsartan,Valsartan 80mg capsule,Valsartan,80 mg,,Angiotensin-II Receptor Antagonists,False,False
7408,,,bk43.,Valsartan,Valsartan 160mg capsule,Valsartan,160 mg,,Angiotensin-II Receptor Antagonists,False,False
7409,,,bk44.,Diovan,Diovan 40mg capsule,Valsartan,40 mg,,Angiotensin-II Receptor Antagonists,False,False
7410,,,bk45.,Diovan,Diovan 80mg capsule,Valsartan,80 mg,,Angiotensin-II Receptor Antagonists,False,False
7411,,,bk46.,Diovan,Diovan 160mg capsule,Valsartan,160 mg,,Angiotensin-II Receptor Antagonists,False,False
7412,,,bk47.,Diovan,Co-Diovan 160mg/12.5mg tablet,Valsartan,160 mg,,Angiotensin-II Receptor Antagonists,False,False
7413,,,bk48.,Diovan,Co-Diovan 160mg/25mg tablet,Valsartan,160 mg,,Angiotensin-II Receptor Antagonists,False,False
7414,,,bk49.,Diovan,Co-Diovan 80mg/12.5mg tablet,Valsartan,80 mg,,Angiotensin-II Receptor Antagonists,False,False
7415,,,bk4A.,Diovan,Diovan 40mg tablet,Valsartan,40 mg,,Angiotensin-II Receptor Antagonists,False,False
7416,,,bk4B.,Diovan,DIOVAN 320mg tablets,Valsartan,320 mg,,Angiotensin-II Receptor Antagonists,False,False
7417,,,bk4C.,Diovan,DIOVAN 3mg/mL oral solution,Valsartan,3 mg/mL,,Angiotensin-II Receptor Antagonists,False,False
7418,,,bk4s.,Valsartan,VALSARTAN 80mg tablets,Valsartan,80 mg,,Angiotensin-II Receptor Antagonists,False,False
7419,,,bk4t.,Valsartan,VALSARTAN 160mg tablets,Valsartan,160 mg,,Angiotensin-II Receptor Antagonists,False,False
7420,,,bk4u.,Valsartan,VALSARTAN 3mg/mL oral solution,Valsartan,3 mg/mL,,Angiotensin-II Receptor Antagonists,False,False
7421,,,bk4v.,Valsartan,VALSARTAN 320mg tablets,Valsartan,320 mg,,Angiotensin-II Receptor Antagonists,False,False
7422,,,bk4w.,Valsartan,Valsartan 40mg tablet,Valsartan,40 mg,,Angiotensin-II Receptor Antagonists,False,False
7423,,,bk4x.,Valsartan,Valsartan+hydrochlorothiazide 80mg/12.5mg tablet,Valsartan,80 mg,,Angiotensin-II Receptor Antagonists,False,True
7424,,,bk4y.,Valsartan,Valsartan+hydrochlorothiazide 160mg/25mg tablet,Valsartan,160 mg,,Angiotensin-II Receptor Antagonists,False,True
7425,,,bk4z.,Valsartan,Valsartan+hydrochlorothiazide 160mg/12.5mg tablet,Valsartan,160 mg,,Angiotensin-II Receptor Antagonists,False,True
7426,,,bk5..,Irbesartan,Irbesartan,Irbesartan,,,Angiotensin-II Receptor Antagonists,False,False
7427,,,bk51.,Irbesartan,Irbesartan 75mg tablet,Irbesartan,75 mg,,Angiotensin-II Receptor Antagonists,False,False
7428,,,bk52.,Irbesartan,Irbesartan 150mg tablet,Irbesartan,150 mg,,Angiotensin-II Receptor Antagonists,False,False
7429,,,bk53.,Irbesartan,Irbesartan 300mg tablet,Irbesartan,300 mg,,Angiotensin-II Receptor Antagonists,False,False
7430,,,bk54.,Aprovel,Aprovel 75mg tablet,Irbesartan,75 mg,,Angiotensin-II Receptor Antagonists,False,False
7431,,,bk55.,Aprovel,Aprovel 150mg tablet,Irbesartan,150 mg,,Angiotensin-II Receptor Antagonists,False,False
7432,,,bk56.,Aprovel,Aprovel 300mg tablet,Irbesartan,300 mg,,Angiotensin-II Receptor Antagonists,False,False
7433,,,bk57.,CoAprovel,CoAprovel 150mg/12.5mg tablet,Irbesartan,150 mg,,Angiotensin-II Receptor Antagonists,False,False
7434,,,bk58.,CoAprovel,CoAprovel 300mg/12.5mg tablet,Irbesartan,300 mg,,Angiotensin-II Receptor Antagonists,False,False
7435,,,bk59.,CoAprovel,COAPROVEL 300mg/25mg tablets,Irbesartan,300 mg,,Angiotensin-II Receptor Antagonists,False,False
7436,,,bk5x.,Irbesartan,IRBESARTAN+HYDROCHLOROTHIAZIDE 300mg/25mg tablets,Irbesartan,300 mg,,Angiotensin-II Receptor Antagonists,False,True
7437,,,bk5y.,Irbesartan,Irbesartan+hydrochlorothiazide 300mg/12.5mg tablet,Irbesartan,300 mg,,Angiotensin-II Receptor Antagonists,False,True
7438,,,bk5z.,Irbesartan,Irbesartan+hydrochlorothiazide 150mg/12.5mg tablet,Irbesartan,150 mg,,Angiotensin-II Receptor Antagonists,False,True
7439,,,bk6..,Trandolapril,Trandolapril+verapamil hydrochloride,Trandolapril,,,Angiotensin-Converting Enzyme Inhibitors,True,False
7440,,,bk61.,Trandolapril,Trandolapril+verapamil hydrochloride 2mg/180mg m/r capsule,Trandolapril,2 mg,,Angiotensin-Converting Enzyme Inhibitors,True,False
7441,,,bk62.,Tarka,Tarka 2mg/180mg m/r capsule,Trandolapril,2 mg,,Angiotensin-Converting Enzyme Inhibitors,False,False
7442,,,bk7..,Candesartan,Candesartan cilexetil,Candesartan Cilexetil,,,Angiotensin-II Receptor Antagonists,False,False
7443,,,bk71.,Candesartan,Candesartan cilexetil 2mg tablet,Candesartan Cilexetil,2 mg,,Angiotensin-II Receptor Antagonists,False,False
7444,,,bk72.,Candesartan,Candesartan cilexetil 4mg tablet,Candesartan Cilexetil,4 mg,,Angiotensin-II Receptor Antagonists,False,False
7445,,,bk73.,Candesartan,Candesartan cilexetil 8mg tablet,Candesartan Cilexetil,8 mg,,Angiotensin-II Receptor Antagonists,False,False
7446,,,bk74.,Candesartan,Candesartan cilexetil 16mg tablet,Candesartan Cilexetil,16 mg,,Angiotensin-II Receptor Antagonists,False,False
7447,,,bk75.,Amias,Amias 2mg tablet,Candesartan Cilexetil,2 mg,,Angiotensin-II Receptor Antagonists,False,False
7448,,,bk76.,Amias,Amias 4mg tablet,Candesartan Cilexetil,4 mg,,Angiotensin-II Receptor Antagonists,False,False
7449,,,bk77.,Amias,Amias 8mg tablet,Candesartan Cilexetil,8 mg,,Angiotensin-II Receptor Antagonists,False,False
7450,,,bk78.,Amias,Amias 16mg tablet,Candesartan Cilexetil,16 mg,,Angiotensin-II Receptor Antagonists,False,False
7451,,,bk79.,Amias,Amias 32mg tablet,Candesartan Cilexetil,32 mg,,Angiotensin-II Receptor Antagonists,False,False
7452,,,bk7z.,Candesartan,Candesartan cilexetil 32mg tablet,Candesartan Cilexetil,32 mg,,Angiotensin-II Receptor Antagonists,False,False
7453,,,bk8..,Telmisartan,Telmisartan,Telmisartan,,,Angiotensin-II Receptor Antagonists,False,False
7454,,,bk81.,Telmisartan,Telmisartan 40mg tablet,Telmisartan,40 mg,,Angiotensin-II Receptor Antagonists,False,False
7455,,,bk82.,Telmisartan,Telmisartan 80mg tablet,Telmisartan,80 mg,,Angiotensin-II Receptor Antagonists,False,False
7456,,,bk83.,Micardis,Micardis 40mg tablet,Telmisartan,40 mg,,Angiotensin-II Receptor Antagonists,False,False
7457,,,bk84.,Micardis,Micardis 80mg tablet,Telmisartan,80 mg,,Angiotensin-II Receptor Antagonists,False,False
7458,,,bk85.,Micardis,Micardis 20mg tablet,Telmisartan,20 mg,,Angiotensin-II Receptor Antagonists,False,False
7459,,,bk86.,Micardis,MicardisPlus 40mg/12.5mg tablet,Telmisartan,40 mg,,Angiotensin-II Receptor Antagonists,False,False
7460,,,bk87.,Micardis,MicardisPlus 80mg/12.5mg tablet,Telmisartan,80 mg,,Angiotensin-II Receptor Antagonists,False,False
7461,,,bk88.,Micardis,MICARDISPLUS 80mg/25mg tablets,Telmisartan,80 mg,,Angiotensin-II Receptor Antagonists,False,False
7462,,,bk8w.,Telmisartan,TELMISARTAN+HYDROCHLOROTHIAZIDE 80mg/25mg tablets,Telmisartan,80 mg,,Angiotensin-II Receptor Antagonists,False,True
7463,,,bk8x.,Telmisartan,Telmisartan+hydrochlorothiazide 40mg/12.5mg tablet,Telmisartan,40 mg,,Angiotensin-II Receptor Antagonists,False,True
7464,,,bk8y.,Telmisartan,Telmisartan+hydrochlorothiazide 80mg/12.5mg tablet,Telmisartan,80 mg,,Angiotensin-II Receptor Antagonists,False,True
7465,,,bk8z.,Telmisartan,Telmisartan 20mg tablet,Telmisartan,20 mg,,Angiotensin-II Receptor Antagonists,False,False
7466,,,bk9..,Eprosartan,Eprosartan,Eprosartan,,,Angiotensin-II Receptor Antagonists,False,False
7467,,,bk91.,Teveten,Teveten 300mg tablet,Eprosartan,300 mg,,Angiotensin-II Receptor Antagonists,False,False
7468,,,bk92.,Teveten,Teveten 400mg tablet,Eprosartan,400 mg,,Angiotensin-II Receptor Antagonists,False,False
7469,,,bk93.,Teveten,Teveten 600mg tablet,Eprosartan,600 mg,,Angiotensin-II Receptor Antagonists,False,False
7470,,,bk9x.,Eprosartan,Eprosartan 300mg tablet,Eprosartan,300 mg,,Angiotensin-II Receptor Antagonists,False,False
7471,,,bk9y.,Eprosartan,Eprosartan 400mg tablet,Eprosartan,400 mg,,Angiotensin-II Receptor Antagonists,False,False
7472,,,bk9z.,Eprosartan,Eprosartan 600mg tablet,Eprosartan,600 mg,,Angiotensin-II Receptor Antagonists,False,False
7473,,,bkA..,Bosentan,Bosentan,Bosentan,,,Vasodilator Antihypertensive Drugs,False,False
7474,,,bkA1.,Bosentan,Bosentan monohydrate 62.5mg tablet,Bosentan,62.5 mg,,Vasodilator Antihypertensive Drugs,False,False
7475,,,bkA2.,Bosentan,Bosentan monohydrate 125mg tablet,Bosentan,125 mg,,Vasodilator Antihypertensive Drugs,False,False
7476,,,bkA3.,Tracleer,Tracleer 62.5mg tablet,Bosentan,62.5 mg,,Vasodilator Antihypertensive Drugs,False,False
7477,,,bkA4.,Tracleer,Tracleer 125mg tablet,Bosentan,125 mg,,Vasodilator Antihypertensive Drugs,False,False
7478,,,bkB..,Olmesartan,Olmesartan,Olmesartan,,,Angiotensin-II Receptor Antagonists,False,False
7479,,,bkB1.,Olmesartan,Olmesartan medoxomil 10mg tablet,Olmesartan,10 mg,,Angiotensin-II Receptor Antagonists,False,False
7480,,,bkB2.,Olmesartan,Olmesartan medoxomil 20mg tablet,Olmesartan,20 mg,,Angiotensin-II Receptor Antagonists,False,False
7481,,,bkB3.,Olmesartan,Olmesartan medoxomil 40mg tablet,Olmesartan,40 mg,,Angiotensin-II Receptor Antagonists,False,False
7482,,,bkB4.,Olmetec,Olmetec 10mg tablet,Olmesartan,10 mg,,Angiotensin-II Receptor Antagonists,False,False
7483,,,bkB5.,Olmetec,Olmetec 20mg tablet,Olmesartan,20 mg,,Angiotensin-II Receptor Antagonists,False,False
7484,,,bkB6.,Olmetec,Olmetec 40mg tablet,Olmesartan,40 mg,,Angiotensin-II Receptor Antagonists,False,False
7485,,,bkC..,Olmesartan,Hydrochlorothiazide + Olmesartan,Olmesartan,,,Angiotensin-II Receptor Antagonists,False,True
7486,,,bkC1.,Olmetec,Olmetec Plus 20mg/12.5mg tablet,Olmesartan,20 mg,,Angiotensin-II Receptor Antagonists,False,False
7487,,,bkC2.,Olmetec,Olmetec Plus 20mg/25mg tablet,Olmesartan,20 mg,,Angiotensin-II Receptor Antagonists,False,False
7488,,,bkC3.,Olmetec,OLMETEC PLUS 40mg/12.5mg tablets,Olmesartan,40 mg,,Angiotensin-II Receptor Antagonists,False,False
7489,,,bkCx.,Olmesartan,OLMESARTAN+HYDROCHLOROTHIAZIDE 40mg/12.5mg tablets,Olmesartan,40 mg,,Angiotensin-II Receptor Antagonists,False,True
7490,,,bkCy.,Olmesartan,Olmesartan + hydrochlorothiazide 20mg/25mg tablet,Olmesartan,20 mg,,Angiotensin-II Receptor Antagonists,False,True
7491,,,bkCz.,Olmesartan,Olmesartan + hydrochlorothiazide 20mg/12.5mg tablet,Olmesartan,20 mg,,Angiotensin-II Receptor Antagonists,False,True
7492,,,bkD..,Valsartan,AMLODIPINE + VALSARTAN,Valsartan,,,Angiotensin-II Receptor Antagonists,True,False
7493,,,bkD1.,Valsartan,AMLODIPINE+VALSARTAN 5mg/80mg tablets,Valsartan,5 mg,,Angiotensin-II Receptor Antagonists,True,False
7494,,,bkD2.,Valsartan,AMLODIPINE+VALSARTAN 5mg/160mg tablets,Valsartan,5 mg,,Angiotensin-II Receptor Antagonists,True,False
7495,,,bkD3.,Valsartan,AMLODIPINE+VALSARTAN 10mg/160mg tablets,Valsartan,10 mg,,Angiotensin-II Receptor Antagonists,True,False
7496,,,bkE1.,Thelin,THELIN 100mg tablets,Sitaxentan Sodium,100 mg,,Vasodilator Antihypertensive Drugs,False,False
7497,,,bkEz.,Sitaxentan Sod,SITAXENTAN SODIUM 100mg tablets,Sitaxentan Sodium,100 mg,,Vasodilator Antihypertensive Drugs,False,False
7498,,,bkF..,Aliskiren,ALISKIREN,Aliskiren,,,Renin Inhibitors,False,False
7499,,,bkF1.,Rasilez,RASILEZ 150mg tablets,Aliskiren,150 mg,,Renin Inhibitors,False,False
7500,,,bkF2.,Rasilez,RASILEZ 300mg tablets,Aliskiren,300 mg,,Renin Inhibitors,False,False
7501,,,bkFy.,Aliskiren,ALISKIREN 300mg tablets,Aliskiren,300 mg,,Renin Inhibitors,False,False
7502,,,bkFz.,Aliskiren,ALISKIREN 150mg tablets,Aliskiren,150 mg,,Renin Inhibitors,False,False
7503,,,bkG..,Ambrisentan,AMBRISENTAN,Ambrisentan,,,Vasodilator Antihypertensive Drugs,False,False
7504,,,bkG1.,Volibris,VOLIBRIS 5mg tablets,Ambrisentan,5 mg,,Vasodilator Antihypertensive Drugs,False,False
7505,,,bkG2.,Volibris,VOLIBRIS 10mg tablets,Ambrisentan,10 mg,,Vasodilator Antihypertensive Drugs,False,False
7506,,,bkGy.,Ambrisentan,AMBRISENTAN 10mg tablets,Ambrisentan,10 mg,,Vasodilator Antihypertensive Drugs,False,False
7507,,,bkGz.,Ambrisentan,AMBRISENTAN 5mg tablets,Ambrisentan,5 mg,,Vasodilator Antihypertensive Drugs,False,False
7508,,,bkH..,Olmesartan,OLMESARTAN+AMLODIPINE,Olmesartan,,,Angiotensin-II Receptor Antagonists,True,False
7509,,,bkH1.,Sevikar,SEVIKAR 20mg/5mg tablets,Olmesartan,20 mg,,Angiotensin-II Receptor Antagonists,False,False
7510,,,bkH2.,Sevikar,SEVIKAR 40mg/5mg tablets,Olmesartan,40 mg,,Angiotensin-II Receptor Antagonists,False,False
7511,,,bkH3.,Sevikar,SEVIKAR 40mg/10mg tablets,Olmesartan,40 mg,,Angiotensin-II Receptor Antagonists,False,False
7512,,,bkHx.,Olmesartan,OLMESARTAN MEDOXOMIL+AMLODIPINE 40mg/10mg tablets,Olmesartan,40 mg,,Angiotensin-II Receptor Antagonists,True,False
7513,,,bkHy.,Olmesartan,OLMESARTAN MEDOXOMIL+AMLODIPINE 40mg/5mg tablets,Olmesartan,40 mg,,Angiotensin-II Receptor Antagonists,True,False
7514,,,bkHz.,Olmesartan,OLMESARTAN MEDOXOMIL+AMLODIPINE 20mg/5mg tablets,Olmesartan,20 mg,,Angiotensin-II Receptor Antagonists,True,False
7515,,,bkI..,Olmesartan,OLMESARTAN+AMLODIPINE+HYDROCHLOROTHIAZIDE,Olmesartan,,,Angiotensin-II Receptor Antagonists,True,True
7516,,,bkI1.,Sevikar,SEVIKAR HCT 20mg/5mg/12.5mg tablets,Olmesartan,20 mg,,Angiotensin-II Receptor Antagonists,False,False
7517,,,bkI2.,Sevikar,SEVIKAR HCT 40mg/5mg/12.5mg tablets,Olmesartan,40 mg,,Angiotensin-II Receptor Antagonists,False,False
7518,,,bkI3.,Sevikar,SEVIKAR HCT 40mg/10mg/12.5mg tablets,Olmesartan,40 mg,,Angiotensin-II Receptor Antagonists,False,False
7519,,,bkI4.,Sevikar,SEVIKAR HCT 40mg/5mg/25mg tablets,Olmesartan,40 mg,,Angiotensin-II Receptor Antagonists,False,False
7520,,,bkI5.,Sevikar,SEVIKAR HCT 40mg/10mg/25mg tablets,Olmesartan,40 mg,,Angiotensin-II Receptor Antagonists,False,False
7521,,,bkJ1.,Edarbi,EDARBI 20mg tablets,Azilsartan Medoxomil,20 mg,,Angiotensin-II Receptor Antagonists,False,False
7522,,,bkJ2.,Azilsartan Medoxomil,AZILSARTAN MEDOXOMIL 20mg tablets,Azilsartan Medoxomil,20 mg,,Angiotensin-II Receptor Antagonists,False,False
7523,,,bkJ3.,Edarbi,EDARBI 40mg tablets,Azilsartan Medoxomil,40 mg,,Angiotensin-II Receptor Antagonists,False,False
7524,,,bkJ4.,Azilsartan Medoxomil,AZILSARTAN MEDOXOMIL 40mg tablets,Azilsartan Medoxomil,40 mg,,Angiotensin-II Receptor Antagonists,False,False
7525,,,bkJ5.,Edarbi,EDARBI 80mg tablets,Azilsartan Medoxomil,80 mg,,Angiotensin-II Receptor Antagonists,False,False
7526,,,bkJ6.,Azilsartan Medoxomil,AZILSARTAN MEDOXOMIL 80mg tablets,Azilsartan Medoxomil,80 mg,,Angiotensin-II Receptor Antagonists,False,False
7527,,,bkK..,Macitentan,MACITENTAN,Macitentan,,,Vasodilator Antihypertensive Drugs,False,False
7528,,,bkK1.,Opsumit,OPSUMIT 10mg tablets,Macitentan,10 mg,,Vasodilator Antihypertensive Drugs,False,False
7529,,,bkK2.,Macitentan,MACITENTAN 10mg tablets,Macitentan,10 mg,,Vasodilator Antihypertensive Drugs,False,False
7530,,,bkL..,Valsartan,SACUBITRIL+VALSARTAN,Valsartan,,,Angiotensin-II Receptor Antagonists,False,False
7531,,,bkL1.,Entresto,ENTRESTO 24mg/26mg tablets,Sacubitril/Valsartan,24 mg,,Angiotensin-II Receptor Antagonists,False,False
7532,,,bkL2.,Valsartan,SACUBITRIL+VALSARTAN 24mg/26mg tablets,Valsartan,24 mg,,Angiotensin-II Receptor Antagonists,False,False
7533,,,bkL3.,Entresto,ENTRESTO 49mg/51mg tablets,Sacubitril/Valsartan,49 mg,,Angiotensin-II Receptor Antagonists,False,False
7534,,,bkL4.,Valsartan,SACUBITRIL+VALSARTAN 49mg/51mg tablets,Valsartan,49 mg,,Angiotensin-II Receptor Antagonists,False,False
7535,,,bkL5.,Entresto,ENTRESTO 97mg/103mg tablets,Sacubitril/Valsartan,97 mg,,Angiotensin-II Receptor Antagonists,False,False
7536,,,bkL6.,Valsartan,SACUBITRIL+VALSARTAN 97mg/103mg tablets,Valsartan,97 mg,,Angiotensin-II Receptor Antagonists,False,False
7537,,,blca.,Lotens,Felotens XL 5mg m/r tablet,Guanethidine Monosulfate,5 mg,,Adrenergic Neurone Blocking Drugs,True,False
7538,,,blcb.,Lotens,Felotens XL 10mg m/r tablet,Guanethidine Monosulfate,10 mg,,Adrenergic Neurone Blocking Drugs,True,False
7539,,,blct.,Lotens,FELOTENS XL 2.5mg m/r tablets,Guanethidine Monosulfate,2.5 mg,,Adrenergic Neurone Blocking Drugs,True,False
7540,,,bn7..,Iloprost,Iloprost,Iloprost,,,Vasodilator Antihypertensive Drugs,False,False
7541,,,bn71.,Iloprost,Iloprost 100micrograms/1mL infusion concentrate,Iloprost,,,Vasodilator Antihypertensive Drugs,False,False
7542,,,bn72.,Iloprost,Iloprost 10micrograms/mL nebuliser solution 2mL ampoule,Iloprost,,,Vasodilator Antihypertensive Drugs,False,False
7543,,,bn73.,Ventavis,Ventavis 10micrograms/mL nebuliser solution 2mL ampoule,Iloprost,,,Vasodilator Antihypertensive Drugs,False,False
7544,,,bn74.,Ventavis,VENTAVIS 10micrograms/mL nebuliser solution 1mL ampoules,Iloprost,,,Vasodilator Antihypertensive Drugs,False,False
7545,,,bn75.,Iloprost,ILOPROST 10micrograms/mL nebuliser solution 1mL ampoules,Iloprost,,,Vasodilator Antihypertensive Drugs,False,False
7546,,,f71..,Diazoxide,Diazoxide [endocrine use],Diazoxide,,,Vasodilator Antihypertensive Drugs,False,False
7547,,,f71x.,Diazoxide,Diazoxide 50mg capsule,Diazoxide,50 mg,,Vasodilator Antihypertensive Drugs,False,False
7548,,,f71y.,Diazoxide,Diazoxide oral powder,Diazoxide,,,Vasodilator Antihypertensive Drugs,False,False
7549,,,f71z.,Diazoxide,Diazoxide 50mg tablet,Diazoxide,50 mg,,Vasodilator Antihypertensive Drugs,False,False
7550,,,gc41.,Dibenyline,Dibenyline 10mg capsule,Phenoxybenzamine Hydrochloride,10 mg,,Alpha-Adrenoceptor Blocking Drugs,False,False
7551,,,gc51.,Hytrin,Hytrin BPH tablet starter pack,Terazosin Hydrochloride,,,Alpha-Adrenoceptor Blocking Drugs,False,False
7552,,,gc52.,Hytrin,Hytrin BPH 2mg tablet,Terazosin Hydrochloride,2 mg,,Alpha-Adrenoceptor Blocking Drugs,False,False
7553,,,gc53.,Hytrin,Hytrin BPH 5mg tablet,Terazosin Hydrochloride,5 mg,,Alpha-Adrenoceptor Blocking Drugs,False,False
7554,,,gc54.,Hytrin,Hytrin BPH 10mg tablet,Terazosin Hydrochloride,10 mg,,Alpha-Adrenoceptor Blocking Drugs,False,False
7555,,,gc55.,Hytrin,HYTRIN BPH 1mg tablets,Terazosin Hydrochloride,1 mg,,Alpha-Adrenoceptor Blocking Drugs,False,False
7556,,,gh57.,Revatio,Revatio 20mg tablet,Sildenafil(Vasodilator Antihypertensive),20 mg,,Vasodilator Antihypertensive Drugs,False,False
7557,,,gh58.,Revatio,REVATIO 40mg/50mL solution for injection,Sildenafil(Vasodilator Antihypertensive),40 mg/50 ml,,Vasodilator Antihypertensive Drugs,False,False
7558,,,gh59.,Revatio,REVATIO 10mg/12.5mL solution for injection,Sildenafil(Vasodilator Antihypertensive),10 mg,,Vasodilator Antihypertensive Drugs,False,False
7559,,,gh5A.,Revatio,REVATIO 10mg/mL oral suspension,Sildenafil(Vasodilator Antihypertensive),10 mg/mL,,Vasodilator Antihypertensive Drugs,False,False
7560,,,gh75.,Adcirca,ADCIRCA 20mg tablets,Tadalafil (Vasodilator Antihypertensive),20 mg,,Vasodilator Antihypertensive Drugs,False,False
7561,,,id14.,Tenex,Glutenex biscuits 18x14g,Guanfacine Hydrochloride,,,Centrally-Acting Antihypertensive Drugs,False,False
7562,,,idGN.,Tenex,GLUTENEX GF white bread mix 500g,Guanfacine Hydrochloride,,,Centrally-Acting Antihypertensive Drugs,False,False
7563,,,ih...,Hypercal,Treatment of hypercalcaemia,Reserpine And Rauwolfia Alkaloids,,,Centrally-Acting Antihypertensive Drugs,False,False
7564,,,mb3..,Minoxidil,Minoxidil [androgen alopecia],Minoxidil,,,Vasodilator Antihypertensive Drugs,False,False
7565,,,mb31.,Minoxidil,Minoxidil 20mg/mL topical liquid,Minoxidil,20 mg/mL,,Vasodilator Antihypertensive Drugs,False,False
7566,,,mb33.,Minoxidil,Minoxidil 50mg/mL topical liquid,Minoxidil,50 mg/mL,,Vasodilator Antihypertensive Drugs,False,False
7567,,,mb37.,Minoxidil,MINOXIDIL 5% cutaneous foam,Minoxidil,,,Vasodilator Antihypertensive Drugs,False,False
7568,,,x001j,Captopril,Captopril+diuretic,Captopril,,,Angiotensin-Converting Enzyme Inhibitors,False,False
7569,,,x007H,Lisinopril,Lisinopril+diuretic,Lisinopril,,,Angiotensin-Converting Enzyme Inhibitors,False,False
7570,,,x007d,Methyldopa,Methyldopa+diuretic,Methyldopa,,,Centrally-Acting Antihypertensive Drugs,False,False
7571,,,x00en,Accupro,Accupro 5mg tablet,Quinapril Hydrochloride,5 mg,,Angiotensin-Converting Enzyme Inhibitors,False,False
7572,,,x00eo,Accupro,Accupro 10mg tablet,Quinapril Hydrochloride,10 mg,,Angiotensin-Converting Enzyme Inhibitors,False,False
7573,,,x00ep,Accupro,Accupro 20mg tablet,Quinapril Hydrochloride,20 mg,,Angiotensin-Converting Enzyme Inhibitors,False,False
7574,,,x00eq,Acezide,Acezide tablet,Co-Zidocapt,,,Angiotensin-Converting Enzyme Inhibitors,False,False
7575,,,x00f0,Capozide,Capozide tablet,Co-Zidocapt,,,Angiotensin-Converting Enzyme Inhibitors,False,False
7576,,,x00f1,Capozide,Capozide LS tablet,Co-Zidocapt,,,Angiotensin-Converting Enzyme Inhibitors,False,False
7577,,,x00fw,Renitec,Renitec 5mg tablet,Enalapril Maleate,5 mg,,Angiotensin-Converting Enzyme Inhibitors,False,False
7578,,,x01CO,Indoramin,Indoramin product,Indoramin,,,Alpha-Adrenoceptor Blocking Drugs,False,False
7579,,,x01CO,Indoramin,Indoramin,Indoramin,,,Alpha-Adrenoceptor Blocking Drugs,False,False
7580,,,x01Dk,Thelin,Propantheline,Sitaxentan Sodium,,,Vasodilator Antihypertensive Drugs,False,False
7581,,,x01OE,Tenex,Glutenex biscuits,Guanfacine Hydrochloride,,,Centrally-Acting Antihypertensive Drugs,False,False
7582,,,x01Qg,Perindopril,Perindopril,Perindopril,,,Angiotensin-Converting Enzyme Inhibitors,False,False
7583,,,x01RL,Diazoxide,Diazoxide,Diazoxide,,,Vasodilator Antihypertensive Drugs,False,False
7584,,,x02Sb,Accupro,Accupro,Quinapril Hydrochloride,,,Angiotensin-Converting Enzyme Inhibitors,False,False
7585,,,x02Sc,Accuretic,Accuretic,Quinapril Hydrochloride,,,Angiotensin-Converting Enzyme Inhibitors,False,False
7586,,,x02Sd,Acepril,Acepril,Captopril,,,Angiotensin-Converting Enzyme Inhibitors,False,False
7587,,,x02TQ,Alphavase,Alphavase,Prazosin Hydrochloride,,,Alpha-Adrenoceptor Blocking Drugs,False,False
7588,,,x02U9,Apresoline,Apresoline,Hydralazine Hydrochloride,,,Vasodilator Antihypertensive Drugs,False,False
7589,,,x02UJ,Arfonad,Arfonad,Trimetaphan Camsilate,,,Ganglion-Blocking Drugs,False,False
7590,,,x02Uy,Baratol,Baratol,Indoramin,,,Alpha-Adrenoceptor Blocking Drugs,False,False
7591,,,x02VF,Bendogen,Bendogen,Betanidine Sulfate,,,Adrenergic Neurone Blocking Drugs,False,False
7592,,,x02Wf,Capoten,Capoten,Captopril,,,Angiotensin-Converting Enzyme Inhibitors,False,False
7593,,,x02Wj,Carace,Carace,Lisinopril,,,Angiotensin-Converting Enzyme Inhibitors,False,False
7594,,,x02Wk,Carace Plus,Carace Plus,Lisinopril,,,Angiotensin-Converting Enzyme Inhibitors,False,False
7595,,,x02Wv,Catapres,Catapres,Clonidine Hydrochloride,,,Centrally-Acting Antihypertensive Drugs,False,False
7596,,,x02YD,Coversyl,Coversyl,Perindopril,,,Angiotensin-Converting Enzyme Inhibitors,False,False
7597,,,x02YE,Cozaar,Cozaar,Losartan Potassium,,,Angiotensin-II Receptor Antagonists,False,False
7598,,,x02Yr,Declinax,Declinax,Debrisoquine Sulfate,,,Adrenergic Neurone Blocking Drugs,False,False
7599,,,x02Yz,Demser,Demser,Metirosine,,,Alpha-Adrenoceptor Blocking Drugs,False,False
7600,,,x02Za,Dibenyline,Dibenyline,Phenoxybenzamine Hydrochloride,,,Alpha-Adrenoceptor Blocking Drugs,False,False
7601,,,x02aO,Dopamet,Dopamet,Methyldopa,,,Centrally-Acting Antihypertensive Drugs,False,False
7602,,,x02eC,Gopten,Gopten,Trandolapril,,,Angiotensin-Converting Enzyme Inhibitors,False,False
7603,,,x02fA,Hydromet,Hydromet,Methyldopa,,,Centrally-Acting Antihypertensive Drugs,False,False
7604,,,x02fG,Hypovase,Hypovase,Prazosin Hydrochloride,,,Alpha-Adrenoceptor Blocking Drugs,False,False
7605,,,x02fH,Hytrin,Hytrin,Terazosin Hydrochloride,,,Alpha-Adrenoceptor Blocking Drugs,False,False
7606,,,x02fI,Hytrin,Hytrin BPH,Terazosin Hydrochloride,,,Alpha-Adrenoceptor Blocking Drugs,False,False
7607,,,x02fl,Innovace,Innovace,Enalapril Maleate,,,Angiotensin-Converting Enzyme Inhibitors,False,False
7608,,,x02fm,Innozide,Innozide,Enalapril Maleate,,,Angiotensin-Converting Enzyme Inhibitors,False,False
7609,,,x02hq,Loniten,Loniten,Minoxidil,,,Vasodilator Antihypertensive Drugs,False,False
7610,,,x02iU,Medomet,Medomet,Methyldopa,,,Centrally-Acting Antihypertensive Drugs,False,False
7611,,,x02ij,Metalpha,Metalpha,Methyldopa,,,Centrally-Acting Antihypertensive Drugs,False,False
7612,,,x02lk,Odrik,Odrik,Trandolapril,,,Angiotensin-Converting Enzyme Inhibitors,False,False
7613,,,x02pJ,Renitec,Renitec,Enalapril Maleate,,,Angiotensin-Converting Enzyme Inhibitors,False,False
7614,,,x02q3,Rogitine,Rogitine,Phentolamine Mesilate,,,Alpha-Adrenoceptor Blocking Drugs,False,False
7615,,,x02rU,Staril,Staril,Fosinopril Sodium,,,Angiotensin-Converting Enzyme Inhibitors,False,False
7616,,,x02tS,Tritace,Tritace,Ramipril,,,Angiotensin-Converting Enzyme Inhibitors,False,False
7617,,,x02u7,Vascace,Vascace,Cilazapril,,,Angiotensin-Converting Enzyme Inhibitors,False,False
7618,,,x02uy,Zestoretic,Zestoretic,Lisinopril,,,Angiotensin-Converting Enzyme Inhibitors,False,False
7619,,,x03ce,Perdix,Perdix,Moexipril Hydrochloride,,,Angiotensin-Converting Enzyme Inhibitors,False,False
7620,,,x03dG,Kentovace,Kentovace,Prazosin Hydrochloride,,,Alpha-Adrenoceptor Blocking Drugs,False,False
7621,,,x03h1,Zestril,Zestril,Lisinopril,,,Angiotensin-Converting Enzyme Inhibitors,False,False
7622,,,x03i1,Physiotens,Physiotens,Moxonidine,,,Centrally-Acting Antihypertensive Drugs,False,False
7623,,,x03kD,Ecopace,Ecopace,Captopril,,,Angiotensin-Converting Enzyme Inhibitors,False,False
7624,,,x03lH,Kaplon,Kaplon,Captopril,,,Angiotensin-Converting Enzyme Inhibitors,False,False
7625,,,x03lt,Cozaar,Cozaar-Comp,Losartan Potassium,,,Angiotensin-II Receptor Antagonists,False,False
7626,,,x03qX,Aprovel,Aprovel,Irbesartan,,,Angiotensin-II Receptor Antagonists,False,False
7627,,,x03rX,Tarka,Tarka,Trandolapril,,,Angiotensin-Converting Enzyme Inhibitors,False,False
7628,,,x03xa,Diovan,Diovan,Valsartan,,,Angiotensin-II Receptor Antagonists,False,False
7629,,,x03zU,Cozaar,Cozaar Half Strength,Losartan Potassium,,,Angiotensin-II Receptor Antagonists,False,False
7630,,,x040z,Capozide,Capozide,Co-Zidocapt,,,Angiotensin-Converting Enzyme Inhibitors,False,False
7631,,,x0410,Capozide,Capozide LS,Co-Zidocapt,,,Angiotensin-Converting Enzyme Inhibitors,False,False
7632,,,x0411,Carace,Carace 10 Plus,Lisinopril,,,Angiotensin-Converting Enzyme Inhibitors,False,False
7633,,,x0412,Carace,Carace 20 Plus,Lisinopril,,,Angiotensin-Converting Enzyme Inhibitors,False,False
7634,,,x047M,Acezide,Acezide,Co-Zidocapt,,,Angiotensin-Converting Enzyme Inhibitors,False,False
7635,,,x04A0,Zestoretic,Zestoretic 10,Lisinopril,,,Angiotensin-Converting Enzyme Inhibitors,False,False
7636,,,x04A1,Zestoretic,Zestoretic 20,Lisinopril,,,Angiotensin-Converting Enzyme Inhibitors,False,False
7637,,,x04bR,Amias,Amias,Candesartan Cilexetil,,,Angiotensin-II Receptor Antagonists,False,False
7638,,,x04c7,Innovace,Innovace Melt,Enalapril Maleate,,,Angiotensin-Converting Enzyme Inhibitors,False,False
7639,,,x04t5,Hyteneze,Hyteneze 12.5,Captopril,,,Angiotensin-Converting Enzyme Inhibitors,False,False
7640,,,x04t6,Hyteneze,Hyteneze 25,Captopril,,,Angiotensin-Converting Enzyme Inhibitors,False,False
7641,,,x04t7,Hyteneze,Hyteneze 50,Captopril,,,Angiotensin-Converting Enzyme Inhibitors,False,False
7642,,,x04t8,Tensopril,Tensopril,Captopril,,,Angiotensin-Converting Enzyme Inhibitors,False,False
7643,,,x04xj,Tanatril,Tanatril,Imidapril Hydrochloride,,,Angiotensin-Converting Enzyme Inhibitors,False,False
7644,,,x051w,Triapin,Triapin mite,Ramipril,,,Angiotensin-Converting Enzyme Inhibitors,False,False
7645,,,x051x,Triapin,Triapin,Ramipril,,,Angiotensin-Converting Enzyme Inhibitors,False,False
7646,,,x052v,Micardis,Micardis,Telmisartan,,,Angiotensin-II Receptor Antagonists,False,False
7647,,,x054w,Capto-Co,Capto-Co,Co-Zidocapt,,,Angiotensin-Converting Enzyme Inhibitors,False,False
7648,,,x055s,Pralenal,Pralenal,Enalapril Maleate,,,Angiotensin-Converting Enzyme Inhibitors,False,False
7649,,,x056P,Teveten,Teveten,Eprosartan,,,Angiotensin-II Receptor Antagonists,False,False
7650,,,x05Dq,CoAprovel,CoAprovel,Irbesartan,,,Angiotensin-II Receptor Antagonists,False,False
7651,,,x05df,Perindopril,Perindopril+indapamide,Perindopril,,,Angiotensin-Converting Enzyme Inhibitors,False,True
7652,,,x05dg,Coversyl,Coversyl Plus,Perindopril,,,Angiotensin-Converting Enzyme Inhibitors,False,False
7653,,,x05gd,Tracleer,Tracleer,Bosentan,,,Vasodilator Antihypertensive Drugs,False,False
7654,,,x05j2,Micardis,MicardisPlus,Telmisartan,,,Angiotensin-II Receptor Antagonists,False,False
7655,,,x05mo,Olmetec,Olmetec,Olmesartan,,,Angiotensin-II Receptor Antagonists,False,False
7656,,,x05pF,Lotens,Felotens XL,Guanethidine Monosulfate,,,Adrenergic Neurone Blocking Drugs,True,False
7657,,,x05sk,Caralpha,Caralpha,Lisinopril,,,Angiotensin-Converting Enzyme Inhibitors,False,False
7658,,,x05u2,Diovan,Co-Diovan,Valsartan,,,Angiotensin-II Receptor Antagonists,False,False
7659,,,x05uH,Lopace,Lopace,Ramipril,,,Angiotensin-Converting Enzyme Inhibitors,False,False
7660,,,x05vC,Lisicostad,Lisicostad HCT,Lisinopril,,,Angiotensin-Converting Enzyme Inhibitors,False,False
7661,,,x05vO,Ranace,Ranace,Ramipril,,,Angiotensin-Converting Enzyme Inhibitors,False,False
7662,,,x05x1,Quinil,Quinil,Quinapril Hydrochloride,,,Angiotensin-Converting Enzyme Inhibitors,False,False
7663,,,x0601,Revatio,Revatio,Sildenafil(Vasodilator Antihypertensive),,,Vasodilator Antihypertensive Drugs,False,False
7664,,,x060W,Olmetec,Olmetec Plus,Olmesartan,,,Angiotensin-II Receptor Antagonists,False,False
7665,,,.C543,Hypercal,(Phosphorus &/or calcium disorders (& [hypercalcaemia] or [hypercalcinuria] or [hypocalcaemia]) or (nephrocalcinosis),Reserpine And Rauwolfia Alkaloids,,,Centrally-Acting Antihypertensive Drugs,False,False
7666,,,.C543,Hypercal,Hypercalcinuria,Reserpine And Rauwolfia Alkaloids,,,Centrally-Acting Antihypertensive Drugs,False,False
7667,,,.C543,Hypercal,Hypercalcaemia,Reserpine And Rauwolfia Alkaloids,,,Centrally-Acting Antihypertensive Drugs,False,False
7668,,,8I7W.,Aliskiren,Aliskiren not tolerated,Aliskiren,,,Renin Inhibitors,False,False
7669,,,8IH9.,Aliskiren,Aliskiren declined,Aliskiren,,,Renin Inhibitors,False,False
7670,,,C1513,Hypercal,Bartter's syndrome with hypercalciuria and nephrocalcinosis,Reserpine And Rauwolfia Alkaloids,,,Centrally-Acting Antihypertensive Drugs,False,False
7671,,,C354D,Hypercal,Familial hypocalciuric hypercalcaemia,Reserpine And Rauwolfia Alkaloids,,,Centrally-Acting Antihypertensive Drugs,False,False
7672,,,C354D,Hypercal,FHH - Familial hypocalciuric hypercalcaemia,Reserpine And Rauwolfia Alkaloids,,,Centrally-Acting Antihypertensive Drugs,False,False
7673,,,SP3y9,Hypercal,Acute hypercalcaemia of dialysis,Reserpine And Rauwolfia Alkaloids,,,Centrally-Acting Antihypertensive Drugs,False,False
7674,,,bi1F.,Captopril,Captopril+hydrochlorothiazide 25mg/12.5mg tablet,Captopril,25 mg,,Angiotensin-Converting Enzyme Inhibitors,False,True
7675,,,bi1G.,Captopril,Captopril+hydrochlorothiazide 50mg/25mg tablet,Captopril,50 mg,,Angiotensin-Converting Enzyme Inhibitors,False,True
7676,,,X77HU,Mannitol,Mannitol/cellobiose ratio,Mannitol,,,diuretic,False,True
7677,,,X77YR,Furosemide,Furosemide test,Furosemide,,,diuretic,False,True
7678,,,X77em,Isosorbide,Isosorbide test,Isosorbide,,,diuretic,False,True
7679,,,X77h3,Mannitol,Mannitol/cellobiose ratio small intestine permeability study,Mannitol,,,diuretic,False,True
7680,,,XM0l6,Mannitol,Mannitol,Mannitol,,,diuretic,False,True
7681,,,XaCnp,Torem,Storeman technician - Royal Electrical and Mechanical Engineers,Torasemide,,,diuretic,False,True
7682,,,XaCoV,Torem,Technical storeman - Royal Armoured Corps,Torasemide,,,diuretic,False,True
7683,,,XaJC4,Spironol,Spironolactone prophylaxis,Spironolactone,,,diuretic,False,True
7684,,,XaMjG,Spironol,Spironolactone declined,Spironolactone,,,diuretic,False,True
7685,,,XaYWl,Spironol,Spironolactone not indicated,Spironolactone,,,diuretic,False,True
7686,,,XaYsV,Eplerenone,Eplerenone therapy declined,Eplerenone,,,diuretic,False,True
7687,,,XaeC4,Eplerenone,Eplerenone prophylaxis,Eplerenone,,,diuretic,False,True
7688,,,XaeaY,Xipamide,Xipamide prophylaxis,Xipamide,,,diuretic,False,True
7689,,,XaeaZ,Metolazone,Metolazone prophylaxis,Metolazone,,,diuretic,False,True
7690,,,Xaeaa,Bendroflumethiazide,Bendroflumethiazide prophylaxis,Bendroflumethiazide,,,diuretic,False,True
7691,,,b21..,Bendroflumethiazide,Bendroflumethiazide,Bendroflumethiazide,,,diuretic,False,True
7692,,,b211.,Bendroflumethiazide,Bendroflumethiazide 2.5mg tablet,Bendroflumethiazide,2.5 mg,,diuretic,False,True
7693,,,b212.,Bendroflumethiazide,Bendroflumethiazide 5mg tablet,Bendroflumethiazide,5 mg,,diuretic,False,True
7694,,,b213.,Aprinox,Aprinox 2.5mg tablet,Bendroflumethiazide,2.5 mg,,diuretic,False,True
7695,,,b214.,Aprinox,Aprinox 5mg tablet,Bendroflumethiazide,5 mg,,diuretic,False,True
7696,,,b215.,Berkozide,Berkozide 2.5mg tablet,Bendroflumethiazide,2.5 mg,,diuretic,False,True
7697,,,b216.,Berkozide,Berkozide 5mg tablet,Bendroflumethiazide,5 mg,,diuretic,False,True
7698,,,b217.,Centyl,Centyl 2.5mg tablet,Bendroflumethiazide,2.5 mg,,diuretic,False,True
7699,,,b218.,Centyl,Centyl 5mg tablet,Bendroflumethiazide,5 mg,,diuretic,False,True
7700,,,b219.,Neo-Naclex,Neo-Naclex 5mg tablet,Bendroflumethiazide,5 mg,,diuretic,False,True
7701,,,b21A.,Neo-Bendromax,Neo-Bendromax 2.5mg tablet,Bendroflumethiazide,2.5 mg,,diuretic,False,True
7702,,,b21B.,Neo-Bendromax,Neo-Bendromax 5mg tablet,Bendroflumethiazide,5 mg,,diuretic,False,True
7703,,,b21a.,Urizide,Urizide 5mg tablet,Bendroflumethiazide,5 mg,,diuretic,False,True
7704,,,b21b.,Neo-Naclex,NEO-NACLEX 2.5mg tablets,Bendroflumethiazide,2.5 mg,,diuretic,False,True
7705,,,b22..,Chloroth,Chlorothiazide,Chlorothiazide,,,diuretic,False,True
7706,,,b221.,Saluric,Saluric 500mg tablet,Chlorothiazide,500 mg,,diuretic,False,True
7707,,,b222.,Diuril,Diuril 250mg/5mL oral suspension,Chlorothiazide,250 mg/5 ml,,diuretic,False,True
7708,,,b22y.,Chloroth,Chlorothiazide 250mg/5mL oral suspension,Chlorothiazide,250 mg/5 ml,,diuretic,False,True
7709,,,b22z.,Chloroth,Chlorothiazide 500mg tablet,Chlorothiazide,500 mg,,diuretic,False,True
7710,,,b23..,Chlortalidone,Chlortalidone,Chlortalidone,,,diuretic,False,True
7711,,,b231.,Hygroton,Hygroton 50mg tablet,Chlortalidone,50 mg,,diuretic,False,True
7712,,,b232.,Hygroton,Hygroton 100mg tablet,Chlortalidone,100 mg,,diuretic,False,True
7713,,,b23y.,Chlortalidone,Chlortalidone 50mg tablet,Chlortalidone,50 mg,,diuretic,False,True
7714,,,b25..,Cyclopenth,Cyclopenthiazide,Cyclopenthiazide,,,diuretic,False,True
7715,,,b251.,Navidrex,Navidrex 500mcg tablet,Cyclopenthiazide,,,diuretic,False,True
7716,,,b25z.,Cyclopenth,Cyclopenthiazide 500mcg tablet,Cyclopenthiazide,,,diuretic,False,True
7717,,,b26..,Chloroth,Hydrochlorothiazide,Chlorothiazide,,,diuretic,False,True
7718,,,b261.,Esidrex,Esidrex 25mg tablet,Hydrochlorothiazide,25 mg,,diuretic,False,True
7719,,,b262.,Esidrex,Esidrex 50mg tablet,Hydrochlorothiazide,50 mg,,diuretic,False,True
7720,,,b263.,Saluric,HydroSaluric 25mg tablet,Chlorothiazide,25 mg,,diuretic,False,True
7721,,,b264.,Saluric,HydroSaluric 50mg tablet,Chlorothiazide,50 mg,,diuretic,False,True
7722,,,b26y.,Chloroth,Hydrochlorothiazide 50mg tablet,Chlorothiazide,50 mg,,diuretic,False,True
7723,,,b26z.,Chloroth,Hydrochlorothiazide 25mg tablet,Chlorothiazide,25 mg,,diuretic,False,True
7724,,,b27..,Hydroflumet,Hydroflumethiazide,Hydroflumethiazide,,,diuretic,False,True
7725,,,b271.,Hydrenox,Hydrenox 50mg tablet,Hydroflumethiazide,50 mg,,diuretic,False,True
7726,,,b27z.,Hydroflumet,Hydroflumethiazide 50mg tablet,Hydroflumethiazide,50 mg,,diuretic,False,True
7727,,,b28..,Indapamide,Indapamide,Indapamide,,,diuretic,False,True
7728,,,b281.,Natrilix,Natrilix 2.5mg tablet,Indapamide,2.5 mg,,diuretic,False,True
7729,,,b282.,Indaxa 2.5,Nindaxa 2.5mg tablet,Indapamide,2.5 mg,,diuretic,False,True
7730,,,b283.,Natramid,Natramid 2.5mg tablet,Indapamide,2.5 mg,,diuretic,False,True
7731,,,b284.,Opumide,Opumide 2.5mg tablet,Indapamide,2.5 mg,,diuretic,False,True
7732,,,b285.,Indapamide,Indapamide 1.5mg m/r tablet,Indapamide,1.5 mg,,diuretic,False,True
7733,,,b286.,Natrilix,Natrilix SR 1.5mg m/r tablet,Indapamide,1.5 mg,,diuretic,False,True
7734,,,b287.,Ethibide XL,ETHIBIDE XL 1.5mg m/r tablets,Indapamide,1.5 mg,,diuretic,False,True
7735,,,b288.,Indipam XL,INDIPAM XL 1.5mg m/r tablets,Indapamide,1.5 mg,,diuretic,False,True
7736,,,b289.,Mapemid,MAPEMID XL 1.5mg m/r tablets,Indapamide,1.5 mg,,diuretic,False,True
7737,,,b28z.,Indapamide,Indapamide 2.5mg tablet,Indapamide,2.5 mg,,diuretic,False,True
7738,,,b29..,Mefruside,Mefruside,Mefruside,,,diuretic,False,True
7739,,,b291.,Baycaron,Baycaron 25mg tablet,Mefruside,25 mg,,diuretic,False,True
7740,,,b29z.,Mefruside,Mefruside 25mg tablet,Mefruside,25 mg,,diuretic,False,True
7741,,,b2a..,Methyclothiazide,Methyclothiazide,Methyclothiazide,,,diuretic,False,True
7742,,,b2a1.,Enduron,Enduron 5mg tablet,Methyclothiazide,5 mg,,diuretic,False,True
7743,,,b2az.,Methyclothiazide,Methyclothiazide 5mg tablet,Methyclothiazide,5 mg,,diuretic,False,True
7744,,,b2b..,Metolazone,Metolazone,Metolazone,,,diuretic,False,True
7745,,,b2b1.,Metenix,Metenix-5 tablet,Metolazone,,5.0,diuretic,False,True
7746,,,b2b2.,Xuret,Xuret 500micrograms tablet,Metolazone,,,diuretic,False,True
7747,,,b2b3.,Metolazone,Metolazone 500micrograms tablet,Metolazone,,,diuretic,False,True
7748,,,b2bz.,Metolazone,Metolazone 5mg tablet,Metolazone,5 mg,,diuretic,False,True
7749,,,b2c..,Polythiazide,Polythiazide,Polythiazide,,,diuretic,False,True
7750,,,b2c1.,Nephril,Nephril 1mg tablet,Polythiazide,1 mg,,diuretic,False,True
7751,,,b2cz.,Polythiazide,Polythiazide 1mg tablet,Polythiazide,1 mg,,diuretic,False,True
7752,,,b2d..,Xipamide,Xipamide,Xipamide,,,diuretic,False,True
7753,,,b2d1.,Diurexan,Diurexan 20mg tablet,Xipamide,20 mg,,diuretic,False,True
7754,,,b2dz.,Xipamide,Xipamide 20mg tablet,Xipamide,20 mg,,diuretic,False,True
7755,,,b31..,Furosemide,Furosemide,Furosemide,,,diuretic,False,True
7756,,,b311.,Furosemide,Furosemide 20mg tablet,Furosemide,20 mg,,diuretic,False,True
7757,,,b312.,Furosemide,Furosemide 40mg tablet,Furosemide,40 mg,,diuretic,False,True
7758,,,b313.,Furosemide,Furosemide 500mg tablet,Furosemide,500 mg,,diuretic,False,True
7759,,,b314.,Aluzine,Aluzine 20mg tablet,Furosemide,20 mg,,diuretic,False,True
7760,,,b315.,Aluzine,Aluzine 40mg tablet,Furosemide,40 mg,,diuretic,False,True
7761,,,b316.,Aluzine,Aluzine 500mg tablet,Furosemide,500 mg,,diuretic,False,True
7762,,,b317.,Diuresal,Diuresal 40mg tablet,Furosemide,40 mg,,diuretic,False,True
7763,,,b318.,Diuresal,Diuresal 20mg/2mL injection,Furosemide,20 mg/2 ml,,diuretic,False,True
7764,,,b319.,Diuresal,Diuresal 50mg/5mL injection,Furosemide,50 mg/5 ml,,diuretic,False,True
7765,,,b31C.,Furosemide,Furosemide 80mg/8mL prefilled syringe,Furosemide,80 mg/8 ml,,diuretic,False,True
7766,,,b31E.,Froop,Froop 40mg tablet,Furosemide,40 mg,,diuretic,False,True
7767,,,b31F.,Frusol,Frusol 20mg/5mL s/f oral solution,Furosemide,20 mg/5 ml,,diuretic,False,True
7768,,,b31G.,Frusol,Frusol 40mg/5mL s/f oral solution,Furosemide,40 mg/5 ml,,diuretic,False,True
7769,,,b31H.,Frusol,Frusol 50mg/5mL s/f oral solution,Furosemide,50 mg/5 ml,,diuretic,False,True
7770,,,b31a.,Dryptal,Dryptal 40mg tablet,Furosemide,40 mg,,diuretic,False,True
7771,,,b31b.,Dryptal,Dryptal 500mg tablet,Furosemide,500 mg,,diuretic,False,True
7772,,,b31c.,Dryptal,Dryptal 20mg/2mL injection,Furosemide,20 mg/2 ml,,diuretic,False,True
7773,,,b31d.,Dryptal,Dryptal 50mg/5mL injection,Furosemide,50 mg/5 ml,,diuretic,False,True
7774,,,b31e.,Dryptal,Dryptal 250mg/25mL injection,Furosemide,250 mg/25 ml,,diuretic,False,True
7775,,,b31f.,Frusetic,Frusetic 40mg tablet,Furosemide,40 mg,,diuretic,False,True
7776,,,b31g.,Frusid,Frusid 40mg tablet,Furosemide,40 mg,,diuretic,False,True
7777,,,b31h.,Lasix,Lasix 20mg tablet,Furosemide,20 mg,,diuretic,False,True
7778,,,b31i.,Lasix,Lasix 40mg tablet,Furosemide,40 mg,,diuretic,False,True
7779,,,b31j.,Lasix,Lasix 500mg tablet,Furosemide,500 mg,,diuretic,False,True
7780,,,b31k.,Lasix,Lasix 1mg/mL paediatric liquid,Furosemide,1 mg/mL,,diuretic,False,True
7781,,,b31l.,Lasix,Lasix 20mg/2mL injection,Furosemide,20 mg/2 ml,,diuretic,False,True
7782,,,b31m.,Lasix,Lasix 50mg/5mL injection,Furosemide,50 mg/5 ml,,diuretic,False,True
7783,,,b31n.,Lasix,Lasix 250mg/25mL injection,Furosemide,250 mg/25 ml,,diuretic,False,True
7784,,,b31o.,Frumax,Frumax 40mg tablet,Furosemide,40 mg,,diuretic,False,True
7785,,,b31p.,Rusyde,Rusyde 20mg tablet,Furosemide,20 mg,,diuretic,False,True
7786,,,b31q.,Rusyde,Rusyde 40mg tablet,Furosemide,40 mg,,diuretic,False,True
7787,,,b31r.,Furosemide,Furosemide 20mg/5mL s/f oral solution,Furosemide,20 mg/5 ml,,diuretic,False,True
7788,,,b31s.,Furosemide,Furosemide 40mg/5mL s/f oral solution,Furosemide,40 mg/5 ml,,diuretic,False,True
7789,,,b31t.,Furosemide,Furosemide 50mg/5mL s/f oral solution,Furosemide,50 mg/5 ml,,diuretic,False,True
7790,,,b31u.,Furosemide,Furosemide 50mg/5mL injection,Furosemide,50 mg/5 ml,,diuretic,False,True
7791,,,b31y.,Furosemide,Furosemide 20mg/2mL injection,Furosemide,20 mg/2 ml,,diuretic,False,True
7792,,,b31z.,Furosemide,Furosemide 250mg/25mL injection,Furosemide,250 mg/25 ml,,diuretic,False,True
7793,,,b32..,Bumetanide,Bumetanide,Bumetanide,,,diuretic,False,True
7794,,,b327.,Betinex,Betinex 1mg tablet,Bumetanide,1 mg,,diuretic,False,True
7795,,,b328.,Betinex,Betinex 5mg tablet,Bumetanide,5 mg,,diuretic,False,True
7796,,,b32u.,Bumetanide,Bumetanide 1mg tablet,Bumetanide,1 mg,,diuretic,False,True
7797,,,b32v.,Bumetanide,Bumetanide 5mg tablet,Bumetanide,5 mg,,diuretic,False,True
7798,,,b32w.,Bumetanide,Bumetanide 1mg/5mL oral liquid,Bumetanide,1 mg/5 ml,,diuretic,False,True
7799,,,b32x.,Bumetanide,Bumetanide 1mg/2mL injection,Bumetanide,1 mg/2 ml,,diuretic,False,True
7800,,,b32y.,Bumetanide,Bumetanide 2mg/4mL injection,Bumetanide,2 mg/4 ml,,diuretic,False,True
7801,,,b32z.,Bumetanide,Bumetanide 5mg/10mL injection,Bumetanide,5 mg/10 ml,,diuretic,False,True
7802,,,b331.,Edecrin,Edecrin 50mg tablet,Etacrynic Acid,50 mg,,diuretic,False,True
7803,,,b332.,Edecrin,Edecrin 50mg injection (pdr for recon),Etacrynic Acid,50 mg,,diuretic,False,True
7804,,,b34..,Piretanide,Piretanide,Piretanide,,,diuretic,False,True
7805,,,b341.,Arelix,Arelix 6mg capsule,Piretanide,6 mg,,diuretic,False,True
7806,,,b34z.,Piretanide,Piretanide 6mg m/r capsule,Piretanide,6 mg,,diuretic,False,True
7807,,,b35..,Torasemide,Torasemide,Torasemide,,,diuretic,False,True
7808,,,b351.,Torem,Torem 2.5mg tablet,Torasemide,2.5 mg,,diuretic,False,True
7809,,,b352.,Torem,Torem 5mg tablet,Torasemide,5 mg,,diuretic,False,True
7810,,,b353.,Torem,Torem 10mg tablet,Torasemide,10 mg,,diuretic,False,True
7811,,,b354.,Torem,Torem 10mg/2mL injection,Torasemide,10 mg/2 ml,,diuretic,False,True
7812,,,b355.,Torem,Torem 20mg/4mL injection,Torasemide,20 mg/4 ml,,diuretic,False,True
7813,,,b356.,Torasemide,Torasemide 2.5mg tablet,Torasemide,2.5 mg,,diuretic,False,True
7814,,,b357.,Torasemide,Torasemide 5mg tablet,Torasemide,5 mg,,diuretic,False,True
7815,,,b358.,Torasemide,Torasemide 10mg tablet,Torasemide,10 mg,,diuretic,False,True
7816,,,b359.,Torasemide,Torasemide 10mg/2mL injection,Torasemide,10 mg/2 ml,,diuretic,False,True
7817,,,b35A.,Torasemide,Torasemide 20mg/4mL injection,Torasemide,20 mg/4 ml,,diuretic,False,True
7818,,,b411.,Midamor,Midamor 5mg tablet,Amiloride Hydrochloride,5 mg,,diuretic,False,True
7819,,,b412.,Amilospare,Amilospare 5mg tablet,Amiloride Hydrochloride,5 mg,,diuretic,False,True
7820,,,b414.,Berkamil,Berkamil 5mg tablet,Amiloride Hydrochloride,5 mg,,diuretic,False,True
7821,,,b415.,Amilamont,Amilamont 5mg/mL s/f oral solution,Amiloride Hydrochloride,5 mg/mL,,diuretic,False,True
7822,,,b421.,Spiroctan-M,Spiroctan-M 200mg/10mL injection,Potassium Canrenoate,200 mg/10 ml,,diuretic,False,True
7823,,,b43..,Spironol,Spironolactone,Spironolactone,,,diuretic,False,True
7824,,,b431.,Spironol,Spironolactone 25mg tablet,Spironolactone,25 mg,,diuretic,False,True
7825,,,b432.,Spironol,Spironolactone 50mg tablet,Spironolactone,50 mg,,diuretic,False,True
7826,,,b433.,Spironol,Spironolactone 100mg tablet,Spironolactone,100 mg,,diuretic,False,True
7827,,,b434.,Aldactone,Aldactone 25mg tablet,Spironolactone,25 mg,,diuretic,False,True
7828,,,b435.,Aldactone,Aldactone 50mg tablet,Spironolactone,50 mg,,diuretic,False,True
7829,,,b436.,Aldactone,Aldactone 100mg tablet,Spironolactone,100 mg,,diuretic,False,True
7830,,,b437.,Diatensec,Diatensec 50mg tablet,Spironolactone,50 mg,,diuretic,False,True
7831,,,b438.,Laractone,Laractone 25mg tablet,Spironolactone,25 mg,,diuretic,False,True
7832,,,b439.,Laractone,Laractone 100mg tablet,Spironolactone,100 mg,,diuretic,False,True
7833,,,b43A.,Spirospare,Spirospare 25mg tablet,Spironolactone,25 mg,,diuretic,False,True
7834,,,b43a.,Spiretic,Spiretic 25mg tablet,Spironolactone,25 mg,,diuretic,False,True
7835,,,b43b.,Spiretic,Spiretic 100mg tablet,Spironolactone,100 mg,,diuretic,False,True
7836,,,b43c.,Spiroctan,Spiroctan 25mg tablet,Spironolactone,25 mg,,diuretic,False,True
7837,,,b43d.,Spiroctan,Spiroctan 50mg tablet,Spironolactone,50 mg,,diuretic,False,True
7838,,,b43e.,Spiroctan,Spiroctan 100mg capsule,Spironolactone,100 mg,,diuretic,False,True
7839,,,b43f.,Spirolone,Spirolone 25mg tablet,Spironolactone,25 mg,,diuretic,False,True
7840,,,b43g.,Spirolone,Spirolone 50mg tablet,Spironolactone,50 mg,,diuretic,False,True
7841,,,b43h.,Spirolone,Spirolone 100mg tablet,Spironolactone,100 mg,,diuretic,False,True
7842,,,b43i.,Laractone,Laractone 50mg tablet,Spironolactone,50 mg,,diuretic,False,True
7843,,,b43j.,Spirospare,Spirospare 100mg tablet,Spironolactone,100 mg,,diuretic,False,True
7844,,,b43k.,Spironol,Spironolactone 5mg/5mL s/f suspension,Spironolactone,5 mg/5 ml,,diuretic,False,True
7845,,,b43l.,Spironol,Spironolactone 10mg/5mL s/f suspension,Spironolactone,10 mg/5 ml,,diuretic,False,True
7846,,,b43m.,Spironol,Spironolactone 25mg/5mL s/f suspension,Spironolactone,25 mg/5 ml,,diuretic,False,True
7847,,,b43n.,Spironol,Spironolactone 50mg/5mL s/f suspension,Spironolactone,50 mg/5 ml,,diuretic,False,True
7848,,,b43z.,Spironol,Spironolactone 100mg capsule,Spironolactone,100 mg,,diuretic,False,True
7849,,,b44..,Triamterene,Triamterene,Triamterene,,,diuretic,False,True
7850,,,b441.,Dytac,Dytac 50mg capsule,Triamterene,50 mg,,diuretic,False,True
7851,,,b44z.,Triamterene,Triamterene 50mg capsule,Triamterene,50 mg,,diuretic,False,True
7852,,,b45..,Eplerenone,Eplerenone,Eplerenone,,,diuretic,False,True
7853,,,b451.,Inspra,Inspra 25mg tablet,Eplerenone,25 mg,,diuretic,False,True
7854,,,b452.,Inspra,Inspra 50mg tablet,Eplerenone,50 mg,,diuretic,False,True
7855,,,b45y.,Eplerenone,Eplerenone 50mg tablet,Eplerenone,50 mg,,diuretic,False,True
7856,,,b45z.,Eplerenone,Eplerenone 25mg tablet,Eplerenone,25 mg,,diuretic,False,True
7857,,,b511.,Aldactide,Aldactide 25 tablet,Co-Flumactone (Hydroflumeth/Spironol),,25.0,diuretic,False,True
7858,,,b512.,Aldactide,Aldactide 50 tablet,Co-Flumactone (Hydroflumeth/Spironol),,50.0,diuretic,False,True
7859,,,b513.,Amil-Co,Amil-Co tablet,Co-Amilozide (Amiloride HCl/Hydchloroth),,,diuretic,False,True
7860,,,b514.,Dyazide,Dyazide tablet,Co-Triamterzide(Triamterene/Hydchloroth),,,diuretic,False,True
7861,,,b515.,Dytide,Dytide capsule,Triamterene With Thiazides,,,diuretic,False,True
7862,,,b517.,Frusene,Frusene tablet,Triamterene With Loop Diuretics,,,diuretic,False,True
7863,,,b518.,Kalspare,Kalspare tablet,Triamterene With Thiazides,,,diuretic,False,True
7864,,,b519.,Lasilactone,Lasilactone capsule,Spironolactone With Loop Diuretics,,,diuretic,False,True
7865,,,b51B.,Fru-Co,Fru-Co tablet,Co-Amilofruse (Amiloride HCl/Frusemide),,,diuretic,False,True
7866,,,b51C.,Cyclopenth,Amiloride hydrochloride+cyclopenthiazide 2.5mg/250micrograms tablet,Cyclopenthiazide,2.5 mg,,diuretic,False,True
7867,,,b51D.,Bumetanide,Amiloride hydrochloride+bumetanide 5mg/1mg tablet,Bumetanide,5 mg,,diuretic,False,True
7868,,,b51E.,Triamterene,Triamterene+benzthiazide 50mg/25mg capsule,Triamterene,50 mg,,diuretic,False,True
7869,,,b51F.,Triamterene,Triamterene+chlorthalidone 50mg/25mg tablet,Triamterene,50 mg,,diuretic,False,True
7870,,,b51G.,Chlortalidone,Triamterene+chlortalidone 50mg/50mg tablet,Chlortalidone,50 mg,,diuretic,False,True
7871,,,b51G.,Triamterene,Triamterene+chlorthalidone 50mg/50mg tablet,Triamterene,50 mg,,diuretic,False,True
7872,,,b51H.,Furosemide,Triamterene+furosemide 50mg/40mg tablet,Furosemide,50 mg,,diuretic,False,True
7873,,,b51H.,Triamterene,Triamterene+frusemide 50mg/40mg tablet,Triamterene,50 mg,,diuretic,False,True
7874,,,b51J.,Furosemide,Spironolactone+furosemide 50mg/20mg capsule,Furosemide,50 mg,,diuretic,False,True
7875,,,b51J.,Spironol,Spironolactone+frusemide 50mg/20mg capsule,Spironolactone,50 mg,,diuretic,False,True
7876,,,b51K.,Delvas,Delvas tablet,Co-Amilozide (Amiloride HCl/Hydchloroth),,,diuretic,False,True
7877,,,b51L.,Aridil,Aridil 2.5mg/20mg tablet,Co-Amilofruse (Amiloride HCl/Frusemide),2.5 mg,,diuretic,False,True
7878,,,b51M.,Aridil,Aridil 5mg/40mg tablet,Co-Amilofruse (Amiloride HCl/Frusemide),5 mg,,diuretic,False,True
7879,,,b51N.,Aridil,Aridil 10mg/80mg tablet,Co-Amilofruse (Amiloride HCl/Frusemide),10 mg,,diuretic,False,True
7880,,,b51O.,Spiro-Co,Spiro-Co 25mg tablet,Co-Flumactone (Hydroflumeth/Spironol),25 mg,,diuretic,False,True
7881,,,b51P.,Spiro-Co,Spiro-Co 50mg tablet,Co-Flumactone (Hydroflumeth/Spironol),50 mg,,diuretic,False,True
7882,,,b51Q.,Zida-Co,Zida-Co 5mg/50mg tablet,Co-Amilozide (Amiloride HCl/Hydchloroth),5 mg,,diuretic,False,True
7883,,,b51R.,Frusemek,Frusemek 5mg/40mg tablet,Co-Amilofruse (Amiloride HCl/Frusemide),5 mg,,diuretic,False,True
7884,,,b51S.,Froop,Froop Co 5mg/40mg tablet,Furosemide,5 mg,,diuretic,False,True
7885,,,b51T.,Komil,Komil 5/40 tablet,Co-Amilofruse (Amiloride HCl/Frusemide),,40.0,diuretic,False,True
7886,,,b51a.,Moduret 25,Moduret 25 tablet,Co-Amilozide (Amiloride HCl/Hydchloroth),,25.0,diuretic,False,True
7887,,,b51b.,Moduretic,Moduretic tablet,Co-Amilozide (Amiloride HCl/Hydchloroth),,,diuretic,False,True
7888,,,b51c.,Moduretic,Moduretic oral solution,Co-Amilozide (Amiloride HCl/Hydchloroth),,,diuretic,False,True
7889,,,b51d.,Normetic,Normetic tablet,Co-Amilozide (Amiloride HCl/Hydchloroth),,,diuretic,False,True
7890,,,b51e.,Synuretic,Synuretic tablet,Co-Amilozide (Amiloride HCl/Hydchloroth),,,diuretic,False,True
7891,,,b51f.,Triam-Co,Triam-Co tablet,Co-Triamterzide(Triamterene/Hydchloroth),,,diuretic,False,True
7892,,,b51h.,Lasoride,Lasoride tablet,Co-Amilofruse (Amiloride HCl/Frusemide),,,diuretic,False,True
7893,,,b51m.,Vasetic,Vasetic Co-amilozide 5/50mg tablet,Co-Amilozide (Amiloride HCl/Hydchloroth),50 mg,,diuretic,False,True
7894,,,b51n.,Frusene,Frusene tablets 56CP,Triamterene With Loop Diuretics,,,diuretic,False,True
7895,,,b51r.,Navispare,Navispare tablet,Amiloride Hydrochloride With Thiazides,,,diuretic,False,True
7896,,,b51s.,Amilmaxco,Amilmaxco 5/50 tablet,Co-Amilozide (Amiloride HCl/Hydchloroth),,50.0,diuretic,False,True
7897,,,b51w.,Kalspare,Kalspare LS tablet,Triamterene With Thiazides,,,diuretic,False,True
7898,,,b61..,Mannitol,Mannitol product,Mannitol,,,diuretic,False,True
7899,,,b61..,Mannitol,E421 - Mannitol,Mannitol,,,diuretic,False,True
7900,,,b611.,Mannitol,Mannitol 10% intravenous infusion 500mL,Mannitol,,,diuretic,False,True
7901,,,b612.,Mannitol,Mannitol 20% intravenous infusion 250mL,Mannitol,,,diuretic,False,True
7902,,,b613.,Mannitol,Mannitol 20% intravenous infusion 500mL,Mannitol,,,diuretic,False,True
7903,,,b614.,Mannitol,Mannitol 25% intravenous infusion 50mL,Mannitol,,,diuretic,False,True
7904,,,b619.,Mannitol,Min-I-Jet Mannitol 25% injection 50mL,Mannitol,,,diuretic,False,True
7905,,,b61A.,Mannitol,Mannitol 25% prefilled syringe 50mL,Mannitol,,,diuretic,False,True
7906,,,b61C.,Mannitol,MANNITOL 40mg powder for inhalation capsules,Mannitol,40 mg,,diuretic,False,True
7907,,,b913.,Centyl,Centyl K m/r tablet,Bendroflumethiazide,,,diuretic,False,True
7908,,,b914.,Diumide-K Continus,Diumide-K Continus m/r tablet,Furosemide/Potassium,,,diuretic,False,True
7909,,,b915.,Esidrex,Esidrex K tablet,Hydrochlorothiazide,,,diuretic,False,True
7910,,,b916.,Hygroton,Hygroton K tablet combination pack,Chlortalidone,,,diuretic,False,True
7911,,,b917.,Lasikal,Lasikal m/r tablet,Furosemide/Potassium,,,diuretic,False,True
7912,,,b918.,Lasix,Lasix+K tablets 30day-CP combination pack,Furosemide,,,diuretic,False,True
7913,,,b919.,Navidrex,Navidrex-K tablet,Cyclopenthiazide,,,diuretic,False,True
7914,,,b91a.,Neo-Naclex,Neo-Naclex K m/r tablet,Bendroflumethiazide,,,diuretic,False,True
7915,,,b91b.,Bumetanide,Bumetanide+potassium 500micrograms/7.7mmol m/r tablet,Bumetanide,,,diuretic,False,True
7916,,,b91c.,Bendroflumethiazide,Bendroflumethiazide+potassium 2.5mg/7.7mmol m/r tablet,Bendroflumethiazide,2.5 mg,,diuretic,False,True
7917,,,b91f.,Furosemide,Furosemide+potassium 20mg/10mmol m/r tablet,Furosemide,20 mg,,diuretic,False,True
7918,,,b91h.,Bendroflumethiazide,Bendroflumethiazide+potassium 2.5mg/8.4mmol m/r tablet,Bendroflumethiazide,2.5 mg,,diuretic,False,True
7919,,,bdeA.,Chloroth,Metoprolol tartrate+hydrochlorothiazide 100mg/12.5mg tablet,Chlorothiazide,100 mg,,diuretic,False,True
7920,,,bdeB.,Chloroth,Metoprolol tartrate+hydrochlorothiazide 200mg/25mg m/r tablet,Chlorothiazide,200 mg,,diuretic,False,True
7921,,,bdeD.,Bendroflumethiazide,Nadolol+bendroflumethiazide 40mg/5mg tablet,Bendroflumethiazide,40 mg,,diuretic,False,True
7922,,,bdeH.,Chloroth,Sotalol hydrochloride+hydrochlorothiazide 160mg/25mg tablet,Chlorothiazide,160 mg,,diuretic,False,True
7923,,,bdeJ.,Chloroth,Sotalol hydrochloride+hydrochlorothiazide 80mg/12.5mg tablet,Chlorothiazide,80 mg,,diuretic,False,True
7924,,,bdeK.,Co-Amilozide,Timolol maleate+co-amilozide 10mg/2.5mg/25mg tablet,Co-Amilozide (Amiloride HCl/Hydchloroth),10 mg,,diuretic,False,True
7925,,,bdeL.,Bendroflumethiazide,Timolol maleate+bendroflumethiazide 10mg/2.5mg tablet,Bendroflumethiazide,10 mg,,diuretic,False,True
7926,,,bdem.,Chlortalidone,Atenolol+chlortalidone 50mg/12.5mg tablet,Chlortalidone,50 mg,,diuretic,False,True
7927,,,bden.,Chlortalidone,Atenolol+chlortalidone 100mg/25mg tablet,Chlortalidone,100 mg,,diuretic,False,True
7928,,,bdex.,Chloroth,Acebutolol+hydrochlorothiazide 200mg/12.5mg tablet,Chlorothiazide,200 mg,,diuretic,False,True
7929,,,bdey.,Co-Amilozide,Atenolol+co-amilozide 50mg/2.5mg/25mg capsule,Co-Amilozide (Amiloride HCl/Hydchloroth),50 mg,,diuretic,False,True
7930,,,bdf8.,Chloroth,Bisoprolol fumarate+hydrochlorothiazide 10mg/6.25mg tablet,Chlorothiazide,10 mg,,diuretic,False,True
7931,,,bf2j.,Chloroth,Methyldopa+hydrochlorothiazide 250mg/15mg tablet,Chlorothiazide,250 mg,,diuretic,False,True
7932,,,bf3c.,Esidrex,Serpasil-Esidrex tablet,Hydrochlorothiazide,,,diuretic,False,True
7933,,,bi1e.,Chloroth,Captopril+hydrochlorothiazide 25mg/12.5mg tablet,Chlorothiazide,25 mg,,diuretic,False,True
7934,,,bi1f.,Chloroth,Captopril+hydrochlorothiazide 50mg/25mg tablet,Chlorothiazide,50 mg,,diuretic,False,True
7935,,,bi2b.,Chloroth,Enalapril maleate+hydrochlorothiazide 20mg/12.5mg tablet,Chlorothiazide,20 mg,,diuretic,False,True
7936,,,bi3p.,Chloroth,Lisinopril+hydrochlorothiazide 20mg/12.5mg tablet,Chlorothiazide,20 mg,,diuretic,False,True
7937,,,bi3t.,Chloroth,Lisinopril+hydrochlorothiazide 10mg/12.5mg tablet,Chlorothiazide,10 mg,,diuretic,False,True
7938,,,bi48.,Chloroth,Quinalapril+hydrochlorothiazide 10mg/12.5mg tablet,Chlorothiazide,10 mg,,diuretic,False,True
7939,,,bi4F.,Chloroth,QUINAPRIL+HYDROCHLOROTHIAZIDE 20mg/12.5mg tablets,Chlorothiazide,20 mg,,diuretic,False,True
7940,,,bi55.,Indapamide,Perindopril erbumine+indapamide 4mg/1.25mg tablet,Indapamide,4 mg,,diuretic,False,True
7941,,,bi55.,Indapamide,Perindopril tert-butylamine+indapamide 4mg/1.25mg tablet,Indapamide,4 mg,,diuretic,False,True
7942,,,biC8.,Indapamide,PERINDOPRIL ARGININE+INDAPAMIDE 5mg/1.25mg tablets,Indapamide,5 mg,,diuretic,False,True
7943,,,bk35.,Chloroth,Losartan potassium+hydrochlorothiazide 50mg/12.5mg tablet,Chlorothiazide,50 mg,,diuretic,False,True
7944,,,bk3y.,Chloroth,LOSARTAN POTASSIUM+HYDROCHLOROTHIAZIDE 100mg/12.5mg tablets,Chlorothiazide,100 mg,,diuretic,False,True
7945,,,bk3z.,Chloroth,Losartan potassium+hydrochlorothiazide 100mg/25mg tablet,Chlorothiazide,100 mg,,diuretic,False,True
7946,,,bk4x.,Chloroth,Valsartan+hydrochlorothiazide 80mg/12.5mg tablet,Chlorothiazide,80 mg,,diuretic,False,True
7947,,,bk4y.,Chloroth,Valsartan+hydrochlorothiazide 160mg/25mg tablet,Chlorothiazide,160 mg,,diuretic,False,True
7948,,,bk4z.,Chloroth,Valsartan+hydrochlorothiazide 160mg/12.5mg tablet,Chlorothiazide,160 mg,,diuretic,False,True
7949,,,bk5x.,Chloroth,IRBESARTAN+HYDROCHLOROTHIAZIDE 300mg/25mg tablets,Chlorothiazide,300 mg,,diuretic,False,True
7950,,,bk5y.,Chloroth,Irbesartan+hydrochlorothiazide 300mg/12.5mg tablet,Chlorothiazide,300 mg,,diuretic,False,True
7951,,,bk5z.,Chloroth,Irbesartan+hydrochlorothiazide 150mg/12.5mg tablet,Chlorothiazide,150 mg,,diuretic,False,True
7952,,,bk8w.,Chloroth,TELMISARTAN+HYDROCHLOROTHIAZIDE 80mg/25mg tablets,Chlorothiazide,80 mg,,diuretic,False,True
7953,,,bk8x.,Chloroth,Telmisartan+hydrochlorothiazide 40mg/12.5mg tablet,Chlorothiazide,40 mg,,diuretic,False,True
7954,,,bk8y.,Chloroth,Telmisartan+hydrochlorothiazide 80mg/12.5mg tablet,Chlorothiazide,80 mg,,diuretic,False,True
7955,,,bkC..,Chloroth,Hydrochlorothiazide + Olmesartan,Chlorothiazide,,,diuretic,False,True
7956,,,bkCx.,Chloroth,OLMESARTAN+HYDROCHLOROTHIAZIDE 40mg/12.5mg tablets,Chlorothiazide,40 mg,,diuretic,False,True
7957,,,bkCy.,Chloroth,Olmesartan + hydrochlorothiazide 20mg/25mg tablet,Chlorothiazide,20 mg,,diuretic,False,True
7958,,,bkCz.,Chloroth,Olmesartan + hydrochlorothiazide 20mg/12.5mg tablet,Chlorothiazide,20 mg,,diuretic,False,True
7959,,,bkI..,Chloroth,OLMESARTAN+AMLODIPINE+HYDROCHLOROTHIAZIDE,Chlorothiazide,,,diuretic,True,True
7960,,,bl2..,Isosorbide,Isosorbide dinitrate,Isosorbide,,,diuretic,False,True
7961,,,bl2..,Isosorbide,ISDN - isosorbide dinitrate,Isosorbide,,,diuretic,False,True
7962,,,bl3..,Isosorbide,Isosorbide mononitrate product,Isosorbide,,,diuretic,False,True
7963,,,bl3..,Isosorbide,Isosorbide mononitrate,Isosorbide,,,diuretic,False,True
7964,,,bl3..,Isosorbide,ISMN - isosorbide mononitrate,Isosorbide,,,diuretic,False,True
7965,,,bl3..,Isosorbide,ISMO - isosorbide mononitrate,Isosorbide,,,diuretic,False,True
7966,,,bl3L.,Isosorbide,Isosorbide mononitrate 60mg m/r capsule,Isosorbide,60 mg,,diuretic,False,True
7967,,,bl3M.,Isosorbide,Isosorbide mononitrate 40mg m/r capsule,Isosorbide,40 mg,,diuretic,False,True
7968,,,bl3Y.,Isosorbide,Isosorbide mononitrate 25mg m/r tablet,Isosorbide,25 mg,,diuretic,False,True
7969,,,bl3Z.,Isosorbide,Isosorbide mononitrate 50mg m/r tablet,Isosorbide,50 mg,,diuretic,False,True
7970,,,bl3d.,Isosorbide,Isosorbide mononitrate 50mg m/r capsule,Isosorbide,50 mg,,diuretic,False,True
7971,,,bl3j.,Isosorbide,Isosorbide mononitrate 40mg m/r tablet,Isosorbide,40 mg,,diuretic,False,True
7972,,,bl3p.,Isosorbide,Isosorbide mononitrate 10mg+20mg tablet starter pack,Isosorbide,10 mg,,diuretic,False,True
7973,,,bl3u.,Isosorbide,Isosorbide mononitrate 25mg m/r capsule,Isosorbide,25 mg,,diuretic,False,True
7974,,,bl3v.,Isosorbide,Isosorbide mononitrate 10mg tablet,Isosorbide,10 mg,,diuretic,False,True
7975,,,bl3w.,Isosorbide,Isosorbide mononitrate 20mg tablet,Isosorbide,20 mg,,diuretic,False,True
7976,,,bl3x.,Isosorbide,Isosorbide mononitrate 40mg tablet,Isosorbide,40 mg,,diuretic,False,True
7977,,,bl3y.,Isosorbide,Isosorbide mononitrate 60mg m/r tablet,Isosorbide,60 mg,,diuretic,False,True
7978,,,bl3z.,Isosorbide,Isosorbide mononitrate 20mg m/r tablet,Isosorbide,20 mg,,diuretic,False,True
7979,,,bl5i.,Chloroth,Diltiazem hydrochloride+hydrochlorothiazide 150mg/12.5mg m/r capsule,Chlorothiazide,150 mg,,diuretic,True,True
7980,,,blk..,Isosorbide,Isosorbide mononitrate 2,Isosorbide,,,diuretic,False,True
7981,,,blm..,Isosorbide,Isosorbide mononitrate+aspirin,Isosorbide,,,diuretic,False,True
7982,,,blmy.,Isosorbide,Isosorbide mononitrate+aspirin 60mg/150mg m/r tablet,Isosorbide,60 mg,,diuretic,False,True
7983,,,blmz.,Isosorbide,Isosorbide mononitrate+aspirin 60mg/75mg m/r tablet,Isosorbide,60 mg,,diuretic,False,True
7984,,,bly..,Isosorbide,Isosorbide dinitrate [generic additions],Isosorbide,,,diuretic,False,True
7985,,,bly1.,Isosorbide,Isosorbide dinitrate 5mg sublingual tablet,Isosorbide,5 mg,,diuretic,False,True
7986,,,bly2.,Isosorbide,Isosorbide dinitrate 10mg tablet,Isosorbide,10 mg,,diuretic,False,True
7987,,,bly3.,Isosorbide,Isosorbide dinitrate 20mg tablet,Isosorbide,20 mg,,diuretic,False,True
7988,,,bly4.,Isosorbide,Isosorbide dinitrate 30mg tablet,Isosorbide,30 mg,,diuretic,False,True
7989,,,bly5.,Isosorbide,Isosorbide dinitrate 20mg m/r tablet,Isosorbide,20 mg,,diuretic,False,True
7990,,,bly6.,Isosorbide,Isosorbide dinitrate 20mg m/r capsule,Isosorbide,20 mg,,diuretic,False,True
7991,,,bly7.,Isosorbide,Isosorbide dinitrate 40mg m/r capsule,Isosorbide,40 mg,,diuretic,False,True
7992,,,bly8.,Isosorbide,Isosorbide dinitrate 5mg chewable tablet,Isosorbide,5 mg,,diuretic,False,True
7993,,,bly9.,Isosorbide,Isosorbide dinitrate 40mg tablet,Isosorbide,40 mg,,diuretic,False,True
7994,,,blya.,Isosorbide,Isosorbide dinitrate 25mg/50mL injection,Isosorbide,25 mg/50 ml,,diuretic,False,True
7995,,,blyb.,Isosorbide,Isosorbide dinitrate 1.25mg spray,Isosorbide,1.25 mg,,diuretic,False,True
7996,,,blyc.,Isosorbide,Isosorbide dinitrate 30mg transdermal spray,Isosorbide,30 mg,,diuretic,False,True
7997,,,blyw.,Isosorbide,Isosorbide dinitrate 40mg m/r tablet,Isosorbide,40 mg,,diuretic,False,True
7998,,,blyx.,Isosorbide,Isosorbide dinitrate 10mg/10mL injection,Isosorbide,10 mg/10 ml,,diuretic,False,True
7999,,,blyy.,Isosorbide,Isosorbide dinitrate 50mg/50mL injection,Isosorbide,50 mg/50 ml,,diuretic,False,True
8000,,,blyz.,Isosorbide,Isosorbide dinitrate 100mg/100mL injection,Isosorbide,100 mg/100 ml,,diuretic,False,True
8001,,,heD..,Torem,Toremifene,Torasemide,,,diuretic,False,True
8002,,,heD1.,Torem,Toremifene 60mg tablet,Torasemide,60 mg,,diuretic,False,True
8003,,,heI..,Arelix,DEGARELIX,Piretanide,,,diuretic,False,True
8004,,,heI2.,Arelix,DEGARELIX 80mg powder and solvent for solution for injection,Piretanide,80 mg,,diuretic,False,True
8005,,,heI4.,Arelix,DEGARELIX 120mg powder+solvent for solution for injection,Piretanide,120 mg,,diuretic,False,True
8006,,,x006v,Isosorbide,Modified release isosorbide dinitrate,Isosorbide,,,diuretic,False,True
8007,,,x006w,Isosorbide,Parenteral isosorbide dinitrate,Isosorbide,,,diuretic,False,True
8008,,,x006y,Isosorbide,Modified release isosorbide mononitrate,Isosorbide,,,diuretic,False,True
8009,,,x00B5,Spironol,Spironolactone+loop diuretic,Spironolactone,,,diuretic,False,True
8010,,,x00B6,Spironol,Spironolactone+thiazide diuretic,Spironolactone,,,diuretic,False,True
8011,,,x00Ba,Triamterene,Triamterene+loop diuretic,Triamterene,,,diuretic,False,True
8012,,,x00Bb,Triamterene,Triamterene+thiazide diuretic,Triamterene,,,diuretic,False,True
8013,,,x00Oo,Mannitol,Mannitol 10% infusion,Mannitol,,,diuretic,False,True
8014,,,x00Op,Mannitol,Mannitol 20% infusion,Mannitol,,,diuretic,False,True
8015,,,x00Yo,Mannitol,Mannitol 25% prefilled syringe,Mannitol,,,diuretic,False,True
8016,,,x00Yx,Mannitol,Min-I-Jet Mannitol 25% prefilled syringe,Mannitol,,,diuretic,False,True
8017,,,x00fV,Lasix,Lasix+K tablet combination pack,Furosemide,,,diuretic,False,True
8018,,,x01Qm,Bumetanide,Oral bumetanide,Bumetanide,,,diuretic,False,True
8019,,,x01Qn,Bumetanide,Parenteral bumetanide,Bumetanide,,,diuretic,False,True
8020,,,x01Qo,Furosemide,Oral furosemide,Furosemide,,,diuretic,False,True
8021,,,x01Qp,Furosemide,Parenteral furosemide,Furosemide,,,diuretic,False,True
8022,,,x01Qr,Torasemide,Oral torasemide,Torasemide,,,diuretic,False,True
8023,,,x01Qs,Torasemide,Parenteral torasemide,Torasemide,,,diuretic,False,True
8024,,,x01Qu,Amizide,Amipramizide,Co-Amilozide (Amiloride HCl/Hydchloroth),,,diuretic,False,True
8025,,,x01Qx,Mannitol,Mannitol 15% infusion,Mannitol,,,diuretic,False,True
8026,,,x01RD,Isosorbide,Oral isosorbide dinitrate,Isosorbide,,,diuretic,False,True
8027,,,x02Rk,Chlortalidone,Atenolol+chlortalidone,Chlortalidone,,,diuretic,False,True
8028,,,x02S3,Lasilactone,Lasilactone,Spironolactone With Loop Diuretics,,,diuretic,False,True
8029,,,x02T4,Aldactide,Aldactide,Co-Flumactone (Hydroflumeth/Spironol),,,diuretic,False,True
8030,,,x02T5,Aldactone,Aldactone,Spironolactone,,,diuretic,False,True
8031,,,x02Tb,Amil-Co,Amil-Co,Co-Amilozide (Amiloride HCl/Hydchloroth),,,diuretic,False,True
8032,,,x02Tc,Amilmaxco,Amilmaxco,Co-Amilozide (Amiloride HCl/Hydchloroth),,,diuretic,False,True
8033,,,x02Td,Amilospare,Amilospare,Amiloride Hydrochloride,,,diuretic,False,True
8034,,,x02UA,Aprinox,Aprinox,Bendroflumethiazide,,,diuretic,False,True
8035,,,x02UI,Arelix,Arelix,Piretanide,,,diuretic,False,True
8036,,,x02UK,Aridil,Aridil,Co-Amilofruse (Amiloride HCl/Frusemide),,,diuretic,False,True
8037,,,x02V0,Baycaron,Baycaron,Mefruside,,,diuretic,False,True
8038,,,x02VN,Berkamil,Berkamil,Amiloride Hydrochloride,,,diuretic,False,True
8039,,,x02VR,Berkozide,Berkozide,Bendroflumethiazide,,,diuretic,False,True
8040,,,x02Yx,Delvas,Delvas,Co-Amilozide (Amiloride HCl/Hydchloroth),,,diuretic,False,True
8041,,,x02aE,Diurexan,Diurexan,Xipamide,,,diuretic,False,True
8042,,,x02aa,Dryptal,Dryptal,Furosemide,,,diuretic,False,True
8043,,,x02ao,Dyazide,Dyazide,Co-Triamterzide(Triamterene/Hydchloroth),,,diuretic,False,True
8044,,,x02as,Dytac,Dytac,Triamterene,,,diuretic,False,True
8045,,,x02at,Dytide,Dytide,Triamterene With Thiazides,,,diuretic,False,True
8046,,,x02ay,Edecrin,Edecrin,Etacrynic Acid,,,diuretic,False,True
8047,,,x02dN,Froop,Froop,Furosemide,,,diuretic,False,True
8048,,,x02dO,Fru-Co,Fru-Co,Co-Amilofruse (Amiloride HCl/Frusemide),,,diuretic,False,True
8049,,,x02dS,Frusid,Frusid,Furosemide,,,diuretic,False,True
8050,,,x02f7,Hydrenox,Hydrenox,Hydroflumethiazide,,,diuretic,False,True
8051,,,x02fB,Saluric,HydroSaluric,Chlorothiazide,,,diuretic,False,True
8052,,,x02fC,Hygroton,Hygroton,Chlortalidone,,,diuretic,False,True
8053,,,x02g6,Kalspare,Kalspare,Triamterene With Thiazides,,,diuretic,False,True
8054,,,x02h7,Lasikal,Lasikal,Furosemide/Potassium,,,diuretic,False,True
8055,,,x02h8,Lasix,Lasix,Furosemide,,,diuretic,False,True
8056,,,x02hA,Lasoride,Lasoride,Co-Amilofruse (Amiloride HCl/Frusemide),,,diuretic,False,True
8057,,,x02im,Metenix,Metenix-5,Metolazone,,,diuretic,False,True
8058,,,x02j1,Midamor,Midamor,Amiloride Hydrochloride,,,diuretic,False,True
8059,,,x02ji,Moduret 25,Moduret 25,Co-Amilozide (Amiloride HCl/Hydchloroth),,,diuretic,False,True
8060,,,x02jj,Moduretic,Moduretic,Co-Amilozide (Amiloride HCl/Hydchloroth),,,diuretic,False,True
8061,,,x02kS,Natramid,Natramid,Indapamide,,,diuretic,False,True
8062,,,x02kU,Natrilix,Natrilix,Indapamide,,,diuretic,False,True
8063,,,x02kW,Navidrex,Navidrex,Cyclopenthiazide,,,diuretic,False,True
8064,,,x02kX,Navispare,Navispare,Amiloride Hydrochloride With Thiazides,,,diuretic,False,True
8065,,,x02kb,Neo-Bendromax,Neo-Bendromax,Bendroflumethiazide,,,diuretic,False,True
8066,,,x02ke,Neo-Naclex,Neo-Naclex,Bendroflumethiazide,,,diuretic,False,True
8067,,,x02kf,Neo-Naclex,Neo-Naclex K,Bendroflumethiazide,,,diuretic,False,True
8068,,,x02kk,Nephril,Nephril,Polythiazide,,,diuretic,False,True
8069,,,x02qC,Rusyde,Rusyde,Furosemide,,,diuretic,False,True
8070,,,x02qQ,Saluric,Saluric,Chlorothiazide,,,diuretic,False,True
8071,,,x02rM,Spiretic,Spiretic,Spironolactone,,,diuretic,False,True
8072,,,x02rN,Spiro-Co,Spiro-Co,Co-Flumactone (Hydroflumeth/Spironol),,,diuretic,False,True
8073,,,x02rO,Spiroctan,Spiroctan,Spironolactone,,,diuretic,False,True
8074,,,x02rP,Spiroctan-M,Spiroctan-M,Potassium Canrenoate,,,diuretic,False,True
8075,,,x02rQ,Spirolone,Spirolone,Spironolactone,,,diuretic,False,True
8076,,,x02rR,Spirospare,Spirospare,Spironolactone,,,diuretic,False,True
8077,,,x02sv,Torem,Torem,Torasemide,,,diuretic,False,True
8078,,,x02tB,Triam-Co,Triam-Co,Co-Triamterzide(Triamterene/Hydchloroth),,,diuretic,False,True
8079,,,x02um,Xuret,Xuret,Metolazone,,,diuretic,False,True
8080,,,x02uz,Zida-Co,Zida-Co,Co-Amilozide (Amiloride HCl/Hydchloroth),,,diuretic,False,True
8081,,,x03eT,Amilamont,Amilamont,Amiloride Hydrochloride,,,diuretic,False,True
8082,,,x03iG,Frusemek,Frusemek,Co-Amilofruse (Amiloride HCl/Frusemide),,,diuretic,False,True
8083,,,x03jn,Bendroflumethiazide,Atenolol+bendroflumethiazide,Bendroflumethiazide,,,diuretic,False,True
8084,,,x03jo,Co-Amilozide,Atenolol+co-amilozide,Co-Amilozide (Amiloride HCl/Hydchloroth),,,diuretic,False,True
8085,,,x03kF,Natrilix,Natrilix SR,Indapamide,,,diuretic,False,True
8086,,,x03qm,Isosorbide,Transdermal isosorbide dinitrate,Isosorbide,,,diuretic,False,True
8087,,,x03sd,Lasix,Lasix+K,Furosemide,,,diuretic,False,True
8088,,,x03xm,Diumide-K Continus,Diumide-K Continus,Furosemide/Potassium,,,diuretic,False,True
8089,,,x03zy,Frusene,Frusene,Triamterene With Loop Diuretics,,,diuretic,False,True
8090,,,x041k,Mannitol,Min-I-Jet Mannitol,Mannitol,,,diuretic,False,True
8091,,,x044c,Opumide,Opumide,Indapamide,,,diuretic,False,True
8092,,,x047r,Aldactide,Aldactide 25,Co-Flumactone (Hydroflumeth/Spironol),,,diuretic,False,True
8093,,,x047s,Aldactide,Aldactide 50,Co-Flumactone (Hydroflumeth/Spironol),,,diuretic,False,True
8094,,,x04rj,Froop,Froop Co,Furosemide,,,diuretic,False,True
8095,,,x04vH,Betinex,Betinex,Bumetanide,,,diuretic,False,True
8096,,,x04vQ,Frusol,Frusol,Furosemide,,,diuretic,False,True
8097,,,x05DC,Centyl,Centyl K,Bendroflumethiazide,,,diuretic,False,True
8098,,,x05Lq,Bendroflumethiazide,Bendroflumethiazide - chemical,Bendroflumethiazide,,,diuretic,False,True
8099,,,x05df,Indapamide,Perindopril+indapamide,Indapamide,,,diuretic,False,True
8100,,,x05el,Komil,Komil,Co-Amilofruse (Amiloride HCl/Frusemide),,,diuretic,False,True
8101,,,x05q1,Diuril,Diuril,Chlorothiazide,,,diuretic,False,True
8102,,,x05vb,Inspra,Inspra,Eplerenone,,,diuretic,False,True
8103,,,.8B6G,Spironol,Spironolactone prophylaxis,Spironolactone,,,diuretic,False,True
8104,,,8B6F0,Eplerenone,Eplerenone prophylaxis,Eplerenone,,,diuretic,False,True
8105,,,8B6F1,Xipamide,Xipamide prophylaxis,Xipamide,,,diuretic,False,True
8106,,,8B6F2,Metolazone,Metolazone prophylaxis,Metolazone,,,diuretic,False,True
8107,,,8B6F3,Bendroflumethiazide,Bendroflumethiazide prophylaxis,Bendroflumethiazide,,,diuretic,False,True
8108,,,8B6G.,Spironol,Spironolactone prophylaxis,Spironolactone,,,diuretic,False,True
8109,,,8I3K0,Spironol,Spironolactone declined,Spironolactone,,,diuretic,False,True
8110,,,8I3K1,Eplerenone,Eplerenone therapy declined,Eplerenone,,,diuretic,False,True
8111,,,8I6A0,Spironol,Spironolactone not indicated,Spironolactone,,,diuretic,False,True
8112,,,bi1F.,Chloroth,Captopril+hydrochlorothiazide 25mg/12.5mg tablet,Chlorothiazide,25 mg,,diuretic,False,True
8113,,,bi1G.,Chloroth,Captopril+hydrochlorothiazide 50mg/25mg tablet,Chlorothiazide,50 mg,,diuretic,False,True
8114,,,44L6.,Nicotinic Acid,Serum nicotinic acid,Nicotinic Acid,,,statin,False,False
8115,,,Ub05r,Omega 3,Omega 3 fatty acid requirement,Omega-3-Acid Ethyl Esters,,,statin,False,False
8116,,,Ub05r,Omega 3,N 3 - Omega 3 fatty acid requirement,Omega-3-Acid Ethyl Esters,,,statin,False,False
8117,,,Ub05r,Omega 3,N 3 - Recommended omega 3 fatty acid intake,Omega-3-Acid Ethyl Esters,,,statin,False,False
8118,,,Ub05r,Omega 3,Recommended omega 3 fatty acid intake,Omega-3-Acid Ethyl Esters,,,statin,False,False
8119,,,Ub06X,Omega 3,Omega 3 fatty acid supplementation,Omega-3-Acid Ethyl Esters,,,statin,False,False
8120,,,Ub07a,Omega 3,Omega 3 fatty acid intake,Omega-3-Acid Ethyl Esters,,,statin,False,False
8121,,,Ub08r,Omega 3,Omega 3 fatty acid,Omega-3-Acid Ethyl Esters,,,statin,False,False
8122,,,Ub15N,Nicotinic Acid,nicotinic acid equivalents/day,Nicotinic Acid,,,statin,False,False
8123,,,Ub15O,Nicotinic Acid,nicotinic acid equivalents/kg body weight,Nicotinic Acid,,,statin,False,False
8124,,,X40Vb,Sitosterol,Sitosterolaemic xanthomatosis,Sitosterol,,,statin,False,False
8125,,,X40Vb,Sitosterol,Beta-sitosterolaemia,Sitosterol,,,statin,False,False
8126,,,X40Vb,Sitosterol,Sitosterolaemia with xanthomatosis,Sitosterol,,,statin,False,False
8127,,,X40Xf,Sitosterol,Sitosterolaemia,Sitosterol,,,statin,False,False
8128,,,X80J9,Sitosterol,Sitosterol,Sitosterol,,,statin,False,False
8129,,,XE2e3,Nicotinic Acid,Serum nicotinic acid,Nicotinic Acid,,,statin,False,False
8130,,,XE2ej,Nicotinic Acid,Serum nicotinic acid,Nicotinic Acid,,,statin,False,False
8131,,,Xa9M3,Lopid,Leptotyphlopidae,Gemfibrozil,,,statin,False,False
8132,,,XaJ5c,Lopid,Clopidogrel not tolerated,Gemfibrozil,,,statin,False,False
8133,,,XaJ5l,Lopid,Clopidogrel not indicated,Gemfibrozil,,,statin,False,False
8134,,,XaJ6Z,Lopid,Clopidogrel declined,Gemfibrozil,,,statin,False,False
8135,,,XaJd8,Lopid,Clopidogrel prophylaxis,Gemfibrozil,,,statin,False,False
8136,,,XaLJH,Lopid,Clopidogrel indicated,Gemfibrozil,,,statin,False,False
8137,,,Xaa4s,Lopid,Planned stop date for clopidogrel therapy,Gemfibrozil,,,statin,False,False
8138,,,Xaa4u,Lopid,Clopidogrel therapy stopped,Gemfibrozil,,,statin,False,False
8139,,,aa2..,Colestyramine,Colestyramine [antidiarrhoeal use],Colestyramine,,,statin,False,False
8140,,,aa21.,Questran,Questran powder 4g,Colestyramine,,,statin,False,False
8141,,,aa2z.,Colestyramine,Colestyramine powder 4g,Colestyramine,,,statin,False,False
8142,,,bn31.,Bradilan,Bradilan 250mg e/c tablet,Nicofuranose,250 mg,,statin,False,False
8143,,,bn39.,Nicofuranose,Nicofuranose 250mg e/c tablet,Nicofuranose,250 mg,,statin,False,False
8144,,,bu5..,Lopid,Clopidogrel,Gemfibrozil,,,statin,False,False
8145,,,bu51.,Lopid,Clopidogrel 75mg tablet,Gemfibrozil,75 mg,,statin,False,False
8146,,,bu54.,Lopid,CLOPIDOGREL 300mg tablets,Gemfibrozil,300 mg,,statin,False,False
8147,,,bu6..,Lopid,Ticlopidine,Gemfibrozil,,,statin,False,False
8148,,,bu61.,Lopid,Ticlopidine hydrochloride 250mg tablet,Gemfibrozil,250 mg,,statin,False,False
8149,,,bx1..,Bezafibrate,Bezafibrate product,Bezafibrate,,,statin,False,False
8150,,,bx1..,Bezafibrate,Bezafibrate,Bezafibrate,,,statin,False,False
8151,,,bx11.,Bezalip,Bezalip 200mg tablet,Bezafibrate,200 mg,,statin,False,False
8152,,,bx12.,Bezalip,Bezalip-Mono 400mg m/r tablet,Bezafibrate,400 mg,,statin,False,False
8153,,,bx13.,Bezafibrate,Bezafibrate 200mg tablet,Bezafibrate,200 mg,,statin,False,False
8154,,,bx14.,Bezafibrate,Bezafibrate 400mg m/r tablet,Bezafibrate,400 mg,,statin,False,False
8155,,,bx15.,Bezagen,Bezagen XL 400mg m/r tablet,Bezafibrate,400 mg,,statin,False,False
8156,,,bx16.,Liparol,Liparol XL 400mg m/r tablet,Bezafibrate,400 mg,,statin,False,False
8157,,,bx17.,Zimbacol,Zimbacol XL 400mg m/r tablet,Bezafibrate,400 mg,,statin,False,False
8158,,,bx18.,Fibrazate,Fibrazate XL 400mg m/r tablet,Bezafibrate,400 mg,,statin,False,False
8159,,,bx2..,Colestyramine,Colestyramine [lipid lowering use],Colestyramine,,,statin,False,False
8160,,,bx21.,Questran,Questran 4g/sachet powder,Colestyramine,,,statin,False,False
8161,,,bx22.,Questran,Questran Light 4g/sachet powder,Colestyramine,,,statin,False,False
8162,,,bx22.,Questran,Questran-A 4g/sachet powder,Colestyramine,,,statin,False,False
8163,,,bx23.,Colestyramine,Colestyramine 4g/sachet powder,Colestyramine,,,statin,False,False
8164,,,bx25.,Colestyramine,Colestyramine+aspartame 4g/sachet powder,Colestyramine,,,statin,False,False
8165,,,bx26.,Cholemin,Cholemin 4g/sachet powder,Colestyramine,,,statin,False,False
8166,,,bx27.,Colestyramine,Colestyramine+aspartame 4g/sachet s/f oral powder,Colestyramine,,,statin,False,False
8167,,,bx28.,Questran,Questran Light 4g/sachet s/f oral powder,Colestyramine,,,statin,False,False
8168,,,bx3..,Clofibrate,Clofibrate,Clofibrate,,,statin,False,False
8169,,,bx31.,Atromid-S,Atromid-S 500mg capsule,Clofibrate,500 mg,,statin,False,False
8170,,,bx3z.,Clofibrate,Clofibrate 500mg capsule,Clofibrate,500 mg,,statin,False,False
8171,,,bx41.,Colestid,Colestid 5g/sachet granules,Colestipol Hydrochloride,,,statin,False,False
8172,,,bx43.,Colestid,Colestid Orange 5g/sachet granules,Colestipol Hydrochloride,,,statin,False,False
8173,,,bx51.,Choloxin,Choloxin 2mg tablet,Dextrothyroxine Sodium,2 mg,,statin,False,False
8174,,,bx6..,Gemfibrozil,Gemfibrozil product,Gemfibrozil,,,statin,False,False
8175,,,bx6..,Gemfibrozil,Gemfibrozil,Gemfibrozil,,,statin,False,False
8176,,,bx61.,Lopid,Lopid 300 capsule,Gemfibrozil,,,statin,False,False
8177,,,bx62.,Lopid,Lopid 600 tablet,Gemfibrozil,,600.0,statin,False,False
8178,,,bx63.,Gemfibrozil,Gemfibrozil 600mg tablet,Gemfibrozil,600 mg,,statin,False,False
8179,,,bx64.,Emfib,Emfib 300mg capsule,Gemfibrozil,300 mg,,statin,False,False
8180,,,bx6z.,Gemfibrozil,Gemfibrozil 300mg capsule,Gemfibrozil,300 mg,,statin,False,False
8181,,,bx7..,Nicofuranose,Nicofuranose,Nicofuranose,,,statin,False,False
8182,,,bx84.,Nicotinic Acid,Nicotinic acid 375mg m/r tablet and nicotinic acid 500mg m/r tablet and nicotinic acid 750mg m/r tablet starter pack,Nicotinic Acid,375 mg,,statin,False,False
8183,,,bx88.,Niaspan,Niaspan 375mg and 500mg and 750mg m/r tablet starter pack,Nicotinic Acid,375 mg,,statin,False,False
8184,,,bx89.,Niaspan,Niaspan 500mg m/r tablet,Nicotinic Acid,500 mg,,statin,False,False
8185,,,bx8a.,Niaspan,Niaspan 750mg m/r tablet,Nicotinic Acid,750 mg,,statin,False,False
8186,,,bx8b.,Niaspan,Niaspan 1000mg m/r tablet,Nicotinic Acid,1000 mg,,statin,False,False
8187,,,bx8c.,Tredaptive,TREDAPTIVE 1000mg/20mg m/r tablets,Nicotinic Acid/Laropiprant,1000 mg,,statin,False,False
8188,,,bx8d.,Nicotinic Acid/Laropiprant,NICOTINIC ACID/LAROPIPRANT 1000mg/20mg m/r tablets,Nicotinic Acid/Laropiprant,1000 mg,,statin,False,False
8189,,,bx9..,Probucol,Probucol,Probucol,,,statin,False,False
8190,,,bx91.,Lurselle,Lurselle 250mg tablet,Probucol,250 mg,,statin,False,False
8191,,,bx9z.,Probucol,Probucol 250mg tablet,Probucol,250 mg,,statin,False,False
8192,,,bxa..,Omega 3,Omega 3-marine triglycerides,Omega-3-Acid Ethyl Esters,,,statin,False,False
8193,,,bxa1.,Maxepa,Maxepa 1g capsule,Omega-3 Marine Triglycerides,,,statin,False,False
8194,,,bxa2.,Maxepa,Maxepa liquid,Omega-3 Marine Triglycerides,,,statin,False,False
8195,,,bxa6.,Maxepa,Maxepa oral emulsion,Omega-3 Marine Triglycerides,,,statin,False,False
8196,,,bxa7.,Omacor,Omacor 1g capsule,Omega-3-Acid Ethyl Esters,,,statin,False,False
8197,,,bxa8.,Teromeg,TEROMEG 1g capsules,Omega-3-Acid Ethyl Esters,,,statin,False,False
8198,,,bxa9.,Prestylon,PRESTYLON 1g capsules,Omega-3-Acid Ethyl Esters,,,statin,False,False
8199,,,bxaA.,Nebbaro,NEBBARO 1000mg capsules,Omega-3-Acid Ethyl Esters,1000 mg,,statin,False,False
8200,,,bxaB.,Dualtis,DUALTIS 1000mg capsules,Omega-3-Acid Ethyl Esters,1000 mg,,statin,False,False
8201,,,bxb..,Acipimox,Acipimox,Acipimox,,,statin,False,False
8202,,,bxb1.,Olbetam,Olbetam 250mg capsule,Acipimox,250 mg,,statin,False,False
8203,,,bxb2.,Acipimox,Acipimox 250mg capsule,Acipimox,250 mg,,statin,False,False
8204,,,bxc..,Fenofibrate,Fenofibrate,Fenofibrate,,,statin,False,False
8205,,,bxc1.,Fenofibrate,Fenofibrate 100mg capsule,Fenofibrate,100 mg,,statin,False,False
8206,,,bxc2.,Lipantil,Lipantil 100mg capsules 21CP,Fenofibrate,100 mg,,statin,False,False
8207,,,bxc3.,Lipantil,Lipantil 100mg capsules 84CP,Fenofibrate,100 mg,,statin,False,False
8208,,,bxc4.,Fenofibrate,Fenofibrate 200mg capsule,Fenofibrate,200 mg,,statin,False,False
8209,,,bxc5.,Lipantil,Lipantil Micro 200mg capsule,Fenofibrate,200 mg,,statin,False,False
8210,,,bxc6.,Fenofibrate,Fenofibrate 67mg capsule,Fenofibrate,67 mg,,statin,False,False
8211,,,bxc7.,Lipantil,Lipantil Micro 67mg capsule,Fenofibrate,67 mg,,statin,False,False
8212,,,bxc8.,Fenofibrate,Fenofibrate 267mg capsule,Fenofibrate,267 mg,,statin,False,False
8213,,,bxc9.,Lipantil,Lipantil Micro 267mg capsule,Fenofibrate,267 mg,,statin,False,False
8214,,,bxcA.,Fenofibrate,Fenofibrate 160mg m/r tablet,Fenofibrate,160 mg,,statin,False,False
8215,,,bxcB.,Supralip,Supralip 160mg m/r tablet,Fenofibrate,160 mg,,statin,False,False
8216,,,bxcC.,Fenofibrate,Fenofibrate Micro 200mg capsule,Fenofibrate,200 mg,,statin,False,False
8217,,,bxcD.,Fenogal,Fenogal 200mg capsule,Fenofibrate,200 mg,,statin,False,False
8218,,,bxcE.,Fenofibrate,FENOFIBRATE 160mg tablets,Fenofibrate,160 mg,,statin,False,False
8219,,,bxd..,Simvastatin,Simvastatin,Simvastatin,,,statin,False,False
8220,,,bxd1.,Simvastatin,Simvastatin 10mg tablet,Simvastatin,10 mg,,statin,False,False
8221,,,bxd2.,Simvastatin,Simvastatin 20mg tablet,Simvastatin,20 mg,,statin,False,False
8222,,,bxd3.,Zocor,Zocor 10mg tablets 28CP,Simvastatin,10 mg,,statin,False,False
8223,,,bxd4.,Zocor,Zocor 20mg tablets 28CP,Simvastatin,20 mg,,statin,False,False
8224,,,bxd5.,Simvastatin,Simvastatin 40mg tablet,Simvastatin,40 mg,,statin,False,False
8225,,,bxd6.,Zocor,Zocor 40mg tablet,Simvastatin,40 mg,,statin,False,False
8226,,,bxd7.,Zocor,Zocor 10mg tablet,Simvastatin,10 mg,,statin,False,False
8227,,,bxd8.,Zocor,Zocor 20mg tablet,Simvastatin,20 mg,,statin,False,False
8228,,,bxd9.,Zocor,Zocor 80mg tablet,Simvastatin,80 mg,,statin,False,False
8229,,,bxdA.,Simvador,Simvador 10mg tablet,Simvastatin,10 mg,,statin,False,False
8230,,,bxdB.,Simvador,Simvador 20mg tablet,Simvastatin,20 mg,,statin,False,False
8231,,,bxdC.,Simvador,Simvador 40mg tablet,Simvastatin,40 mg,,statin,False,False
8232,,,bxdD.,Ranzolont,Ranzolont 10mg tablet,Simvastatin,10 mg,,statin,False,False
8233,,,bxdE.,Ranzolont,Ranzolont 20mg tablet,Simvastatin,20 mg,,statin,False,False
8234,,,bxdF.,Ranzolont,Ranzolont 40mg tablet,Simvastatin,40 mg,,statin,False,False
8235,,,bxdG.,Zocor,Zocor Heart-Pro 10mg tablet,Simvastatin,10 mg,,statin,False,False
8236,,,bxdH.,Inegy,Inegy 10mg/20mg tablet,Simvastatin & Ezetimibe,10 mg,,statin,False,False
8237,,,bxdI.,Inegy,Inegy 10mg/40mg tablet,Simvastatin & Ezetimibe,10 mg,,statin,False,False
8238,,,bxdJ.,Inegy,Inegy 10mg/80mg tablet,Simvastatin & Ezetimibe,10 mg,,statin,False,False
8239,,,bxdK.,Simvador,SIMVADOR 80mg tablets,Simvastatin,80 mg,,statin,False,False
8240,,,bxdu.,Simvastatin,SIMVASTATIN 20mg/5mL oral suspension,Simvastatin,20 mg/5 ml,,statin,False,False
8241,,,bxdv.,Simvastatin,SIMVASTATIN 40mg/5mL oral suspension,Simvastatin,40 mg/5 ml,,statin,False,False
8242,,,bxdw.,Ezetimibe,Simvastatin 80mg / ezetimibe 10mg tablet,Ezetimibe,80 mg,,statin,False,False
8243,,,bxdx.,Ezetimibe,Simvastatin 40mg / ezetimibe 10mg tablet,Ezetimibe,40 mg,,statin,False,False
8244,,,bxdy.,Ezetimibe,Simvastatin 20mg / ezetimibe 10mg tablet,Ezetimibe,20 mg,,statin,False,False
8245,,,bxdz.,Simvastatin,Simvastatin 80mg tablet,Simvastatin,80 mg,,statin,False,False
8246,,,bxe3.,Lipostat,Lipostat 10mg tablet,Pravastatin Sodium,10 mg,,statin,False,False
8247,,,bxe4.,Lipostat,Lipostat 20mg tablet,Pravastatin Sodium,20 mg,,statin,False,False
8248,,,bxe8.,Lipostat,Lipostat 40mg tablet,Pravastatin Sodium,40 mg,,statin,False,False
8249,,,bxf..,Ciprofibrate,Ciprofibrate,Ciprofibrate,,,statin,False,False
8250,,,bxf1.,Modalim,Modalim 100mg tablet,Ciprofibrate,100 mg,,statin,False,False
8251,,,bxf2.,Ciprofibrate,Ciprofibrate 100mg tablet,Ciprofibrate,100 mg,,statin,False,False
8252,,,bxg1.,Lescol,Lescol 20mg capsule,Fluvastatin Sodium,20 mg,,statin,False,False
8253,,,bxg2.,Lescol,Lescol 40mg capsule,Fluvastatin Sodium,40 mg,,statin,False,False
8254,,,bxg5.,Lescol,Lescol XL 80mg m/r tablet,Fluvastatin Sodium,80 mg,,statin,False,False
8255,,,bxg6.,Luvinsta,LUVINSTA XL 80mg m/r tablets,Fluvastatin Sodium,80 mg,,statin,False,False
8256,,,bxg7.,Stefluvin,STEFLUVIN XL 80mg m/r tablets,Fluvastatin Sodium,80 mg,,statin,False,False
8257,,,bxg8.,Dorisin,DORISIN XL 80mg m/r tablets,Fluvastatin Sodium,80 mg,,statin,False,False
8258,,,bxg9.,Nandovar XL,NANDOVAR XL 80mg m/r tablets,Fluvastatin Sodium,80 mg,,statin,False,False
8259,,,bxh2.,Fybozest,Fybozest Orange 3.5g s/f granules,Ispaghula Husk,,,statin,False,False
8260,,,bxi..,Atorvastatin,Atorvastatin,Atorvastatin,,,statin,False,False
8261,,,bxi1.,Atorvastatin,Atorvastatin 10mg tablet,Atorvastatin,10 mg,,statin,False,False
8262,,,bxi2.,Atorvastatin,Atorvastatin 20mg tablet,Atorvastatin,20 mg,,statin,False,False
8263,,,bxi3.,Atorvastatin,Atorvastatin 40mg tablet,Atorvastatin,40 mg,,statin,False,False
8264,,,bxi4.,Lipitor,Lipitor 10mg tablet,Atorvastatin,10 mg,,statin,False,False
8265,,,bxi5.,Lipitor,Lipitor 20mg tablet,Atorvastatin,20 mg,,statin,False,False
8266,,,bxi6.,Lipitor,Lipitor 40mg tablet,Atorvastatin,40 mg,,statin,False,False
8267,,,bxi7.,Lipitor,Lipitor 80mg tablet,Atorvastatin,80 mg,,statin,False,False
8268,,,bxi8.,Lipitor,LIPITOR 10mg chewable tablets,Atorvastatin,10 mg,,statin,False,False
8269,,,bxi9.,Atorvastatin,ATORVASTATIN 10mg chewable tablets,Atorvastatin,10 mg,,statin,False,False
8270,,,bxiA.,Lipitor,LIPITOR 20mg chewable tablets,Atorvastatin,20 mg,,statin,False,False
8271,,,bxiB.,Atorvastatin,ATORVASTATIN 20mg chewable tablets,Atorvastatin,20 mg,,statin,False,False
8272,,,bxiy.,Atorvastatin,ATORVASTATIN 60mg tablets,Atorvastatin,60 mg,,statin,False,False
8273,,,bxiz.,Atorvastatin,Atorvastatin 80mg tablet,Atorvastatin,80 mg,,statin,False,False
8274,,,bxj..,Cerivastatin,Cerivastatin,Cerivastatin,,,statin,False,False
8275,,,bxj1.,Cerivastatin,Cerivastatin sodium 100micrograms tablet,Cerivastatin,,,statin,False,False
8276,,,bxj2.,Cerivastatin,Cerivastatin sodium 200micrograms tablet,Cerivastatin,,,statin,False,False
8277,,,bxj3.,Cerivastatin,Cerivastatin sodium 300micrograms tablet,Cerivastatin,,,statin,False,False
8278,,,bxj4.,Lipobay,Lipobay 100micrograms tablet,Cerivastatin,,,statin,False,False
8279,,,bxj5.,Lipobay,Lipobay 200micrograms tablet,Cerivastatin,,,statin,False,False
8280,,,bxj6.,Lipobay,Lipobay 300micrograms tablet,Cerivastatin,,,statin,False,False
8281,,,bxj7.,Cerivastatin,Cerivastatin sodium 400micrograms tablet,Cerivastatin,,,statin,False,False
8282,,,bxj8.,Lipobay,Lipobay 400micrograms tablet,Cerivastatin,,,statin,False,False
8283,,,bxj9.,Lipobay,Lipobay 800micrograms tablet,Cerivastatin,,,statin,False,False
8284,,,bxjz.,Cerivastatin,Cerivastatin sodium 800micrograms tablet,Cerivastatin,,,statin,False,False
8285,,,bxk1.,Crestor,Crestor 10mg tablet,Rosuvastatin Calcium,10 mg,,statin,False,False
8286,,,bxk2.,Crestor,Crestor 20mg tablet,Rosuvastatin Calcium,20 mg,,statin,False,False
8287,,,bxk3.,Crestor,Crestor 40mg tablet,Rosuvastatin Calcium,40 mg,,statin,False,False
8288,,,bxk4.,Crestor,Crestor 5mg tablet,Rosuvastatin Calcium,5 mg,,statin,False,False
8289,,,bxl..,Ezetimibe,Ezetimibe,Ezetimibe,,,statin,False,False
8290,,,bxl1.,Ezetimibe,Ezetimibe 10mg tablet,Ezetimibe,10 mg,,statin,False,False
8291,,,bxlz.,Ezetrol,Ezetrol 10mg tablet,Ezetimibe,10 mg,,statin,False,False
8292,,,bxm..,Colesevelam Hydrochloride,COLESEVELAM HYDROCHLORIDE,Colesevelam Hydrochloride,,,statin,False,False
8293,,,bxm1.,Cholestagel,CHOLESTAGEL 625mg tablets,Colesevelam Hydrochloride,625 mg,,statin,False,False
8294,,,bxn..,Lomitapide,LOMITAPIDE,Lomitapide,,,statin,False,False
8295,,,bxn1.,Lojuxta,LOJUXTA 5mg capsules,Lomitapide,5 mg,,statin,False,False
8296,,,bxn2.,Lomitapide,LOMITAPIDE 5mg capsules,Lomitapide,5 mg,,statin,False,False
8297,,,bxn3.,Lojuxta,LOJUXTA 10mg capsules,Lomitapide,10 mg,,statin,False,False
8298,,,bxn4.,Lomitapide,LOMITAPIDE 10mg capsules,Lomitapide,10 mg,,statin,False,False
8299,,,bxn5.,Lojuxta,LOJUXTA 20mg capsules,Lomitapide,20 mg,,statin,False,False
8300,,,bxn6.,Lomitapide,LOMITAPIDE 20mg capsules,Lomitapide,20 mg,,statin,False,False
8301,,,bxo..,Evolocumab,EVOLOCUMAB,Evolocumab,,,statin,False,False
8302,,,bxo1.,Repatha,REPATHA 140mg/1mL solution for injection prefilled syringe,Evolocumab,140 mg/1 ml,,statin,False,False
8303,,,bxo2.,Evolocumab,EVOLOCUMAB 140mg/1mL soln for inj prefilled syringe,Evolocumab,140 mg/1 ml,,statin,False,False
8304,,,bxo3.,Repatha,REPATHA SURECLICK 140mg/1mL soln for inj prefilled pen,Evolocumab,140 mg/1 ml,,statin,False,False
8305,,,bxo4.,Evolocumab,EVOLOCUMAB 140mg/1mL solution for injection prefilled pen,Evolocumab,140 mg/1 ml,,statin,False,False
8306,,,bxp..,Alirocumab,ALIROCUMAB,Alirocumab,,,statin,False,False
8307,,,bxp1.,Praluent,PRALUENT 75mg/1mL solution for injection prefilled pen,Alirocumab,75 mg/1 ml,,statin,False,False
8308,,,bxp2.,Alirocumab,ALIROCUMAB 75mg/1mL solution for injection prefilled pen,Alirocumab,75 mg/1 ml,,statin,False,False
8309,,,bxp3.,Praluent,PRALUENT 150mg/1mL solution for injection prefilled pen,Alirocumab,150 mg/1 ml,,statin,False,False
8310,,,bxp4.,Alirocumab,ALIROCUMAB 150mg/1mL solution for injection prefilled pen,Alirocumab,150 mg/1 ml,,statin,False,False
8311,,,h5I..,Liplat,Oxaliplatin,Pravastatin Sodium,,,statin,False,False
8312,,,h5Iv.,Liplat,OXALIPLATIN 200mg/40mL infusion concentrate,Pravastatin Sodium,200 mg/40 ml,,statin,False,False
8313,,,h5Iw.,Liplat,Oxaliplatin 100mg/20mL infusion concentrate,Pravastatin Sodium,100 mg/20 ml,,statin,False,False
8314,,,h5Ix.,Liplat,Oxaliplatin 50mg/10mL infusion concentrate,Pravastatin Sodium,50 mg/10 ml,,statin,False,False
8315,,,h5Iy.,Liplat,Oxaliplatin 50mg infusion (pdr for recon),Pravastatin Sodium,50 mg,,statin,False,False
8316,,,h5Iz.,Liplat,Oxaliplatin 100mg infusion (pdr for recon),Pravastatin Sodium,100 mg,,statin,False,False
8317,,,s9c5.,Dorisin,DEOGEL 2010 deodorising and lubricating gel 200g,Fluvastatin Sodium,,,statin,False,False
8318,,,s9cA.,Dorisin,DEOGEL 2020 deodorising and lubricating gel sachet,Fluvastatin Sodium,,,statin,False,False
8319,,,x0029,Clofibrate,Clofibrate group,Clofibrate,,,statin,False,False
8320,,,x00E2,Lipantil,Lipantil 100mg capsule,Fenofibrate,100 mg,,statin,False,False
8321,,,x00Tb,Cardyl,Avlocardyl Retard 160mg m/r capsule,Atorvastatin,160 mg,,statin,False,False
8322,,,x01p5,Dorisin,Ostobon 4750 stoma deodorising powder,Fluvastatin Sodium,,,statin,False,False
8323,,,x029e,Colestyramine,Colestyramine sugar free powder,Colestyramine,,,statin,False,False
8324,,,x02Mi,Colestyramine,Colestyramine product,Colestyramine,,,statin,False,False
8325,,,x02Mi,Colestyramine,Colestyramine,Colestyramine,,,statin,False,False
8326,,,x02Uj,Atromid-S,Atromid-S,Clofibrate,,,statin,False,False
8327,,,x02Un,Cardyl,Avlocardyl Retard,Atorvastatin,,,statin,False,False
8328,,,x02Vg,Bezalip,Bezalip,Bezafibrate,,,statin,False,False
8329,,,x02Vh,Bezalip,Bezalip-Mono,Bezafibrate,,,statin,False,False
8330,,,x02XH,Cholemin,Cholemin,Colestyramine,,,statin,False,False
8331,,,x02Xk,Colestid,Colestid,Colestipol Hydrochloride,,,statin,False,False
8332,,,x02hM,Lescol,Lescol,Fluvastatin Sodium,,,statin,False,False
8333,,,x02ha,Lipantil,Lipantil,Fenofibrate,,,statin,False,False
8334,,,x02hc,Lipostat,Lipostat,Pravastatin Sodium,,,statin,False,False
8335,,,x02hs,Lopid,Lopid,Gemfibrozil,,,statin,False,False
8336,,,x02i1,Lurselle,Lurselle,Probucol,,,statin,False,False
8337,,,x02iI,Maxepa,Maxepa,Omega-3 Marine Triglycerides,,,statin,False,False
8338,,,x02jb,Modalim,Modalim,Ciprofibrate,,,statin,False,False
8339,,,x02lo,Olbetam,Olbetam,Acipimox,,,statin,False,False
8340,,,x02ot,Questran,Questran Light,Colestyramine,,,statin,False,False
8341,,,x03d7,Zocor,Zocor,Simvastatin,,,statin,False,False
8342,,,x03jA,Fybozest,Fybozest Orange,Ispaghula Husk,,,statin,False,False
8343,,,x03jx,Lipitor,Lipitor,Atorvastatin,,,statin,False,False
8344,,,x03l1,Lipobay,Lipobay,Cerivastatin,,,statin,False,False
8345,,,x03s1,Questran,Questran,Colestyramine,,,statin,False,False
8346,,,x03vR,Lipantil,Lipantil Micro,Fenofibrate,,,statin,False,False
8347,,,x03xI,Emfib,Emfib,Gemfibrozil,,,statin,False,False
8348,,,x03zD,Colestid,Colestid Orange,Colestipol Hydrochloride,,,statin,False,False
8349,,,x04ui,Bezagen,Bezagen XL,Bezafibrate,,,statin,False,False
8350,,,x057j,Liparol,Liparol XL,Bezafibrate,,,statin,False,False
8351,,,x05CA,Zimbacol,Zimbacol XL,Bezafibrate,,,statin,False,False
8352,,,x05CE,Lescol,Lescol XL,Fluvastatin Sodium,,,statin,False,False
8353,,,x05D5,Supralip,Supralip,Fenofibrate,,,statin,False,False
8354,,,x05K2,Acipimox,Acipimox - chemical,Acipimox,,,statin,False,False
8355,,,x05LP,Atorvastatin,Atorvastatin - chemical,Atorvastatin,,,statin,False,False
8356,,,x05Zu,Fenofibrate,Fenofibrate Micro,Fenofibrate,,,statin,False,False
8357,,,x05f8,Omacor,Omacor,Omega-3-Acid Ethyl Esters,,,statin,False,False
8358,,,x05gZ,Fenogal,Fenogal,Fenofibrate,,,statin,False,False
8359,,,x05ll,Crestor,Crestor,Rosuvastatin Calcium,,,statin,False,False
8360,,,x05mX,Ezetrol,Ezetrol,Ezetimibe,,,statin,False,False
8361,,,x05pD,Simvador,Simvador,Simvastatin,,,statin,False,False
8362,,,x05qD,Niaspan,Niaspan,Nicotinic Acid,,,statin,False,False
8363,,,x05tC,Ranzolont,Ranzolont,Simvastatin,,,statin,False,False
8364,,,x05uS,Zocor,Zocor Heart-Pro,Simvastatin,,,statin,False,False
8365,,,x05vi,Fibrazate,Fibrazate,Bezafibrate,,,statin,False,False
8366,,,x05xL,Ezetimibe,Ezetimibe+simvastatin,Ezetimibe,,,statin,False,False
8367,,,x05xO,Inegy,Inegy,Simvastatin & Ezetimibe,,,statin,False,False
8368,,,.44L6,Nicotinic Acid,Serum nicotinic acid,Nicotinic Acid,,,statin,False,False
8369,,,.8B6P,Lopid,Clopidogrel prophylaxis,Gemfibrozil,,,statin,False,False
8370,,,.8BG9,Lopid,Clopidogrel indicated,Gemfibrozil,,,statin,False,False
8371,,,.8I3R,Lopid,Clopidogrel declined,Gemfibrozil,,,statin,False,False
8372,,,.8I6B,Lopid,Clopidogrel not indicated,Gemfibrozil,,,statin,False,False
8373,,,.8I72,Lopid,Clopidogrel not tolerated,Gemfibrozil,,,statin,False,False
8374,,,8B6P.,Lopid,Clopidogrel prophylaxis,Gemfibrozil,,,statin,False,False
8375,,,8B6P0,Lopid,Planned stop date for clopidogrel therapy,Gemfibrozil,,,statin,False,False
8376,,,8B6P1,Lopid,Clopidogrel therapy stopped,Gemfibrozil,,,statin,False,False
8377,,,8BG9.,Lopid,Clopidogrel indicated,Gemfibrozil,,,statin,False,False
8378,,,8I3R.,Lopid,Clopidogrel declined,Gemfibrozil,,,statin,False,False
8379,,,8I6B.,Lopid,Clopidogrel not indicated,Gemfibrozil,,,statin,False,False
8380,,,8I72.,Lopid,Clopidogrel not tolerated,Gemfibrozil,,,statin,False,False
8381,,,bx71.,Bradilan,Bradilan 250mg e/c tablet,Nicofuranose,250 mg,,statin,False,False
8382,,,bx7z.,Nicofuranose,Nicofuranose 250mg e/c tablet,Nicofuranose,250 mg,,statin,False,False
8383,,,x00g6,Zocor,Zocor 10mg tablet,Simvastatin,10 mg,,statin,False,False
8384,,,x00g7,Zocor,Zocor 20mg tablet,Simvastatin,20 mg,,statin,False,False
