dmd_code,brand_name,presentation,term,quantity,dose,group,with_calcium_channel_blocker,with_diuretic
859901000001103,Abicol,Abicol tablet,Reserpine And Rauwolfia Alkaloids,,,Centrally-Acting Antihypertensive Drugs,False,False
9193501000001102,Accupro,Accupro (product),Quinapril Hydrochloride,,,Angiotensin-Converting Enzyme Inhibitors,False,False
2582601000001105,Accupro,Accupro (qualifier value),Quinapril Hydrochloride,,,Angiotensin-Converting Enzyme Inhibitors,False,False
289001000001100,Accupro,Accupro 10mg tablet,Quinapril Hydrochloride,,10 mg,Angiotensin-Converting Enzyme Inhibitors,False,False
16254211000001103,Accupro,Accupro 10mg tablets (Mawdsley-Brooks & Company Ltd) (product),Quinapril Hydrochloride,,10 mg,Angiotensin-Converting Enzyme Inhibitors,False,False
16254511000001100,Accupro,Accupro 10mg tablets (Mawdsley-Brooks & Company Ltd) 30 tablet (product),Quinapril Hydrochloride,30.0,10 mg,Angiotensin-Converting Enzyme Inhibitors,False,False
231111000001106,Accupro,Accupro 10mg tablets (Pfizer Ltd) (product),Quinapril Hydrochloride,,10 mg,Angiotensin-Converting Enzyme Inhibitors,False,False
1439211000001103,Accupro,Accupro 10mg tablets (Pfizer Ltd) 28 tablet 4 x 7 tablets (product),Quinapril Hydrochloride,28.0,10 mg,Angiotensin-Converting Enzyme Inhibitors,False,False
2097301000001104,Accupro,Accupro 10mg tablets 28CP,Quinapril Hydrochloride,,10 mg,Angiotensin-Converting Enzyme Inhibitors,False,False
359101000001104,Accupro,Accupro 20mg tablet,Quinapril Hydrochloride,,20 mg,Angiotensin-Converting Enzyme Inhibitors,False,False
829111000001100,Accupro,Accupro 20mg tablets (Pfizer Ltd) (product),Quinapril Hydrochloride,,20 mg,Angiotensin-Converting Enzyme Inhibitors,False,False
1440111000001100,Accupro,Accupro 20mg tablets (Pfizer Ltd) 28 tablet 4 x 7 tablets (product),Quinapril Hydrochloride,28.0,20 mg,Angiotensin-Converting Enzyme Inhibitors,False,False
862301000001104,Accupro,Accupro 20mg tablets 28CP,Quinapril Hydrochloride,,20 mg,Angiotensin-Converting Enzyme Inhibitors,False,False
1066801000001109,Accupro,Accupro 40mg tablet,Quinapril Hydrochloride,,40 mg,Angiotensin-Converting Enzyme Inhibitors,False,False
86411000001109,Accupro,Accupro 40mg tablets (Pfizer Ltd) (product),Quinapril Hydrochloride,,40 mg,Angiotensin-Converting Enzyme Inhibitors,False,False
1440611000001108,Accupro,Accupro 40mg tablets (Pfizer Ltd) 28 tablet 4 x 7 tablets (product),Quinapril Hydrochloride,28.0,40 mg,Angiotensin-Converting Enzyme Inhibitors,False,False
217801000001100,Accupro,Accupro 5mg tablet,Quinapril Hydrochloride,,5 mg,Angiotensin-Converting Enzyme Inhibitors,False,False
582611000001106,Accupro,Accupro 5mg tablets (Pfizer Ltd) (product),Quinapril Hydrochloride,,5 mg,Angiotensin-Converting Enzyme Inhibitors,False,False
1436011000001102,Accupro,Accupro 5mg tablets (Pfizer Ltd) 28 tablet 4 x 7 tablets (product),Quinapril Hydrochloride,28.0,5 mg,Angiotensin-Converting Enzyme Inhibitors,False,False
5616811000001101,Accupro,Accupro 5mg tablets (PI) (Dowelhurst Ltd) (product),Quinapril Hydrochloride,,5 mg,Angiotensin-Converting Enzyme Inhibitors,False,False
5616911000001106,Accupro,Accupro 5mg tablets (PI) (Dowelhurst Ltd) 28 tablet 2 x 14 tablets (product),Quinapril Hydrochloride,28.0,5 mg,Angiotensin-Converting Enzyme Inhibitors,False,False
5327611000001100,Accupro,Accupro 5mg tablets (PI) (Waymade Ltd) (product),Quinapril Hydrochloride,,5 mg,Angiotensin-Converting Enzyme Inhibitors,False,False
5328011000001108,Accupro,Accupro 5mg tablets (PI) (Waymade Ltd) 30 tablet 3 x 10 tablets (product),Quinapril Hydrochloride,30.0,5 mg,Angiotensin-Converting Enzyme Inhibitors,False,False
862201000001108,Accupro,Accupro 5mg tablets 28CP,Quinapril Hydrochloride,,5 mg,Angiotensin-Converting Enzyme Inhibitors,False,False
9193601000001103,Accuretic,Accuretic (product),Quinapril Hydrochloride,,,Angiotensin-Converting Enzyme Inhibitors,False,False
2582701000001100,Accuretic,Accuretic (qualifier value),Quinapril Hydrochloride,,,Angiotensin-Converting Enzyme Inhibitors,False,False
16133111000001106,Accuretic,Accuretic 12.5mg/10mg tablets (Lexon (UK) Ltd) (product),Quinapril Hydrochloride,,12.5 mg,Angiotensin-Converting Enzyme Inhibitors,False,False
16133211000001100,Accuretic,Accuretic 12.5mg/10mg tablets (Lexon (UK) Ltd) 28 tablet (product),Quinapril Hydrochloride,28.0,12.5 mg,Angiotensin-Converting Enzyme Inhibitors,False,False
16254811000001102,Accuretic,Accuretic 12.5mg/10mg tablets (Mawdsley-Brooks & Company Ltd) (product),Quinapril Hydrochloride,,12.5 mg,Angiotensin-Converting Enzyme Inhibitors,False,False
16255011000001107,Accuretic,Accuretic 12.5mg/10mg tablets (Mawdsley-Brooks & Company Ltd) 30 tablet (product),Quinapril Hydrochloride,30.0,12.5 mg,Angiotensin-Converting Enzyme Inhibitors,False,False
260211000001104,Accuretic,Accuretic 12.5mg/10mg tablets (Pfizer Ltd) (product),Quinapril Hydrochloride,,12.5 mg,Angiotensin-Converting Enzyme Inhibitors,False,False
2605611000001109,Accuretic,Accuretic 12.5mg/10mg tablets (Pfizer Ltd) 28 tablet 4 x 7 tablets (product),Quinapril Hydrochloride,28.0,12.5 mg,Angiotensin-Converting Enzyme Inhibitors,False,False
5329311000001100,Accuretic,Accuretic 12.5mg/10mg tablets (PI) (Waymade Ltd) (product),Quinapril Hydrochloride,,12.5 mg,Angiotensin-Converting Enzyme Inhibitors,False,False
5329611000001105,Accuretic,Accuretic 12.5mg/10mg tablets (PI) (Waymade Ltd) 28 tablet 2 x 14 tablets (product),Quinapril Hydrochloride,28.0,12.5 mg,Angiotensin-Converting Enzyme Inhibitors,False,False
14035911000001107,Accuretic,Accuretic 12.5mg/10mg tablets (Sigma Pharmaceuticals Plc) (product),Quinapril Hydrochloride,,12.5 mg,Angiotensin-Converting Enzyme Inhibitors,False,False
14036011000001104,Accuretic,Accuretic 12.5mg/10mg tablets (Sigma Pharmaceuticals Plc) 28 tablet (product),Quinapril Hydrochloride,28.0,12.5 mg,Angiotensin-Converting Enzyme Inhibitors,False,False
429601000001101,Accuretic,Accuretic tablet,Quinapril Hydrochloride,,,Angiotensin-Converting Enzyme Inhibitors,False,False
9193801000001104,Acepril,Acepril (product),Captopril,,,Angiotensin-Converting Enzyme Inhibitors,False,False
3163801000001100,Acepril,Acepril (qualifier value),Captopril,,,Angiotensin-Converting Enzyme Inhibitors,False,False
569001000001106,Acepril,Acepril 12.5mg tablet,Captopril,,12.5 mg,Angiotensin-Converting Enzyme Inhibitors,False,False
660111000001107,Acepril,Acepril 12.5mg tablets (Bristol-Myers Squibb Pharmaceuticals Limited) (product),Captopril,,12.5 mg,Angiotensin-Converting Enzyme Inhibitors,False,False
1346011000001107,Acepril,Acepril 12.5mg tablets (Bristol-Myers Squibb Pharmaceuticals Limited) 100 tablet (product),Captopril,100.0,12.5 mg,Angiotensin-Converting Enzyme Inhibitors,False,False
1345911000001104,Acepril,Acepril 12.5mg tablets (Bristol-Myers Squibb Pharmaceuticals Limited) 56 tablet 4 x 14 tablets (product),Captopril,56.0,12.5 mg,Angiotensin-Converting Enzyme Inhibitors,False,False
639101000001105,Acepril,Acepril 25mg tablet,Captopril,,25 mg,Angiotensin-Converting Enzyme Inhibitors,False,False
517711000001103,Acepril,Acepril 25mg tablets (Bristol-Myers Squibb Pharmaceuticals Limited) (product),Captopril,,25 mg,Angiotensin-Converting Enzyme Inhibitors,False,False
1394711000001108,Acepril,Acepril 25mg tablets (Bristol-Myers Squibb Pharmaceuticals Limited) 100 tablet (product),Captopril,100.0,25 mg,Angiotensin-Converting Enzyme Inhibitors,False,False
1394511000001103,Acepril,Acepril 25mg tablets (Bristol-Myers Squibb Pharmaceuticals Limited) 56 tablet 4 x 14 tablets (product),Captopril,56.0,25 mg,Angiotensin-Converting Enzyme Inhibitors,False,False
1394611000001104,Acepril,Acepril 25mg tablets (Bristol-Myers Squibb Pharmaceuticals Limited) 84 tablet 6 x 14 tablets (product),Captopril,84.0,25 mg,Angiotensin-Converting Enzyme Inhibitors,False,False
860301000001103,Acepril,Acepril 25mg tablets x56,Captopril,,25 mg,Angiotensin-Converting Enzyme Inhibitors,False,False
708801000001107,Acepril,Acepril 50mg tablet,Captopril,,50 mg,Angiotensin-Converting Enzyme Inhibitors,False,False
814111000001108,Acepril,Acepril 50mg tablets (Bristol-Myers Squibb Pharmaceuticals Limited) (product),Captopril,,50 mg,Angiotensin-Converting Enzyme Inhibitors,False,False
1406311000001105,Acepril,Acepril 50mg tablets (Bristol-Myers Squibb Pharmaceuticals Limited) 100 tablet (product),Captopril,100.0,50 mg,Angiotensin-Converting Enzyme Inhibitors,False,False
1406011000001107,Acepril,Acepril 50mg tablets (Bristol-Myers Squibb Pharmaceuticals Limited) 56 tablet 4 x 14 tablets (product),Captopril,56.0,50 mg,Angiotensin-Converting Enzyme Inhibitors,False,False
1405911000001104,Acepril,Acepril 50mg tablets (Bristol-Myers Squibb Pharmaceuticals Limited) 84 tablet 6 x 14 tablets (product),Captopril,84.0,50 mg,Angiotensin-Converting Enzyme Inhibitors,False,False
2307301000001100,Acepril,Acepril 50mg tablets x56,Captopril,,50 mg,Angiotensin-Converting Enzyme Inhibitors,False,False
9193901000001105,Acezide,Acezide (product),Co-Zidocapt,,,Angiotensin-Converting Enzyme Inhibitors,False,False
3277301000001105,Acezide,Acezide (qualifier value),Co-Zidocapt,,,Angiotensin-Converting Enzyme Inhibitors,False,False
263311000001101,Acezide,Acezide 25mg/50mg tablets (Bristol-Myers Squibb Pharmaceuticals Limited) (product),Co-Zidocapt,,25 mg,Angiotensin-Converting Enzyme Inhibitors,False,False
1916511000001104,Acezide,Acezide 25mg/50mg tablets (Bristol-Myers Squibb Pharmaceuticals Limited) 28 tablet 2 x 14 tablets (product),Co-Zidocapt,28.0,25 mg,Angiotensin-Converting Enzyme Inhibitors,False,False
860601000001109,Acezide,Acezide 50mg tablets x56,Co-Zidocapt,,50 mg,Angiotensin-Converting Enzyme Inhibitors,False,False
67601000001109,Acezide,Acezide tablet,Co-Zidocapt,,,Angiotensin-Converting Enzyme Inhibitors,False,False
12089001000001107,Actelsar,Actelsar HCT (product),Telmisartan,,,Angiotensin-II Receptor Antagonists,False,False
24411411000001100,Actelsar,Actelsar HCT 40mg/12.5mg tablets (Actavis UK Ltd) (product),Telmisartan,,40 mg,Angiotensin-II Receptor Antagonists,False,False
24413311000001108,Actelsar,Actelsar HCT 40mg/12.5mg tablets (Actavis UK Ltd) 28 tablet 2 x 14 tablets (product),Telmisartan,28.0,40 mg,Angiotensin-II Receptor Antagonists,False,False
24412511000001109,Actelsar,Actelsar HCT 80mg/12.5mg tablets (Actavis UK Ltd) (product),Telmisartan,,80 mg,Angiotensin-II Receptor Antagonists,False,False
24412811000001107,Actelsar,Actelsar HCT 80mg/12.5mg tablets (Actavis UK Ltd) 28 tablet 2 x 14 tablets (product),Telmisartan,28.0,80 mg,Angiotensin-II Receptor Antagonists,False,False
24413611000001103,Actelsar,Actelsar HCT 80mg/25mg tablets (Actavis UK Ltd) (product),Telmisartan,,80 mg,Angiotensin-II Receptor Antagonists,False,False
24413711000001107,Actelsar,Actelsar HCT 80mg/25mg tablets (Actavis UK Ltd) 28 tablet 2 x 14 tablets (product),Telmisartan,28.0,80 mg,Angiotensin-II Receptor Antagonists,False,False
10713701000001104,Adcirca,Adcirca (product),Tadalafil (Vasodilator Antihypertensive),,,Vasodilator Antihypertensive Drugs,False,False
10990101000001104,Adcirca,ADCIRCA 20mg tablets,Tadalafil (Vasodilator Antihypertensive),,20 mg,Vasodilator Antihypertensive Drugs,False,False
18249011000001104,Adcirca,Adcirca 20mg tablets (Eli Lilly and Company Ltd) (product),Tadalafil (Vasodilator Antihypertensive),,20 mg,Vasodilator Antihypertensive Drugs,False,False
18249211000001109,Adcirca,Adcirca 20mg tablets (Eli Lilly and Company Ltd) 56 tablet 4 x 14 tablets (product),Tadalafil (Vasodilator Antihypertensive),56.0,20 mg,Vasodilator Antihypertensive Drugs,False,False
12087901000001103,Adempas,Adempas (product),Riociguat,,,Vasodilator Antihypertensive Drugs,False,False
24397911000001108,Adempas,Adempas 0.5mg tablets (Bayer Plc) (product),Riociguat,,0.5 mg,Vasodilator Antihypertensive Drugs,False,False
24398011000001105,Adempas,Adempas 0.5mg tablets (Bayer Plc) 42 tablet 2 x 21 tablets (product),Riociguat,42.0,0.5 mg,Vasodilator Antihypertensive Drugs,False,False
24398111000001106,Adempas,Adempas 0.5mg tablets (Bayer Plc) 84 tablet 4 x 21 tablets (product),Riociguat,84.0,0.5 mg,Vasodilator Antihypertensive Drugs,False,False
24399111000001104,Adempas,Adempas 1.5mg tablets (Bayer Plc) (product),Riociguat,,1.5 mg,Vasodilator Antihypertensive Drugs,False,False
24399411000001109,Adempas,Adempas 1.5mg tablets (Bayer Plc) 42 tablet 2 x 21 tablets (product),Riociguat,42.0,1.5 mg,Vasodilator Antihypertensive Drugs,False,False
24399311000001102,Adempas,Adempas 1.5mg tablets (Bayer Plc) 84 tablet 4 x 21 tablets (product),Riociguat,84.0,1.5 mg,Vasodilator Antihypertensive Drugs,False,False
24398411000001101,Adempas,Adempas 1mg tablets (Bayer Plc) (product),Riociguat,,1 mg,Vasodilator Antihypertensive Drugs,False,False
24398511000001102,Adempas,Adempas 1mg tablets (Bayer Plc) 42 tablet 2 x 21 tablets (product),Riociguat,42.0,1 mg,Vasodilator Antihypertensive Drugs,False,False
24398611000001103,Adempas,Adempas 1mg tablets (Bayer Plc) 84 tablet 4 x 21 tablets (product),Riociguat,84.0,1 mg,Vasodilator Antihypertensive Drugs,False,False
24400611000001105,Adempas,Adempas 2.5mg tablets (Bayer Plc) (product),Riociguat,,2.5 mg,Vasodilator Antihypertensive Drugs,False,False
24400911000001104,Adempas,Adempas 2.5mg tablets (Bayer Plc) 42 tablet 2 x 21 tablets (product),Riociguat,42.0,2.5 mg,Vasodilator Antihypertensive Drugs,False,False
24400711000001101,Adempas,Adempas 2.5mg tablets (Bayer Plc) 84 tablet 4 x 21 tablets (product),Riociguat,84.0,2.5 mg,Vasodilator Antihypertensive Drugs,False,False
24399711000001103,Adempas,Adempas 2mg tablets (Bayer Plc) (product),Riociguat,,2 mg,Vasodilator Antihypertensive Drugs,False,False
24399811000001106,Adempas,Adempas 2mg tablets (Bayer Plc) 42 tablet 2 x 21 tablets (product),Riociguat,42.0,2 mg,Vasodilator Antihypertensive Drugs,False,False
24399911000001101,Adempas,Adempas 2mg tablets (Bayer Plc) 84 tablet 4 x 21 tablets (product),Riociguat,84.0,2 mg,Vasodilator Antihypertensive Drugs,False,False
11985511000001108,Aliskiren,Aliskiren (product),Aliskiren,,,Renin Inhibitors,False,False
9043401000001101,Aliskiren,ALISKIREN (product),Aliskiren,,,Renin Inhibitors,False,False
11771711000001100,Aliskiren,Aliskiren (substance),Aliskiren,,,Renin Inhibitors,False,False
11960611000001102,Aliskiren,Aliskiren 150mg tablets (product),Aliskiren,,150 mg,Renin Inhibitors,False,False
9093201000001106,Aliskiren,ALISKIREN 150mg tablets (product),Aliskiren,,150 mg,Renin Inhibitors,False,False
11960811000001103,Aliskiren,Aliskiren 150mg tablets 28 tablet (product),Aliskiren,28.0,150 mg,Renin Inhibitors,False,False
18144011000001102,Aliskiren,Aliskiren 150mg tablets 30 tablet (product),Aliskiren,30.0,150 mg,Renin Inhibitors,False,False
11960711000001106,Aliskiren,Aliskiren 300mg tablets (product),Aliskiren,,300 mg,Renin Inhibitors,False,False
9093101000001104,Aliskiren,ALISKIREN 300mg tablets (product),Aliskiren,,300 mg,Renin Inhibitors,False,False
11961611000001107,Aliskiren,Aliskiren 300mg tablets 28 tablet (product),Aliskiren,28.0,300 mg,Renin Inhibitors,False,False
18144211000001107,Aliskiren,Aliskiren 300mg tablets 30 tablet (product),Aliskiren,30.0,300 mg,Renin Inhibitors,False,False
14254811000001107,Aliskiren,Aliskiren hemifumarate (substance),Aliskiren,,,Renin Inhibitors,False,False
9203701000001108,Alphavase,Alphavase (product),Prazosin Hydrochloride,,,Alpha-Adrenoceptor Blocking Drugs,False,False
2587101000001104,Alphavase,Alphavase (qualifier value),Prazosin Hydrochloride,,,Alpha-Adrenoceptor Blocking Drugs,False,False
934411000001100,Alphavase,Alphavase 1 tablets (Ashbourne Pharmaceuticals Ltd) (product),Prazosin Hydrochloride,1.0,,Alpha-Adrenoceptor Blocking Drugs,False,False
1509211000001102,Alphavase,Alphavase 1 tablets (Ashbourne Pharmaceuticals Ltd) 56 tablet (product),Prazosin Hydrochloride,1.0,,Alpha-Adrenoceptor Blocking Drugs,False,False
430301000001104,Alphavase,Alphavase 1mg tablet,Prazosin Hydrochloride,,1 mg,Alpha-Adrenoceptor Blocking Drugs,False,False
570011000001106,Alphavase,Alphavase 2 tablets (Ashbourne Pharmaceuticals Ltd) (product),Prazosin Hydrochloride,2.0,,Alpha-Adrenoceptor Blocking Drugs,False,False
1511711000001107,Alphavase,Alphavase 2 tablets (Ashbourne Pharmaceuticals Ltd) 56 tablet (product),Prazosin Hydrochloride,2.0,,Alpha-Adrenoceptor Blocking Drugs,False,False
499701000001103,Alphavase,Alphavase 2mg tablet,Prazosin Hydrochloride,,2 mg,Alpha-Adrenoceptor Blocking Drugs,False,False
74711000001102,Alphavase,Alphavase 5 tablets (Ashbourne Pharmaceuticals Ltd) (product),Prazosin Hydrochloride,5.0,,Alpha-Adrenoceptor Blocking Drugs,False,False
1510811000001107,Alphavase,Alphavase 5 tablets (Ashbourne Pharmaceuticals Ltd) 56 tablet (product),Prazosin Hydrochloride,5.0,,Alpha-Adrenoceptor Blocking Drugs,False,False
359801000001107,Alphavase,Alphavase 500micrograms tablet,Prazosin Hydrochloride,,,Alpha-Adrenoceptor Blocking Drugs,False,False
569601000001103,Alphavase,Alphavase 5mg tablet,Prazosin Hydrochloride,,5 mg,Alpha-Adrenoceptor Blocking Drugs,False,False
9908701000001100,Ambrisentan,AMBRISENTAN (product),Ambrisentan,,,Vasodilator Antihypertensive Drugs,False,False
9963801000001104,Ambrisentan,AMBRISENTAN 10mg tablets (product),Ambrisentan,,10 mg,Vasodilator Antihypertensive Drugs,False,False
13755911000001105,Ambrisentan,Ambrisentan 10mg tablets 30 tablet (product),Ambrisentan,30.0,10 mg,Vasodilator Antihypertensive Drugs,False,False
9963901000001105,Ambrisentan,AMBRISENTAN 5mg tablets (product),Ambrisentan,,5 mg,Vasodilator Antihypertensive Drugs,False,False
13755411000001102,Ambrisentan,Ambrisentan 5mg tablets 30 tablet (product),Ambrisentan,30.0,5 mg,Vasodilator Antihypertensive Drugs,False,False
9205101000001108,Amias,Amias (product),Candesartan Cilexetil,,,Angiotensin-II Receptor Antagonists,False,False
3333301000001107,Amias,Amias (qualifier value),Candesartan Cilexetil,,,Angiotensin-II Receptor Antagonists,False,False
3333201000001103,Amias,Amias 16mg tablet,Candesartan Cilexetil,,16 mg,Angiotensin-II Receptor Antagonists,False,False
19864911000001102,Amias,Amias 16mg tablets (Lexon (UK) Ltd) (product),Candesartan Cilexetil,,16 mg,Angiotensin-II Receptor Antagonists,False,False
19865011000001102,Amias,Amias 16mg tablets (Lexon (UK) Ltd) 30 tablet (product),Candesartan Cilexetil,30.0,16 mg,Angiotensin-II Receptor Antagonists,False,False
17490811000001102,Amias,Amias 16mg tablets (Mawdsley-Brooks & Company Ltd) (product),Candesartan Cilexetil,,16 mg,Angiotensin-II Receptor Antagonists,False,False
17490911000001107,Amias,Amias 16mg tablets (Mawdsley-Brooks & Company Ltd) 28 tablet (product),Candesartan Cilexetil,28.0,16 mg,Angiotensin-II Receptor Antagonists,False,False
17583111000001106,Amias,Amias 16mg tablets (Necessity Supplies Ltd) (product),Candesartan Cilexetil,,16 mg,Angiotensin-II Receptor Antagonists,False,False
17583211000001100,Amias,Amias 16mg tablets (Necessity Supplies Ltd) 28 tablet (product),Candesartan Cilexetil,28.0,16 mg,Angiotensin-II Receptor Antagonists,False,False
5444811000001101,Amias,Amias 16mg tablets (PI) (Dowelhurst Ltd) (product),Candesartan Cilexetil,,16 mg,Angiotensin-II Receptor Antagonists,False,False
5444911000001106,Amias,Amias 16mg tablets (PI) (Dowelhurst Ltd) 28 tablet (product),Candesartan Cilexetil,28.0,16 mg,Angiotensin-II Receptor Antagonists,False,False
5331711000001103,Amias,Amias 16mg tablets (PI) (Waymade Ltd) (product),Candesartan Cilexetil,,16 mg,Angiotensin-II Receptor Antagonists,False,False
5331911000001101,Amias,Amias 16mg tablets (PI) (Waymade Ltd) 28 tablet 2 x 14 tablets (product),Candesartan Cilexetil,28.0,16 mg,Angiotensin-II Receptor Antagonists,False,False
908511000001100,Amias,Amias 16mg tablets (Takeda UK Ltd) (product),Candesartan Cilexetil,,16 mg,Angiotensin-II Receptor Antagonists,False,False
1351911000001103,Amias,Amias 16mg tablets (Takeda UK Ltd) 28 tablet 4 x 7 tablets (product),Candesartan Cilexetil,28.0,16 mg,Angiotensin-II Receptor Antagonists,False,False
3332901000001100,Amias,Amias 2mg tablet,Candesartan Cilexetil,,2 mg,Angiotensin-II Receptor Antagonists,False,False
29959611000001109,Amias,Amias 2mg tablets (Lexon (UK) Ltd) (product),Candesartan Cilexetil,,2 mg,Angiotensin-II Receptor Antagonists,False,False
29959711000001100,Amias,Amias 2mg tablets (Lexon (UK) Ltd) 7 tablet (product),Candesartan Cilexetil,7.0,2 mg,Angiotensin-II Receptor Antagonists,False,False
18483911000001108,Amias,Amias 2mg tablets (Mawdsley-Brooks & Company Ltd) (product),Candesartan Cilexetil,,2 mg,Angiotensin-II Receptor Antagonists,False,False
18484011000001106,Amias,Amias 2mg tablets (Mawdsley-Brooks & Company Ltd) 7 tablet (product),Candesartan Cilexetil,7.0,2 mg,Angiotensin-II Receptor Antagonists,False,False
97311000001103,Amias,Amias 2mg tablets (Takeda UK Ltd) (product),Candesartan Cilexetil,,2 mg,Angiotensin-II Receptor Antagonists,False,False
1343911000001100,Amias,Amias 2mg tablets (Takeda UK Ltd) 7 tablet (product),Candesartan Cilexetil,7.0,2 mg,Angiotensin-II Receptor Antagonists,False,False
29736811000001105,Amias,Amias 2mg tablets (Waymade Healthcare Plc) (product),Candesartan Cilexetil,,2 mg,Angiotensin-II Receptor Antagonists,False,False
29736911000001100,Amias,Amias 2mg tablets (Waymade Healthcare Plc) 7 tablet (product),Candesartan Cilexetil,7.0,2 mg,Angiotensin-II Receptor Antagonists,False,False
8604301000001106,Amias,Amias 32mg tablet (product),Candesartan Cilexetil,,32 mg,Angiotensin-II Receptor Antagonists,False,False
18545111000001109,Amias,Amias 32mg tablets (Doncaster Pharmaceuticals Ltd) (product),Candesartan Cilexetil,,32 mg,Angiotensin-II Receptor Antagonists,False,False
18545211000001103,Amias,Amias 32mg tablets (Doncaster Pharmaceuticals Ltd) 28 tablet (product),Candesartan Cilexetil,28.0,32 mg,Angiotensin-II Receptor Antagonists,False,False
29959811000001108,Amias,Amias 32mg tablets (Lexon (UK) Ltd) (product),Candesartan Cilexetil,,32 mg,Angiotensin-II Receptor Antagonists,False,False
29959911000001103,Amias,Amias 32mg tablets (Lexon (UK) Ltd) 28 tablet (product),Candesartan Cilexetil,28.0,32 mg,Angiotensin-II Receptor Antagonists,False,False
16260511000001102,Amias,Amias 32mg tablets (Mawdsley-Brooks & Company Ltd) (product),Candesartan Cilexetil,,32 mg,Angiotensin-II Receptor Antagonists,False,False
16260711000001107,Amias,Amias 32mg tablets (Mawdsley-Brooks & Company Ltd) 28 tablet (product),Candesartan Cilexetil,28.0,32 mg,Angiotensin-II Receptor Antagonists,False,False
8983911000001107,Amias,Amias 32mg tablets (Takeda UK Ltd) (product),Candesartan Cilexetil,,32 mg,Angiotensin-II Receptor Antagonists,False,False
8984011000001105,Amias,Amias 32mg tablets (Takeda UK Ltd) 28 tablet 4 x 7 tablets (product),Candesartan Cilexetil,28.0,32 mg,Angiotensin-II Receptor Antagonists,False,False
21865611000001101,Amias,Amias 32mg tablets (Waymade Healthcare Plc) (product),Candesartan Cilexetil,,32 mg,Angiotensin-II Receptor Antagonists,False,False
21865711000001105,Amias,Amias 32mg tablets (Waymade Healthcare Plc) 28 tablet (product),Candesartan Cilexetil,28.0,32 mg,Angiotensin-II Receptor Antagonists,False,False
3333001000001109,Amias,Amias 4mg tablet,Candesartan Cilexetil,,4 mg,Angiotensin-II Receptor Antagonists,False,False
13827311000001102,Amias,Amias 4mg tablets (Doncaster Pharmaceuticals Ltd) (product),Candesartan Cilexetil,,4 mg,Angiotensin-II Receptor Antagonists,False,False
13827411000001109,Amias,Amias 4mg tablets (Doncaster Pharmaceuticals Ltd) 28 tablet (product),Candesartan Cilexetil,28.0,4 mg,Angiotensin-II Receptor Antagonists,False,False
13827511000001108,Amias,Amias 4mg tablets (Doncaster Pharmaceuticals Ltd) 30 tablet (product),Candesartan Cilexetil,30.0,4 mg,Angiotensin-II Receptor Antagonists,False,False
20163811000001102,Amias,Amias 4mg tablets (Doncaster Pharmaceuticals Ltd) 7 tablet (product),Candesartan Cilexetil,7.0,4 mg,Angiotensin-II Receptor Antagonists,False,False
19864311000001103,Amias,Amias 4mg tablets (Lexon (UK) Ltd) (product),Candesartan Cilexetil,,4 mg,Angiotensin-II Receptor Antagonists,False,False
19864511000001109,Amias,Amias 4mg tablets (Lexon (UK) Ltd) 30 tablet (product),Candesartan Cilexetil,30.0,4 mg,Angiotensin-II Receptor Antagonists,False,False
16260211000001100,Amias,Amias 4mg tablets (Mawdsley-Brooks & Company Ltd) (product),Candesartan Cilexetil,,4 mg,Angiotensin-II Receptor Antagonists,False,False
16260311000001108,Amias,Amias 4mg tablets (Mawdsley-Brooks & Company Ltd) 28 tablet (product),Candesartan Cilexetil,28.0,4 mg,Angiotensin-II Receptor Antagonists,False,False
17583411000001101,Amias,Amias 4mg tablets (Necessity Supplies Ltd) (product),Candesartan Cilexetil,,4 mg,Angiotensin-II Receptor Antagonists,False,False
17583611000001103,Amias,Amias 4mg tablets (Necessity Supplies Ltd) 28 tablet (product),Candesartan Cilexetil,28.0,4 mg,Angiotensin-II Receptor Antagonists,False,False
5519411000001104,Amias,Amias 4mg tablets (PI) (Dowelhurst Ltd) (product),Candesartan Cilexetil,,4 mg,Angiotensin-II Receptor Antagonists,False,False
5519611000001101,Amias,Amias 4mg tablets (PI) (Dowelhurst Ltd) 28 tablet 2 x 14 tablets (product),Candesartan Cilexetil,28.0,4 mg,Angiotensin-II Receptor Antagonists,False,False
857411000001100,Amias,Amias 4mg tablets (Takeda UK Ltd) (product),Candesartan Cilexetil,,4 mg,Angiotensin-II Receptor Antagonists,False,False
1351611000001109,Amias,Amias 4mg tablets (Takeda UK Ltd) 28 tablet 4 x 7 tablets (product),Candesartan Cilexetil,28.0,4 mg,Angiotensin-II Receptor Antagonists,False,False
1351511000001105,Amias,Amias 4mg tablets (Takeda UK Ltd) 7 tablet (product),Candesartan Cilexetil,7.0,4 mg,Angiotensin-II Receptor Antagonists,False,False
19734011000001105,Amias,Amias 4mg tablets (Waymade Healthcare Plc) (product),Candesartan Cilexetil,,4 mg,Angiotensin-II Receptor Antagonists,False,False
20311311000001100,Amias,Amias 4mg tablets (Waymade Healthcare Plc) 28 tablet (product),Candesartan Cilexetil,28.0,4 mg,Angiotensin-II Receptor Antagonists,False,False
19734111000001106,Amias,Amias 4mg tablets (Waymade Healthcare Plc) 7 tablet (product),Candesartan Cilexetil,7.0,4 mg,Angiotensin-II Receptor Antagonists,False,False
3333101000001105,Amias,Amias 8mg tablet,Candesartan Cilexetil,,8 mg,Angiotensin-II Receptor Antagonists,False,False
13827611000001107,Amias,Amias 8mg tablets (Doncaster Pharmaceuticals Ltd) (product),Candesartan Cilexetil,,8 mg,Angiotensin-II Receptor Antagonists,False,False
13827711000001103,Amias,Amias 8mg tablets (Doncaster Pharmaceuticals Ltd) 28 tablet (product),Candesartan Cilexetil,28.0,8 mg,Angiotensin-II Receptor Antagonists,False,False
13827811000001106,Amias,Amias 8mg tablets (Doncaster Pharmaceuticals Ltd) 30 tablet (product),Candesartan Cilexetil,30.0,8 mg,Angiotensin-II Receptor Antagonists,False,False
19864711000001104,Amias,Amias 8mg tablets (Lexon (UK) Ltd) (product),Candesartan Cilexetil,,8 mg,Angiotensin-II Receptor Antagonists,False,False
19864811000001107,Amias,Amias 8mg tablets (Lexon (UK) Ltd) 30 tablet (product),Candesartan Cilexetil,30.0,8 mg,Angiotensin-II Receptor Antagonists,False,False
19726911000001104,Amias,Amias 8mg tablets (Mawdsley-Brooks & Company Ltd) (product),Candesartan Cilexetil,,8 mg,Angiotensin-II Receptor Antagonists,False,False
19727111000001104,Amias,Amias 8mg tablets (Mawdsley-Brooks & Company Ltd) 28 tablet (product),Candesartan Cilexetil,28.0,8 mg,Angiotensin-II Receptor Antagonists,False,False
17583811000001104,Amias,Amias 8mg tablets (Necessity Supplies Ltd) (product),Candesartan Cilexetil,,8 mg,Angiotensin-II Receptor Antagonists,False,False
17584011000001107,Amias,Amias 8mg tablets (Necessity Supplies Ltd) 28 tablet (product),Candesartan Cilexetil,28.0,8 mg,Angiotensin-II Receptor Antagonists,False,False
5444311000001105,Amias,Amias 8mg tablets (PI) (Dowelhurst Ltd) (product),Candesartan Cilexetil,,8 mg,Angiotensin-II Receptor Antagonists,False,False
5444411000001103,Amias,Amias 8mg tablets (PI) (Dowelhurst Ltd) 28 tablet 2 x 14 tablets (product),Candesartan Cilexetil,28.0,8 mg,Angiotensin-II Receptor Antagonists,False,False
5331511000001108,Amias,Amias 8mg tablets (PI) (Waymade Ltd) (product),Candesartan Cilexetil,,8 mg,Angiotensin-II Receptor Antagonists,False,False
5331611000001107,Amias,Amias 8mg tablets (PI) (Waymade Ltd) 28 tablet 2 x 14 tablets (product),Candesartan Cilexetil,28.0,8 mg,Angiotensin-II Receptor Antagonists,False,False
36011000001106,Amias,Amias 8mg tablets (Takeda UK Ltd) (product),Candesartan Cilexetil,,8 mg,Angiotensin-II Receptor Antagonists,False,False
1351811000001108,Amias,Amias 8mg tablets (Takeda UK Ltd) 28 tablet 4 x 7 tablets (product),Candesartan Cilexetil,28.0,8 mg,Angiotensin-II Receptor Antagonists,False,False
11169511000001106,Valsartan,Amlodipine + Valsartan (product),Valsartan,,,Angiotensin-II Receptor Antagonists,True,False
8960301000001104,Valsartan,AMLODIPINE + VALSARTAN (product),Valsartan,,,Angiotensin-II Receptor Antagonists,True,False
9000401000001104,Valsartan,AMLODIPINE+VALSARTAN 10mg/160mg tablets (product),Valsartan,,10 mg,Angiotensin-II Receptor Antagonists,True,False
9000301000001107,Valsartan,AMLODIPINE+VALSARTAN 5mg/160mg tablets (product),Valsartan,,5 mg,Angiotensin-II Receptor Antagonists,True,False
9000201000001103,Valsartan,AMLODIPINE+VALSARTAN 5mg/80mg tablets (product),Valsartan,,5 mg,Angiotensin-II Receptor Antagonists,True,False
10637411000001100,Apo-Hydralazine,Apo-Hydralazine 10mg tablets (Apotex Inc) (product),Hydralazine Hydrochloride,,10 mg,Vasodilator Antihypertensive Drugs,False,False
10637511000001101,Apo-Hydralazine,Apo-Hydralazine 10mg tablets (Apotex Inc) 100 tablet (product),Hydralazine Hydrochloride,100.0,10 mg,Vasodilator Antihypertensive Drugs,False,False
9211501000001103,Apresoline,Apresoline (product),Hydralazine Hydrochloride,,,Vasodilator Antihypertensive Drugs,False,False
2590801000001107,Apresoline,Apresoline (qualifier value),Hydralazine Hydrochloride,,,Vasodilator Antihypertensive Drugs,False,False
295901000001104,Apresoline,Apresoline 20mg injection (pdr for recon),Hydralazine Hydrochloride,,20 mg,Vasodilator Antihypertensive Drugs,False,False
3925011000001100,Apresoline,Apresoline 20mg powder for solution for injection ampoules (Sovereign Medical) (product),Hydralazine Hydrochloride,,20 mg,Vasodilator Antihypertensive Drugs,False,False
3925111000001104,Apresoline,Apresoline 20mg powder for solution for injection ampoules (Sovereign Medical) 5 ampoule 5 x 20mg ampoules (product),Hydralazine Hydrochloride,,20 mg,Vasodilator Antihypertensive Drugs,False,False
500601000001109,Apresoline,Apresoline 25mg tablet,Hydralazine Hydrochloride,,25 mg,Vasodilator Antihypertensive Drugs,False,False
657011000001101,Apresoline,Apresoline 25mg tablets (Sovereign Medical) (product),Hydralazine Hydrochloride,,25 mg,Vasodilator Antihypertensive Drugs,False,False
1391211000001103,Apresoline,Apresoline 25mg tablets (Sovereign Medical) 84 tablet (product),Hydralazine Hydrochloride,84.0,25 mg,Vasodilator Antihypertensive Drugs,False,False
431101000001108,Apresoline,Apresoline 50mg tablet,Hydralazine Hydrochloride,,50 mg,Vasodilator Antihypertensive Drugs,False,False
9211701000001109,Aprovel,Aprovel (product),Irbesartan,,,Angiotensin-II Receptor Antagonists,False,False
3037201000001107,Aprovel,Aprovel (qualifier value),Irbesartan,,,Angiotensin-II Receptor Antagonists,False,False
9429501000001108,Aprovel,Aprovel (qualifier value),Irbesartan,,,Angiotensin-II Receptor Antagonists,False,False
3037001000001101,Aprovel,Aprovel 150mg tablet,Irbesartan,,150 mg,Angiotensin-II Receptor Antagonists,False,False
13828511000001107,Aprovel,Aprovel 150mg tablets (Doncaster Pharmaceuticals Ltd) (product),Irbesartan,,150 mg,Angiotensin-II Receptor Antagonists,False,False
13828611000001106,Aprovel,Aprovel 150mg tablets (Doncaster Pharmaceuticals Ltd) 28 tablet (product),Irbesartan,28.0,150 mg,Angiotensin-II Receptor Antagonists,False,False
29960411000001105,Aprovel,Aprovel 150mg tablets (Lexon (UK) Ltd) (product),Irbesartan,,150 mg,Angiotensin-II Receptor Antagonists,False,False
29960511000001109,Aprovel,Aprovel 150mg tablets (Lexon (UK) Ltd) 28 tablet (product),Irbesartan,28.0,150 mg,Angiotensin-II Receptor Antagonists,False,False
16263611000001107,Aprovel,Aprovel 150mg tablets (Mawdsley-Brooks & Company Ltd) (product),Irbesartan,,150 mg,Angiotensin-II Receptor Antagonists,False,False
16263811000001106,Aprovel,Aprovel 150mg tablets (Mawdsley-Brooks & Company Ltd) 28 tablet (product),Irbesartan,28.0,150 mg,Angiotensin-II Receptor Antagonists,False,False
17586211000001107,Aprovel,Aprovel 150mg tablets (Necessity Supplies Ltd) (product),Irbesartan,,150 mg,Angiotensin-II Receptor Antagonists,False,False
17586311000001104,Aprovel,Aprovel 150mg tablets (Necessity Supplies Ltd) 28 tablet (product),Irbesartan,28.0,150 mg,Angiotensin-II Receptor Antagonists,False,False
10461311000001105,Aprovel,Aprovel 150mg tablets (PI) (Dowelhurst Ltd) (product),Irbesartan,,150 mg,Angiotensin-II Receptor Antagonists,False,False
10461511000001104,Aprovel,Aprovel 150mg tablets (PI) (Dowelhurst Ltd) 28 tablet (product),Irbesartan,28.0,150 mg,Angiotensin-II Receptor Antagonists,False,False
5333211000001109,Aprovel,Aprovel 150mg tablets (PI) (Waymade Ltd) (product),Irbesartan,,150 mg,Angiotensin-II Receptor Antagonists,False,False
5333311000001101,Aprovel,Aprovel 150mg tablets (PI) (Waymade Ltd) 28 tablet 2 x 14 tablets (product),Irbesartan,28.0,150 mg,Angiotensin-II Receptor Antagonists,False,False
859711000001103,Aprovel,Aprovel 150mg tablets (Sanofi-Synthelabo Ltd) (product),Irbesartan,,150 mg,Angiotensin-II Receptor Antagonists,False,False
1355511000001108,Aprovel,Aprovel 150mg tablets (Sanofi-Synthelabo Ltd) 28 tablet 2 x 14 tablets (product),Irbesartan,28.0,150 mg,Angiotensin-II Receptor Antagonists,False,False
14193511000001100,Aprovel,Aprovel 150mg tablets (Sigma Pharmaceuticals Plc) (product),Irbesartan,,150 mg,Angiotensin-II Receptor Antagonists,False,False
14193611000001101,Aprovel,Aprovel 150mg tablets (Sigma Pharmaceuticals Plc) 28 tablet (product),Irbesartan,28.0,150 mg,Angiotensin-II Receptor Antagonists,False,False
3037101000001100,Aprovel,Aprovel 300mg tablet,Irbesartan,,300 mg,Angiotensin-II Receptor Antagonists,False,False
13828711000001102,Aprovel,Aprovel 300mg tablets (Doncaster Pharmaceuticals Ltd) (product),Irbesartan,,300 mg,Angiotensin-II Receptor Antagonists,False,False
13828811000001105,Aprovel,Aprovel 300mg tablets (Doncaster Pharmaceuticals Ltd) 28 tablet (product),Irbesartan,28.0,300 mg,Angiotensin-II Receptor Antagonists,False,False
29960611000001108,Aprovel,Aprovel 300mg tablets (Lexon (UK) Ltd) (product),Irbesartan,,300 mg,Angiotensin-II Receptor Antagonists,False,False
29960711000001104,Aprovel,Aprovel 300mg tablets (Lexon (UK) Ltd) 28 tablet (product),Irbesartan,28.0,300 mg,Angiotensin-II Receptor Antagonists,False,False
16263911000001101,Aprovel,Aprovel 300mg tablets (Mawdsley-Brooks & Company Ltd) (product),Irbesartan,,300 mg,Angiotensin-II Receptor Antagonists,False,False
16264211000001108,Aprovel,Aprovel 300mg tablets (Mawdsley-Brooks & Company Ltd) 28 tablet (product),Irbesartan,28.0,300 mg,Angiotensin-II Receptor Antagonists,False,False
17586511000001105,Aprovel,Aprovel 300mg tablets (Necessity Supplies Ltd) (product),Irbesartan,,300 mg,Angiotensin-II Receptor Antagonists,False,False
17586711000001100,Aprovel,Aprovel 300mg tablets (Necessity Supplies Ltd) 28 tablet (product),Irbesartan,28.0,300 mg,Angiotensin-II Receptor Antagonists,False,False
10461811000001101,Aprovel,Aprovel 300mg tablets (PI) (Dowelhurst Ltd) (product),Irbesartan,,300 mg,Angiotensin-II Receptor Antagonists,False,False
10461911000001106,Aprovel,Aprovel 300mg tablets (PI) (Dowelhurst Ltd) 28 tablet (product),Irbesartan,28.0,300 mg,Angiotensin-II Receptor Antagonists,False,False
5333411000001108,Aprovel,Aprovel 300mg tablets (PI) (Waymade Ltd) (product),Irbesartan,,300 mg,Angiotensin-II Receptor Antagonists,False,False
5333511000001107,Aprovel,Aprovel 300mg tablets (PI) (Waymade Ltd) 28 tablet 2 x 14 tablets (product),Irbesartan,28.0,300 mg,Angiotensin-II Receptor Antagonists,False,False
323211000001107,Aprovel,Aprovel 300mg tablets (Sanofi-Synthelabo Ltd) (product),Irbesartan,,300 mg,Angiotensin-II Receptor Antagonists,False,False
1355811000001106,Aprovel,Aprovel 300mg tablets (Sanofi-Synthelabo Ltd) 28 tablet 2 x 14 tablets (product),Irbesartan,28.0,300 mg,Angiotensin-II Receptor Antagonists,False,False
14193711000001105,Aprovel,Aprovel 300mg tablets (Sigma Pharmaceuticals Plc) (product),Irbesartan,,300 mg,Angiotensin-II Receptor Antagonists,False,False
14193811000001102,Aprovel,Aprovel 300mg tablets (Sigma Pharmaceuticals Plc) 28 tablet (product),Irbesartan,28.0,300 mg,Angiotensin-II Receptor Antagonists,False,False
3036801000001106,Aprovel,Aprovel 75mg tablet,Irbesartan,,75 mg,Angiotensin-II Receptor Antagonists,False,False
13828311000001101,Aprovel,Aprovel 75mg tablets (Doncaster Pharmaceuticals Ltd) (product),Irbesartan,,75 mg,Angiotensin-II Receptor Antagonists,False,False
13828411000001108,Aprovel,Aprovel 75mg tablets (Doncaster Pharmaceuticals Ltd) 28 tablet (product),Irbesartan,28.0,75 mg,Angiotensin-II Receptor Antagonists,False,False
29960211000001106,Aprovel,Aprovel 75mg tablets (Lexon (UK) Ltd) (product),Irbesartan,,75 mg,Angiotensin-II Receptor Antagonists,False,False
29960311000001103,Aprovel,Aprovel 75mg tablets (Lexon (UK) Ltd) 28 tablet (product),Irbesartan,28.0,75 mg,Angiotensin-II Receptor Antagonists,False,False
16263211000001105,Aprovel,Aprovel 75mg tablets (Mawdsley-Brooks & Company Ltd) (product),Irbesartan,,75 mg,Angiotensin-II Receptor Antagonists,False,False
16263411000001109,Aprovel,Aprovel 75mg tablets (Mawdsley-Brooks & Company Ltd) 28 tablet (product),Irbesartan,28.0,75 mg,Angiotensin-II Receptor Antagonists,False,False
17491911000001100,Aprovel,Aprovel 75mg tablets (Mawdsley-Brooks & Company Ltd) 30 tablet (product),Irbesartan,30.0,75 mg,Angiotensin-II Receptor Antagonists,False,False
17585611000001104,Aprovel,Aprovel 75mg tablets (Necessity Supplies Ltd) (product),Irbesartan,,75 mg,Angiotensin-II Receptor Antagonists,False,False
17585911000001105,Aprovel,Aprovel 75mg tablets (Necessity Supplies Ltd) 28 tablet (product),Irbesartan,28.0,75 mg,Angiotensin-II Receptor Antagonists,False,False
17606011000001107,Aprovel,Aprovel 75mg tablets (Necessity Supplies Ltd) 84 tablet (product),Irbesartan,84.0,75 mg,Angiotensin-II Receptor Antagonists,False,False
10462111000001103,Aprovel,Aprovel 75mg tablets (PI) (Dowelhurst Ltd) (product),Irbesartan,,75 mg,Angiotensin-II Receptor Antagonists,False,False
10462311000001101,Aprovel,Aprovel 75mg tablets (PI) (Dowelhurst Ltd) 28 tablet (product),Irbesartan,28.0,75 mg,Angiotensin-II Receptor Antagonists,False,False
5333011000001104,Aprovel,Aprovel 75mg tablets (PI) (Waymade Ltd) (product),Irbesartan,,75 mg,Angiotensin-II Receptor Antagonists,False,False
5333111000001103,Aprovel,Aprovel 75mg tablets (PI) (Waymade Ltd) 28 tablet 2 x 14 tablets (product),Irbesartan,28.0,75 mg,Angiotensin-II Receptor Antagonists,False,False
434511000001104,Aprovel,Aprovel 75mg tablets (Sanofi-Synthelabo Ltd) (product),Irbesartan,,75 mg,Angiotensin-II Receptor Antagonists,False,False
1630911000001104,Aprovel,Aprovel 75mg tablets (Sanofi-Synthelabo Ltd) 28 tablet 2 x 14 tablets (product),Irbesartan,28.0,75 mg,Angiotensin-II Receptor Antagonists,False,False
14193911000001107,Aprovel,Aprovel 75mg tablets (Sigma Pharmaceuticals Plc) (product),Irbesartan,,75 mg,Angiotensin-II Receptor Antagonists,False,False
14194011000001105,Aprovel,Aprovel 75mg tablets (Sigma Pharmaceuticals Plc) 28 tablet (product),Irbesartan,28.0,75 mg,Angiotensin-II Receptor Antagonists,False,False
19374711000001108,Aprovel,Aprovel 75mg tablets (Waymade Healthcare Plc) 30 tablet (product),Irbesartan,30.0,75 mg,Angiotensin-II Receptor Antagonists,False,False
2736101000001107,Arfonad,Arfonad (qualifier value),Trimetaphan Camsilate,,,Ganglion-Blocking Drugs,False,False
135701000001105,Arfonad,Arfonad 250mg/5mL infusion concentrate,Trimetaphan Camsilate,,250 mg/5 ml,Ganglion-Blocking Drugs,False,False
11581201000001103,Azilsartan Medoxomil,AZILSARTAN MEDOXOMIL 20mg tablets,Azilsartan Medoxomil,,20 mg,Angiotensin-II Receptor Antagonists,False,False
11581401000001104,Azilsartan Medoxomil,AZILSARTAN MEDOXOMIL 40mg tablets,Azilsartan Medoxomil,,40 mg,Angiotensin-II Receptor Antagonists,False,False
11581601000001101,Azilsartan Medoxomil,AZILSARTAN MEDOXOMIL 80mg tablets,Azilsartan Medoxomil,,80 mg,Angiotensin-II Receptor Antagonists,False,False
9219501000001102,Baratol,Baratol (product),Indoramin,,,Alpha-Adrenoceptor Blocking Drugs,False,False
2736501000001102,Baratol,Baratol (qualifier value),Indoramin,,,Alpha-Adrenoceptor Blocking Drugs,False,False
711701000001106,Baratol,Baratol 25mg tablet,Indoramin,,25 mg,Alpha-Adrenoceptor Blocking Drugs,False,False
3689111000001107,Baratol,Baratol 25mg tablets (Shire Pharmaceuticals Ltd) (product),Indoramin,,25 mg,Alpha-Adrenoceptor Blocking Drugs,False,False
3689211000001101,Baratol,Baratol 25mg tablets (Shire Pharmaceuticals Ltd) 84 tablet (product),Indoramin,84.0,25 mg,Alpha-Adrenoceptor Blocking Drugs,False,False
781901000001105,Baratol,Baratol 50mg tablet,Indoramin,,50 mg,Alpha-Adrenoceptor Blocking Drugs,False,False
2596501000001106,Bendogen,Bendogen (qualifier value),Betanidine Sulfate,,,Adrenergic Neurone Blocking Drugs,False,False
362201000001106,Bendogen,Bendogen 10mg tablet,Betanidine Sulfate,,10 mg,Adrenergic Neurone Blocking Drugs,False,False
1928301000001102,Bendogen,Bendogen 50mg tablet,Betanidine Sulfate,,50 mg,Adrenergic Neurone Blocking Drugs,False,False
12866601000001106,Benph,Benph (product),Terazosin Hydrochloride,,,Alpha-Adrenoceptor Blocking Drugs,False,False
33630711000001107,Benph,Benph 2mg tablets (Mylan Ltd) (product),Terazosin Hydrochloride,,2 mg,Alpha-Adrenoceptor Blocking Drugs,False,False
33630811000001104,Benph,Benph 2mg tablets (Mylan Ltd) 28 tablet (product),Terazosin Hydrochloride,28.0,2 mg,Alpha-Adrenoceptor Blocking Drugs,False,False
33628611000001102,Benph,Benph 5mg tablets (Mylan Ltd) (product),Terazosin Hydrochloride,,5 mg,Alpha-Adrenoceptor Blocking Drugs,False,False
33628711000001106,Benph,Benph 5mg tablets (Mylan Ltd) 28 tablet 2 x 14 tablets (product),Terazosin Hydrochloride,28.0,5 mg,Alpha-Adrenoceptor Blocking Drugs,False,False
4311201000001105,Bosentan,Bosentan (product),Bosentan,,,Vasodilator Antihypertensive Drugs,False,False
4777911000001102,Bosentan,Bosentan (substance),Bosentan,,,Vasodilator Antihypertensive Drugs,False,False
35848011000001109,Bosentan,Bosentan 125mg tablets (Accord Healthcare Ltd) (product),Bosentan,,125 mg,Vasodilator Antihypertensive Drugs,False,False
35848111000001105,Bosentan,Bosentan 125mg tablets (Accord Healthcare Ltd) 56 tablet 4 x 14 tablets (product),Bosentan,56.0,125 mg,Vasodilator Antihypertensive Drugs,False,False
36393411000001104,Bosentan,Bosentan 125mg tablets (Dr Reddy's Laboratories (UK) Ltd) (product),Bosentan,,125 mg,Vasodilator Antihypertensive Drugs,False,False
36393611000001101,Bosentan,Bosentan 125mg tablets (Dr Reddy's Laboratories (UK) Ltd) 56 tablet 4 x 14 tablets (product),Bosentan,56.0,125 mg,Vasodilator Antihypertensive Drugs,False,False
35244111000001106,Bosentan,Bosentan 125mg tablets (Milpharm Ltd) (product),Bosentan,,125 mg,Vasodilator Antihypertensive Drugs,False,False
35244211000001100,Bosentan,Bosentan 125mg tablets (Milpharm Ltd) 56 tablet (product),Bosentan,56.0,125 mg,Vasodilator Antihypertensive Drugs,False,False
34783611000001109,Bosentan,Bosentan 125mg tablets (Mylan Ltd) (product),Bosentan,,125 mg,Vasodilator Antihypertensive Drugs,False,False
34783711000001100,Bosentan,Bosentan 125mg tablets (Mylan Ltd) 56 tablet 4 x 14 tablets (product),Bosentan,56.0,125 mg,Vasodilator Antihypertensive Drugs,False,False
4776611000001106,Bosentan,Bosentan 125mg tablets (product),Bosentan,,125 mg,Vasodilator Antihypertensive Drugs,False,False
34817311000001105,Bosentan,Bosentan 125mg tablets (Zentiva) (product),Bosentan,,125 mg,Vasodilator Antihypertensive Drugs,False,False
34817411000001103,Bosentan,Bosentan 125mg tablets (Zentiva) 56 tablet 4 x 14 tablets (product),Bosentan,56.0,125 mg,Vasodilator Antihypertensive Drugs,False,False
4765611000001109,Bosentan,Bosentan 125mg tablets 56 tablet (product),Bosentan,56.0,125 mg,Vasodilator Antihypertensive Drugs,False,False
35848211000001104,Bosentan,Bosentan 62.5mg tablets (Accord Healthcare Ltd) (product),Bosentan,,62.5 mg,Vasodilator Antihypertensive Drugs,False,False
35848311000001107,Bosentan,Bosentan 62.5mg tablets (Accord Healthcare Ltd) 56 tablet 4 x 14 tablets (product),Bosentan,56.0,62.5 mg,Vasodilator Antihypertensive Drugs,False,False
36394411000001101,Bosentan,Bosentan 62.5mg tablets (Dr Reddy's Laboratories (UK) Ltd) (product),Bosentan,,62.5 mg,Vasodilator Antihypertensive Drugs,False,False
36394511000001102,Bosentan,Bosentan 62.5mg tablets (Dr Reddy's Laboratories (UK) Ltd) 56 tablet 4 x 14 tablets (product),Bosentan,56.0,62.5 mg,Vasodilator Antihypertensive Drugs,False,False
35244311000001108,Bosentan,Bosentan 62.5mg tablets (Milpharm Ltd) (product),Bosentan,,62.5 mg,Vasodilator Antihypertensive Drugs,False,False
35244411000001101,Bosentan,Bosentan 62.5mg tablets (Milpharm Ltd) 56 tablet (product),Bosentan,56.0,62.5 mg,Vasodilator Antihypertensive Drugs,False,False
34783311000001104,Bosentan,Bosentan 62.5mg tablets (Mylan Ltd) (product),Bosentan,,62.5 mg,Vasodilator Antihypertensive Drugs,False,False
34783411000001106,Bosentan,Bosentan 62.5mg tablets (Mylan Ltd) 56 tablet 4 x 14 tablets (product),Bosentan,56.0,62.5 mg,Vasodilator Antihypertensive Drugs,False,False
4776711000001102,Bosentan,Bosentan 62.5mg tablets (product),Bosentan,,62.5 mg,Vasodilator Antihypertensive Drugs,False,False
34817111000001108,Bosentan,Bosentan 62.5mg tablets (Zentiva) (product),Bosentan,,62.5 mg,Vasodilator Antihypertensive Drugs,False,False
34817211000001102,Bosentan,Bosentan 62.5mg tablets (Zentiva) 56 tablet 4 x 14 tablets (product),Bosentan,56.0,62.5 mg,Vasodilator Antihypertensive Drugs,False,False
4765011000001102,Bosentan,Bosentan 62.5mg tablets 56 tablet (product),Bosentan,56.0,62.5 mg,Vasodilator Antihypertensive Drugs,False,False
4778011000001100,Bosentan,Bosentan monohydrate (substance),Bosentan,,,Vasodilator Antihypertensive Drugs,False,False
4175501000001108,Bosentan,Bosentan monohydrate 125mg tablet - product,Bosentan,,125 mg,Vasodilator Antihypertensive Drugs,False,False
4175401000001109,Bosentan,Bosentan monohydrate 62.5mg tablet - product,Bosentan,,62.5 mg,Vasodilator Antihypertensive Drugs,False,False
20496211000001106,Candesartan,Candesartan 16mg tablets (A A H Pharmaceuticals Ltd) (product),Candesartan Cilexetil,,16 mg,Angiotensin-II Receptor Antagonists,False,False
20496511000001109,Candesartan,Candesartan 16mg tablets (A A H Pharmaceuticals Ltd) 28 tablet (product),Candesartan Cilexetil,28.0,16 mg,Angiotensin-II Receptor Antagonists,False,False
20484011000001107,Candesartan,Candesartan 16mg tablets (Actavis UK Ltd) (product),Candesartan Cilexetil,,16 mg,Angiotensin-II Receptor Antagonists,False,False
20484111000001108,Candesartan,Candesartan 16mg tablets (Actavis UK Ltd) 28 tablet 4 x 7 tablets (product),Candesartan Cilexetil,28.0,16 mg,Angiotensin-II Receptor Antagonists,False,False
20509411000001107,Candesartan,Candesartan 16mg tablets (Alliance Healthcare (Distribution) Ltd) (product),Candesartan Cilexetil,,16 mg,Angiotensin-II Receptor Antagonists,False,False
20509611000001105,Candesartan,Candesartan 16mg tablets (Alliance Healthcare (Distribution) Ltd) 28 tablet (product),Candesartan Cilexetil,28.0,16 mg,Angiotensin-II Receptor Antagonists,False,False
34678811000001102,Candesartan,Candesartan 16mg tablets (Almus Pharmaceuticals Ltd) (product),Candesartan Cilexetil,,16 mg,Angiotensin-II Receptor Antagonists,False,False
34678911000001107,Candesartan,Candesartan 16mg tablets (Almus Pharmaceuticals Ltd) 28 tablet 4 x 7 tablets (product),Candesartan Cilexetil,28.0,16 mg,Angiotensin-II Receptor Antagonists,False,False
20568711000001109,Candesartan,Candesartan 16mg tablets (Arrow Generics Ltd) (product),Candesartan Cilexetil,,16 mg,Angiotensin-II Receptor Antagonists,False,False
20568811000001101,Candesartan,Candesartan 16mg tablets (Arrow Generics Ltd) 28 tablet 4 x 7 tablets (product),Candesartan Cilexetil,28.0,16 mg,Angiotensin-II Receptor Antagonists,False,False
20530511000001105,Candesartan,Candesartan 16mg tablets (Consilient Health Ltd) (product),Candesartan Cilexetil,,16 mg,Angiotensin-II Receptor Antagonists,False,False
20530611000001109,Candesartan,Candesartan 16mg tablets (Consilient Health Ltd) 28 tablet 2 x 14 tablets (product),Candesartan Cilexetil,28.0,16 mg,Angiotensin-II Receptor Antagonists,False,False
34006411000001103,Candesartan,Candesartan 16mg tablets (Crescent Pharma Ltd) (product),Candesartan Cilexetil,,16 mg,Angiotensin-II Receptor Antagonists,False,False
34006511000001104,Candesartan,Candesartan 16mg tablets (Crescent Pharma Ltd) 28 tablet 4 x 7 tablets (product),Candesartan Cilexetil,28.0,16 mg,Angiotensin-II Receptor Antagonists,False,False
22626011000001102,Candesartan,Candesartan 16mg tablets (Doncaster Pharmaceuticals Ltd) (product),Candesartan Cilexetil,,16 mg,Angiotensin-II Receptor Antagonists,False,False
22626211000001107,Candesartan,Candesartan 16mg tablets (Doncaster Pharmaceuticals Ltd) 28 tablet (product),Candesartan Cilexetil,28.0,16 mg,Angiotensin-II Receptor Antagonists,False,False
18623311000001100,Candesartan,Candesartan 16mg tablets (Doncaster Pharmaceuticals Ltd) 30 tablet (product),Candesartan Cilexetil,30.0,16 mg,Angiotensin-II Receptor Antagonists,False,False
32746511000001101,Candesartan,Candesartan 16mg tablets (Genesis Pharmaceuticals Ltd) (product),Candesartan Cilexetil,,16 mg,Angiotensin-II Receptor Antagonists,False,False
32746611000001102,Candesartan,Candesartan 16mg tablets (Genesis Pharmaceuticals Ltd) 28 tablet 2 x 14 tablets (product),Candesartan Cilexetil,28.0,16 mg,Angiotensin-II Receptor Antagonists,False,False
37055511000001109,Candesartan,Candesartan 16mg tablets (Mawdsley-Brooks & Company Ltd) (product),Candesartan Cilexetil,,16 mg,Angiotensin-II Receptor Antagonists,False,False
37055611000001108,Candesartan,Candesartan 16mg tablets (Mawdsley-Brooks & Company Ltd) 28 tablet (product),Candesartan Cilexetil,28.0,16 mg,Angiotensin-II Receptor Antagonists,False,False
16354111000001104,Candesartan,Candesartan 16mg tablets (Mawdsley-Brooks & Company Ltd) 30 tablet (product),Candesartan Cilexetil,30.0,16 mg,Angiotensin-II Receptor Antagonists,False,False
35140311000001103,Candesartan,Candesartan 16mg tablets (Milpharm Ltd) (product),Candesartan Cilexetil,,16 mg,Angiotensin-II Receptor Antagonists,False,False
35140411000001105,Candesartan,Candesartan 16mg tablets (Milpharm Ltd) 28 tablet (product),Candesartan Cilexetil,28.0,16 mg,Angiotensin-II Receptor Antagonists,False,False
33583111000001104,Candesartan,Candesartan 16mg tablets (Mylan Ltd) (product),Candesartan Cilexetil,,16 mg,Angiotensin-II Receptor Antagonists,False,False
33583211000001105,Candesartan,Candesartan 16mg tablets (Mylan Ltd) 28 tablet (product),Candesartan Cilexetil,28.0,16 mg,Angiotensin-II Receptor Antagonists,False,False
23647111000001107,Candesartan,Candesartan 16mg tablets (Phoenix Healthcare Distribution Ltd) (product),Candesartan Cilexetil,,16 mg,Angiotensin-II Receptor Antagonists,False,False
23647211000001101,Candesartan,Candesartan 16mg tablets (Phoenix Healthcare Distribution Ltd) 28 tablet (product),Candesartan Cilexetil,28.0,16 mg,Angiotensin-II Receptor Antagonists,False,False
13840611000001106,Candesartan,Candesartan 16mg tablets (PI) (Doncaster Pharmaceuticals Ltd) (product),Candesartan Cilexetil,,16 mg,Angiotensin-II Receptor Antagonists,False,False
13840711000001102,Candesartan,Candesartan 16mg tablets (PI) (Doncaster Pharmaceuticals Ltd) 28 tablet (product),Candesartan Cilexetil,28.0,16 mg,Angiotensin-II Receptor Antagonists,False,False
5445211000001101,Candesartan,Candesartan 16mg tablets (PI) (Dowelhurst Ltd) (product),Candesartan Cilexetil,,16 mg,Angiotensin-II Receptor Antagonists,False,False
5445311000001109,Candesartan,Candesartan 16mg tablets (PI) (Dowelhurst Ltd) 28 tablet (product),Candesartan Cilexetil,28.0,16 mg,Angiotensin-II Receptor Antagonists,False,False
5482411000001104,Candesartan,Candesartan 16mg tablets (PI) (Dowelhurst Ltd) 28 tablet 2 x 14 tablets (product),Candesartan Cilexetil,28.0,16 mg,Angiotensin-II Receptor Antagonists,False,False
16353811000001108,Candesartan,Candesartan 16mg tablets (PI) (Mawdsley-Brooks & Company Ltd) (product),Candesartan Cilexetil,,16 mg,Angiotensin-II Receptor Antagonists,False,False
14312711000001106,Candesartan,Candesartan 16mg tablets (PI) (Sigma Pharmaceuticals Plc) (product),Candesartan Cilexetil,,16 mg,Angiotensin-II Receptor Antagonists,False,False
14312811000001103,Candesartan,Candesartan 16mg tablets (PI) (Sigma Pharmaceuticals Plc) 28 tablet (product),Candesartan Cilexetil,28.0,16 mg,Angiotensin-II Receptor Antagonists,False,False
5345711000001100,Candesartan,Candesartan 16mg tablets (PI) (Waymade Ltd) (product),Candesartan Cilexetil,,16 mg,Angiotensin-II Receptor Antagonists,False,False
5345811000001108,Candesartan,Candesartan 16mg tablets (PI) (Waymade Ltd) 28 tablet 2 x 14 tablets (product),Candesartan Cilexetil,28.0,16 mg,Angiotensin-II Receptor Antagonists,False,False
22944911000001108,Candesartan,Candesartan 16mg tablets (Ranbaxy (UK) Ltd) (product),Candesartan Cilexetil,,16 mg,Angiotensin-II Receptor Antagonists,False,False
22945111000001109,Candesartan,Candesartan 16mg tablets (Ranbaxy (UK) Ltd) 28 tablet 2 x 14 tablets (product),Candesartan Cilexetil,28.0,16 mg,Angiotensin-II Receptor Antagonists,False,False
24506211000001101,Candesartan,Candesartan 16mg tablets (Sandoz Ltd) (product),Candesartan Cilexetil,,16 mg,Angiotensin-II Receptor Antagonists,False,False
24506311000001109,Candesartan,Candesartan 16mg tablets (Sandoz Ltd) 28 tablet 4 x 7 tablets (product),Candesartan Cilexetil,28.0,16 mg,Angiotensin-II Receptor Antagonists,False,False
29777011000001103,Candesartan,Candesartan 16mg tablets (Sigma Pharmaceuticals Plc) (product),Candesartan Cilexetil,,16 mg,Angiotensin-II Receptor Antagonists,False,False
29777111000001102,Candesartan,Candesartan 16mg tablets (Sigma Pharmaceuticals Plc) 28 tablet (product),Candesartan Cilexetil,28.0,16 mg,Angiotensin-II Receptor Antagonists,False,False
20476511000001103,Candesartan,Candesartan 16mg tablets (Teva UK Ltd) (product),Candesartan Cilexetil,,16 mg,Angiotensin-II Receptor Antagonists,False,False
20476611000001104,Candesartan,Candesartan 16mg tablets (Teva UK Ltd) 28 tablet 4 x 7 tablets (product),Candesartan Cilexetil,28.0,16 mg,Angiotensin-II Receptor Antagonists,False,False
32554811000001106,Candesartan,Candesartan 16mg tablets (Tillomed Laboratories Ltd) (product),Candesartan Cilexetil,,16 mg,Angiotensin-II Receptor Antagonists,False,False
32554911000001101,Candesartan,Candesartan 16mg tablets (Tillomed Laboratories Ltd) 28 tablet (product),Candesartan Cilexetil,28.0,16 mg,Angiotensin-II Receptor Antagonists,False,False
36856211000001100,Candesartan,Candesartan 16mg tablets (Torrent Pharma (UK) Ltd) (product),Candesartan Cilexetil,,16 mg,Angiotensin-II Receptor Antagonists,False,False
36856311000001108,Candesartan,Candesartan 16mg tablets (Torrent Pharma (UK) Ltd) 28 tablet (product),Candesartan Cilexetil,28.0,16 mg,Angiotensin-II Receptor Antagonists,False,False
21813311000001106,Candesartan,Candesartan 16mg tablets (Waymade Healthcare Plc) (product),Candesartan Cilexetil,,16 mg,Angiotensin-II Receptor Antagonists,False,False
21813411000001104,Candesartan,Candesartan 16mg tablets (Waymade Healthcare Plc) 28 tablet (product),Candesartan Cilexetil,28.0,16 mg,Angiotensin-II Receptor Antagonists,False,False
15046911000001105,Candesartan,Candesartan 16mg tablets (Waymade Healthcare Plc) 30 tablet (product),Candesartan Cilexetil,30.0,16 mg,Angiotensin-II Receptor Antagonists,False,False
36492511000001101,Candesartan,Candesartan 16mg tablets (Xiromed) (product),Candesartan Cilexetil,,16 mg,Angiotensin-II Receptor Antagonists,False,False
36492611000001102,Candesartan,Candesartan 16mg tablets (Xiromed) 28 tablet 2 x 14 tablets (product),Candesartan Cilexetil,28.0,16 mg,Angiotensin-II Receptor Antagonists,False,False
20913211000001101,Candesartan,Candesartan 16mg tablets (Zentiva) (product),Candesartan Cilexetil,,16 mg,Angiotensin-II Receptor Antagonists,False,False
20913311000001109,Candesartan,Candesartan 16mg tablets (Zentiva) 28 tablet (product),Candesartan Cilexetil,28.0,16 mg,Angiotensin-II Receptor Antagonists,False,False
988711000001106,Candesartan,Candesartan 16mg tablets 28 tablet (product),Candesartan Cilexetil,28.0,16 mg,Angiotensin-II Receptor Antagonists,False,False
15046811000001100,Candesartan,Candesartan 16mg tablets 30 tablet (product),Candesartan Cilexetil,30.0,16 mg,Angiotensin-II Receptor Antagonists,False,False
36903211000001105,Candesartan,Candesartan 16mg/5ml oral solution (product),Candesartan Cilexetil,,16 mg/5 ml,Angiotensin-II Receptor Antagonists,False,False
36876111000001108,Candesartan,Candesartan 16mg/5ml oral solution (Special Order) (product),Candesartan Cilexetil,,16 mg/5 ml,Angiotensin-II Receptor Antagonists,False,False
36876211000001102,Candesartan,Candesartan 16mg/5ml oral solution (Special Order) 1 ml (product),Candesartan Cilexetil,,16 mg/5 ml,Angiotensin-II Receptor Antagonists,False,False
36876011000001107,Candesartan,Candesartan 16mg/5ml oral solution 1 ml (product),Candesartan Cilexetil,,16 mg/5 ml,Angiotensin-II Receptor Antagonists,False,False
20493511000001101,Candesartan,Candesartan 2mg tablets (A A H Pharmaceuticals Ltd) (product),Candesartan Cilexetil,,2 mg,Angiotensin-II Receptor Antagonists,False,False
20493611000001102,Candesartan,Candesartan 2mg tablets (A A H Pharmaceuticals Ltd) 7 tablet (product),Candesartan Cilexetil,7.0,2 mg,Angiotensin-II Receptor Antagonists,False,False
21666411000001103,Candesartan,Candesartan 2mg tablets (Actavis UK Ltd) (product),Candesartan Cilexetil,,2 mg,Angiotensin-II Receptor Antagonists,False,False
21666511000001104,Candesartan,Candesartan 2mg tablets (Actavis UK Ltd) 7 tablet (product),Candesartan Cilexetil,7.0,2 mg,Angiotensin-II Receptor Antagonists,False,False
20508711000001105,Candesartan,Candesartan 2mg tablets (Alliance Healthcare (Distribution) Ltd) (product),Candesartan Cilexetil,,2 mg,Angiotensin-II Receptor Antagonists,False,False
20508811000001102,Candesartan,Candesartan 2mg tablets (Alliance Healthcare (Distribution) Ltd) 7 tablet (product),Candesartan Cilexetil,7.0,2 mg,Angiotensin-II Receptor Antagonists,False,False
34008111000001107,Candesartan,Candesartan 2mg tablets (Crescent Pharma Ltd) (product),Candesartan Cilexetil,,2 mg,Angiotensin-II Receptor Antagonists,False,False
34008211000001101,Candesartan,Candesartan 2mg tablets (Crescent Pharma Ltd) 7 tablet (product),Candesartan Cilexetil,7.0,2 mg,Angiotensin-II Receptor Antagonists,False,False
22626311000001104,Candesartan,Candesartan 2mg tablets (Doncaster Pharmaceuticals Ltd) (product),Candesartan Cilexetil,,2 mg,Angiotensin-II Receptor Antagonists,False,False
22626411000001106,Candesartan,Candesartan 2mg tablets (Doncaster Pharmaceuticals Ltd) 7 tablet (product),Candesartan Cilexetil,7.0,2 mg,Angiotensin-II Receptor Antagonists,False,False
35139211000001103,Candesartan,Candesartan 2mg tablets (Milpharm Ltd) (product),Candesartan Cilexetil,,2 mg,Angiotensin-II Receptor Antagonists,False,False
35139311000001106,Candesartan,Candesartan 2mg tablets (Milpharm Ltd) 7 tablet (product),Candesartan Cilexetil,7.0,2 mg,Angiotensin-II Receptor Antagonists,False,False
23646411000001104,Candesartan,Candesartan 2mg tablets (Phoenix Healthcare Distribution Ltd) (product),Candesartan Cilexetil,,2 mg,Angiotensin-II Receptor Antagonists,False,False
23646511000001100,Candesartan,Candesartan 2mg tablets (Phoenix Healthcare Distribution Ltd) 7 tablet (product),Candesartan Cilexetil,7.0,2 mg,Angiotensin-II Receptor Antagonists,False,False
22947511000001109,Candesartan,Candesartan 2mg tablets (Ranbaxy (UK) Ltd) (product),Candesartan Cilexetil,,2 mg,Angiotensin-II Receptor Antagonists,False,False
22947611000001108,Candesartan,Candesartan 2mg tablets (Ranbaxy (UK) Ltd) 7 tablet (product),Candesartan Cilexetil,7.0,2 mg,Angiotensin-II Receptor Antagonists,False,False
24622611000001103,Candesartan,Candesartan 2mg tablets (Sandoz Ltd) (product),Candesartan Cilexetil,,2 mg,Angiotensin-II Receptor Antagonists,False,False
24627811000001101,Candesartan,Candesartan 2mg tablets (Sandoz Ltd) 7 tablet (product),Candesartan Cilexetil,7.0,2 mg,Angiotensin-II Receptor Antagonists,False,False
29777211000001108,Candesartan,Candesartan 2mg tablets (Sigma Pharmaceuticals Plc) (product),Candesartan Cilexetil,,2 mg,Angiotensin-II Receptor Antagonists,False,False
29777311000001100,Candesartan,Candesartan 2mg tablets (Sigma Pharmaceuticals Plc) 7 tablet (product),Candesartan Cilexetil,7.0,2 mg,Angiotensin-II Receptor Antagonists,False,False
20595811000001108,Candesartan,Candesartan 2mg tablets (Teva UK Ltd) (product),Candesartan Cilexetil,,2 mg,Angiotensin-II Receptor Antagonists,False,False
20595911000001103,Candesartan,Candesartan 2mg tablets (Teva UK Ltd) 7 tablet (product),Candesartan Cilexetil,7.0,2 mg,Angiotensin-II Receptor Antagonists,False,False
36855611000001108,Candesartan,Candesartan 2mg tablets (Torrent Pharma (UK) Ltd) (product),Candesartan Cilexetil,,2 mg,Angiotensin-II Receptor Antagonists,False,False
36855711000001104,Candesartan,Candesartan 2mg tablets (Torrent Pharma (UK) Ltd) 7 tablet (product),Candesartan Cilexetil,7.0,2 mg,Angiotensin-II Receptor Antagonists,False,False
21812711000001102,Candesartan,Candesartan 2mg tablets (Waymade Healthcare Plc) (product),Candesartan Cilexetil,,2 mg,Angiotensin-II Receptor Antagonists,False,False
21812811000001105,Candesartan,Candesartan 2mg tablets (Waymade Healthcare Plc) 7 tablet (product),Candesartan Cilexetil,7.0,2 mg,Angiotensin-II Receptor Antagonists,False,False
948711000001104,Candesartan,Candesartan 2mg tablets 7 tablet (product),Candesartan Cilexetil,7.0,2 mg,Angiotensin-II Receptor Antagonists,False,False
20497111000001102,Candesartan,Candesartan 32mg tablets (A A H Pharmaceuticals Ltd) (product),Candesartan Cilexetil,,32 mg,Angiotensin-II Receptor Antagonists,False,False
20497411000001107,Candesartan,Candesartan 32mg tablets (A A H Pharmaceuticals Ltd) 28 tablet (product),Candesartan Cilexetil,28.0,32 mg,Angiotensin-II Receptor Antagonists,False,False
20484211000001102,Candesartan,Candesartan 32mg tablets (Actavis UK Ltd) (product),Candesartan Cilexetil,,32 mg,Angiotensin-II Receptor Antagonists,False,False
20484311000001105,Candesartan,Candesartan 32mg tablets (Actavis UK Ltd) 28 tablet 4 x 7 tablets (product),Candesartan Cilexetil,28.0,32 mg,Angiotensin-II Receptor Antagonists,False,False
20509711000001101,Candesartan,Candesartan 32mg tablets (Alliance Healthcare (Distribution) Ltd) (product),Candesartan Cilexetil,,32 mg,Angiotensin-II Receptor Antagonists,False,False
20509811000001109,Candesartan,Candesartan 32mg tablets (Alliance Healthcare (Distribution) Ltd) 28 tablet (product),Candesartan Cilexetil,28.0,32 mg,Angiotensin-II Receptor Antagonists,False,False
34679011000001103,Candesartan,Candesartan 32mg tablets (Almus Pharmaceuticals Ltd) (product),Candesartan Cilexetil,,32 mg,Angiotensin-II Receptor Antagonists,False,False
34679111000001102,Candesartan,Candesartan 32mg tablets (Almus Pharmaceuticals Ltd) 28 tablet 4 x 7 tablets (product),Candesartan Cilexetil,28.0,32 mg,Angiotensin-II Receptor Antagonists,False,False
20568911000001106,Candesartan,Candesartan 32mg tablets (Arrow Generics Ltd) (product),Candesartan Cilexetil,,32 mg,Angiotensin-II Receptor Antagonists,False,False
20569011000001102,Candesartan,Candesartan 32mg tablets (Arrow Generics Ltd) 28 tablet 4 x 7 tablets (product),Candesartan Cilexetil,28.0,32 mg,Angiotensin-II Receptor Antagonists,False,False
20530711000001100,Candesartan,Candesartan 32mg tablets (Consilient Health Ltd) (product),Candesartan Cilexetil,,32 mg,Angiotensin-II Receptor Antagonists,False,False
20530811000001108,Candesartan,Candesartan 32mg tablets (Consilient Health Ltd) 28 tablet 2 x 14 tablets (product),Candesartan Cilexetil,28.0,32 mg,Angiotensin-II Receptor Antagonists,False,False
34007311000001108,Candesartan,Candesartan 32mg tablets (Crescent Pharma Ltd) (product),Candesartan Cilexetil,,32 mg,Angiotensin-II Receptor Antagonists,False,False
34007411000001101,Candesartan,Candesartan 32mg tablets (Crescent Pharma Ltd) 28 tablet 4 x 7 tablets (product),Candesartan Cilexetil,28.0,32 mg,Angiotensin-II Receptor Antagonists,False,False
22626511000001105,Candesartan,Candesartan 32mg tablets (Doncaster Pharmaceuticals Ltd) (product),Candesartan Cilexetil,,32 mg,Angiotensin-II Receptor Antagonists,False,False
22626611000001109,Candesartan,Candesartan 32mg tablets (Doncaster Pharmaceuticals Ltd) 28 tablet (product),Candesartan Cilexetil,28.0,32 mg,Angiotensin-II Receptor Antagonists,False,False
32746711000001106,Candesartan,Candesartan 32mg tablets (Genesis Pharmaceuticals Ltd) (product),Candesartan Cilexetil,,32 mg,Angiotensin-II Receptor Antagonists,False,False
32746811000001103,Candesartan,Candesartan 32mg tablets (Genesis Pharmaceuticals Ltd) 28 tablet 2 x 14 tablets (product),Candesartan Cilexetil,28.0,32 mg,Angiotensin-II Receptor Antagonists,False,False
32397211000001106,Candesartan,Candesartan 32mg tablets (Kent Pharmaceuticals Ltd) (product),Candesartan Cilexetil,,32 mg,Angiotensin-II Receptor Antagonists,False,False
32397311000001103,Candesartan,Candesartan 32mg tablets (Kent Pharmaceuticals Ltd) 28 tablet (product),Candesartan Cilexetil,28.0,32 mg,Angiotensin-II Receptor Antagonists,False,False
37049711000001100,Candesartan,Candesartan 32mg tablets (Mawdsley-Brooks & Company Ltd) (product),Candesartan Cilexetil,,32 mg,Angiotensin-II Receptor Antagonists,False,False
37049911000001103,Candesartan,Candesartan 32mg tablets (Mawdsley-Brooks & Company Ltd) 28 tablet (product),Candesartan Cilexetil,28.0,32 mg,Angiotensin-II Receptor Antagonists,False,False
35140511000001109,Candesartan,Candesartan 32mg tablets (Milpharm Ltd) (product),Candesartan Cilexetil,,32 mg,Angiotensin-II Receptor Antagonists,False,False
35140611000001108,Candesartan,Candesartan 32mg tablets (Milpharm Ltd) 28 tablet (product),Candesartan Cilexetil,28.0,32 mg,Angiotensin-II Receptor Antagonists,False,False
33583411000001109,Candesartan,Candesartan 32mg tablets (Mylan Ltd) (product),Candesartan Cilexetil,,32 mg,Angiotensin-II Receptor Antagonists,False,False
33583511000001108,Candesartan,Candesartan 32mg tablets (Mylan Ltd) 28 tablet (product),Candesartan Cilexetil,28.0,32 mg,Angiotensin-II Receptor Antagonists,False,False
23647311000001109,Candesartan,Candesartan 32mg tablets (Phoenix Healthcare Distribution Ltd) (product),Candesartan Cilexetil,,32 mg,Angiotensin-II Receptor Antagonists,False,False
23647411000001102,Candesartan,Candesartan 32mg tablets (Phoenix Healthcare Distribution Ltd) 28 tablet (product),Candesartan Cilexetil,28.0,32 mg,Angiotensin-II Receptor Antagonists,False,False
8985911000001108,Candesartan,Candesartan 32mg tablets (product),Candesartan Cilexetil,,32 mg,Angiotensin-II Receptor Antagonists,False,False
24506411000001102,Candesartan,Candesartan 32mg tablets (Sandoz Ltd) (product),Candesartan Cilexetil,,32 mg,Angiotensin-II Receptor Antagonists,False,False
24506511000001103,Candesartan,Candesartan 32mg tablets (Sandoz Ltd) 28 tablet 4 x 7 tablets (product),Candesartan Cilexetil,28.0,32 mg,Angiotensin-II Receptor Antagonists,False,False
29777411000001107,Candesartan,Candesartan 32mg tablets (Sigma Pharmaceuticals Plc) (product),Candesartan Cilexetil,,32 mg,Angiotensin-II Receptor Antagonists,False,False
29777711000001101,Candesartan,Candesartan 32mg tablets (Sigma Pharmaceuticals Plc) 28 tablet (product),Candesartan Cilexetil,28.0,32 mg,Angiotensin-II Receptor Antagonists,False,False
20476711000001108,Candesartan,Candesartan 32mg tablets (Teva UK Ltd) (product),Candesartan Cilexetil,,32 mg,Angiotensin-II Receptor Antagonists,False,False
20476811000001100,Candesartan,Candesartan 32mg tablets (Teva UK Ltd) 28 tablet 4 x 7 tablets (product),Candesartan Cilexetil,28.0,32 mg,Angiotensin-II Receptor Antagonists,False,False
32555411000001105,Candesartan,Candesartan 32mg tablets (Tillomed Laboratories Ltd) (product),Candesartan Cilexetil,,32 mg,Angiotensin-II Receptor Antagonists,False,False
32555611000001108,Candesartan,Candesartan 32mg tablets (Tillomed Laboratories Ltd) 28 tablet (product),Candesartan Cilexetil,28.0,32 mg,Angiotensin-II Receptor Antagonists,False,False
36856411000001101,Candesartan,Candesartan 32mg tablets (Torrent Pharma (UK) Ltd) (product),Candesartan Cilexetil,,32 mg,Angiotensin-II Receptor Antagonists,False,False
36856511000001102,Candesartan,Candesartan 32mg tablets (Torrent Pharma (UK) Ltd) 28 tablet (product),Candesartan Cilexetil,28.0,32 mg,Angiotensin-II Receptor Antagonists,False,False
21813711000001105,Candesartan,Candesartan 32mg tablets (Waymade Healthcare Plc) (product),Candesartan Cilexetil,,32 mg,Angiotensin-II Receptor Antagonists,False,False
21813811000001102,Candesartan,Candesartan 32mg tablets (Waymade Healthcare Plc) 28 tablet (product),Candesartan Cilexetil,28.0,32 mg,Angiotensin-II Receptor Antagonists,False,False
36500911000001104,Candesartan,Candesartan 32mg tablets (Xiromed) (product),Candesartan Cilexetil,,32 mg,Angiotensin-II Receptor Antagonists,False,False
36501011000001107,Candesartan,Candesartan 32mg tablets (Xiromed) 28 tablet 2 x 14 tablets (product),Candesartan Cilexetil,28.0,32 mg,Angiotensin-II Receptor Antagonists,False,False
20913411000001102,Candesartan,Candesartan 32mg tablets (Zentiva) (product),Candesartan Cilexetil,,32 mg,Angiotensin-II Receptor Antagonists,False,False
20913511000001103,Candesartan,Candesartan 32mg tablets (Zentiva) 28 tablet (product),Candesartan Cilexetil,28.0,32 mg,Angiotensin-II Receptor Antagonists,False,False
8983811000001102,Candesartan,Candesartan 32mg tablets 28 tablet (product),Candesartan Cilexetil,28.0,32 mg,Angiotensin-II Receptor Antagonists,False,False
20495511000001102,Candesartan,Candesartan 4mg tablets (A A H Pharmaceuticals Ltd) (product),Candesartan Cilexetil,,4 mg,Angiotensin-II Receptor Antagonists,False,False
20495811000001104,Candesartan,Candesartan 4mg tablets (A A H Pharmaceuticals Ltd) 28 tablet (product),Candesartan Cilexetil,28.0,4 mg,Angiotensin-II Receptor Antagonists,False,False
20495611000001103,Candesartan,Candesartan 4mg tablets (A A H Pharmaceuticals Ltd) 7 tablet (product),Candesartan Cilexetil,7.0,4 mg,Angiotensin-II Receptor Antagonists,False,False
20483511000001102,Candesartan,Candesartan 4mg tablets (Actavis UK Ltd) (product),Candesartan Cilexetil,,4 mg,Angiotensin-II Receptor Antagonists,False,False
20483711000001107,Candesartan,Candesartan 4mg tablets (Actavis UK Ltd) 28 tablet 4 x 7 tablets (product),Candesartan Cilexetil,28.0,4 mg,Angiotensin-II Receptor Antagonists,False,False
20483611000001103,Candesartan,Candesartan 4mg tablets (Actavis UK Ltd) 7 tablet (product),Candesartan Cilexetil,7.0,4 mg,Angiotensin-II Receptor Antagonists,False,False
20508911000001107,Candesartan,Candesartan 4mg tablets (Alliance Healthcare (Distribution) Ltd) (product),Candesartan Cilexetil,,4 mg,Angiotensin-II Receptor Antagonists,False,False
20509111000001102,Candesartan,Candesartan 4mg tablets (Alliance Healthcare (Distribution) Ltd) 28 tablet (product),Candesartan Cilexetil,28.0,4 mg,Angiotensin-II Receptor Antagonists,False,False
20509011000001103,Candesartan,Candesartan 4mg tablets (Alliance Healthcare (Distribution) Ltd) 7 tablet (product),Candesartan Cilexetil,7.0,4 mg,Angiotensin-II Receptor Antagonists,False,False
34678111000001109,Candesartan,Candesartan 4mg tablets (Almus Pharmaceuticals Ltd) (product),Candesartan Cilexetil,,4 mg,Angiotensin-II Receptor Antagonists,False,False
34678311000001106,Candesartan,Candesartan 4mg tablets (Almus Pharmaceuticals Ltd) 28 tablet 4 x 7 tablets (product),Candesartan Cilexetil,28.0,4 mg,Angiotensin-II Receptor Antagonists,False,False
20568411000001103,Candesartan,Candesartan 4mg tablets (Arrow Generics Ltd) (product),Candesartan Cilexetil,,4 mg,Angiotensin-II Receptor Antagonists,False,False
20568611000001100,Candesartan,Candesartan 4mg tablets (Arrow Generics Ltd) 28 tablet 4 x 7 tablets (product),Candesartan Cilexetil,28.0,4 mg,Angiotensin-II Receptor Antagonists,False,False
20568511000001104,Candesartan,Candesartan 4mg tablets (Arrow Generics Ltd) 7 tablet (product),Candesartan Cilexetil,7.0,4 mg,Angiotensin-II Receptor Antagonists,False,False
20530011000001102,Candesartan,Candesartan 4mg tablets (Consilient Health Ltd) (product),Candesartan Cilexetil,,4 mg,Angiotensin-II Receptor Antagonists,False,False
20530211000001107,Candesartan,Candesartan 4mg tablets (Consilient Health Ltd) 28 tablet 2 x 14 tablets (product),Candesartan Cilexetil,28.0,4 mg,Angiotensin-II Receptor Antagonists,False,False
20530111000001101,Candesartan,Candesartan 4mg tablets (Consilient Health Ltd) 7 tablet (product),Candesartan Cilexetil,7.0,4 mg,Angiotensin-II Receptor Antagonists,False,False
34007511000001102,Candesartan,Candesartan 4mg tablets (Crescent Pharma Ltd) (product),Candesartan Cilexetil,,4 mg,Angiotensin-II Receptor Antagonists,False,False
34346211000001109,Candesartan,Candesartan 4mg tablets (Crescent Pharma Ltd) 28 tablet 4 x 7 tablets (product),Candesartan Cilexetil,28.0,4 mg,Angiotensin-II Receptor Antagonists,False,False
34007611000001103,Candesartan,Candesartan 4mg tablets (Crescent Pharma Ltd) 7 tablet (product),Candesartan Cilexetil,7.0,4 mg,Angiotensin-II Receptor Antagonists,False,False
22626711000001100,Candesartan,Candesartan 4mg tablets (Doncaster Pharmaceuticals Ltd) (product),Candesartan Cilexetil,,4 mg,Angiotensin-II Receptor Antagonists,False,False
22627011000001104,Candesartan,Candesartan 4mg tablets (Doncaster Pharmaceuticals Ltd) 28 tablet (product),Candesartan Cilexetil,28.0,4 mg,Angiotensin-II Receptor Antagonists,False,False
13840311000001101,Candesartan,Candesartan 4mg tablets (Doncaster Pharmaceuticals Ltd) 30 tablet (product),Candesartan Cilexetil,30.0,4 mg,Angiotensin-II Receptor Antagonists,False,False
22626911000001103,Candesartan,Candesartan 4mg tablets (Doncaster Pharmaceuticals Ltd) 7 tablet (product),Candesartan Cilexetil,7.0,4 mg,Angiotensin-II Receptor Antagonists,False,False
32396911000001100,Candesartan,Candesartan 4mg tablets (Kent Pharmaceuticals Ltd) (product),Candesartan Cilexetil,,4 mg,Angiotensin-II Receptor Antagonists,False,False
32397111000001100,Candesartan,Candesartan 4mg tablets (Kent Pharmaceuticals Ltd) 28 tablet (product),Candesartan Cilexetil,28.0,4 mg,Angiotensin-II Receptor Antagonists,False,False
32397011000001101,Candesartan,Candesartan 4mg tablets (Kent Pharmaceuticals Ltd) 7 tablet (product),Candesartan Cilexetil,7.0,4 mg,Angiotensin-II Receptor Antagonists,False,False
37047311000001109,Candesartan,Candesartan 4mg tablets (Mawdsley-Brooks & Company Ltd) (product),Candesartan Cilexetil,,4 mg,Angiotensin-II Receptor Antagonists,False,False
37055211000001106,Candesartan,Candesartan 4mg tablets (Mawdsley-Brooks & Company Ltd) 28 tablet (product),Candesartan Cilexetil,28.0,4 mg,Angiotensin-II Receptor Antagonists,False,False
16353711000001100,Candesartan,Candesartan 4mg tablets (Mawdsley-Brooks & Company Ltd) 30 tablet (product),Candesartan Cilexetil,30.0,4 mg,Angiotensin-II Receptor Antagonists,False,False
37055011000001101,Candesartan,Candesartan 4mg tablets (Mawdsley-Brooks & Company Ltd) 7 tablet (product),Candesartan Cilexetil,7.0,4 mg,Angiotensin-II Receptor Antagonists,False,False
35139711000001105,Candesartan,Candesartan 4mg tablets (Milpharm Ltd) (product),Candesartan Cilexetil,,4 mg,Angiotensin-II Receptor Antagonists,False,False
35140011000001101,Candesartan,Candesartan 4mg tablets (Milpharm Ltd) 28 tablet (product),Candesartan Cilexetil,28.0,4 mg,Angiotensin-II Receptor Antagonists,False,False
33582711000001106,Candesartan,Candesartan 4mg tablets (Mylan Ltd) (product),Candesartan Cilexetil,,4 mg,Angiotensin-II Receptor Antagonists,False,False
33582811000001103,Candesartan,Candesartan 4mg tablets (Mylan Ltd) 28 tablet (product),Candesartan Cilexetil,28.0,4 mg,Angiotensin-II Receptor Antagonists,False,False
23646611000001101,Candesartan,Candesartan 4mg tablets (Phoenix Healthcare Distribution Ltd) (product),Candesartan Cilexetil,,4 mg,Angiotensin-II Receptor Antagonists,False,False
23646811000001102,Candesartan,Candesartan 4mg tablets (Phoenix Healthcare Distribution Ltd) 28 tablet (product),Candesartan Cilexetil,28.0,4 mg,Angiotensin-II Receptor Antagonists,False,False
23646711000001105,Candesartan,Candesartan 4mg tablets (Phoenix Healthcare Distribution Ltd) 7 tablet (product),Candesartan Cilexetil,7.0,4 mg,Angiotensin-II Receptor Antagonists,False,False
13840211000001109,Candesartan,Candesartan 4mg tablets (PI) (Doncaster Pharmaceuticals Ltd) (product),Candesartan Cilexetil,,4 mg,Angiotensin-II Receptor Antagonists,False,False
5481611000001107,Candesartan,Candesartan 4mg tablets (PI) (Dowelhurst Ltd) (product),Candesartan Cilexetil,,4 mg,Angiotensin-II Receptor Antagonists,False,False
5481811000001106,Candesartan,Candesartan 4mg tablets (PI) (Dowelhurst Ltd) 28 tablet 2 x 14 tablets (product),Candesartan Cilexetil,28.0,4 mg,Angiotensin-II Receptor Antagonists,False,False
16353011000001102,Candesartan,Candesartan 4mg tablets (PI) (Mawdsley-Brooks & Company Ltd) (product),Candesartan Cilexetil,,4 mg,Angiotensin-II Receptor Antagonists,False,False
14313611000001107,Candesartan,Candesartan 4mg tablets (PI) (Sigma Pharmaceuticals Plc) (product),Candesartan Cilexetil,,4 mg,Angiotensin-II Receptor Antagonists,False,False
5343411000001107,Candesartan,Candesartan 4mg tablets (PI) (Waymade Ltd) (product),Candesartan Cilexetil,,4 mg,Angiotensin-II Receptor Antagonists,False,False
5343511000001106,Candesartan,Candesartan 4mg tablets (PI) (Waymade Ltd) 28 tablet 2 x 14 tablets (product),Candesartan Cilexetil,28.0,4 mg,Angiotensin-II Receptor Antagonists,False,False
5343811000001109,Candesartan,Candesartan 4mg tablets (PI) (Waymade Ltd) 30 tablet 3 x 10 tablets (product),Candesartan Cilexetil,30.0,4 mg,Angiotensin-II Receptor Antagonists,False,False
22942111000001102,Candesartan,Candesartan 4mg tablets (Ranbaxy (UK) Ltd) (product),Candesartan Cilexetil,,4 mg,Angiotensin-II Receptor Antagonists,False,False
22944311000001107,Candesartan,Candesartan 4mg tablets (Ranbaxy (UK) Ltd) 28 tablet 2 x 14 tablets (product),Candesartan Cilexetil,28.0,4 mg,Angiotensin-II Receptor Antagonists,False,False
22942211000001108,Candesartan,Candesartan 4mg tablets (Ranbaxy (UK) Ltd) 7 tablet (product),Candesartan Cilexetil,7.0,4 mg,Angiotensin-II Receptor Antagonists,False,False
24505711000001100,Candesartan,Candesartan 4mg tablets (Sandoz Ltd) (product),Candesartan Cilexetil,,4 mg,Angiotensin-II Receptor Antagonists,False,False
24505911000001103,Candesartan,Candesartan 4mg tablets (Sandoz Ltd) 28 tablet 4 x 7 tablets (product),Candesartan Cilexetil,28.0,4 mg,Angiotensin-II Receptor Antagonists,False,False
24505811000001108,Candesartan,Candesartan 4mg tablets (Sandoz Ltd) 7 tablet (product),Candesartan Cilexetil,7.0,4 mg,Angiotensin-II Receptor Antagonists,False,False
29777811000001109,Candesartan,Candesartan 4mg tablets (Sigma Pharmaceuticals Plc) (product),Candesartan Cilexetil,,4 mg,Angiotensin-II Receptor Antagonists,False,False
29777911000001104,Candesartan,Candesartan 4mg tablets (Sigma Pharmaceuticals Plc) 28 tablet (product),Candesartan Cilexetil,28.0,4 mg,Angiotensin-II Receptor Antagonists,False,False
14313711000001103,Candesartan,Candesartan 4mg tablets (Sigma Pharmaceuticals Plc) 30 tablet (product),Candesartan Cilexetil,30.0,4 mg,Angiotensin-II Receptor Antagonists,False,False
20476011000001106,Candesartan,Candesartan 4mg tablets (Teva UK Ltd) (product),Candesartan Cilexetil,,4 mg,Angiotensin-II Receptor Antagonists,False,False
20476211000001101,Candesartan,Candesartan 4mg tablets (Teva UK Ltd) 28 tablet 4 x 7 tablets (product),Candesartan Cilexetil,28.0,4 mg,Angiotensin-II Receptor Antagonists,False,False
20476111000001107,Candesartan,Candesartan 4mg tablets (Teva UK Ltd) 7 tablet (product),Candesartan Cilexetil,7.0,4 mg,Angiotensin-II Receptor Antagonists,False,False
36855811000001107,Candesartan,Candesartan 4mg tablets (Torrent Pharma (UK) Ltd) (product),Candesartan Cilexetil,,4 mg,Angiotensin-II Receptor Antagonists,False,False
36855911000001102,Candesartan,Candesartan 4mg tablets (Torrent Pharma (UK) Ltd) 28 tablet (product),Candesartan Cilexetil,28.0,4 mg,Angiotensin-II Receptor Antagonists,False,False
21812911000001100,Candesartan,Candesartan 4mg tablets (Waymade Healthcare Plc) (product),Candesartan Cilexetil,,4 mg,Angiotensin-II Receptor Antagonists,False,False
21813211000001103,Candesartan,Candesartan 4mg tablets (Waymade Healthcare Plc) 28 tablet (product),Candesartan Cilexetil,28.0,4 mg,Angiotensin-II Receptor Antagonists,False,False
21813111000001109,Candesartan,Candesartan 4mg tablets (Waymade Healthcare Plc) 7 tablet (product),Candesartan Cilexetil,7.0,4 mg,Angiotensin-II Receptor Antagonists,False,False
20912811000001108,Candesartan,Candesartan 4mg tablets (Zentiva) (product),Candesartan Cilexetil,,4 mg,Angiotensin-II Receptor Antagonists,False,False
20912911000001103,Candesartan,Candesartan 4mg tablets (Zentiva) 28 tablet (product),Candesartan Cilexetil,28.0,4 mg,Angiotensin-II Receptor Antagonists,False,False
1276011000001100,Candesartan,Candesartan 4mg tablets 28 tablet (product),Candesartan Cilexetil,28.0,4 mg,Angiotensin-II Receptor Antagonists,False,False
5343611000001105,Candesartan,Candesartan 4mg tablets 30 tablet (product),Candesartan Cilexetil,30.0,4 mg,Angiotensin-II Receptor Antagonists,False,False
1021711000001102,Candesartan,Candesartan 4mg tablets 7 tablet (product),Candesartan Cilexetil,7.0,4 mg,Angiotensin-II Receptor Antagonists,False,False
15913211000001107,Candesartan,Candesartan 4mg/5ml oral solution (product),Candesartan Cilexetil,,4 mg/5 ml,Angiotensin-II Receptor Antagonists,False,False
15882111000001100,Candesartan,Candesartan 4mg/5ml oral solution (Special Order) (product),Candesartan Cilexetil,,4 mg/5 ml,Angiotensin-II Receptor Antagonists,False,False
15882211000001106,Candesartan,Candesartan 4mg/5ml oral solution (Special Order) 1 ml (product),Candesartan Cilexetil,,4 mg/5 ml,Angiotensin-II Receptor Antagonists,False,False
15882011000001101,Candesartan,Candesartan 4mg/5ml oral solution 1 ml (product),Candesartan Cilexetil,,4 mg/5 ml,Angiotensin-II Receptor Antagonists,False,False
15825311000001103,Candesartan,Candesartan 4mg/5ml oral suspension (product),Candesartan Cilexetil,,4 mg/5 ml,Angiotensin-II Receptor Antagonists,False,False
15817011000001102,Candesartan,Candesartan 4mg/5ml oral suspension (Special Order) (product),Candesartan Cilexetil,,4 mg/5 ml,Angiotensin-II Receptor Antagonists,False,False
15817111000001101,Candesartan,Candesartan 4mg/5ml oral suspension (Special Order) 1 ml (product),Candesartan Cilexetil,,4 mg/5 ml,Angiotensin-II Receptor Antagonists,False,False
15816911000001101,Candesartan,Candesartan 4mg/5ml oral suspension 1 ml (product),Candesartan Cilexetil,,4 mg/5 ml,Angiotensin-II Receptor Antagonists,False,False
20495911000001109,Candesartan,Candesartan 8mg tablets (A A H Pharmaceuticals Ltd) (product),Candesartan Cilexetil,,8 mg,Angiotensin-II Receptor Antagonists,False,False
20496011000001101,Candesartan,Candesartan 8mg tablets (A A H Pharmaceuticals Ltd) 28 tablet (product),Candesartan Cilexetil,28.0,8 mg,Angiotensin-II Receptor Antagonists,False,False
20483811000001104,Candesartan,Candesartan 8mg tablets (Actavis UK Ltd) (product),Candesartan Cilexetil,,8 mg,Angiotensin-II Receptor Antagonists,False,False
20483911000001109,Candesartan,Candesartan 8mg tablets (Actavis UK Ltd) 28 tablet 4 x 7 tablets (product),Candesartan Cilexetil,28.0,8 mg,Angiotensin-II Receptor Antagonists,False,False
20509211000001108,Candesartan,Candesartan 8mg tablets (Alliance Healthcare (Distribution) Ltd) (product),Candesartan Cilexetil,,8 mg,Angiotensin-II Receptor Antagonists,False,False
20509311000001100,Candesartan,Candesartan 8mg tablets (Alliance Healthcare (Distribution) Ltd) 28 tablet (product),Candesartan Cilexetil,28.0,8 mg,Angiotensin-II Receptor Antagonists,False,False
34678611000001101,Candesartan,Candesartan 8mg tablets (Almus Pharmaceuticals Ltd) (product),Candesartan Cilexetil,,8 mg,Angiotensin-II Receptor Antagonists,False,False
34678711000001105,Candesartan,Candesartan 8mg tablets (Almus Pharmaceuticals Ltd) 28 tablet 4 x 7 tablets (product),Candesartan Cilexetil,28.0,8 mg,Angiotensin-II Receptor Antagonists,False,False
20568211000001102,Candesartan,Candesartan 8mg tablets (Arrow Generics Ltd) (product),Candesartan Cilexetil,,8 mg,Angiotensin-II Receptor Antagonists,False,False
20568311000001105,Candesartan,Candesartan 8mg tablets (Arrow Generics Ltd) 28 tablet 4 x 7 tablets (product),Candesartan Cilexetil,28.0,8 mg,Angiotensin-II Receptor Antagonists,False,False
20530311000001104,Candesartan,Candesartan 8mg tablets (Consilient Health Ltd) (product),Candesartan Cilexetil,,8 mg,Angiotensin-II Receptor Antagonists,False,False
20530411000001106,Candesartan,Candesartan 8mg tablets (Consilient Health Ltd) 28 tablet 2 x 14 tablets (product),Candesartan Cilexetil,28.0,8 mg,Angiotensin-II Receptor Antagonists,False,False
34007811000001104,Candesartan,Candesartan 8mg tablets (Crescent Pharma Ltd) (product),Candesartan Cilexetil,,8 mg,Angiotensin-II Receptor Antagonists,False,False
34007911000001109,Candesartan,Candesartan 8mg tablets (Crescent Pharma Ltd) 28 tablet 4 x 7 tablets (product),Candesartan Cilexetil,28.0,8 mg,Angiotensin-II Receptor Antagonists,False,False
22627111000001103,Candesartan,Candesartan 8mg tablets (Doncaster Pharmaceuticals Ltd) (product),Candesartan Cilexetil,,8 mg,Angiotensin-II Receptor Antagonists,False,False
22627211000001109,Candesartan,Candesartan 8mg tablets (Doncaster Pharmaceuticals Ltd) 28 tablet (product),Candesartan Cilexetil,28.0,8 mg,Angiotensin-II Receptor Antagonists,False,False
13840511000001107,Candesartan,Candesartan 8mg tablets (Doncaster Pharmaceuticals Ltd) 30 tablet (product),Candesartan Cilexetil,30.0,8 mg,Angiotensin-II Receptor Antagonists,False,False
32746311000001107,Candesartan,Candesartan 8mg tablets (Genesis Pharmaceuticals Ltd) (product),Candesartan Cilexetil,,8 mg,Angiotensin-II Receptor Antagonists,False,False
32746411000001100,Candesartan,Candesartan 8mg tablets (Genesis Pharmaceuticals Ltd) 28 tablet 2 x 14 tablets (product),Candesartan Cilexetil,28.0,8 mg,Angiotensin-II Receptor Antagonists,False,False
37055311000001103,Candesartan,Candesartan 8mg tablets (Mawdsley-Brooks & Company Ltd) (product),Candesartan Cilexetil,,8 mg,Angiotensin-II Receptor Antagonists,False,False
37055411000001105,Candesartan,Candesartan 8mg tablets (Mawdsley-Brooks & Company Ltd) 28 tablet (product),Candesartan Cilexetil,28.0,8 mg,Angiotensin-II Receptor Antagonists,False,False
16365611000001102,Candesartan,Candesartan 8mg tablets (Mawdsley-Brooks & Company Ltd) 30 tablet (product),Candesartan Cilexetil,30.0,8 mg,Angiotensin-II Receptor Antagonists,False,False
35140111000001100,Candesartan,Candesartan 8mg tablets (Milpharm Ltd) (product),Candesartan Cilexetil,,8 mg,Angiotensin-II Receptor Antagonists,False,False
35140211000001106,Candesartan,Candesartan 8mg tablets (Milpharm Ltd) 28 tablet (product),Candesartan Cilexetil,28.0,8 mg,Angiotensin-II Receptor Antagonists,False,False
33582911000001108,Candesartan,Candesartan 8mg tablets (Mylan Ltd) (product),Candesartan Cilexetil,,8 mg,Angiotensin-II Receptor Antagonists,False,False
33583011000001100,Candesartan,Candesartan 8mg tablets (Mylan Ltd) 28 tablet (product),Candesartan Cilexetil,28.0,8 mg,Angiotensin-II Receptor Antagonists,False,False
23646911000001107,Candesartan,Candesartan 8mg tablets (Phoenix Healthcare Distribution Ltd) (product),Candesartan Cilexetil,,8 mg,Angiotensin-II Receptor Antagonists,False,False
23647011000001106,Candesartan,Candesartan 8mg tablets (Phoenix Healthcare Distribution Ltd) 28 tablet (product),Candesartan Cilexetil,28.0,8 mg,Angiotensin-II Receptor Antagonists,False,False
13840411000001108,Candesartan,Candesartan 8mg tablets (PI) (Doncaster Pharmaceuticals Ltd) (product),Candesartan Cilexetil,,8 mg,Angiotensin-II Receptor Antagonists,False,False
5453311000001106,Candesartan,Candesartan 8mg tablets (PI) (Dowelhurst Ltd) (product),Candesartan Cilexetil,,8 mg,Angiotensin-II Receptor Antagonists,False,False
5453411000001104,Candesartan,Candesartan 8mg tablets (PI) (Dowelhurst Ltd) 28 tablet (product),Candesartan Cilexetil,28.0,8 mg,Angiotensin-II Receptor Antagonists,False,False
16353611000001109,Candesartan,Candesartan 8mg tablets (PI) (Mawdsley-Brooks & Company Ltd) (product),Candesartan Cilexetil,,8 mg,Angiotensin-II Receptor Antagonists,False,False
14310911000001109,Candesartan,Candesartan 8mg tablets (PI) (Sigma Pharmaceuticals Plc) (product),Candesartan Cilexetil,,8 mg,Angiotensin-II Receptor Antagonists,False,False
14311411000001105,Candesartan,Candesartan 8mg tablets (PI) (Sigma Pharmaceuticals Plc) 28 tablet (product),Candesartan Cilexetil,28.0,8 mg,Angiotensin-II Receptor Antagonists,False,False
5344011000001101,Candesartan,Candesartan 8mg tablets (PI) (Waymade Ltd) (product),Candesartan Cilexetil,,8 mg,Angiotensin-II Receptor Antagonists,False,False
5345111000001101,Candesartan,Candesartan 8mg tablets (PI) (Waymade Ltd) 28 tablet 2 x 14 tablets (product),Candesartan Cilexetil,28.0,8 mg,Angiotensin-II Receptor Antagonists,False,False
22944511000001101,Candesartan,Candesartan 8mg tablets (Ranbaxy (UK) Ltd) (product),Candesartan Cilexetil,,8 mg,Angiotensin-II Receptor Antagonists,False,False
22944711000001106,Candesartan,Candesartan 8mg tablets (Ranbaxy (UK) Ltd) 28 tablet 2 x 14 tablets (product),Candesartan Cilexetil,28.0,8 mg,Angiotensin-II Receptor Antagonists,False,False
24506011000001106,Candesartan,Candesartan 8mg tablets (Sandoz Ltd) (product),Candesartan Cilexetil,,8 mg,Angiotensin-II Receptor Antagonists,False,False
24506111000001107,Candesartan,Candesartan 8mg tablets (Sandoz Ltd) 28 tablet 4 x 7 tablets (product),Candesartan Cilexetil,28.0,8 mg,Angiotensin-II Receptor Antagonists,False,False
29778011000001102,Candesartan,Candesartan 8mg tablets (Sigma Pharmaceuticals Plc) (product),Candesartan Cilexetil,,8 mg,Angiotensin-II Receptor Antagonists,False,False
29778111000001101,Candesartan,Candesartan 8mg tablets (Sigma Pharmaceuticals Plc) 28 tablet (product),Candesartan Cilexetil,28.0,8 mg,Angiotensin-II Receptor Antagonists,False,False
20476311000001109,Candesartan,Candesartan 8mg tablets (Teva UK Ltd) (product),Candesartan Cilexetil,,8 mg,Angiotensin-II Receptor Antagonists,False,False
20476411000001102,Candesartan,Candesartan 8mg tablets (Teva UK Ltd) 28 tablet 4 x 7 tablets (product),Candesartan Cilexetil,28.0,8 mg,Angiotensin-II Receptor Antagonists,False,False
32554411000001109,Candesartan,Candesartan 8mg tablets (Tillomed Laboratories Ltd) (product),Candesartan Cilexetil,,8 mg,Angiotensin-II Receptor Antagonists,False,False
32554511000001108,Candesartan,Candesartan 8mg tablets (Tillomed Laboratories Ltd) 28 tablet (product),Candesartan Cilexetil,28.0,8 mg,Angiotensin-II Receptor Antagonists,False,False
36856011000001105,Candesartan,Candesartan 8mg tablets (Torrent Pharma (UK) Ltd) (product),Candesartan Cilexetil,,8 mg,Angiotensin-II Receptor Antagonists,False,False
36856111000001106,Candesartan,Candesartan 8mg tablets (Torrent Pharma (UK) Ltd) 28 tablet (product),Candesartan Cilexetil,28.0,8 mg,Angiotensin-II Receptor Antagonists,False,False
21813511000001100,Candesartan,Candesartan 8mg tablets (Waymade Healthcare Plc) (product),Candesartan Cilexetil,,8 mg,Angiotensin-II Receptor Antagonists,False,False
21813611000001101,Candesartan,Candesartan 8mg tablets (Waymade Healthcare Plc) 28 tablet (product),Candesartan Cilexetil,28.0,8 mg,Angiotensin-II Receptor Antagonists,False,False
11145811000001104,Candesartan,Candesartan 8mg tablets (Waymade Ltd) 30 tablet (product),Candesartan Cilexetil,30.0,8 mg,Angiotensin-II Receptor Antagonists,False,False
36492311000001107,Candesartan,Candesartan 8mg tablets (Xiromed) (product),Candesartan Cilexetil,,8 mg,Angiotensin-II Receptor Antagonists,False,False
36492411000001100,Candesartan,Candesartan 8mg tablets (Xiromed) 28 tablet 2 x 14 tablets (product),Candesartan Cilexetil,28.0,8 mg,Angiotensin-II Receptor Antagonists,False,False
20913011000001106,Candesartan,Candesartan 8mg tablets (Zentiva) (product),Candesartan Cilexetil,,8 mg,Angiotensin-II Receptor Antagonists,False,False
20913111000001107,Candesartan,Candesartan 8mg tablets (Zentiva) 28 tablet (product),Candesartan Cilexetil,28.0,8 mg,Angiotensin-II Receptor Antagonists,False,False
1150111000001102,Candesartan,Candesartan 8mg tablets 28 tablet (product),Candesartan Cilexetil,28.0,8 mg,Angiotensin-II Receptor Antagonists,False,False
11145711000001107,Candesartan,Candesartan 8mg tablets 30 tablet (product),Candesartan Cilexetil,30.0,8 mg,Angiotensin-II Receptor Antagonists,False,False
15853011000001101,Candesartan,Candesartan 8mg/5ml oral solution (product),Candesartan Cilexetil,,8 mg/5 ml,Angiotensin-II Receptor Antagonists,False,False
15851811000001108,Candesartan,Candesartan 8mg/5ml oral solution (Special Order) (product),Candesartan Cilexetil,,8 mg/5 ml,Angiotensin-II Receptor Antagonists,False,False
15851911000001103,Candesartan,Candesartan 8mg/5ml oral solution (Special Order) 1 ml (product),Candesartan Cilexetil,,8 mg/5 ml,Angiotensin-II Receptor Antagonists,False,False
15851711000001100,Candesartan,Candesartan 8mg/5ml oral solution 1 ml (product),Candesartan Cilexetil,,8 mg/5 ml,Angiotensin-II Receptor Antagonists,False,False
15853111000001100,Candesartan,Candesartan 8mg/5ml oral suspension (product),Candesartan Cilexetil,,8 mg/5 ml,Angiotensin-II Receptor Antagonists,False,False
15851511000001105,Candesartan,Candesartan 8mg/5ml oral suspension (Special Order) (product),Candesartan Cilexetil,,8 mg/5 ml,Angiotensin-II Receptor Antagonists,False,False
15851611000001109,Candesartan,Candesartan 8mg/5ml oral suspension (Special Order) 1 ml (product),Candesartan Cilexetil,,8 mg/5 ml,Angiotensin-II Receptor Antagonists,False,False
15851111000001101,Candesartan,Candesartan 8mg/5ml oral suspension 1 ml (product),Candesartan Cilexetil,,8 mg/5 ml,Angiotensin-II Receptor Antagonists,False,False
3519411000001106,Candesartan,Candesartan cilexetil (substance),Candesartan Cilexetil,,,Angiotensin-II Receptor Antagonists,False,False
3332801000001106,Candesartan,Candesartan cilexetil 16mg tablet - product,Candesartan Cilexetil,,16 mg,Angiotensin-II Receptor Antagonists,False,False
3332501000001108,Candesartan,Candesartan cilexetil 2mg tablet - product,Candesartan Cilexetil,,2 mg,Angiotensin-II Receptor Antagonists,False,False
8558501000001105,Candesartan,Candesartan cilexetil 32mg tablet (product),Candesartan Cilexetil,,32 mg,Angiotensin-II Receptor Antagonists,False,False
3332601000001107,Candesartan,Candesartan cilexetil 4mg tablet - product,Candesartan Cilexetil,,4 mg,Angiotensin-II Receptor Antagonists,False,False
3332701000001102,Candesartan,Candesartan cilexetil 8mg tablet - product,Candesartan Cilexetil,,8 mg,Angiotensin-II Receptor Antagonists,False,False
9233101000001103,Capoten,Capoten (product),Captopril,,,Angiotensin-Converting Enzyme Inhibitors,False,False
2604201000001109,Capoten,Capoten (qualifier value),Captopril,,,Angiotensin-Converting Enzyme Inhibitors,False,False
582201000001107,Capoten,Capoten 12.5mg tablet,Captopril,,12.5 mg,Angiotensin-Converting Enzyme Inhibitors,False,False
134511000001103,Capoten,Capoten 12.5mg tablets (Bristol-Myers Squibb Pharmaceuticals Limited) (product),Captopril,,12.5 mg,Angiotensin-Converting Enzyme Inhibitors,False,False
1346111000001108,Capoten,Capoten 12.5mg tablets (Bristol-Myers Squibb Pharmaceuticals Limited) 56 tablet 4 x 14 tablets (product),Captopril,56.0,12.5 mg,Angiotensin-Converting Enzyme Inhibitors,False,False
5528711000001108,Capoten,Capoten 12.5mg tablets (PI) (Dowelhurst Ltd) (product),Captopril,,12.5 mg,Angiotensin-Converting Enzyme Inhibitors,False,False
5528911000001105,Capoten,Capoten 12.5mg tablets (PI) (Dowelhurst Ltd) 60 tablet 6 x 10 tablets (product),Captopril,60.0,12.5 mg,Angiotensin-Converting Enzyme Inhibitors,False,False
503701000001109,Capoten,Capoten 25mg tablet,Captopril,,25 mg,Angiotensin-Converting Enzyme Inhibitors,False,False
455611000001103,Capoten,Capoten 25mg tablets (Bristol-Myers Squibb Pharmaceuticals Limited) (product),Captopril,,25 mg,Angiotensin-Converting Enzyme Inhibitors,False,False
1394911000001105,Capoten,Capoten 25mg tablets (Bristol-Myers Squibb Pharmaceuticals Limited) 56 tablet 4 x 14 tablets (product),Captopril,56.0,25 mg,Angiotensin-Converting Enzyme Inhibitors,False,False
1395011000001105,Capoten,Capoten 25mg tablets (Bristol-Myers Squibb Pharmaceuticals Limited) 84 tablet 6 x 14 tablets (product),Captopril,84.0,25 mg,Angiotensin-Converting Enzyme Inhibitors,False,False
17424411000001103,Capoten,Capoten 25mg tablets (Bristol-Myers Squibb Pharmaceuticals Ltd) 28 tablet 2 x 14 tablets (product),Captopril,28.0,25 mg,Angiotensin-Converting Enzyme Inhibitors,False,False
18156511000001101,Capoten,Capoten 25mg tablets (Mawdsley-Brooks & Company Ltd) (product),Captopril,,25 mg,Angiotensin-Converting Enzyme Inhibitors,False,False
18156611000001102,Capoten,Capoten 25mg tablets (Mawdsley-Brooks & Company Ltd) 60 tablet (product),Captopril,60.0,25 mg,Angiotensin-Converting Enzyme Inhibitors,False,False
5530211000001102,Capoten,Capoten 25mg tablets (PI) (Dowelhurst Ltd) (product),Captopril,,25 mg,Angiotensin-Converting Enzyme Inhibitors,False,False
5530411000001103,Capoten,Capoten 25mg tablets (PI) (Dowelhurst Ltd) 60 tablet 2 x 30 tablets (product),Captopril,60.0,25 mg,Angiotensin-Converting Enzyme Inhibitors,False,False
5344511000001109,Capoten,Capoten 25mg tablets (PI) (Waymade Ltd) (product),Captopril,,25 mg,Angiotensin-Converting Enzyme Inhibitors,False,False
5344611000001108,Capoten,Capoten 25mg tablets (PI) (Waymade Ltd) 56 tablet (product),Captopril,56.0,25 mg,Angiotensin-Converting Enzyme Inhibitors,False,False
14328211000001109,Capoten,Capoten 25mg tablets (Sigma Pharmaceuticals Plc) (product),Captopril,,25 mg,Angiotensin-Converting Enzyme Inhibitors,False,False
14328311000001101,Capoten,Capoten 25mg tablets (Sigma Pharmaceuticals Plc) 60 tablet (product),Captopril,60.0,25 mg,Angiotensin-Converting Enzyme Inhibitors,False,False
16543011000001103,Capoten,Capoten 25mg tablets (Stephar (U.K.) Ltd) (product),Captopril,,25 mg,Angiotensin-Converting Enzyme Inhibitors,False,False
16543111000001102,Capoten,Capoten 25mg tablets (Stephar (U.K.) Ltd) 56 tablet (product),Captopril,56.0,25 mg,Angiotensin-Converting Enzyme Inhibitors,False,False
11056411000001100,Capoten,Capoten 25mg tablets (Waymade Ltd) 60 tablet (product),Captopril,60.0,25 mg,Angiotensin-Converting Enzyme Inhibitors,False,False
860401000001106,Capoten,Capoten 25mg tablets x56,Captopril,,25 mg,Angiotensin-Converting Enzyme Inhibitors,False,False
573801000001105,Capoten,Capoten 50mg tablet,Captopril,,50 mg,Angiotensin-Converting Enzyme Inhibitors,False,False
386611000001109,Capoten,Capoten 50mg tablets (Bristol-Myers Squibb Pharmaceuticals Limited) (product),Captopril,,50 mg,Angiotensin-Converting Enzyme Inhibitors,False,False
1406411000001103,Capoten,Capoten 50mg tablets (Bristol-Myers Squibb Pharmaceuticals Limited) 56 tablet 4 x 14 tablets (product),Captopril,56.0,50 mg,Angiotensin-Converting Enzyme Inhibitors,False,False
1406611000001100,Capoten,Capoten 50mg tablets (Bristol-Myers Squibb Pharmaceuticals Limited) 84 tablet 6 x 14 tablets (product),Captopril,84.0,50 mg,Angiotensin-Converting Enzyme Inhibitors,False,False
18243211000001107,Capoten,Capoten 50mg tablets (Bristol-Myers Squibb Pharmaceuticals Ltd) 28 tablet 2 x 14 tablets (product),Captopril,28.0,50 mg,Angiotensin-Converting Enzyme Inhibitors,False,False
5531711000001101,Capoten,Capoten 50mg tablets (PI) (Dowelhurst Ltd) (product),Captopril,,50 mg,Angiotensin-Converting Enzyme Inhibitors,False,False
5531911000001104,Capoten,Capoten 50mg tablets (PI) (Dowelhurst Ltd) 28 tablet 2 x 14 tablets (product),Captopril,28.0,50 mg,Angiotensin-Converting Enzyme Inhibitors,False,False
5532011000001106,Capoten,Capoten 50mg tablets (PI) (Dowelhurst Ltd) 56 tablet 4 x 14 tablets (product),Captopril,56.0,50 mg,Angiotensin-Converting Enzyme Inhibitors,False,False
5346011000001106,Capoten,Capoten 50mg tablets (PI) (Waymade Ltd) (product),Captopril,,50 mg,Angiotensin-Converting Enzyme Inhibitors,False,False
5346111000001107,Capoten,Capoten 50mg tablets (PI) (Waymade Ltd) 56 tablet (product),Captopril,56.0,50 mg,Angiotensin-Converting Enzyme Inhibitors,False,False
14328511000001107,Capoten,Capoten 50mg tablets (Sigma Pharmaceuticals Plc) (product),Captopril,,50 mg,Angiotensin-Converting Enzyme Inhibitors,False,False
14329011000001109,Capoten,Capoten 50mg tablets (Sigma Pharmaceuticals Plc) 14 tablet (product),Captopril,14.0,50 mg,Angiotensin-Converting Enzyme Inhibitors,False,False
14329211000001104,Capoten,Capoten 50mg tablets (Sigma Pharmaceuticals Plc) 60 tablet (product),Captopril,60.0,50 mg,Angiotensin-Converting Enzyme Inhibitors,False,False
16542811000001101,Capoten,Capoten 50mg tablets (Stephar (U.K.) Ltd) (product),Captopril,,50 mg,Angiotensin-Converting Enzyme Inhibitors,False,False
16542911000001106,Capoten,Capoten 50mg tablets (Stephar (U.K.) Ltd) 56 tablet (product),Captopril,56.0,50 mg,Angiotensin-Converting Enzyme Inhibitors,False,False
11056711000001106,Capoten,Capoten 50mg tablets (Waymade Ltd) 60 tablet (product),Captopril,60.0,50 mg,Angiotensin-Converting Enzyme Inhibitors,False,False
860501000001105,Capoten,Capoten 50mg tablets x56,Captopril,,50 mg,Angiotensin-Converting Enzyme Inhibitors,False,False
7658811000001109,Capoten,Capoten 5mg/ml oral solution (Bristol-Myers Squibb Pharmaceuticals Limited) (product),Captopril,,5 mg/mL,Angiotensin-Converting Enzyme Inhibitors,False,False
7658911000001104,Capoten,Capoten 5mg/ml oral solution (Bristol-Myers Squibb Pharmaceuticals Limited) 95 ml (product),Captopril,,5 mg/mL,Angiotensin-Converting Enzyme Inhibitors,False,False
9233201000001105,Capozide,Capozide (product),Co-Zidocapt,,,Angiotensin-Converting Enzyme Inhibitors,False,False
3237901000001108,Capozide,Capozide (qualifier value),Co-Zidocapt,,,Angiotensin-Converting Enzyme Inhibitors,False,False
17311000001102,Capozide,Capozide 25mg/50mg tablets (Bristol-Myers Squibb Pharmaceuticals Limited) (product),Co-Zidocapt,,25 mg,Angiotensin-Converting Enzyme Inhibitors,False,False
1916911000001106,Capozide,Capozide 25mg/50mg tablets (Bristol-Myers Squibb Pharmaceuticals Limited) 28 tablet 2 x 14 tablets (product),Co-Zidocapt,28.0,25 mg,Angiotensin-Converting Enzyme Inhibitors,False,False
18423811000001107,Capozide,Capozide 25mg/50mg tablets (Bristol-Myers Squibb Pharmaceuticals Ltd) 30 tablet 3 x 10 tablets (product),Co-Zidocapt,30.0,25 mg,Angiotensin-Converting Enzyme Inhibitors,False,False
13842911000001101,Capozide,Capozide 25mg/50mg tablets (Doncaster Pharmaceuticals Ltd) (product),Co-Zidocapt,,25 mg,Angiotensin-Converting Enzyme Inhibitors,False,False
13843011000001109,Capozide,Capozide 25mg/50mg tablets (Doncaster Pharmaceuticals Ltd) 30 tablet (product),Co-Zidocapt,30.0,25 mg,Angiotensin-Converting Enzyme Inhibitors,False,False
5620211000001105,Capozide,Capozide 25mg/50mg tablets (PI) (Dowelhurst Ltd) (product),Co-Zidocapt,,25 mg,Angiotensin-Converting Enzyme Inhibitors,False,False
5620411000001109,Capozide,Capozide 25mg/50mg tablets (PI) (Dowelhurst Ltd) 20 tablet 2 x 10 tablets (product),Co-Zidocapt,20.0,25 mg,Angiotensin-Converting Enzyme Inhibitors,False,False
10469411000001102,Capozide,Capozide 25mg/50mg tablets (PI) (Dowelhurst Ltd) 28 tablet (product),Co-Zidocapt,28.0,25 mg,Angiotensin-Converting Enzyme Inhibitors,False,False
5347211000001104,Capozide,Capozide 25mg/50mg tablets (PI) (Waymade Ltd) (product),Co-Zidocapt,,25 mg,Angiotensin-Converting Enzyme Inhibitors,False,False
10498311000001100,Capozide,Capozide 25mg/50mg tablets (PI) (Waymade Ltd) 28 tablet (product),Co-Zidocapt,28.0,25 mg,Angiotensin-Converting Enzyme Inhibitors,False,False
5347311000001107,Capozide,Capozide 25mg/50mg tablets (PI) (Waymade Ltd) 30 tablet (product),Co-Zidocapt,30.0,25 mg,Angiotensin-Converting Enzyme Inhibitors,False,False
14330511000001106,Capozide,Capozide 25mg/50mg tablets (Sigma Pharmaceuticals Plc) (product),Co-Zidocapt,,25 mg,Angiotensin-Converting Enzyme Inhibitors,False,False
14330811000001109,Capozide,Capozide 25mg/50mg tablets (Sigma Pharmaceuticals Plc) 28 tablet (product),Co-Zidocapt,28.0,25 mg,Angiotensin-Converting Enzyme Inhibitors,False,False
860701000001104,Capozide,Capozide 50mg tablets x28,Co-Zidocapt,,50 mg,Angiotensin-Converting Enzyme Inhibitors,False,False
11112201000001101,Capozide,CAPOZIDE 50mg/25mg tablets,Co-Zidocapt,,50 mg,Angiotensin-Converting Enzyme Inhibitors,False,False
3238001000001105,Capozide,Capozide LS (qualifier value),Co-Zidocapt,,,Angiotensin-Converting Enzyme Inhibitors,False,False
546711000001107,Capozide,Capozide LS 12.5mg/25mg tablets (Bristol-Myers Squibb Pharmaceuticals Limited) (product),Co-Zidocapt,,12.5 mg,Angiotensin-Converting Enzyme Inhibitors,False,False
2628211000001105,Capozide,Capozide LS 12.5mg/25mg tablets (Bristol-Myers Squibb Pharmaceuticals Limited) 28 tablet 2 x 14 tablets (product),Co-Zidocapt,28.0,12.5 mg,Angiotensin-Converting Enzyme Inhibitors,False,False
860801000001108,Capozide,Capozide LS 25mg tablets x28CP,Co-Zidocapt,,25 mg,Angiotensin-Converting Enzyme Inhibitors,False,False
713801000001103,Capozide,Capozide LS tablet,Co-Zidocapt,,,Angiotensin-Converting Enzyme Inhibitors,False,False
643901000001106,Capozide,Capozide tablet,Co-Zidocapt,,,Angiotensin-Converting Enzyme Inhibitors,False,False
3644201000001108,Capto-Co,Capto-Co (qualifier value),Co-Zidocapt,,,Angiotensin-Converting Enzyme Inhibitors,False,False
3644001000001102,Capto-Co,Capto-Co 25mg/12.5mg tablet,Co-Zidocapt,,25 mg,Angiotensin-Converting Enzyme Inhibitors,False,False
3644101000001101,Capto-Co,Capto-Co 50mg/25mg tablet,Co-Zidocapt,,50 mg,Angiotensin-Converting Enzyme Inhibitors,False,False
9233501000001108,Captomex,Captomex (product),Captopril,,,Angiotensin-Converting Enzyme Inhibitors,False,False
372511000001104,Captomex,Captomex 12.5mg tablets (Alpharma Limited) (product),Captopril,,12.5 mg,Angiotensin-Converting Enzyme Inhibitors,False,False
1346211000001102,Captomex,Captomex 12.5mg tablets (Alpharma Limited) 56 tablet (product),Captopril,56.0,12.5 mg,Angiotensin-Converting Enzyme Inhibitors,False,False
562011000001101,Captomex,Captomex 25mg tablets (Alpharma Limited) (product),Captopril,,25 mg,Angiotensin-Converting Enzyme Inhibitors,False,False
1592611000001105,Captomex,Captomex 25mg tablets (Alpharma Limited) 56 tablet (product),Captopril,56.0,25 mg,Angiotensin-Converting Enzyme Inhibitors,False,False
760211000001106,Captomex,Captomex 50mg tablets (Alpharma Limited) (product),Captopril,,50 mg,Angiotensin-Converting Enzyme Inhibitors,False,False
1406811000001101,Captomex,Captomex 50mg tablets (Alpharma Limited) 56 tablet (product),Captopril,56.0,50 mg,Angiotensin-Converting Enzyme Inhibitors,False,False
3519611000001109,Captopril,Captopril (substance),Captopril,,,Angiotensin-Converting Enzyme Inhibitors,False,False
8346311000001100,Captopril,Captopril 1.25mg/5ml oral solution (product),Captopril,,25 mg/5 ml,Angiotensin-Converting Enzyme Inhibitors,False,False
8311611000001105,Captopril,Captopril 1.25mg/5ml oral solution (Special Order) (product),Captopril,,25 mg/5 ml,Angiotensin-Converting Enzyme Inhibitors,False,False
8311811000001109,Captopril,Captopril 1.25mg/5ml oral solution (Special Order) 1 ml (product),Captopril,,25 mg/5 ml,Angiotensin-Converting Enzyme Inhibitors,False,False
8311511000001106,Captopril,Captopril 1.25mg/5ml oral solution 1 ml (product),Captopril,,25 mg/5 ml,Angiotensin-Converting Enzyme Inhibitors,False,False
8346411000001107,Captopril,Captopril 1.25mg/5ml oral suspension (product),Captopril,,25 mg/5 ml,Angiotensin-Converting Enzyme Inhibitors,False,False
8312211000001101,Captopril,Captopril 1.25mg/5ml oral suspension (Special Order) (product),Captopril,,25 mg/5 ml,Angiotensin-Converting Enzyme Inhibitors,False,False
8312611000001104,Captopril,Captopril 1.25mg/5ml oral suspension (Special Order) 1 ml (product),Captopril,,25 mg/5 ml,Angiotensin-Converting Enzyme Inhibitors,False,False
8312511000001103,Captopril,Captopril 1.25mg/5ml oral suspension 1 ml (product),Captopril,,25 mg/5 ml,Angiotensin-Converting Enzyme Inhibitors,False,False
15533211000001106,Captopril,Captopril 1.5mg capsules (product),Captopril,,1.5 mg,Angiotensin-Converting Enzyme Inhibitors,False,False
15530311000001109,Captopril,Captopril 1.5mg capsules (Special Order) (product),Captopril,,1.5 mg,Angiotensin-Converting Enzyme Inhibitors,False,False
15530411000001102,Captopril,Captopril 1.5mg capsules (Special Order) 1 capsule (product),Captopril,,1.5 mg,Angiotensin-Converting Enzyme Inhibitors,False,False
15530211000001101,Captopril,Captopril 1.5mg capsules 1 capsule (product),Captopril,,1.5 mg,Angiotensin-Converting Enzyme Inhibitors,False,False
8346511000001106,Captopril,Captopril 1.5mg/5ml oral solution (product),Captopril,,5 mg/5 ml,Angiotensin-Converting Enzyme Inhibitors,False,False
8313211000001107,Captopril,Captopril 1.5mg/5ml oral solution (Special Order) (product),Captopril,,5 mg/5 ml,Angiotensin-Converting Enzyme Inhibitors,False,False
8313411000001106,Captopril,Captopril 1.5mg/5ml oral solution (Special Order) 1 ml (product),Captopril,,5 mg/5 ml,Angiotensin-Converting Enzyme Inhibitors,False,False
8312911000001105,Captopril,Captopril 1.5mg/5ml oral solution 1 ml (product),Captopril,,5 mg/5 ml,Angiotensin-Converting Enzyme Inhibitors,False,False
8346611000001105,Captopril,Captopril 1.5mg/5ml oral suspension (product),Captopril,,5 mg/5 ml,Angiotensin-Converting Enzyme Inhibitors,False,False
8314011000001100,Captopril,Captopril 1.5mg/5ml oral suspension (Special Order) (product),Captopril,,5 mg/5 ml,Angiotensin-Converting Enzyme Inhibitors,False,False
8318111000001105,Captopril,Captopril 1.5mg/5ml oral suspension (Special Order) 1 ml (product),Captopril,,5 mg/5 ml,Angiotensin-Converting Enzyme Inhibitors,False,False
8313811000001108,Captopril,Captopril 1.5mg/5ml oral suspension 1 ml (product),Captopril,,5 mg/5 ml,Angiotensin-Converting Enzyme Inhibitors,False,False
12291411000001107,Captopril,Captopril 1.6mg/5ml oral solution (product),Captopril,,6 mg/5 ml,Angiotensin-Converting Enzyme Inhibitors,False,False
12282211000001100,Captopril,Captopril 1.6mg/5ml oral solution (Special Order) (product),Captopril,,6 mg/5 ml,Angiotensin-Converting Enzyme Inhibitors,False,False
12282411000001101,Captopril,Captopril 1.6mg/5ml oral solution (Special Order) 1 ml (product),Captopril,,6 mg/5 ml,Angiotensin-Converting Enzyme Inhibitors,False,False
12282011000001105,Captopril,Captopril 1.6mg/5ml oral solution 1 ml (product),Captopril,,6 mg/5 ml,Angiotensin-Converting Enzyme Inhibitors,False,False
12291511000001106,Captopril,Captopril 1.75mg/5ml oral solution (product),Captopril,,75 mg/5 ml,Angiotensin-Converting Enzyme Inhibitors,False,False
12283411000001105,Captopril,Captopril 1.75mg/5ml oral solution (Special Order) (product),Captopril,,75 mg/5 ml,Angiotensin-Converting Enzyme Inhibitors,False,False
12283611000001108,Captopril,Captopril 1.75mg/5ml oral solution (Special Order) 1 ml (product),Captopril,,75 mg/5 ml,Angiotensin-Converting Enzyme Inhibitors,False,False
12283111000001100,Captopril,Captopril 1.75mg/5ml oral solution 1 ml (product),Captopril,,75 mg/5 ml,Angiotensin-Converting Enzyme Inhibitors,False,False
12312411000001108,Captopril,Captopril 100mg/5ml oral solution (product),Captopril,,100 mg/5 ml,Angiotensin-Converting Enzyme Inhibitors,False,False
12306011000001103,Captopril,Captopril 100mg/5ml oral solution (Special Order) (product),Captopril,,100 mg/5 ml,Angiotensin-Converting Enzyme Inhibitors,False,False
12306111000001102,Captopril,Captopril 100mg/5ml oral solution (Special Order) 1 ml (product),Captopril,,100 mg/5 ml,Angiotensin-Converting Enzyme Inhibitors,False,False
12305911000001106,Captopril,Captopril 100mg/5ml oral solution 1 ml (product),Captopril,,100 mg/5 ml,Angiotensin-Converting Enzyme Inhibitors,False,False
12312511000001107,Captopril,Captopril 100micrograms/5ml oral solution (product),Captopril,,,Angiotensin-Converting Enzyme Inhibitors,False,False
12305711000001109,Captopril,Captopril 100micrograms/5ml oral solution (Special Order) (product),Captopril,,,Angiotensin-Converting Enzyme Inhibitors,False,False
12305811000001101,Captopril,Captopril 100micrograms/5ml oral solution (Special Order) 1 ml (product),Captopril,,,Angiotensin-Converting Enzyme Inhibitors,False,False
12305411000001103,Captopril,Captopril 100micrograms/5ml oral solution 1 ml (product),Captopril,,,Angiotensin-Converting Enzyme Inhibitors,False,False
8346711000001101,Captopril,Captopril 10mg/5ml oral solution (product),Captopril,,10 mg/5 ml,Angiotensin-Converting Enzyme Inhibitors,False,False
8310711000001109,Captopril,Captopril 10mg/5ml oral solution (Special Order) (product),Captopril,,10 mg/5 ml,Angiotensin-Converting Enzyme Inhibitors,False,False
8310811000001101,Captopril,Captopril 10mg/5ml oral solution (Special Order) 1 ml (product),Captopril,,10 mg/5 ml,Angiotensin-Converting Enzyme Inhibitors,False,False
8310611000001100,Captopril,Captopril 10mg/5ml oral solution 1 ml (product),Captopril,,10 mg/5 ml,Angiotensin-Converting Enzyme Inhibitors,False,False
8346811000001109,Captopril,Captopril 10mg/5ml oral suspension (product),Captopril,,10 mg/5 ml,Angiotensin-Converting Enzyme Inhibitors,False,False
8311111000001102,Captopril,Captopril 10mg/5ml oral suspension (Special Order) (product),Captopril,,10 mg/5 ml,Angiotensin-Converting Enzyme Inhibitors,False,False
8311311000001100,Captopril,Captopril 10mg/5ml oral suspension (Special Order) 1 ml (product),Captopril,,10 mg/5 ml,Angiotensin-Converting Enzyme Inhibitors,False,False
8311011000001103,Captopril,Captopril 10mg/5ml oral suspension 1 ml (product),Captopril,,10 mg/5 ml,Angiotensin-Converting Enzyme Inhibitors,False,False
8346911000001104,Captopril,Captopril 11.25mg/5ml oral solution (product),Captopril,,25 mg/5 ml,Angiotensin-Converting Enzyme Inhibitors,False,False
8311911000001104,Captopril,Captopril 11.25mg/5ml oral solution (Special Order) (product),Captopril,,25 mg/5 ml,Angiotensin-Converting Enzyme Inhibitors,False,False
8312011000001106,Captopril,Captopril 11.25mg/5ml oral solution (Special Order) 1 ml (product),Captopril,,25 mg/5 ml,Angiotensin-Converting Enzyme Inhibitors,False,False
8311711000001101,Captopril,Captopril 11.25mg/5ml oral solution 1 ml (product),Captopril,,25 mg/5 ml,Angiotensin-Converting Enzyme Inhibitors,False,False
8347011000001100,Captopril,Captopril 11.25mg/5ml oral suspension (product),Captopril,,25 mg/5 ml,Angiotensin-Converting Enzyme Inhibitors,False,False
8312311000001109,Captopril,Captopril 11.25mg/5ml oral suspension (Special Order) (product),Captopril,,25 mg/5 ml,Angiotensin-Converting Enzyme Inhibitors,False,False
8312411000001102,Captopril,Captopril 11.25mg/5ml oral suspension (Special Order) 1 ml (product),Captopril,,25 mg/5 ml,Angiotensin-Converting Enzyme Inhibitors,False,False
8312111000001107,Captopril,Captopril 11.25mg/5ml oral suspension 1 ml (product),Captopril,,25 mg/5 ml,Angiotensin-Converting Enzyme Inhibitors,False,False
782801000001109,Captopril,Captopril 12.5mg tablet - product,Captopril,,12.5 mg,Angiotensin-Converting Enzyme Inhibitors,False,False
226411000001105,Captopril,Captopril 12.5mg tablets (A A H Pharmaceuticals Ltd) (product),Captopril,,12.5 mg,Angiotensin-Converting Enzyme Inhibitors,False,False
1345011000001103,Captopril,Captopril 12.5mg tablets (A A H Pharmaceuticals Ltd) 56 tablet 4 x 14 tablets (product),Captopril,56.0,12.5 mg,Angiotensin-Converting Enzyme Inhibitors,False,False
23478811000001103,Captopril,Captopril 12.5mg tablets (Accord Healthcare Ltd) (product),Captopril,,12.5 mg,Angiotensin-Converting Enzyme Inhibitors,False,False
23479011000001104,Captopril,Captopril 12.5mg tablets (Accord Healthcare Ltd) 56 tablet 4 x 14 tablets (product),Captopril,56.0,12.5 mg,Angiotensin-Converting Enzyme Inhibitors,False,False
605411000001105,Captopril,Captopril 12.5mg tablets (Alpharma Limited) (product),Captopril,,12.5 mg,Angiotensin-Converting Enzyme Inhibitors,False,False
1345211000001108,Captopril,Captopril 12.5mg tablets (Alpharma Limited) 56 tablet 4 x 14 tablets (product),Captopril,56.0,12.5 mg,Angiotensin-Converting Enzyme Inhibitors,False,False
19311000001107,Captopril,Captopril 12.5mg tablets (Approved Prescription Services) (product),Captopril,,12.5 mg,Angiotensin-Converting Enzyme Inhibitors,False,False
1345311000001100,Captopril,Captopril 12.5mg tablets (Approved Prescription Services) 56 tablet 4 x 14 tablets (product),Captopril,56.0,12.5 mg,Angiotensin-Converting Enzyme Inhibitors,False,False
15987811000001100,Captopril,Captopril 12.5mg tablets (Bristol Laboratories Ltd) (product),Captopril,,12.5 mg,Angiotensin-Converting Enzyme Inhibitors,False,False
15987911000001105,Captopril,Captopril 12.5mg tablets (Bristol Laboratories Ltd) 56 tablet 4 x 14 tablets (product),Captopril,56.0,12.5 mg,Angiotensin-Converting Enzyme Inhibitors,False,False
22627311000001101,Captopril,Captopril 12.5mg tablets (Doncaster Pharmaceuticals Ltd) (product),Captopril,,12.5 mg,Angiotensin-Converting Enzyme Inhibitors,False,False
22627411000001108,Captopril,Captopril 12.5mg tablets (Doncaster Pharmaceuticals Ltd) 56 tablet (product),Captopril,56.0,12.5 mg,Angiotensin-Converting Enzyme Inhibitors,False,False
13196211000001107,Captopril,Captopril 12.5mg tablets (Dowelhurst Ltd) (product),Captopril,,12.5 mg,Angiotensin-Converting Enzyme Inhibitors,False,False
13196311000001104,Captopril,Captopril 12.5mg tablets (Dowelhurst Ltd) 56 tablet (product),Captopril,56.0,12.5 mg,Angiotensin-Converting Enzyme Inhibitors,False,False
332211000001104,Captopril,Captopril 12.5mg tablets (Generics (UK) Ltd) (product),Captopril,,12.5 mg,Angiotensin-Converting Enzyme Inhibitors,False,False
1346311000001105,Captopril,Captopril 12.5mg tablets (Generics (UK) Ltd) 56 tablet (product),Captopril,56.0,12.5 mg,Angiotensin-Converting Enzyme Inhibitors,False,False
665411000001109,Captopril,Captopril 12.5mg tablets (Kent Pharmaceuticals Ltd) (product),Captopril,,12.5 mg,Angiotensin-Converting Enzyme Inhibitors,False,False
1346711000001109,Captopril,Captopril 12.5mg tablets (Kent Pharmaceuticals Ltd) 100 tablet (product),Captopril,100.0,12.5 mg,Angiotensin-Converting Enzyme Inhibitors,False,False
1346611000001100,Captopril,Captopril 12.5mg tablets (Kent Pharmaceuticals Ltd) 56 tablet 4 x 14 tablets (product),Captopril,56.0,12.5 mg,Angiotensin-Converting Enzyme Inhibitors,False,False
17819311000001108,Captopril,Captopril 12.5mg tablets (Phoenix Healthcare Distribution Ltd) (product),Captopril,,12.5 mg,Angiotensin-Converting Enzyme Inhibitors,False,False
17819411000001101,Captopril,Captopril 12.5mg tablets (Phoenix Healthcare Distribution Ltd) 56 tablet (product),Captopril,56.0,12.5 mg,Angiotensin-Converting Enzyme Inhibitors,False,False
654711000001106,Captopril,Captopril 12.5mg tablets (Sandoz Ltd) (product),Captopril,,12.5 mg,Angiotensin-Converting Enzyme Inhibitors,False,False
1346811000001101,Captopril,Captopril 12.5mg tablets (Sandoz Ltd) 56 tablet 4 x 14 tablets (product),Captopril,56.0,12.5 mg,Angiotensin-Converting Enzyme Inhibitors,False,False
29778211000001107,Captopril,Captopril 12.5mg tablets (Sigma Pharmaceuticals Plc) (product),Captopril,,12.5 mg,Angiotensin-Converting Enzyme Inhibitors,False,False
29778311000001104,Captopril,Captopril 12.5mg tablets (Sigma Pharmaceuticals Plc) 56 tablet (product),Captopril,56.0,12.5 mg,Angiotensin-Converting Enzyme Inhibitors,False,False
762711000001100,Captopril,Captopril 12.5mg tablets (Sterwin Medicines) (product),Captopril,,12.5 mg,Angiotensin-Converting Enzyme Inhibitors,False,False
1347011000001105,Captopril,Captopril 12.5mg tablets (Sterwin Medicines) 56 tablet 4 x 14 tablets (product),Captopril,56.0,12.5 mg,Angiotensin-Converting Enzyme Inhibitors,False,False
13741311000001109,Captopril,Captopril 12.5mg tablets (Tillomed Laboratories Ltd) (product),Captopril,,12.5 mg,Angiotensin-Converting Enzyme Inhibitors,False,False
13741511000001103,Captopril,Captopril 12.5mg tablets (Tillomed Laboratories Ltd) 100 tablet (product),Captopril,100.0,12.5 mg,Angiotensin-Converting Enzyme Inhibitors,False,False
13741411000001102,Captopril,Captopril 12.5mg tablets (Tillomed Laboratories Ltd) 56 tablet (product),Captopril,56.0,12.5 mg,Angiotensin-Converting Enzyme Inhibitors,False,False
653311000001105,Captopril,Captopril 12.5mg tablets (Unichem Plc) (product),Captopril,,12.5 mg,Angiotensin-Converting Enzyme Inhibitors,False,False
1347811000001104,Captopril,Captopril 12.5mg tablets (Unichem Plc) 100 tablet (product),Captopril,100.0,12.5 mg,Angiotensin-Converting Enzyme Inhibitors,False,False
1347511000001102,Captopril,Captopril 12.5mg tablets (Unichem Plc) 56 tablet (product),Captopril,56.0,12.5 mg,Angiotensin-Converting Enzyme Inhibitors,False,False
21814111000001106,Captopril,Captopril 12.5mg tablets (Waymade Healthcare Plc) (product),Captopril,,12.5 mg,Angiotensin-Converting Enzyme Inhibitors,False,False
21814211000001100,Captopril,Captopril 12.5mg tablets (Waymade Healthcare Plc) 56 tablet (product),Captopril,56.0,12.5 mg,Angiotensin-Converting Enzyme Inhibitors,False,False
1187511000001102,Captopril,Captopril 12.5mg tablets 100 tablet (product),Captopril,100.0,12.5 mg,Angiotensin-Converting Enzyme Inhibitors,False,False
1246911000001100,Captopril,Captopril 12.5mg tablets 56 tablet (product),Captopril,56.0,12.5 mg,Angiotensin-Converting Enzyme Inhibitors,False,False
5528611000001104,Captopril,Captopril 12.5mg tablets 60 tablet (product),Captopril,60.0,12.5 mg,Angiotensin-Converting Enzyme Inhibitors,False,False
8347111000001104,Captopril,Captopril 12.5mg/5ml oral solution (product),Captopril,,5 mg/5 ml,Angiotensin-Converting Enzyme Inhibitors,False,False
8312811000001100,Captopril,Captopril 12.5mg/5ml oral solution (Special Order) (product),Captopril,,5 mg/5 ml,Angiotensin-Converting Enzyme Inhibitors,False,False
8313111000001101,Captopril,Captopril 12.5mg/5ml oral solution (Special Order) 1 ml (product),Captopril,,5 mg/5 ml,Angiotensin-Converting Enzyme Inhibitors,False,False
8312711000001108,Captopril,Captopril 12.5mg/5ml oral solution 1 ml (product),Captopril,,5 mg/5 ml,Angiotensin-Converting Enzyme Inhibitors,False,False
8347211000001105,Captopril,Captopril 12.5mg/5ml oral suspension (product),Captopril,,5 mg/5 ml,Angiotensin-Converting Enzyme Inhibitors,False,False
8314111000001104,Captopril,Captopril 12.5mg/5ml oral suspension (Special Order) (product),Captopril,,5 mg/5 ml,Angiotensin-Converting Enzyme Inhibitors,False,False
8314411000001109,Captopril,Captopril 12.5mg/5ml oral suspension (Special Order) 1 ml (product),Captopril,,5 mg/5 ml,Angiotensin-Converting Enzyme Inhibitors,False,False
8313611000001109,Captopril,Captopril 12.5mg/5ml oral suspension 1 ml (product),Captopril,,5 mg/5 ml,Angiotensin-Converting Enzyme Inhibitors,False,False
12312611000001106,Captopril,Captopril 12mg/5ml oral solution (product),Captopril,,12 mg/5 ml,Angiotensin-Converting Enzyme Inhibitors,False,False
12306511000001106,Captopril,Captopril 12mg/5ml oral solution (Special Order) (product),Captopril,,12 mg/5 ml,Angiotensin-Converting Enzyme Inhibitors,False,False
12307111000001104,Captopril,Captopril 12mg/5ml oral solution (Special Order) 1 ml (product),Captopril,,12 mg/5 ml,Angiotensin-Converting Enzyme Inhibitors,False,False
12306311000001100,Captopril,Captopril 12mg/5ml oral solution 1 ml (product),Captopril,,12 mg/5 ml,Angiotensin-Converting Enzyme Inhibitors,False,False
12312711000001102,Captopril,Captopril 15.625mg/5ml oral solution (product),Captopril,,625 mg/5 ml,Angiotensin-Converting Enzyme Inhibitors,False,False
12307911000001101,Captopril,Captopril 15.625mg/5ml oral solution (Special Order) (product),Captopril,,625 mg/5 ml,Angiotensin-Converting Enzyme Inhibitors,False,False
12308011000001104,Captopril,Captopril 15.625mg/5ml oral solution (Special Order) 1 ml (product),Captopril,,625 mg/5 ml,Angiotensin-Converting Enzyme Inhibitors,False,False
12307711000001103,Captopril,Captopril 15.625mg/5ml oral solution 1 ml (product),Captopril,,625 mg/5 ml,Angiotensin-Converting Enzyme Inhibitors,False,False
8347311000001102,Captopril,Captopril 15mg/5ml oral solution (product),Captopril,,15 mg/5 ml,Angiotensin-Converting Enzyme Inhibitors,False,False
8313311000001104,Captopril,Captopril 15mg/5ml oral solution (Special Order) (product),Captopril,,15 mg/5 ml,Angiotensin-Converting Enzyme Inhibitors,False,False
8313511000001105,Captopril,Captopril 15mg/5ml oral solution (Special Order) 1 ml (product),Captopril,,15 mg/5 ml,Angiotensin-Converting Enzyme Inhibitors,False,False
8313011000001102,Captopril,Captopril 15mg/5ml oral solution 1 ml (product),Captopril,,15 mg/5 ml,Angiotensin-Converting Enzyme Inhibitors,False,False
8347411000001109,Captopril,Captopril 15mg/5ml oral suspension (product),Captopril,,15 mg/5 ml,Angiotensin-Converting Enzyme Inhibitors,False,False
8313911000001103,Captopril,Captopril 15mg/5ml oral suspension (Special Order) (product),Captopril,,15 mg/5 ml,Angiotensin-Converting Enzyme Inhibitors,False,False
8314211000001105,Captopril,Captopril 15mg/5ml oral suspension (Special Order) 1 ml (product),Captopril,,15 mg/5 ml,Angiotensin-Converting Enzyme Inhibitors,False,False
8313711000001100,Captopril,Captopril 15mg/5ml oral suspension 1 ml (product),Captopril,,15 mg/5 ml,Angiotensin-Converting Enzyme Inhibitors,False,False
12312811000001105,Captopril,Captopril 17.5mg/5ml oral solution (product),Captopril,,5 mg/5 ml,Angiotensin-Converting Enzyme Inhibitors,False,False
12308611000001106,Captopril,Captopril 17.5mg/5ml oral solution (Special Order) (product),Captopril,,5 mg/5 ml,Angiotensin-Converting Enzyme Inhibitors,False,False
12308711000001102,Captopril,Captopril 17.5mg/5ml oral solution (Special Order) 1 ml (product),Captopril,,5 mg/5 ml,Angiotensin-Converting Enzyme Inhibitors,False,False
12308511000001107,Captopril,Captopril 17.5mg/5ml oral solution 1 ml (product),Captopril,,5 mg/5 ml,Angiotensin-Converting Enzyme Inhibitors,False,False
8347511000001108,Captopril,Captopril 17mg/5ml oral solution (product),Captopril,,17 mg/5 ml,Angiotensin-Converting Enzyme Inhibitors,False,False
8314611000001107,Captopril,Captopril 17mg/5ml oral solution (Special Order) (product),Captopril,,17 mg/5 ml,Angiotensin-Converting Enzyme Inhibitors,False,False
8314711000001103,Captopril,Captopril 17mg/5ml oral solution (Special Order) 1 ml (product),Captopril,,17 mg/5 ml,Angiotensin-Converting Enzyme Inhibitors,False,False
8314511000001108,Captopril,Captopril 17mg/5ml oral solution 1 ml (product),Captopril,,17 mg/5 ml,Angiotensin-Converting Enzyme Inhibitors,False,False
8347611000001107,Captopril,Captopril 17mg/5ml oral suspension (product),Captopril,,17 mg/5 ml,Angiotensin-Converting Enzyme Inhibitors,False,False
8314911000001101,Captopril,Captopril 17mg/5ml oral suspension (Special Order) (product),Captopril,,17 mg/5 ml,Angiotensin-Converting Enzyme Inhibitors,False,False
8315011000001101,Captopril,Captopril 17mg/5ml oral suspension (Special Order) 1 ml (product),Captopril,,17 mg/5 ml,Angiotensin-Converting Enzyme Inhibitors,False,False
8314811000001106,Captopril,Captopril 17mg/5ml oral suspension 1 ml (product),Captopril,,17 mg/5 ml,Angiotensin-Converting Enzyme Inhibitors,False,False
12312911000001100,Captopril,Captopril 18.5mg/5ml oral solution (product),Captopril,,5 mg/5 ml,Angiotensin-Converting Enzyme Inhibitors,False,False
12309211000001104,Captopril,Captopril 18.5mg/5ml oral solution (Special Order) (product),Captopril,,5 mg/5 ml,Angiotensin-Converting Enzyme Inhibitors,False,False
12309311000001107,Captopril,Captopril 18.5mg/5ml oral solution (Special Order) 1 ml (product),Captopril,,5 mg/5 ml,Angiotensin-Converting Enzyme Inhibitors,False,False
12309111000001105,Captopril,Captopril 18.5mg/5ml oral solution 1 ml (product),Captopril,,5 mg/5 ml,Angiotensin-Converting Enzyme Inhibitors,False,False
8347811000001106,Captopril,Captopril 1mg/5ml oral solution (product),Captopril,,1 mg/5 ml,Angiotensin-Converting Enzyme Inhibitors,False,False
8315811000001107,Captopril,Captopril 1mg/5ml oral solution (Special Order) (product),Captopril,,1 mg/5 ml,Angiotensin-Converting Enzyme Inhibitors,False,False
8316111000001106,Captopril,Captopril 1mg/5ml oral solution (Special Order) 1 ml (product),Captopril,,1 mg/5 ml,Angiotensin-Converting Enzyme Inhibitors,False,False
8315511000001109,Captopril,Captopril 1mg/5ml oral solution 1 ml (product),Captopril,,1 mg/5 ml,Angiotensin-Converting Enzyme Inhibitors,False,False
8347911000001101,Captopril,Captopril 1mg/5ml oral suspension (product),Captopril,,1 mg/5 ml,Angiotensin-Converting Enzyme Inhibitors,False,False
8316411000001101,Captopril,Captopril 1mg/5ml oral suspension (Special Order) (product),Captopril,,1 mg/5 ml,Angiotensin-Converting Enzyme Inhibitors,False,False
8316511000001102,Captopril,Captopril 1mg/5ml oral suspension (Special Order) 1 ml (product),Captopril,,1 mg/5 ml,Angiotensin-Converting Enzyme Inhibitors,False,False
8316311000001108,Captopril,Captopril 1mg/5ml oral suspension 1 ml (product),Captopril,,1 mg/5 ml,Angiotensin-Converting Enzyme Inhibitors,False,False
8348011000001104,Captopril,Captopril 2.5mg/5ml oral solution (product),Captopril,,5 mg/5 ml,Angiotensin-Converting Enzyme Inhibitors,False,False
8315611000001108,Captopril,Captopril 2.5mg/5ml oral solution (Special Order) (product),Captopril,,5 mg/5 ml,Angiotensin-Converting Enzyme Inhibitors,False,False
8315911000001102,Captopril,Captopril 2.5mg/5ml oral solution (Special Order) 1 ml (product),Captopril,,5 mg/5 ml,Angiotensin-Converting Enzyme Inhibitors,False,False
8315111000001100,Captopril,Captopril 2.5mg/5ml oral solution 1 ml (product),Captopril,,5 mg/5 ml,Angiotensin-Converting Enzyme Inhibitors,False,False
8348111000001103,Captopril,Captopril 2.5mg/5ml oral suspension (product),Captopril,,5 mg/5 ml,Angiotensin-Converting Enzyme Inhibitors,False,False
8316711000001107,Captopril,Captopril 2.5mg/5ml oral suspension (Special Order) (product),Captopril,,5 mg/5 ml,Angiotensin-Converting Enzyme Inhibitors,False,False
8316811000001104,Captopril,Captopril 2.5mg/5ml oral suspension (Special Order) 1 ml (product),Captopril,,5 mg/5 ml,Angiotensin-Converting Enzyme Inhibitors,False,False
8316611000001103,Captopril,Captopril 2.5mg/5ml oral suspension 1 ml (product),Captopril,,5 mg/5 ml,Angiotensin-Converting Enzyme Inhibitors,False,False
8348211000001109,Captopril,Captopril 20mg/5ml oral solution (product),Captopril,,20 mg/5 ml,Angiotensin-Converting Enzyme Inhibitors,False,False
8315311000001103,Captopril,Captopril 20mg/5ml oral solution (Special Order) (product),Captopril,,20 mg/5 ml,Angiotensin-Converting Enzyme Inhibitors,False,False
8315411000001105,Captopril,Captopril 20mg/5ml oral solution (Special Order) 1 ml (product),Captopril,,20 mg/5 ml,Angiotensin-Converting Enzyme Inhibitors,False,False
8315211000001106,Captopril,Captopril 20mg/5ml oral solution 1 ml (product),Captopril,,20 mg/5 ml,Angiotensin-Converting Enzyme Inhibitors,False,False
8348311000001101,Captopril,Captopril 20mg/5ml oral suspension (product),Captopril,,20 mg/5 ml,Angiotensin-Converting Enzyme Inhibitors,False,False
8316011000001105,Captopril,Captopril 20mg/5ml oral suspension (Special Order) (product),Captopril,,20 mg/5 ml,Angiotensin-Converting Enzyme Inhibitors,False,False
8316211000001100,Captopril,Captopril 20mg/5ml oral suspension (Special Order) 1 ml (product),Captopril,,20 mg/5 ml,Angiotensin-Converting Enzyme Inhibitors,False,False
8315711000001104,Captopril,Captopril 20mg/5ml oral suspension 1 ml (product),Captopril,,20 mg/5 ml,Angiotensin-Converting Enzyme Inhibitors,False,False
12313011000001108,Captopril,Captopril 22.5mg/5ml oral solution (product),Captopril,,5 mg/5 ml,Angiotensin-Converting Enzyme Inhibitors,False,False
12309811000001103,Captopril,Captopril 22.5mg/5ml oral solution (Special Order) (product),Captopril,,5 mg/5 ml,Angiotensin-Converting Enzyme Inhibitors,False,False
12310011000001103,Captopril,Captopril 22.5mg/5ml oral solution (Special Order) 1 ml (product),Captopril,,5 mg/5 ml,Angiotensin-Converting Enzyme Inhibitors,False,False
12309711000001106,Captopril,Captopril 22.5mg/5ml oral solution 1 ml (product),Captopril,,5 mg/5 ml,Angiotensin-Converting Enzyme Inhibitors,False,False
692601000001103,Captopril,Captopril 25mg tablet - product,Captopril,,25 mg,Angiotensin-Converting Enzyme Inhibitors,False,False
303411000001102,Captopril,Captopril 25mg tablets (A A H Pharmaceuticals Ltd) (product),Captopril,,25 mg,Angiotensin-Converting Enzyme Inhibitors,False,False
1392811000001106,Captopril,Captopril 25mg tablets (A A H Pharmaceuticals Ltd) 56 tablet 4 x 14 tablets (product),Captopril,56.0,25 mg,Angiotensin-Converting Enzyme Inhibitors,False,False
23479311000001101,Captopril,Captopril 25mg tablets (Accord Healthcare Ltd) (product),Captopril,,25 mg,Angiotensin-Converting Enzyme Inhibitors,False,False
23479411000001108,Captopril,Captopril 25mg tablets (Accord Healthcare Ltd) 56 tablet 4 x 14 tablets (product),Captopril,56.0,25 mg,Angiotensin-Converting Enzyme Inhibitors,False,False
501411000001104,Captopril,Captopril 25mg tablets (Alpharma Limited) (product),Captopril,,25 mg,Angiotensin-Converting Enzyme Inhibitors,False,False
1393211000001104,Captopril,Captopril 25mg tablets (Alpharma Limited) 56 tablet 4 x 14 tablets (product),Captopril,56.0,25 mg,Angiotensin-Converting Enzyme Inhibitors,False,False
424411000001101,Captopril,Captopril 25mg tablets (Approved Prescription Services) (product),Captopril,,25 mg,Angiotensin-Converting Enzyme Inhibitors,False,False
1394011000001106,Captopril,Captopril 25mg tablets (Approved Prescription Services) 56 tablet 2 x 28 tablets (product),Captopril,56.0,25 mg,Angiotensin-Converting Enzyme Inhibitors,False,False
15988011000001107,Captopril,Captopril 25mg tablets (Bristol Laboratories Ltd) (product),Captopril,,25 mg,Angiotensin-Converting Enzyme Inhibitors,False,False
15988111000001108,Captopril,Captopril 25mg tablets (Bristol Laboratories Ltd) 56 tablet 4 x 14 tablets (product),Captopril,56.0,25 mg,Angiotensin-Converting Enzyme Inhibitors,False,False
22627511000001107,Captopril,Captopril 25mg tablets (Doncaster Pharmaceuticals Ltd) (product),Captopril,,25 mg,Angiotensin-Converting Enzyme Inhibitors,False,False
22627611000001106,Captopril,Captopril 25mg tablets (Doncaster Pharmaceuticals Ltd) 56 tablet (product),Captopril,56.0,25 mg,Angiotensin-Converting Enzyme Inhibitors,False,False
13196411000001106,Captopril,Captopril 25mg tablets (Dowelhurst Ltd) 56 tablet (product),Captopril,56.0,25 mg,Angiotensin-Converting Enzyme Inhibitors,False,False
260611000001102,Captopril,Captopril 25mg tablets (Generics (UK) Ltd) (product),Captopril,,25 mg,Angiotensin-Converting Enzyme Inhibitors,False,False
1403911000001100,Captopril,Captopril 25mg tablets (Generics (UK) Ltd) 56 tablet 4 x 14 tablets (product),Captopril,56.0,25 mg,Angiotensin-Converting Enzyme Inhibitors,False,False
345711000001101,Captopril,Captopril 25mg tablets (Kent Pharmaceuticals Ltd) (product),Captopril,,25 mg,Angiotensin-Converting Enzyme Inhibitors,False,False
1404311000001104,Captopril,Captopril 25mg tablets (Kent Pharmaceuticals Ltd) 100 tablet (product),Captopril,100.0,25 mg,Angiotensin-Converting Enzyme Inhibitors,False,False
1404211000001107,Captopril,Captopril 25mg tablets (Kent Pharmaceuticals Ltd) 56 tablet 4 x 14 tablets (product),Captopril,56.0,25 mg,Angiotensin-Converting Enzyme Inhibitors,False,False
17819611000001103,Captopril,Captopril 25mg tablets (Phoenix Healthcare Distribution Ltd) (product),Captopril,,25 mg,Angiotensin-Converting Enzyme Inhibitors,False,False
17819811000001104,Captopril,Captopril 25mg tablets (Phoenix Healthcare Distribution Ltd) 56 tablet (product),Captopril,56.0,25 mg,Angiotensin-Converting Enzyme Inhibitors,False,False
5454611000001103,Captopril,Captopril 25mg tablets (PI) (Dowelhurst Ltd) (product),Captopril,,25 mg,Angiotensin-Converting Enzyme Inhibitors,False,False
5454711000001107,Captopril,Captopril 25mg tablets (PI) (Dowelhurst Ltd) 60 tablet 2 x 30 tablets (product),Captopril,60.0,25 mg,Angiotensin-Converting Enzyme Inhibitors,False,False
614411000001107,Captopril,Captopril 25mg tablets (Sandoz Ltd) (product),Captopril,,25 mg,Angiotensin-Converting Enzyme Inhibitors,False,False
1404411000001106,Captopril,Captopril 25mg tablets (Sandoz Ltd) 56 tablet 4 x 14 tablets (product),Captopril,56.0,25 mg,Angiotensin-Converting Enzyme Inhibitors,False,False
29778411000001106,Captopril,Captopril 25mg tablets (Sigma Pharmaceuticals Plc) (product),Captopril,,25 mg,Angiotensin-Converting Enzyme Inhibitors,False,False
29778511000001105,Captopril,Captopril 25mg tablets (Sigma Pharmaceuticals Plc) 56 tablet (product),Captopril,56.0,25 mg,Angiotensin-Converting Enzyme Inhibitors,False,False
762611000001109,Captopril,Captopril 25mg tablets (Sterwin Medicines) (product),Captopril,,25 mg,Angiotensin-Converting Enzyme Inhibitors,False,False
1404511000001105,Captopril,Captopril 25mg tablets (Sterwin Medicines) 56 tablet 4 x 14 tablets (product),Captopril,56.0,25 mg,Angiotensin-Converting Enzyme Inhibitors,False,False
13741611000001104,Captopril,Captopril 25mg tablets (Tillomed Laboratories Ltd) (product),Captopril,,25 mg,Angiotensin-Converting Enzyme Inhibitors,False,False
13741811000001100,Captopril,Captopril 25mg tablets (Tillomed Laboratories Ltd) 100 tablet (product),Captopril,100.0,25 mg,Angiotensin-Converting Enzyme Inhibitors,False,False
13741711000001108,Captopril,Captopril 25mg tablets (Tillomed Laboratories Ltd) 56 tablet (product),Captopril,56.0,25 mg,Angiotensin-Converting Enzyme Inhibitors,False,False
670111000001104,Captopril,Captopril 25mg tablets (Unichem Plc) (product),Captopril,,25 mg,Angiotensin-Converting Enzyme Inhibitors,False,False
1404711000001100,Captopril,Captopril 25mg tablets (Unichem Plc) 100 tablet (product),Captopril,100.0,25 mg,Angiotensin-Converting Enzyme Inhibitors,False,False
1404611000001109,Captopril,Captopril 25mg tablets (Unichem Plc) 56 tablet (product),Captopril,56.0,25 mg,Angiotensin-Converting Enzyme Inhibitors,False,False
21815211000001104,Captopril,Captopril 25mg tablets (Waymade Healthcare Plc) (product),Captopril,,25 mg,Angiotensin-Converting Enzyme Inhibitors,False,False
21815411000001100,Captopril,Captopril 25mg tablets (Waymade Healthcare Plc) 56 tablet (product),Captopril,56.0,25 mg,Angiotensin-Converting Enzyme Inhibitors,False,False
1323511000001105,Captopril,Captopril 25mg tablets 100 tablet (product),Captopril,100.0,25 mg,Angiotensin-Converting Enzyme Inhibitors,False,False
17424211000001102,Captopril,Captopril 25mg tablets 28 tablet (product),Captopril,28.0,25 mg,Angiotensin-Converting Enzyme Inhibitors,False,False
1046811000001102,Captopril,Captopril 25mg tablets 56 tablet (product),Captopril,56.0,25 mg,Angiotensin-Converting Enzyme Inhibitors,False,False
5454511000001102,Captopril,Captopril 25mg tablets 60 tablet (product),Captopril,60.0,25 mg,Angiotensin-Converting Enzyme Inhibitors,False,False
947911000001103,Captopril,Captopril 25mg tablets 84 tablet (product),Captopril,84.0,25 mg,Angiotensin-Converting Enzyme Inhibitors,False,False
860901000001102,Captopril,Captopril 25mg tablets x56,Captopril,,25 mg,Angiotensin-Converting Enzyme Inhibitors,False,False
12170501000001107,Captopril,CAPTOPRIL 25mg/5mL oral solution,Captopril,,25 mg/5 ml,Angiotensin-Converting Enzyme Inhibitors,False,False
20429111000001103,Captopril,Captopril 25mg/5ml oral solution (Drug Tariff Special Order) 100 ml (product),Captopril,,25 mg/5 ml,Angiotensin-Converting Enzyme Inhibitors,False,False
8348511000001107,Captopril,Captopril 25mg/5ml oral solution (product),Captopril,,25 mg/5 ml,Angiotensin-Converting Enzyme Inhibitors,False,False
8317011000001108,Captopril,Captopril 25mg/5ml oral solution (Special Order) (product),Captopril,,25 mg/5 ml,Angiotensin-Converting Enzyme Inhibitors,False,False
8317111000001109,Captopril,Captopril 25mg/5ml oral solution (Special Order) 1 ml (product),Captopril,,25 mg/5 ml,Angiotensin-Converting Enzyme Inhibitors,False,False
8316911000001109,Captopril,Captopril 25mg/5ml oral solution 1 ml (product),Captopril,,25 mg/5 ml,Angiotensin-Converting Enzyme Inhibitors,False,False
20429011000001104,Captopril,Captopril 25mg/5ml oral solution 100 ml (product),Captopril,,25 mg/5 ml,Angiotensin-Converting Enzyme Inhibitors,False,False
35578311000001107,Captopril,Captopril 25mg/5ml oral solution sugar free (A A H Pharmaceuticals Ltd) (product),Captopril,,25 mg/5 ml,Angiotensin-Converting Enzyme Inhibitors,False,False
35578411000001100,Captopril,Captopril 25mg/5ml oral solution sugar free (A A H Pharmaceuticals Ltd) 100 ml (product),Captopril,,25 mg/5 ml,Angiotensin-Converting Enzyme Inhibitors,False,False
36467911000001107,Captopril,Captopril 25mg/5ml oral solution sugar free (Alliance Healthcare (Distribution) Ltd) (product),Captopril,,25 mg/5 ml,Angiotensin-Converting Enzyme Inhibitors,False,False
36468011000001109,Captopril,Captopril 25mg/5ml oral solution sugar free (Alliance Healthcare (Distribution) Ltd) 100 ml (product),Captopril,,25 mg/5 ml,Angiotensin-Converting Enzyme Inhibitors,False,False
36326411000001100,Captopril,Captopril 25mg/5ml oral solution sugar free (Almus Pharmaceuticals Ltd) (product),Captopril,,25 mg/5 ml,Angiotensin-Converting Enzyme Inhibitors,False,False
36326711000001106,Captopril,Captopril 25mg/5ml oral solution sugar free (Almus Pharmaceuticals Ltd) 100 ml (product),Captopril,,25 mg/5 ml,Angiotensin-Converting Enzyme Inhibitors,False,False
35734911000001104,Captopril,Captopril 25mg/5ml oral solution sugar free (BCM Specials Ltd) (product),Captopril,,25 mg/5 ml,Angiotensin-Converting Enzyme Inhibitors,False,False
35735011000001104,Captopril,Captopril 25mg/5ml oral solution sugar free (BCM Specials Ltd) 100 ml (product),Captopril,,25 mg/5 ml,Angiotensin-Converting Enzyme Inhibitors,False,False
37111211000001107,Captopril,Captopril 25mg/5ml oral solution sugar free (DE Pharmaceuticals) (product),Captopril,,25 mg/5 ml,Angiotensin-Converting Enzyme Inhibitors,False,False
37111311000001104,Captopril,Captopril 25mg/5ml oral solution sugar free (DE Pharmaceuticals) 100 ml (product),Captopril,,25 mg/5 ml,Angiotensin-Converting Enzyme Inhibitors,False,False
23707311000001108,Captopril,Captopril 25mg/5ml oral solution sugar free (product),Captopril,,25 mg/5 ml,Angiotensin-Converting Enzyme Inhibitors,False,False
35547011000001109,Captopril,Captopril 25mg/5ml oral solution sugar free (Teva UK Ltd) (product),Captopril,,25 mg/5 ml,Angiotensin-Converting Enzyme Inhibitors,False,False
35547311000001107,Captopril,Captopril 25mg/5ml oral solution sugar free (Teva UK Ltd) 100 ml (product),Captopril,,25 mg/5 ml,Angiotensin-Converting Enzyme Inhibitors,False,False
35726411000001101,Captopril,Captopril 25mg/5ml oral solution sugar free (Thame Laboratories Ltd) (product),Captopril,,25 mg/5 ml,Angiotensin-Converting Enzyme Inhibitors,False,False
35726511000001102,Captopril,Captopril 25mg/5ml oral solution sugar free (Thame Laboratories Ltd) 100 ml (product),Captopril,,25 mg/5 ml,Angiotensin-Converting Enzyme Inhibitors,False,False
23681611000001103,Captopril,Captopril 25mg/5ml oral solution sugar free 100 ml (product),Captopril,,25 mg/5 ml,Angiotensin-Converting Enzyme Inhibitors,False,False
20429311000001101,Captopril,Captopril 25mg/5ml oral suspension (Drug Tariff Special Order) 100 ml (product),Captopril,,25 mg/5 ml,Angiotensin-Converting Enzyme Inhibitors,False,False
8348611000001106,Captopril,Captopril 25mg/5ml oral suspension (product),Captopril,,25 mg/5 ml,Angiotensin-Converting Enzyme Inhibitors,False,False
8317611000001101,Captopril,Captopril 25mg/5ml oral suspension (Special Order) (product),Captopril,,25 mg/5 ml,Angiotensin-Converting Enzyme Inhibitors,False,False
8317811000001102,Captopril,Captopril 25mg/5ml oral suspension (Special Order) 1 ml (product),Captopril,,25 mg/5 ml,Angiotensin-Converting Enzyme Inhibitors,False,False
8317511000001100,Captopril,Captopril 25mg/5ml oral suspension 1 ml (product),Captopril,,25 mg/5 ml,Angiotensin-Converting Enzyme Inhibitors,False,False
20429211000001109,Captopril,Captopril 25mg/5ml oral suspension 100 ml (product),Captopril,,25 mg/5 ml,Angiotensin-Converting Enzyme Inhibitors,False,False
8791811000001109,Captopril,Captopril 2mg capsules (product),Captopril,,2 mg,Angiotensin-Converting Enzyme Inhibitors,False,False
8743511000001104,Captopril,Captopril 2mg capsules (Special Order) (product),Captopril,,2 mg,Angiotensin-Converting Enzyme Inhibitors,False,False
8743611000001100,Captopril,Captopril 2mg capsules (Special Order) 1 capsule (product),Captopril,,2 mg,Angiotensin-Converting Enzyme Inhibitors,False,False
8743411000001103,Captopril,Captopril 2mg capsules 1 capsule (product),Captopril,,2 mg,Angiotensin-Converting Enzyme Inhibitors,False,False
8348711000001102,Captopril,Captopril 2mg/5ml oral solution (product),Captopril,,2 mg/5 ml,Angiotensin-Converting Enzyme Inhibitors,False,False
8317311000001106,Captopril,Captopril 2mg/5ml oral solution (Special Order) (product),Captopril,,2 mg/5 ml,Angiotensin-Converting Enzyme Inhibitors,False,False
8317411000001104,Captopril,Captopril 2mg/5ml oral solution (Special Order) 1 ml (product),Captopril,,2 mg/5 ml,Angiotensin-Converting Enzyme Inhibitors,False,False
8317211000001103,Captopril,Captopril 2mg/5ml oral solution 1 ml (product),Captopril,,2 mg/5 ml,Angiotensin-Converting Enzyme Inhibitors,False,False
8348811000001105,Captopril,Captopril 2mg/5ml oral suspension (product),Captopril,,2 mg/5 ml,Angiotensin-Converting Enzyme Inhibitors,False,False
8317911000001107,Captopril,Captopril 2mg/5ml oral suspension (Special Order) (product),Captopril,,2 mg/5 ml,Angiotensin-Converting Enzyme Inhibitors,False,False
8318011000001109,Captopril,Captopril 2mg/5ml oral suspension (Special Order) 1 ml (product),Captopril,,2 mg/5 ml,Angiotensin-Converting Enzyme Inhibitors,False,False
8317711000001105,Captopril,Captopril 2mg/5ml oral suspension 1 ml (product),Captopril,,2 mg/5 ml,Angiotensin-Converting Enzyme Inhibitors,False,False
8349711000001106,Captopril,Captopril 3.125mg/5ml oral solution (product),Captopril,,125 mg/5 ml,Angiotensin-Converting Enzyme Inhibitors,False,False
8319811000001105,Captopril,Captopril 3.125mg/5ml oral solution (Special Order) (product),Captopril,,125 mg/5 ml,Angiotensin-Converting Enzyme Inhibitors,False,False
8320011000001103,Captopril,Captopril 3.125mg/5ml oral solution (Special Order) 1 ml (product),Captopril,,125 mg/5 ml,Angiotensin-Converting Enzyme Inhibitors,False,False
8319611000001106,Captopril,Captopril 3.125mg/5ml oral solution 1 ml (product),Captopril,,125 mg/5 ml,Angiotensin-Converting Enzyme Inhibitors,False,False
8349911000001108,Captopril,Captopril 3.125mg/5ml oral suspension (product),Captopril,,125 mg/5 ml,Angiotensin-Converting Enzyme Inhibitors,False,False
8320811000001109,Captopril,Captopril 3.125mg/5ml oral suspension (Special Order) (product),Captopril,,125 mg/5 ml,Angiotensin-Converting Enzyme Inhibitors,False,False
8320911000001104,Captopril,Captopril 3.125mg/5ml oral suspension (Special Order) 1 ml (product),Captopril,,125 mg/5 ml,Angiotensin-Converting Enzyme Inhibitors,False,False
8320311000001100,Captopril,Captopril 3.125mg/5ml oral suspension 1 ml (product),Captopril,,125 mg/5 ml,Angiotensin-Converting Enzyme Inhibitors,False,False
8350011000001104,Captopril,Captopril 3.25mg/5ml oral solution (product),Captopril,,25 mg/5 ml,Angiotensin-Converting Enzyme Inhibitors,False,False
8318611000001102,Captopril,Captopril 3.25mg/5ml oral solution (Special Order) (product),Captopril,,25 mg/5 ml,Angiotensin-Converting Enzyme Inhibitors,False,False
8318811000001103,Captopril,Captopril 3.25mg/5ml oral solution (Special Order) 1 ml (product),Captopril,,25 mg/5 ml,Angiotensin-Converting Enzyme Inhibitors,False,False
8318311000001107,Captopril,Captopril 3.25mg/5ml oral solution 1 ml (product),Captopril,,25 mg/5 ml,Angiotensin-Converting Enzyme Inhibitors,False,False
8350111000001103,Captopril,Captopril 3.25mg/5ml oral suspension (product),Captopril,,25 mg/5 ml,Angiotensin-Converting Enzyme Inhibitors,False,False
8319211000001109,Captopril,Captopril 3.25mg/5ml oral suspension (Special Order) (product),Captopril,,25 mg/5 ml,Angiotensin-Converting Enzyme Inhibitors,False,False
8319311000001101,Captopril,Captopril 3.25mg/5ml oral suspension (Special Order) 1 ml (product),Captopril,,25 mg/5 ml,Angiotensin-Converting Enzyme Inhibitors,False,False
8319011000001104,Captopril,Captopril 3.25mg/5ml oral suspension 1 ml (product),Captopril,,25 mg/5 ml,Angiotensin-Converting Enzyme Inhibitors,False,False
12313111000001109,Captopril,Captopril 3.5mg/5ml oral solution (product),Captopril,,5 mg/5 ml,Angiotensin-Converting Enzyme Inhibitors,False,False
12310711000001101,Captopril,Captopril 3.5mg/5ml oral solution (Special Order) (product),Captopril,,5 mg/5 ml,Angiotensin-Converting Enzyme Inhibitors,False,False
12310911000001104,Captopril,Captopril 3.5mg/5ml oral solution (Special Order) 1 ml (product),Captopril,,5 mg/5 ml,Angiotensin-Converting Enzyme Inhibitors,False,False
12310611000001105,Captopril,Captopril 3.5mg/5ml oral solution 1 ml (product),Captopril,,5 mg/5 ml,Angiotensin-Converting Enzyme Inhibitors,False,False
12313211000001103,Captopril,Captopril 30mg/5ml oral solution (product),Captopril,,30 mg/5 ml,Angiotensin-Converting Enzyme Inhibitors,False,False
12311311000001105,Captopril,Captopril 30mg/5ml oral solution (Special Order) (product),Captopril,,30 mg/5 ml,Angiotensin-Converting Enzyme Inhibitors,False,False
12311411000001103,Captopril,Captopril 30mg/5ml oral solution (Special Order) 1 ml (product),Captopril,,30 mg/5 ml,Angiotensin-Converting Enzyme Inhibitors,False,False
12311011000001107,Captopril,Captopril 30mg/5ml oral solution 1 ml (product),Captopril,,30 mg/5 ml,Angiotensin-Converting Enzyme Inhibitors,False,False
8350211000001109,Captopril,Captopril 31.25mg/5ml oral solution (product),Captopril,,25 mg/5 ml,Angiotensin-Converting Enzyme Inhibitors,False,False
8325711000001106,Captopril,Captopril 31.25mg/5ml oral solution (Special Order) (product),Captopril,,25 mg/5 ml,Angiotensin-Converting Enzyme Inhibitors,False,False
8326611000001107,Captopril,Captopril 31.25mg/5ml oral solution (Special Order) 1 ml (product),Captopril,,25 mg/5 ml,Angiotensin-Converting Enzyme Inhibitors,False,False
8323911000001107,Captopril,Captopril 31.25mg/5ml oral solution 1 ml (product),Captopril,,25 mg/5 ml,Angiotensin-Converting Enzyme Inhibitors,False,False
8350311000001101,Captopril,Captopril 31.25mg/5ml oral suspension (product),Captopril,,25 mg/5 ml,Angiotensin-Converting Enzyme Inhibitors,False,False
8327811000001108,Captopril,Captopril 31.25mg/5ml oral suspension (Special Order) (product),Captopril,,25 mg/5 ml,Angiotensin-Converting Enzyme Inhibitors,False,False
8327911000001103,Captopril,Captopril 31.25mg/5ml oral suspension (Special Order) 1 ml (product),Captopril,,25 mg/5 ml,Angiotensin-Converting Enzyme Inhibitors,False,False
8327711000001100,Captopril,Captopril 31.25mg/5ml oral suspension 1 ml (product),Captopril,,25 mg/5 ml,Angiotensin-Converting Enzyme Inhibitors,False,False
20586111000001106,Captopril,Captopril 3mg capsules (product),Captopril,,3 mg,Angiotensin-Converting Enzyme Inhibitors,False,False
20586511000001102,Captopril,Captopril 3mg capsules (Special Order) (product),Captopril,,3 mg,Angiotensin-Converting Enzyme Inhibitors,False,False
20586711000001107,Captopril,Captopril 3mg capsules (Special Order) 1 capsule (product),Captopril,,3 mg,Angiotensin-Converting Enzyme Inhibitors,False,False
20586811000001104,Captopril,Captopril 3mg capsules (Special Order) 25 capsule (product),Captopril,,3 mg,Angiotensin-Converting Enzyme Inhibitors,False,False
20586211000001100,Captopril,Captopril 3mg capsules 1 capsule (product),Captopril,,3 mg,Angiotensin-Converting Enzyme Inhibitors,False,False
20586411000001101,Captopril,Captopril 3mg capsules 25 capsule (product),Captopril,,3 mg,Angiotensin-Converting Enzyme Inhibitors,False,False
8816111000001109,Captopril,Captopril 3mg oral powder sachets (product),Captopril,,3 mg,Angiotensin-Converting Enzyme Inhibitors,False,False
8807311000001106,Captopril,Captopril 3mg oral powder sachets (Special Order) (product),Captopril,,3 mg,Angiotensin-Converting Enzyme Inhibitors,False,False
8807411000001104,Captopril,Captopril 3mg oral powder sachets (Special Order) 1 sachet (product),Captopril,,3 mg,Angiotensin-Converting Enzyme Inhibitors,False,False
8807211000001103,Captopril,Captopril 3mg oral powder sachets 1 sachet (product),Captopril,,3 mg,Angiotensin-Converting Enzyme Inhibitors,False,False
8350511000001107,Captopril,Captopril 3mg/5ml oral solution (product),Captopril,,3 mg/5 ml,Angiotensin-Converting Enzyme Inhibitors,False,False
8324011000001105,Captopril,Captopril 3mg/5ml oral solution (Special Order) (product),Captopril,,3 mg/5 ml,Angiotensin-Converting Enzyme Inhibitors,False,False
8324311000001108,Captopril,Captopril 3mg/5ml oral solution (Special Order) 1 ml (product),Captopril,,3 mg/5 ml,Angiotensin-Converting Enzyme Inhibitors,False,False
8323811000001102,Captopril,Captopril 3mg/5ml oral solution 1 ml (product),Captopril,,3 mg/5 ml,Angiotensin-Converting Enzyme Inhibitors,False,False
8350611000001106,Captopril,Captopril 3mg/5ml oral suspension (product),Captopril,,3 mg/5 ml,Angiotensin-Converting Enzyme Inhibitors,False,False
8324811000001104,Captopril,Captopril 3mg/5ml oral suspension (Special Order) (product),Captopril,,3 mg/5 ml,Angiotensin-Converting Enzyme Inhibitors,False,False
8325011000001109,Captopril,Captopril 3mg/5ml oral suspension (Special Order) 1 ml (product),Captopril,,3 mg/5 ml,Angiotensin-Converting Enzyme Inhibitors,False,False
8324611000001103,Captopril,Captopril 3mg/5ml oral suspension 1 ml (product),Captopril,,3 mg/5 ml,Angiotensin-Converting Enzyme Inhibitors,False,False
8791911000001104,Captopril,Captopril 4mg capsules (product),Captopril,,4 mg,Angiotensin-Converting Enzyme Inhibitors,False,False
8743811000001101,Captopril,Captopril 4mg capsules (Special Order) (product),Captopril,,4 mg,Angiotensin-Converting Enzyme Inhibitors,False,False
8743911000001106,Captopril,Captopril 4mg capsules (Special Order) 1 capsule (product),Captopril,,4 mg,Angiotensin-Converting Enzyme Inhibitors,False,False
8743711000001109,Captopril,Captopril 4mg capsules 1 capsule (product),Captopril,,4 mg,Angiotensin-Converting Enzyme Inhibitors,False,False
8350811000001105,Captopril,Captopril 4mg/5ml oral solution (product),Captopril,,4 mg/5 ml,Angiotensin-Converting Enzyme Inhibitors,False,False
8322111000001103,Captopril,Captopril 4mg/5ml oral solution (Special Order) (product),Captopril,,4 mg/5 ml,Angiotensin-Converting Enzyme Inhibitors,False,False
8322211000001109,Captopril,Captopril 4mg/5ml oral solution (Special Order) 1 ml (product),Captopril,,4 mg/5 ml,Angiotensin-Converting Enzyme Inhibitors,False,False
8321911000001106,Captopril,Captopril 4mg/5ml oral solution 1 ml (product),Captopril,,4 mg/5 ml,Angiotensin-Converting Enzyme Inhibitors,False,False
8350911000001100,Captopril,Captopril 4mg/5ml oral suspension (product),Captopril,,4 mg/5 ml,Angiotensin-Converting Enzyme Inhibitors,False,False
8323311000001106,Captopril,Captopril 4mg/5ml oral suspension (Special Order) (product),Captopril,,4 mg/5 ml,Angiotensin-Converting Enzyme Inhibitors,False,False
8323411000001104,Captopril,Captopril 4mg/5ml oral suspension (Special Order) 1 ml (product),Captopril,,4 mg/5 ml,Angiotensin-Converting Enzyme Inhibitors,False,False
8323111000001109,Captopril,Captopril 4mg/5ml oral suspension 1 ml (product),Captopril,,4 mg/5 ml,Angiotensin-Converting Enzyme Inhibitors,False,False
12313311000001106,Captopril,Captopril 5.4mg/5ml oral solution (product),Captopril,,4 mg/5 ml,Angiotensin-Converting Enzyme Inhibitors,False,False
12311611000001100,Captopril,Captopril 5.4mg/5ml oral solution (Special Order) (product),Captopril,,4 mg/5 ml,Angiotensin-Converting Enzyme Inhibitors,False,False
12311711000001109,Captopril,Captopril 5.4mg/5ml oral solution (Special Order) 1 ml (product),Captopril,,4 mg/5 ml,Angiotensin-Converting Enzyme Inhibitors,False,False
12311511000001104,Captopril,Captopril 5.4mg/5ml oral solution 1 ml (product),Captopril,,4 mg/5 ml,Angiotensin-Converting Enzyme Inhibitors,False,False
8351011000001108,Captopril,Captopril 500micrograms/5ml oral solution (product),Captopril,,,Angiotensin-Converting Enzyme Inhibitors,False,False
8320111000001102,Captopril,Captopril 500micrograms/5ml oral solution (Special Order) (product),Captopril,,,Angiotensin-Converting Enzyme Inhibitors,False,False
8320211000001108,Captopril,Captopril 500micrograms/5ml oral solution (Special Order) 1 ml (product),Captopril,,,Angiotensin-Converting Enzyme Inhibitors,False,False
8319911000001100,Captopril,Captopril 500micrograms/5ml oral solution 1 ml (product),Captopril,,,Angiotensin-Converting Enzyme Inhibitors,False,False
8351111000001109,Captopril,Captopril 500micrograms/5ml oral suspension (product),Captopril,,,Angiotensin-Converting Enzyme Inhibitors,False,False
8320611000001105,Captopril,Captopril 500micrograms/5ml oral suspension (Special Order) (product),Captopril,,,Angiotensin-Converting Enzyme Inhibitors,False,False
8320711000001101,Captopril,Captopril 500micrograms/5ml oral suspension (Special Order) 1 ml (product),Captopril,,,Angiotensin-Converting Enzyme Inhibitors,False,False
8320411000001107,Captopril,Captopril 500micrograms/5ml oral suspension 1 ml (product),Captopril,,,Angiotensin-Converting Enzyme Inhibitors,False,False
14796411000001104,Captopril,Captopril 50mg capsules (product),Captopril,,50 mg,Angiotensin-Converting Enzyme Inhibitors,False,False
14790711000001107,Captopril,Captopril 50mg capsules (Special Order) (product),Captopril,,50 mg,Angiotensin-Converting Enzyme Inhibitors,False,False
14790811000001104,Captopril,Captopril 50mg capsules (Special Order) 1 capsule (product),Captopril,,50 mg,Angiotensin-Converting Enzyme Inhibitors,False,False
14790611000001103,Captopril,Captopril 50mg capsules 1 capsule (product),Captopril,,50 mg,Angiotensin-Converting Enzyme Inhibitors,False,False
1901000001109,Captopril,Captopril 50mg tablet - product,Captopril,,50 mg,Angiotensin-Converting Enzyme Inhibitors,False,False
429211000001101,Captopril,Captopril 50mg tablets (A A H Pharmaceuticals Ltd) (product),Captopril,,50 mg,Angiotensin-Converting Enzyme Inhibitors,False,False
1404811000001108,Captopril,Captopril 50mg tablets (A A H Pharmaceuticals Ltd) 56 tablet 4 x 14 tablet (product),Captopril,56.0,50 mg,Angiotensin-Converting Enzyme Inhibitors,False,False
23479611000001106,Captopril,Captopril 50mg tablets (Accord Healthcare Ltd) (product),Captopril,,50 mg,Angiotensin-Converting Enzyme Inhibitors,False,False
23479811000001105,Captopril,Captopril 50mg tablets (Accord Healthcare Ltd) 56 tablet 4 x 14 tablets (product),Captopril,56.0,50 mg,Angiotensin-Converting Enzyme Inhibitors,False,False
248011000001100,Captopril,Captopril 50mg tablets (Alpharma Limited) (product),Captopril,,50 mg,Angiotensin-Converting Enzyme Inhibitors,False,False
1405011000001103,Captopril,Captopril 50mg tablets (Alpharma Limited) 56 tablet (product),Captopril,56.0,50 mg,Angiotensin-Converting Enzyme Inhibitors,False,False
3911000001107,Captopril,Captopril 50mg tablets (Approved Prescription Services) (product),Captopril,,50 mg,Angiotensin-Converting Enzyme Inhibitors,False,False
1405111000001102,Captopril,Captopril 50mg tablets (Approved Prescription Services) 56 tablet 2 x 28 tablets (product),Captopril,56.0,50 mg,Angiotensin-Converting Enzyme Inhibitors,False,False
15988211000001102,Captopril,Captopril 50mg tablets (Bristol Laboratories Ltd) (product),Captopril,,50 mg,Angiotensin-Converting Enzyme Inhibitors,False,False
18556811000001108,Captopril,Captopril 50mg tablets (Bristol Laboratories Ltd) 28 tablet (product),Captopril,28.0,50 mg,Angiotensin-Converting Enzyme Inhibitors,False,False
15988311000001105,Captopril,Captopril 50mg tablets (Bristol Laboratories Ltd) 56 tablet 4 x 14 tablets (product),Captopril,56.0,50 mg,Angiotensin-Converting Enzyme Inhibitors,False,False
22627711000001102,Captopril,Captopril 50mg tablets (Doncaster Pharmaceuticals Ltd) (product),Captopril,,50 mg,Angiotensin-Converting Enzyme Inhibitors,False,False
22627811000001105,Captopril,Captopril 50mg tablets (Doncaster Pharmaceuticals Ltd) 56 tablet (product),Captopril,56.0,50 mg,Angiotensin-Converting Enzyme Inhibitors,False,False
13196811000001108,Captopril,Captopril 50mg tablets (Dowelhurst Ltd) (product),Captopril,,50 mg,Angiotensin-Converting Enzyme Inhibitors,False,False
13196911000001103,Captopril,Captopril 50mg tablets (Dowelhurst Ltd) 56 tablet (product),Captopril,56.0,50 mg,Angiotensin-Converting Enzyme Inhibitors,False,False
829011000001101,Captopril,Captopril 50mg tablets (Generics (UK) Ltd) (product),Captopril,,50 mg,Angiotensin-Converting Enzyme Inhibitors,False,False
1406911000001106,Captopril,Captopril 50mg tablets (Generics (UK) Ltd) 56 tablet 4 x 14 tablets (product),Captopril,56.0,50 mg,Angiotensin-Converting Enzyme Inhibitors,False,False
291911000001104,Captopril,Captopril 50mg tablets (Kent Pharmaceuticals Ltd) (product),Captopril,,50 mg,Angiotensin-Converting Enzyme Inhibitors,False,False
1407411000001101,Captopril,Captopril 50mg tablets (Kent Pharmaceuticals Ltd) 56 tablet 4 x 14 tablets (product),Captopril,56.0,50 mg,Angiotensin-Converting Enzyme Inhibitors,False,False
17820311000001109,Captopril,Captopril 50mg tablets (Phoenix Healthcare Distribution Ltd) (product),Captopril,,50 mg,Angiotensin-Converting Enzyme Inhibitors,False,False
17820611000001104,Captopril,Captopril 50mg tablets (Phoenix Healthcare Distribution Ltd) 56 tablet (product),Captopril,56.0,50 mg,Angiotensin-Converting Enzyme Inhibitors,False,False
212311000001105,Captopril,Captopril 50mg tablets (Sandoz Ltd) (product),Captopril,,50 mg,Angiotensin-Converting Enzyme Inhibitors,False,False
1407611000001103,Captopril,Captopril 50mg tablets (Sandoz Ltd) 56 tablet 4 x 14 tablets (product),Captopril,56.0,50 mg,Angiotensin-Converting Enzyme Inhibitors,False,False
29778611000001109,Captopril,Captopril 50mg tablets (Sigma Pharmaceuticals Plc) (product),Captopril,,50 mg,Angiotensin-Converting Enzyme Inhibitors,False,False
29778711000001100,Captopril,Captopril 50mg tablets (Sigma Pharmaceuticals Plc) 56 tablet (product),Captopril,56.0,50 mg,Angiotensin-Converting Enzyme Inhibitors,False,False
827011000001105,Captopril,Captopril 50mg tablets (Sterwin Medicines) (product),Captopril,,50 mg,Angiotensin-Converting Enzyme Inhibitors,False,False
1407711000001107,Captopril,Captopril 50mg tablets (Sterwin Medicines) 56 tablet 4 x 14 tablets (product),Captopril,56.0,50 mg,Angiotensin-Converting Enzyme Inhibitors,False,False
13741911000001105,Captopril,Captopril 50mg tablets (Tillomed Laboratories Ltd) (product),Captopril,,50 mg,Angiotensin-Converting Enzyme Inhibitors,False,False
13742111000001102,Captopril,Captopril 50mg tablets (Tillomed Laboratories Ltd) 100 tablet (product),Captopril,100.0,50 mg,Angiotensin-Converting Enzyme Inhibitors,False,False
13742011000001103,Captopril,Captopril 50mg tablets (Tillomed Laboratories Ltd) 56 tablet (product),Captopril,56.0,50 mg,Angiotensin-Converting Enzyme Inhibitors,False,False
805111000001105,Captopril,Captopril 50mg tablets (Unichem Plc) (product),Captopril,,50 mg,Angiotensin-Converting Enzyme Inhibitors,False,False
1407911000001109,Captopril,Captopril 50mg tablets (Unichem Plc) 100 tablet (product),Captopril,100.0,50 mg,Angiotensin-Converting Enzyme Inhibitors,False,False
1407811000001104,Captopril,Captopril 50mg tablets (Unichem Plc) 56 tablet (product),Captopril,56.0,50 mg,Angiotensin-Converting Enzyme Inhibitors,False,False
21815711000001106,Captopril,Captopril 50mg tablets (Waymade Healthcare Plc) (product),Captopril,,50 mg,Angiotensin-Converting Enzyme Inhibitors,False,False
21815811000001103,Captopril,Captopril 50mg tablets (Waymade Healthcare Plc) 56 tablet (product),Captopril,56.0,50 mg,Angiotensin-Converting Enzyme Inhibitors,False,False
1289011000001103,Captopril,Captopril 50mg tablets 100 tablet (product),Captopril,100.0,50 mg,Angiotensin-Converting Enzyme Inhibitors,False,False
14328411000001108,Captopril,Captopril 50mg tablets 14 tablet (product),Captopril,14.0,50 mg,Angiotensin-Converting Enzyme Inhibitors,False,False
5531311000001100,Captopril,Captopril 50mg tablets 28 tablet (product),Captopril,28.0,50 mg,Angiotensin-Converting Enzyme Inhibitors,False,False
1040911000001109,Captopril,Captopril 50mg tablets 56 tablet (product),Captopril,56.0,50 mg,Angiotensin-Converting Enzyme Inhibitors,False,False
11056611000001102,Captopril,Captopril 50mg tablets 60 tablet (product),Captopril,60.0,50 mg,Angiotensin-Converting Enzyme Inhibitors,False,False
980811000001101,Captopril,Captopril 50mg tablets 84 tablet (product),Captopril,84.0,50 mg,Angiotensin-Converting Enzyme Inhibitors,False,False
861001000001106,Captopril,Captopril 50mg tablets x56,Captopril,,50 mg,Angiotensin-Converting Enzyme Inhibitors,False,False
8351211000001103,Captopril,Captopril 50mg/5ml oral solution (product),Captopril,,50 mg/5 ml,Angiotensin-Converting Enzyme Inhibitors,False,False
8321211000001102,Captopril,Captopril 50mg/5ml oral solution (Special Order) (product),Captopril,,50 mg/5 ml,Angiotensin-Converting Enzyme Inhibitors,False,False
8321411000001103,Captopril,Captopril 50mg/5ml oral solution (Special Order) 1 ml (product),Captopril,,50 mg/5 ml,Angiotensin-Converting Enzyme Inhibitors,False,False
8321011000001107,Captopril,Captopril 50mg/5ml oral solution 1 ml (product),Captopril,,50 mg/5 ml,Angiotensin-Converting Enzyme Inhibitors,False,False
8351511000001100,Captopril,Captopril 50mg/5ml oral suspension (product),Captopril,,50 mg/5 ml,Angiotensin-Converting Enzyme Inhibitors,False,False
8321811000001101,Captopril,Captopril 50mg/5ml oral suspension (Special Order) (product),Captopril,,50 mg/5 ml,Angiotensin-Converting Enzyme Inhibitors,False,False
8322011000001104,Captopril,Captopril 50mg/5ml oral suspension (Special Order) 1 ml (product),Captopril,,50 mg/5 ml,Angiotensin-Converting Enzyme Inhibitors,False,False
8321711000001109,Captopril,Captopril 50mg/5ml oral suspension 1 ml (product),Captopril,,50 mg/5 ml,Angiotensin-Converting Enzyme Inhibitors,False,False
11490011000001105,Captopril,Captopril 5mg tablets (product),Captopril,,5 mg,Angiotensin-Converting Enzyme Inhibitors,False,False
11484511000001105,Captopril,Captopril 5mg tablets (Special Order) (product),Captopril,,5 mg,Angiotensin-Converting Enzyme Inhibitors,False,False
11484611000001109,Captopril,Captopril 5mg tablets (Special Order) 1 tablet (product),Captopril,1.0,5 mg,Angiotensin-Converting Enzyme Inhibitors,False,False
11484411000001106,Captopril,Captopril 5mg tablets 1 tablet (product),Captopril,1.0,5 mg,Angiotensin-Converting Enzyme Inhibitors,False,False
12170301000001100,Captopril,CAPTOPRIL 5mg/5mL oral solution,Captopril,,5 mg/5 ml,Angiotensin-Converting Enzyme Inhibitors,False,False
19595211000001109,Captopril,Captopril 5mg/5ml oral solution (Drug Tariff Special Order) 100 ml (product),Captopril,,5 mg/5 ml,Angiotensin-Converting Enzyme Inhibitors,False,False
8351611000001101,Captopril,Captopril 5mg/5ml oral solution (product),Captopril,,5 mg/5 ml,Angiotensin-Converting Enzyme Inhibitors,False,False
8325911000001108,Captopril,Captopril 5mg/5ml oral solution (Special Order) (product),Captopril,,5 mg/5 ml,Angiotensin-Converting Enzyme Inhibitors,False,False
8326311000001102,Captopril,Captopril 5mg/5ml oral solution (Special Order) 1 ml (product),Captopril,,5 mg/5 ml,Angiotensin-Converting Enzyme Inhibitors,False,False
8325611000001102,Captopril,Captopril 5mg/5ml oral solution 1 ml (product),Captopril,,5 mg/5 ml,Angiotensin-Converting Enzyme Inhibitors,False,False
19595111000001103,Captopril,Captopril 5mg/5ml oral solution 100 ml (product),Captopril,,5 mg/5 ml,Angiotensin-Converting Enzyme Inhibitors,False,False
35489111000001102,Captopril,Captopril 5mg/5ml oral solution sugar free (A A H Pharmaceuticals Ltd) (product),Captopril,,5 mg/5 ml,Angiotensin-Converting Enzyme Inhibitors,False,False
35578211000001104,Captopril,Captopril 5mg/5ml oral solution sugar free (A A H Pharmaceuticals Ltd) 100 ml (product),Captopril,,5 mg/5 ml,Angiotensin-Converting Enzyme Inhibitors,False,False
36467711000001105,Captopril,Captopril 5mg/5ml oral solution sugar free (Alliance Healthcare (Distribution) Ltd) (product),Captopril,,5 mg/5 ml,Angiotensin-Converting Enzyme Inhibitors,False,False
36467811000001102,Captopril,Captopril 5mg/5ml oral solution sugar free (Alliance Healthcare (Distribution) Ltd) 100 ml (product),Captopril,,5 mg/5 ml,Angiotensin-Converting Enzyme Inhibitors,False,False
36327011000001107,Captopril,Captopril 5mg/5ml oral solution sugar free (Almus Pharmaceuticals Ltd) (product),Captopril,,5 mg/5 ml,Angiotensin-Converting Enzyme Inhibitors,False,False
36327111000001108,Captopril,Captopril 5mg/5ml oral solution sugar free (Almus Pharmaceuticals Ltd) 100 ml (product),Captopril,,5 mg/5 ml,Angiotensin-Converting Enzyme Inhibitors,False,False
35734711000001101,Captopril,Captopril 5mg/5ml oral solution sugar free (BCM Specials Ltd) (product),Captopril,,5 mg/5 ml,Angiotensin-Converting Enzyme Inhibitors,False,False
35734811000001109,Captopril,Captopril 5mg/5ml oral solution sugar free (BCM Specials Ltd) 100 ml (product),Captopril,,5 mg/5 ml,Angiotensin-Converting Enzyme Inhibitors,False,False
37111011000001102,Captopril,Captopril 5mg/5ml oral solution sugar free (DE Pharmaceuticals) (product),Captopril,,5 mg/5 ml,Angiotensin-Converting Enzyme Inhibitors,False,False
37111111000001101,Captopril,Captopril 5mg/5ml oral solution sugar free (DE Pharmaceuticals) 100 ml (product),Captopril,,5 mg/5 ml,Angiotensin-Converting Enzyme Inhibitors,False,False
23707511000001102,Captopril,Captopril 5mg/5ml oral solution sugar free (product),Captopril,,5 mg/5 ml,Angiotensin-Converting Enzyme Inhibitors,False,False
35548711000001107,Captopril,Captopril 5mg/5ml oral solution sugar free (Teva UK Ltd) (product),Captopril,,5 mg/5 ml,Angiotensin-Converting Enzyme Inhibitors,False,False
35548811000001104,Captopril,Captopril 5mg/5ml oral solution sugar free (Teva UK Ltd) 100 ml (product),Captopril,,5 mg/5 ml,Angiotensin-Converting Enzyme Inhibitors,False,False
35726611000001103,Captopril,Captopril 5mg/5ml oral solution sugar free (Thame Laboratories Ltd) (product),Captopril,,5 mg/5 ml,Angiotensin-Converting Enzyme Inhibitors,False,False
35726711000001107,Captopril,Captopril 5mg/5ml oral solution sugar free (Thame Laboratories Ltd) 100 ml (product),Captopril,,5 mg/5 ml,Angiotensin-Converting Enzyme Inhibitors,False,False
23681911000001109,Captopril,Captopril 5mg/5ml oral solution sugar free 100 ml (product),Captopril,,5 mg/5 ml,Angiotensin-Converting Enzyme Inhibitors,False,False
19595511000001107,Captopril,Captopril 5mg/5ml oral suspension (Drug Tariff Special Order) 100 ml (product),Captopril,,5 mg/5 ml,Angiotensin-Converting Enzyme Inhibitors,False,False
8351811000001102,Captopril,Captopril 5mg/5ml oral suspension (product),Captopril,,5 mg/5 ml,Angiotensin-Converting Enzyme Inhibitors,False,False
8328611000001108,Captopril,Captopril 5mg/5ml oral suspension (Special Order) (product),Captopril,,5 mg/5 ml,Angiotensin-Converting Enzyme Inhibitors,False,False
8328811000001107,Captopril,Captopril 5mg/5ml oral suspension (Special Order) 1 ml (product),Captopril,,5 mg/5 ml,Angiotensin-Converting Enzyme Inhibitors,False,False
8328211000001106,Captopril,Captopril 5mg/5ml oral suspension 1 ml (product),Captopril,,5 mg/5 ml,Angiotensin-Converting Enzyme Inhibitors,False,False
19595411000001108,Captopril,Captopril 5mg/5ml oral suspension 100 ml (product),Captopril,,5 mg/5 ml,Angiotensin-Converting Enzyme Inhibitors,False,False
7659911000001107,Captopril,Captopril 5mg/ml oral solution sugar free (product),Captopril,,5 mg/mL,Angiotensin-Converting Enzyme Inhibitors,False,False
15864611000001102,Captopril,Captopril 5mg/ml oral solution sugar free (Special Order) (product),Captopril,,5 mg/mL,Angiotensin-Converting Enzyme Inhibitors,False,False
15864711000001106,Captopril,Captopril 5mg/ml oral solution sugar free (Special Order) 1 ml (product),Captopril,,5 mg/mL,Angiotensin-Converting Enzyme Inhibitors,False,False
15864511000001101,Captopril,Captopril 5mg/ml oral solution sugar free 1 ml (product),Captopril,,5 mg/mL,Angiotensin-Converting Enzyme Inhibitors,False,False
7658411000001107,Captopril,Captopril 5mg/ml oral solution sugar free 95 ml (product),Captopril,,5 mg/mL,Angiotensin-Converting Enzyme Inhibitors,False,False
8351911000001107,Captopril,Captopril 6.25mg/5ml oral solution (product),Captopril,,25 mg/5 ml,Angiotensin-Converting Enzyme Inhibitors,False,False
8322411000001108,Captopril,Captopril 6.25mg/5ml oral solution (Special Order) (product),Captopril,,25 mg/5 ml,Angiotensin-Converting Enzyme Inhibitors,False,False
8322611000001106,Captopril,Captopril 6.25mg/5ml oral solution (Special Order) 1 ml (product),Captopril,,25 mg/5 ml,Angiotensin-Converting Enzyme Inhibitors,False,False
8322311000001101,Captopril,Captopril 6.25mg/5ml oral solution 1 ml (product),Captopril,,25 mg/5 ml,Angiotensin-Converting Enzyme Inhibitors,False,False
8352011000001100,Captopril,Captopril 6.25mg/5ml oral suspension (product),Captopril,,25 mg/5 ml,Angiotensin-Converting Enzyme Inhibitors,False,False
8322811000001105,Captopril,Captopril 6.25mg/5ml oral suspension (Special Order) (product),Captopril,,25 mg/5 ml,Angiotensin-Converting Enzyme Inhibitors,False,False
8322911000001100,Captopril,Captopril 6.25mg/5ml oral suspension (Special Order) 1 ml (product),Captopril,,25 mg/5 ml,Angiotensin-Converting Enzyme Inhibitors,False,False
8322711000001102,Captopril,Captopril 6.25mg/5ml oral suspension 1 ml (product),Captopril,,25 mg/5 ml,Angiotensin-Converting Enzyme Inhibitors,False,False
8353311000001107,Captopril,Captopril 6.5mg/5ml oral solution (product),Captopril,,5 mg/5 ml,Angiotensin-Converting Enzyme Inhibitors,False,False
8323611000001101,Captopril,Captopril 6.5mg/5ml oral solution (Special Order) (product),Captopril,,5 mg/5 ml,Angiotensin-Converting Enzyme Inhibitors,False,False
8323711000001105,Captopril,Captopril 6.5mg/5ml oral solution (Special Order) 1 ml (product),Captopril,,5 mg/5 ml,Angiotensin-Converting Enzyme Inhibitors,False,False
8323511000001100,Captopril,Captopril 6.5mg/5ml oral solution 1 ml (product),Captopril,,5 mg/5 ml,Angiotensin-Converting Enzyme Inhibitors,False,False
8353411000001100,Captopril,Captopril 6.5mg/5ml oral suspension (product),Captopril,,5 mg/5 ml,Angiotensin-Converting Enzyme Inhibitors,False,False
8324211000001100,Captopril,Captopril 6.5mg/5ml oral suspension (Special Order) (product),Captopril,,5 mg/5 ml,Angiotensin-Converting Enzyme Inhibitors,False,False
8324411000001101,Captopril,Captopril 6.5mg/5ml oral suspension (Special Order) 1 ml (product),Captopril,,5 mg/5 ml,Angiotensin-Converting Enzyme Inhibitors,False,False
8324111000001106,Captopril,Captopril 6.5mg/5ml oral suspension 1 ml (product),Captopril,,5 mg/5 ml,Angiotensin-Converting Enzyme Inhibitors,False,False
12387111000001103,Captopril,Captopril 62.5mg/5ml oral solution (product),Captopril,,5 mg/5 ml,Angiotensin-Converting Enzyme Inhibitors,False,False
12344411000001106,Captopril,Captopril 62.5mg/5ml oral solution (Special Order) (product),Captopril,,5 mg/5 ml,Angiotensin-Converting Enzyme Inhibitors,False,False
12344511000001105,Captopril,Captopril 62.5mg/5ml oral solution (Special Order) 1 ml (product),Captopril,,5 mg/5 ml,Angiotensin-Converting Enzyme Inhibitors,False,False
12344311000001104,Captopril,Captopril 62.5mg/5ml oral solution 1 ml (product),Captopril,,5 mg/5 ml,Angiotensin-Converting Enzyme Inhibitors,False,False
8353511000001101,Captopril,Captopril 6mg/5ml oral solution (product),Captopril,,6 mg/5 ml,Angiotensin-Converting Enzyme Inhibitors,False,False
8329511000001103,Captopril,Captopril 6mg/5ml oral solution (Special Order) (product),Captopril,,6 mg/5 ml,Angiotensin-Converting Enzyme Inhibitors,False,False
8329711000001108,Captopril,Captopril 6mg/5ml oral solution (Special Order) 1 ml (product),Captopril,,6 mg/5 ml,Angiotensin-Converting Enzyme Inhibitors,False,False
8329211000001101,Captopril,Captopril 6mg/5ml oral solution 1 ml (product),Captopril,,6 mg/5 ml,Angiotensin-Converting Enzyme Inhibitors,False,False
8353611000001102,Captopril,Captopril 6mg/5ml oral suspension (product),Captopril,,6 mg/5 ml,Angiotensin-Converting Enzyme Inhibitors,False,False
8331311000001107,Captopril,Captopril 6mg/5ml oral suspension (Special Order) (product),Captopril,,6 mg/5 ml,Angiotensin-Converting Enzyme Inhibitors,False,False
8331511000001101,Captopril,Captopril 6mg/5ml oral suspension (Special Order) 1 ml (product),Captopril,,6 mg/5 ml,Angiotensin-Converting Enzyme Inhibitors,False,False
8330911000001101,Captopril,Captopril 6mg/5ml oral suspension 1 ml (product),Captopril,,6 mg/5 ml,Angiotensin-Converting Enzyme Inhibitors,False,False
8353811000001103,Captopril,Captopril 7.5mg/5ml oral solution (product),Captopril,,5 mg/5 ml,Angiotensin-Converting Enzyme Inhibitors,False,False
8325411000001100,Captopril,Captopril 7.5mg/5ml oral solution (Special Order) (product),Captopril,,5 mg/5 ml,Angiotensin-Converting Enzyme Inhibitors,False,False
8325811000001103,Captopril,Captopril 7.5mg/5ml oral solution (Special Order) 1 ml (product),Captopril,,5 mg/5 ml,Angiotensin-Converting Enzyme Inhibitors,False,False
8325111000001105,Captopril,Captopril 7.5mg/5ml oral solution 1 ml (product),Captopril,,5 mg/5 ml,Angiotensin-Converting Enzyme Inhibitors,False,False
8353911000001108,Captopril,Captopril 7.5mg/5ml oral suspension (product),Captopril,,5 mg/5 ml,Angiotensin-Converting Enzyme Inhibitors,False,False
8326511000001108,Captopril,Captopril 7.5mg/5ml oral suspension (Special Order) (product),Captopril,,5 mg/5 ml,Angiotensin-Converting Enzyme Inhibitors,False,False
8326711000001103,Captopril,Captopril 7.5mg/5ml oral suspension (Special Order) 1 ml (product),Captopril,,5 mg/5 ml,Angiotensin-Converting Enzyme Inhibitors,False,False
8326211000001105,Captopril,Captopril 7.5mg/5ml oral suspension 1 ml (product),Captopril,,5 mg/5 ml,Angiotensin-Converting Enzyme Inhibitors,False,False
12387211000001109,Captopril,Captopril 7mg/5ml oral solution (product),Captopril,,7 mg/5 ml,Angiotensin-Converting Enzyme Inhibitors,False,False
12321411000001107,Captopril,Captopril 7mg/5ml oral solution (Special Order) (product),Captopril,,7 mg/5 ml,Angiotensin-Converting Enzyme Inhibitors,False,False
12321711000001101,Captopril,Captopril 7mg/5ml oral solution (Special Order) 1 ml (product),Captopril,,7 mg/5 ml,Angiotensin-Converting Enzyme Inhibitors,False,False
12321311000001100,Captopril,Captopril 7mg/5ml oral solution 1 ml (product),Captopril,,7 mg/5 ml,Angiotensin-Converting Enzyme Inhibitors,False,False
12387311000001101,Captopril,Captopril 8mg/5ml oral solution (product),Captopril,,8 mg/5 ml,Angiotensin-Converting Enzyme Inhibitors,False,False
12322411000001102,Captopril,Captopril 8mg/5ml oral solution (Special Order) (product),Captopril,,8 mg/5 ml,Angiotensin-Converting Enzyme Inhibitors,False,False
12322511000001103,Captopril,Captopril 8mg/5ml oral solution (Special Order) 1 ml (product),Captopril,,8 mg/5 ml,Angiotensin-Converting Enzyme Inhibitors,False,False
12322311000001109,Captopril,Captopril 8mg/5ml oral solution 1 ml (product),Captopril,,8 mg/5 ml,Angiotensin-Converting Enzyme Inhibitors,False,False
19820711000001101,Captopril,Captopril 8mg/5ml oral suspension (product),Captopril,,8 mg/5 ml,Angiotensin-Converting Enzyme Inhibitors,False,False
19813411000001106,Captopril,Captopril 8mg/5ml oral suspension (Special Order) (product),Captopril,,8 mg/5 ml,Angiotensin-Converting Enzyme Inhibitors,False,False
19813511000001105,Captopril,Captopril 8mg/5ml oral suspension (Special Order) 1 ml (product),Captopril,,8 mg/5 ml,Angiotensin-Converting Enzyme Inhibitors,False,False
19813311000001104,Captopril,Captopril 8mg/5ml oral suspension 1 ml (product),Captopril,,8 mg/5 ml,Angiotensin-Converting Enzyme Inhibitors,False,False
8354411000001102,Captopril,Captopril 9mg/5ml oral solution (product),Captopril,,9 mg/5 ml,Angiotensin-Converting Enzyme Inhibitors,False,False
8324711000001107,Captopril,Captopril 9mg/5ml oral solution (Special Order) (product),Captopril,,9 mg/5 ml,Angiotensin-Converting Enzyme Inhibitors,False,False
8324911000001109,Captopril,Captopril 9mg/5ml oral solution (Special Order) 1 ml (product),Captopril,,9 mg/5 ml,Angiotensin-Converting Enzyme Inhibitors,False,False
8324511000001102,Captopril,Captopril 9mg/5ml oral solution 1 ml (product),Captopril,,9 mg/5 ml,Angiotensin-Converting Enzyme Inhibitors,False,False
8354511000001103,Captopril,Captopril 9mg/5ml oral suspension (product),Captopril,,9 mg/5 ml,Angiotensin-Converting Enzyme Inhibitors,False,False
8325311000001107,Captopril,Captopril 9mg/5ml oral suspension (Special Order) (product),Captopril,,9 mg/5 ml,Angiotensin-Converting Enzyme Inhibitors,False,False
8325511000001101,Captopril,Captopril 9mg/5ml oral suspension (Special Order) 1 ml (product),Captopril,,9 mg/5 ml,Angiotensin-Converting Enzyme Inhibitors,False,False
8325211000001104,Captopril,Captopril 9mg/5ml oral suspension 1 ml (product),Captopril,,9 mg/5 ml,Angiotensin-Converting Enzyme Inhibitors,False,False
9233601000001107,Carace,Carace (product),Lisinopril,,,Angiotensin-Converting Enzyme Inhibitors,False,False
2604501000001107,Carace,Carace (qualifier value),Lisinopril,,,Angiotensin-Converting Enzyme Inhibitors,False,False
9432001000001105,Carace,Carace (qualifier value),Lisinopril,,,Angiotensin-Converting Enzyme Inhibitors,False,False
3238101000001106,Carace,Carace 10 Plus (qualifier value),Lisinopril,,,Angiotensin-Converting Enzyme Inhibitors,False,False
1079401000001108,Carace,Carace 10 Plus tablet,Lisinopril,,,Angiotensin-Converting Enzyme Inhibitors,False,False
3144511000001107,Carace,Carace 10 Plus tablets (Bristol-Myers Squibb Pharmaceuticals Limited) (product),Lisinopril,,,Angiotensin-Converting Enzyme Inhibitors,False,False
3144611000001106,Carace,Carace 10 Plus tablets (Bristol-Myers Squibb Pharmaceuticals Limited) 28 tablet 2 x 14 tablets (product),Lisinopril,28.0,,Angiotensin-Converting Enzyme Inhibitors,False,False
294001000001102,Carace,Carace 10mg tablet,Lisinopril,,10 mg,Angiotensin-Converting Enzyme Inhibitors,False,False
315211000001104,Carace,Carace 10mg tablets (Bristol-Myers Squibb Pharmaceuticals Limited) (product),Lisinopril,,10 mg,Angiotensin-Converting Enzyme Inhibitors,False,False
1534411000001105,Carace,Carace 10mg tablets (Bristol-Myers Squibb Pharmaceuticals Limited) 28 tablet 2 x 14 tablets (product),Lisinopril,28.0,10 mg,Angiotensin-Converting Enzyme Inhibitors,False,False
861701000001108,Carace,Carace 10mg tablets 28CP,Lisinopril,,10 mg,Angiotensin-Converting Enzyme Inhibitors,False,False
147401000001106,Carace,Carace 2.5mg tablet,Lisinopril,,2.5 mg,Angiotensin-Converting Enzyme Inhibitors,False,False
321011000001103,Carace,Carace 2.5mg tablets (Bristol-Myers Squibb Pharmaceuticals Limited) (product),Lisinopril,,2.5 mg,Angiotensin-Converting Enzyme Inhibitors,False,False
1534011000001101,Carace,Carace 2.5mg tablets (Bristol-Myers Squibb Pharmaceuticals Limited) 28 tablet 2 x 14 tablets (product),Lisinopril,28.0,2.5 mg,Angiotensin-Converting Enzyme Inhibitors,False,False
3238201000001104,Carace,Carace 20 Plus (qualifier value),Lisinopril,,,Angiotensin-Converting Enzyme Inhibitors,False,False
434301000001108,Carace,Carace 20 Plus tablet,Lisinopril,,,Angiotensin-Converting Enzyme Inhibitors,False,False
3143511000001109,Carace,Carace 20 Plus tablets (Bristol-Myers Squibb Pharmaceuticals Limited) (product),Lisinopril,,,Angiotensin-Converting Enzyme Inhibitors,False,False
3143711000001104,Carace,Carace 20 Plus tablets (Bristol-Myers Squibb Pharmaceuticals Limited) 28 tablet 2 x 14 tablets (product),Lisinopril,28.0,,Angiotensin-Converting Enzyme Inhibitors,False,False
364001000001107,Carace,Carace 20mg tablet,Lisinopril,,20 mg,Angiotensin-Converting Enzyme Inhibitors,False,False
56711000001109,Carace,Carace 20mg tablets (Bristol-Myers Squibb Pharmaceuticals Limited) (product),Lisinopril,,20 mg,Angiotensin-Converting Enzyme Inhibitors,False,False
1534811000001107,Carace,Carace 20mg tablets (Bristol-Myers Squibb Pharmaceuticals Limited) 28 tablet 2 x 14 tablets (product),Lisinopril,28.0,20 mg,Angiotensin-Converting Enzyme Inhibitors,False,False
2097101000001101,Carace,Carace 20mg tablets 28CP,Lisinopril,,20 mg,Angiotensin-Converting Enzyme Inhibitors,False,False
222701000001100,Carace,Carace 5mg tablet,Lisinopril,,5 mg,Angiotensin-Converting Enzyme Inhibitors,False,False
778011000001109,Carace,Carace 5mg tablets (Bristol-Myers Squibb Pharmaceuticals Limited) (product),Lisinopril,,5 mg,Angiotensin-Converting Enzyme Inhibitors,False,False
1534211000001106,Carace,Carace 5mg tablets (Bristol-Myers Squibb Pharmaceuticals Limited) 28 tablet 2 x 14 tablets (product),Lisinopril,28.0,5 mg,Angiotensin-Converting Enzyme Inhibitors,False,False
861601000001103,Carace,Carace 5mg tablets 28CP,Lisinopril,,5 mg,Angiotensin-Converting Enzyme Inhibitors,False,False
9233701000001102,Carace Plus,Carace Plus (product),Lisinopril,,,Angiotensin-Converting Enzyme Inhibitors,False,False
2604601000001106,Carace Plus,Carace Plus (qualifier value),Lisinopril,,,Angiotensin-Converting Enzyme Inhibitors,False,False
9233801000001106,Caralpha,Caralpha (product),Lisinopril,,,Angiotensin-Converting Enzyme Inhibitors,False,False
8445601000001108,Caralpha,Caralpha (qualifier value),Lisinopril,,,Angiotensin-Converting Enzyme Inhibitors,False,False
8449301000001100,Caralpha,Caralpha 10/12.5mg tablet,Lisinopril,,12.5 mg,Angiotensin-Converting Enzyme Inhibitors,False,False
7385911000001108,Caralpha,Caralpha 10mg/12.5mg tablets (Alpharma Limited) (product),Lisinopril,,10 mg,Angiotensin-Converting Enzyme Inhibitors,False,False
7386011000001100,Caralpha,Caralpha 10mg/12.5mg tablets (Alpharma Limited) 28 tablet 2 x 14 tablets (product),Lisinopril,28.0,10 mg,Angiotensin-Converting Enzyme Inhibitors,False,False
8449401000001108,Caralpha,Caralpha 20/12.5mg tablet,Lisinopril,,12.5 mg,Angiotensin-Converting Enzyme Inhibitors,False,False
7385711000001106,Caralpha,Caralpha 20mg/12.5mg tablets (Alpharma Limited) (product),Lisinopril,,20 mg,Angiotensin-Converting Enzyme Inhibitors,False,False
7385811000001103,Caralpha,Caralpha 20mg/12.5mg tablets (Alpharma Limited) 28 tablet 2 x 14 tablets (product),Lisinopril,28.0,20 mg,Angiotensin-Converting Enzyme Inhibitors,False,False
9235301000001100,Cardozin,Cardozin XL (product),Doxazosin Mesilate,,,Alpha-Adrenoceptor Blocking Drugs,False,False
18197411000001107,Cardozin,Cardozin XL 4mg tablets (Almus Pharmaceuticals Ltd) (product),Doxazosin Mesilate,,4 mg,Alpha-Adrenoceptor Blocking Drugs,False,False
18205011000001105,Cardozin,Cardozin XL 4mg tablets (Almus Pharmaceuticals Ltd) 28 tablet 2 x 14 tablets (product),Doxazosin Mesilate,28.0,4 mg,Alpha-Adrenoceptor Blocking Drugs,False,False
11752411000001104,Cardozin,Cardozin XL 4mg tablets (Arrow Generics Ltd) (product),Doxazosin Mesilate,,4 mg,Alpha-Adrenoceptor Blocking Drugs,False,False
11752511000001100,Cardozin,Cardozin XL 4mg tablets (Arrow Generics Ltd) 28 tablet (product),Doxazosin Mesilate,28.0,4 mg,Alpha-Adrenoceptor Blocking Drugs,False,False
9236201000001102,Catapres,Catapres (product),Clonidine Hydrochloride,,,Centrally-Acting Antihypertensive Drugs,False,False
2605501000001108,Catapres,Catapres (qualifier value),Clonidine Hydrochloride,,,Centrally-Acting Antihypertensive Drugs,False,False
9432301000001108,Catapres,Catapres (qualifier value),Clonidine Hydrochloride,,,Centrally-Acting Antihypertensive Drugs,False,False
223101000001108,Catapres,Catapres 100mcg tablet,Clonidine Hydrochloride,,,Centrally-Acting Antihypertensive Drugs,False,False
215111000001101,Catapres,Catapres 100microgram tablets (Boehringer Ingelheim Ltd) (product),Clonidine Hydrochloride,,,Centrally-Acting Antihypertensive Drugs,False,False
1631311000001105,Catapres,Catapres 100microgram tablets (Boehringer Ingelheim Ltd) 100 tablet (product),Clonidine Hydrochloride,100.0,,Centrally-Acting Antihypertensive Drugs,False,False
66401000001109,Catapres,Catapres 150mcg/1mL injection,Clonidine Hydrochloride,,,Centrally-Acting Antihypertensive Drugs,False,False
364911000001108,Catapres,Catapres 150micrograms/1ml solution for injection ampoules (Boehringer Ingelheim Ltd) (product),Clonidine Hydrochloride,,,Centrally-Acting Antihypertensive Drugs,False,False
2779911000001101,Catapres,Catapres 150micrograms/1ml solution for injection ampoules (Boehringer Ingelheim Ltd) 5 ampoule 5 x 1ml ampoules (product),Clonidine Hydrochloride,,,Centrally-Acting Antihypertensive Drugs,False,False
410401000001100,Catapres,Catapres 250micrograms Perlonget,Clonidine Hydrochloride,,,Centrally-Acting Antihypertensive Drugs,False,False
294401000001107,Catapres,Catapres 300mcg tablet,Clonidine Hydrochloride,,,Centrally-Acting Antihypertensive Drugs,False,False
368711000001103,Catapres,Catapres 300microgram tablets (Boehringer Ingelheim Ltd) (product),Clonidine Hydrochloride,,,Centrally-Acting Antihypertensive Drugs,False,False
2222811000001107,Catapres,Catapres 300microgram tablets (Boehringer Ingelheim Ltd) 100 tablet 10 x 10 tablets (product),Clonidine Hydrochloride,100.0,,Centrally-Acting Antihypertensive Drugs,False,False
9236301000001106,Catapres,Catapres Perlongets (product),Clonidine Hydrochloride,,,Centrally-Acting Antihypertensive Drugs,False,False
9586801000001104,Catapres,Catapres PL Perlongets (product),Clonidine Hydrochloride,,,Centrally-Acting Antihypertensive Drugs,False,False
4536811000001109,Catapres,Catapres PL Perlongets 250microgram capsules (Boehringer Ingelheim Ltd) (product),Clonidine Hydrochloride,,,Centrally-Acting Antihypertensive Drugs,False,False
4537011000001100,Catapres,Catapres PL Perlongets 250microgram capsules (Boehringer Ingelheim Ltd) 56 capsule (product),Clonidine Hydrochloride,,,Centrally-Acting Antihypertensive Drugs,False,False
10448811000001101,Catapres,Catapres TTS 1 patches (Boehringer Ingelheim Ltd) (product),Clonidine Hydrochloride,,,Centrally-Acting Antihypertensive Drugs,False,False
10449011000001102,Catapres,Catapres TTS 1 patches (Boehringer Ingelheim Ltd) 12 patch (product),Clonidine Hydrochloride,,,Centrally-Acting Antihypertensive Drugs,False,False
10448911000001106,Catapres,Catapres TTS 1 patches (Boehringer Ingelheim Ltd) 4 patch (product),Clonidine Hydrochloride,,,Centrally-Acting Antihypertensive Drugs,False,False
7657311000001101,Catapres,Catapres TTS 2 patches (Boehringer Ingelheim Ltd) (product),Clonidine Hydrochloride,,,Centrally-Acting Antihypertensive Drugs,False,False
7657511000001107,Catapres,Catapres TTS 2 patches (Boehringer Ingelheim Ltd) 12 patch (product),Clonidine Hydrochloride,,,Centrally-Acting Antihypertensive Drugs,False,False
7657411000001108,Catapres,Catapres TTS 2 patches (Boehringer Ingelheim Ltd) 4 patch (product),Clonidine Hydrochloride,,,Centrally-Acting Antihypertensive Drugs,False,False
10449311000001104,Catapres,Catapres TTS 3 patches (Boehringer Ingelheim Ltd) (product),Clonidine Hydrochloride,,,Centrally-Acting Antihypertensive Drugs,False,False
10449411000001106,Catapres,Catapres TTS 3 patches (Boehringer Ingelheim Ltd) 4 patch (product),Clonidine Hydrochloride,,,Centrally-Acting Antihypertensive Drugs,False,False
3677311000001105,Cilazapril,Cilazapril (substance),Cilazapril,,,Angiotensin-Converting Enzyme Inhibitors,False,False
149001000001106,Cilazapril,Cilazapril 1mg tablet - product,Cilazapril,,1 mg,Angiotensin-Converting Enzyme Inhibitors,False,False
3669511000001100,Cilazapril,Cilazapril 1mg tablets 28 tablet (product),Cilazapril,28.0,1 mg,Angiotensin-Converting Enzyme Inhibitors,False,False
5597811000001106,Cilazapril,Cilazapril 1mg tablets 30 tablet (product),Cilazapril,30.0,1 mg,Angiotensin-Converting Enzyme Inhibitors,False,False
224101000001105,Cilazapril,Cilazapril 2.5mg tablet - product,Cilazapril,,2.5 mg,Angiotensin-Converting Enzyme Inhibitors,False,False
3672111000001106,Cilazapril,Cilazapril 2.5mg tablets 28 tablet (product),Cilazapril,28.0,2.5 mg,Angiotensin-Converting Enzyme Inhibitors,False,False
74001000001101,Cilazapril,Cilazapril 250micrograms tablet,Cilazapril,,,Angiotensin-Converting Enzyme Inhibitors,False,False
3739411000001101,Cilazapril,Cilazapril 500microgram tablets 28 tablet (product),Cilazapril,28.0,,Angiotensin-Converting Enzyme Inhibitors,False,False
15524911000001102,Cilazapril,Cilazapril 500microgram tablets 30 tablet (product),Cilazapril,30.0,,Angiotensin-Converting Enzyme Inhibitors,False,False
614301000001102,Cilazapril,Cilazapril 500micrograms tablet - product,Cilazapril,,,Angiotensin-Converting Enzyme Inhibitors,False,False
295401000001108,Cilazapril,Cilazapril 5mg tablet - product,Cilazapril,,5 mg,Angiotensin-Converting Enzyme Inhibitors,False,False
21676211000001105,Cilazapril,Cilazapril 5mg tablets (A A H Pharmaceuticals Ltd) (product),Cilazapril,,5 mg,Angiotensin-Converting Enzyme Inhibitors,False,False
21676311000001102,Cilazapril,Cilazapril 5mg tablets (A A H Pharmaceuticals Ltd) 28 tablet (product),Cilazapril,28.0,5 mg,Angiotensin-Converting Enzyme Inhibitors,False,False
23997011000001100,Cilazapril,Cilazapril 5mg tablets (Alliance Healthcare (Distribution) Ltd) (product),Cilazapril,,5 mg,Angiotensin-Converting Enzyme Inhibitors,False,False
23997111000001104,Cilazapril,Cilazapril 5mg tablets (Alliance Healthcare (Distribution) Ltd) 28 tablet (product),Cilazapril,28.0,5 mg,Angiotensin-Converting Enzyme Inhibitors,False,False
30029911000001108,Cilazapril,Cilazapril 5mg tablets (DE Pharmaceuticals) (product),Cilazapril,,5 mg,Angiotensin-Converting Enzyme Inhibitors,False,False
30030011000001103,Cilazapril,Cilazapril 5mg tablets (DE Pharmaceuticals) 28 tablet (product),Cilazapril,28.0,5 mg,Angiotensin-Converting Enzyme Inhibitors,False,False
30769211000001105,Cilazapril,Cilazapril 5mg tablets (Ennogen Healthcare Ltd) (product),Cilazapril,,5 mg,Angiotensin-Converting Enzyme Inhibitors,False,False
30769311000001102,Cilazapril,Cilazapril 5mg tablets (Ennogen Healthcare Ltd) 28 tablet (product),Cilazapril,28.0,5 mg,Angiotensin-Converting Enzyme Inhibitors,False,False
21304711000001108,Cilazapril,Cilazapril 5mg tablets (Genesis Pharmaceuticals Ltd) (product),Cilazapril,,5 mg,Angiotensin-Converting Enzyme Inhibitors,False,False
21304811000001100,Cilazapril,Cilazapril 5mg tablets (Genesis Pharmaceuticals Ltd) 28 tablet (product),Cilazapril,28.0,5 mg,Angiotensin-Converting Enzyme Inhibitors,False,False
31356011000001106,Cilazapril,Cilazapril 5mg tablets (J M McGill Ltd) (product),Cilazapril,,5 mg,Angiotensin-Converting Enzyme Inhibitors,False,False
31356111000001107,Cilazapril,Cilazapril 5mg tablets (J M McGill Ltd) 28 tablet (product),Cilazapril,28.0,5 mg,Angiotensin-Converting Enzyme Inhibitors,False,False
23647711000001108,Cilazapril,Cilazapril 5mg tablets (Phoenix Healthcare Distribution Ltd) (product),Cilazapril,,5 mg,Angiotensin-Converting Enzyme Inhibitors,False,False
23647811000001100,Cilazapril,Cilazapril 5mg tablets (Phoenix Healthcare Distribution Ltd) 28 tablet (product),Cilazapril,28.0,5 mg,Angiotensin-Converting Enzyme Inhibitors,False,False
29787511000001100,Cilazapril,Cilazapril 5mg tablets (Sigma Pharmaceuticals Plc) (product),Cilazapril,,5 mg,Angiotensin-Converting Enzyme Inhibitors,False,False
29787611000001101,Cilazapril,Cilazapril 5mg tablets (Sigma Pharmaceuticals Plc) 28 tablet (product),Cilazapril,28.0,5 mg,Angiotensin-Converting Enzyme Inhibitors,False,False
3670611000001104,Cilazapril,Cilazapril 5mg tablets 28 tablet (product),Cilazapril,28.0,5 mg,Angiotensin-Converting Enzyme Inhibitors,False,False
3677411000001103,Cilazapril,Cilazapril monohydrate (substance),Cilazapril,,,Angiotensin-Converting Enzyme Inhibitors,False,False
9243301000001100,Diovan,Co-Diovan (product),Valsartan,,,Angiotensin-II Receptor Antagonists,False,False
8544701000001105,Diovan,Co-Diovan (qualifier value),Valsartan,,,Angiotensin-II Receptor Antagonists,False,False
8449701000001101,Diovan,Co-Diovan 160mg/12.5mg tablet (product),Valsartan,,160 mg,Angiotensin-II Receptor Antagonists,False,False
13854511000001101,Diovan,Co-Diovan 160mg/12.5mg tablets (Doncaster Pharmaceuticals Ltd) (product),Valsartan,,160 mg,Angiotensin-II Receptor Antagonists,False,False
13854611000001102,Diovan,Co-Diovan 160mg/12.5mg tablets (Doncaster Pharmaceuticals Ltd) 28 tablet (product),Valsartan,28.0,160 mg,Angiotensin-II Receptor Antagonists,False,False
13107711000001104,Diovan,Co-Diovan 160mg/12.5mg tablets (Dowelhurst Ltd) (product),Valsartan,,160 mg,Angiotensin-II Receptor Antagonists,False,False
13107811000001107,Diovan,Co-Diovan 160mg/12.5mg tablets (Dowelhurst Ltd) 28 tablet (product),Valsartan,28.0,160 mg,Angiotensin-II Receptor Antagonists,False,False
16151611000001101,Diovan,Co-Diovan 160mg/12.5mg tablets (Lexon (UK) Ltd) (product),Valsartan,,160 mg,Angiotensin-II Receptor Antagonists,False,False
16151711000001105,Diovan,Co-Diovan 160mg/12.5mg tablets (Lexon (UK) Ltd) 28 tablet (product),Valsartan,28.0,160 mg,Angiotensin-II Receptor Antagonists,False,False
16511211000001101,Diovan,Co-Diovan 160mg/12.5mg tablets (Mawdsley-Brooks & Company Ltd) (product),Valsartan,,160 mg,Angiotensin-II Receptor Antagonists,False,False
16511311000001109,Diovan,Co-Diovan 160mg/12.5mg tablets (Mawdsley-Brooks & Company Ltd) 28 tablet (product),Valsartan,28.0,160 mg,Angiotensin-II Receptor Antagonists,False,False
18223211000001105,Diovan,Co-Diovan 160mg/12.5mg tablets (Necessity Supplies Ltd) (product),Valsartan,,160 mg,Angiotensin-II Receptor Antagonists,False,False
18223411000001109,Diovan,Co-Diovan 160mg/12.5mg tablets (Necessity Supplies Ltd) 28 tablet (product),Valsartan,28.0,160 mg,Angiotensin-II Receptor Antagonists,False,False
7668611000001104,Diovan,Co-Diovan 160mg/12.5mg tablets (Novartis Pharmaceuticals UK Ltd) (product),Valsartan,,160 mg,Angiotensin-II Receptor Antagonists,False,False
7668711000001108,Diovan,Co-Diovan 160mg/12.5mg tablets (Novartis Pharmaceuticals UK Ltd) 28 tablet 2 x 14 tablets (product),Valsartan,28.0,160 mg,Angiotensin-II Receptor Antagonists,False,False
10850511000001106,Diovan,Co-Diovan 160mg/12.5mg tablets (PI) (Waymade Ltd) (product),Valsartan,,160 mg,Angiotensin-II Receptor Antagonists,False,False
10850611000001105,Diovan,Co-Diovan 160mg/12.5mg tablets (PI) (Waymade Ltd) 28 tablet (product),Valsartan,28.0,160 mg,Angiotensin-II Receptor Antagonists,False,False
14206511000001108,Diovan,Co-Diovan 160mg/12.5mg tablets (Sigma Pharmaceuticals Plc) (product),Valsartan,,160 mg,Angiotensin-II Receptor Antagonists,False,False
14206611000001107,Diovan,Co-Diovan 160mg/12.5mg tablets (Sigma Pharmaceuticals Plc) 28 tablet (product),Valsartan,28.0,160 mg,Angiotensin-II Receptor Antagonists,False,False
8449801000001105,Diovan,Co-Diovan 160mg/25mg tablet (product),Valsartan,,160 mg,Angiotensin-II Receptor Antagonists,False,False
13854711000001106,Diovan,Co-Diovan 160mg/25mg tablets (Doncaster Pharmaceuticals Ltd) (product),Valsartan,,160 mg,Angiotensin-II Receptor Antagonists,False,False
13854811000001103,Diovan,Co-Diovan 160mg/25mg tablets (Doncaster Pharmaceuticals Ltd) 28 tablet (product),Valsartan,28.0,160 mg,Angiotensin-II Receptor Antagonists,False,False
13107911000001102,Diovan,Co-Diovan 160mg/25mg tablets (Dowelhurst Ltd) (product),Valsartan,,160 mg,Angiotensin-II Receptor Antagonists,False,False
13108011000001100,Diovan,Co-Diovan 160mg/25mg tablets (Dowelhurst Ltd) 28 tablet (product),Valsartan,28.0,160 mg,Angiotensin-II Receptor Antagonists,False,False
18054411000001100,Diovan,Co-Diovan 160mg/25mg tablets (Lexon (UK) Ltd) (product),Valsartan,,160 mg,Angiotensin-II Receptor Antagonists,False,False
18054511000001101,Diovan,Co-Diovan 160mg/25mg tablets (Lexon (UK) Ltd) 28 tablet (product),Valsartan,28.0,160 mg,Angiotensin-II Receptor Antagonists,False,False
16511411000001102,Diovan,Co-Diovan 160mg/25mg tablets (Mawdsley-Brooks & Company Ltd) (product),Valsartan,,160 mg,Angiotensin-II Receptor Antagonists,False,False
16511511000001103,Diovan,Co-Diovan 160mg/25mg tablets (Mawdsley-Brooks & Company Ltd) 28 tablet (product),Valsartan,28.0,160 mg,Angiotensin-II Receptor Antagonists,False,False
7668911000001105,Diovan,Co-Diovan 160mg/25mg tablets (Novartis Pharmaceuticals UK Ltd) (product),Valsartan,,160 mg,Angiotensin-II Receptor Antagonists,False,False
7669011000001101,Diovan,Co-Diovan 160mg/25mg tablets (Novartis Pharmaceuticals UK Ltd) 28 tablet 2 x 14 tablets (product),Valsartan,28.0,160 mg,Angiotensin-II Receptor Antagonists,False,False
10511511000001109,Diovan,Co-Diovan 160mg/25mg tablets (PI) (Waymade Ltd) (product),Valsartan,,160 mg,Angiotensin-II Receptor Antagonists,False,False
10511611000001108,Diovan,Co-Diovan 160mg/25mg tablets (PI) (Waymade Ltd) 28 tablet (product),Valsartan,28.0,160 mg,Angiotensin-II Receptor Antagonists,False,False
14206711000001103,Diovan,Co-Diovan 160mg/25mg tablets (Sigma Pharmaceuticals Plc) (product),Valsartan,,160 mg,Angiotensin-II Receptor Antagonists,False,False
14206811000001106,Diovan,Co-Diovan 160mg/25mg tablets (Sigma Pharmaceuticals Plc) 28 tablet (product),Valsartan,28.0,160 mg,Angiotensin-II Receptor Antagonists,False,False
8604101000001109,Diovan,Co-Diovan 80mg/12.5mg tablet (product),Valsartan,,80 mg,Angiotensin-II Receptor Antagonists,False,False
13854311000001107,Diovan,Co-Diovan 80mg/12.5mg tablets (Doncaster Pharmaceuticals Ltd) (product),Valsartan,,80 mg,Angiotensin-II Receptor Antagonists,False,False
13854411000001100,Diovan,Co-Diovan 80mg/12.5mg tablets (Doncaster Pharmaceuticals Ltd) 28 tablet (product),Valsartan,28.0,80 mg,Angiotensin-II Receptor Antagonists,False,False
16151411000001104,Diovan,Co-Diovan 80mg/12.5mg tablets (Lexon (UK) Ltd) (product),Valsartan,,80 mg,Angiotensin-II Receptor Antagonists,False,False
16151511000001100,Diovan,Co-Diovan 80mg/12.5mg tablets (Lexon (UK) Ltd) 28 tablet (product),Valsartan,28.0,80 mg,Angiotensin-II Receptor Antagonists,False,False
16511611000001104,Diovan,Co-Diovan 80mg/12.5mg tablets (Mawdsley-Brooks & Company Ltd) (product),Valsartan,,80 mg,Angiotensin-II Receptor Antagonists,False,False
16511711000001108,Diovan,Co-Diovan 80mg/12.5mg tablets (Mawdsley-Brooks & Company Ltd) 28 tablet (product),Valsartan,28.0,80 mg,Angiotensin-II Receptor Antagonists,False,False
18223511000001108,Diovan,Co-Diovan 80mg/12.5mg tablets (Necessity Supplies Ltd) (product),Valsartan,,80 mg,Angiotensin-II Receptor Antagonists,False,False
18223611000001107,Diovan,Co-Diovan 80mg/12.5mg tablets (Necessity Supplies Ltd) 28 tablet (product),Valsartan,28.0,80 mg,Angiotensin-II Receptor Antagonists,False,False
8150111000001108,Diovan,Co-Diovan 80mg/12.5mg tablets (Novartis Pharmaceuticals UK Ltd) (product),Valsartan,,80 mg,Angiotensin-II Receptor Antagonists,False,False
8150211000001102,Diovan,Co-Diovan 80mg/12.5mg tablets (Novartis Pharmaceuticals UK Ltd) 28 tablet 2 x 14 tablets (product),Valsartan,28.0,80 mg,Angiotensin-II Receptor Antagonists,False,False
14206911000001101,Diovan,Co-Diovan 80mg/12.5mg tablets (Sigma Pharmaceuticals Plc) (product),Valsartan,,80 mg,Angiotensin-II Receptor Antagonists,False,False
14207011000001102,Diovan,Co-Diovan 80mg/12.5mg tablets (Sigma Pharmaceuticals Plc) 28 tablet (product),Valsartan,28.0,80 mg,Angiotensin-II Receptor Antagonists,False,False
11383411000001100,Diovan,Co-Diovan 80mg/12.5mg tablets (Waymade Ltd) (product),Valsartan,,80 mg,Angiotensin-II Receptor Antagonists,False,False
11383511000001101,Diovan,Co-Diovan 80mg/12.5mg tablets (Waymade Ltd) 28 tablet (product),Valsartan,28.0,80 mg,Angiotensin-II Receptor Antagonists,False,False
9556801000001105,Irbesartan,Co-Irbesartan (product),Irbesartan,,,Angiotensin-II Receptor Antagonists,False,False
11159011000001105,Irbesartan,Co-Irbesartan 150mg/12.5mg tablets (Waymade Ltd) (product),Irbesartan,,150 mg,Angiotensin-II Receptor Antagonists,False,False
11159111000001106,Irbesartan,Co-Irbesartan 150mg/12.5mg tablets (Waymade Ltd) 28 tablet (product),Irbesartan,28.0,150 mg,Angiotensin-II Receptor Antagonists,False,False
11159211000001100,Irbesartan,Co-Irbesartan 300mg/12.5mg tablets (Waymade Ltd) (product),Irbesartan,,300 mg,Angiotensin-II Receptor Antagonists,False,False
11159311000001108,Irbesartan,Co-Irbesartan 300mg/12.5mg tablets (Waymade Ltd) 28 tablet (product),Irbesartan,28.0,300 mg,Angiotensin-II Receptor Antagonists,False,False
9243401000001108,CoAprovel,CoAprovel (product),Irbesartan,,,Angiotensin-II Receptor Antagonists,False,False
3850601000001108,CoAprovel,CoAprovel (qualifier value),Irbesartan,,,Angiotensin-II Receptor Antagonists,False,False
3850401000001105,CoAprovel,CoAprovel 150mg/12.5mg tablet,Irbesartan,,150 mg,Angiotensin-II Receptor Antagonists,False,False
13853911000001106,CoAprovel,CoAprovel 150mg/12.5mg tablets (Doncaster Pharmaceuticals Ltd) (product),Irbesartan,,150 mg,Angiotensin-II Receptor Antagonists,False,False
13854011000001109,CoAprovel,CoAprovel 150mg/12.5mg tablets (Doncaster Pharmaceuticals Ltd) 28 tablet (product),Irbesartan,28.0,150 mg,Angiotensin-II Receptor Antagonists,False,False
13107411000001105,CoAprovel,CoAprovel 150mg/12.5mg tablets (Dowelhurst Ltd) (product),Irbesartan,,150 mg,Angiotensin-II Receptor Antagonists,False,False
13107511000001109,CoAprovel,CoAprovel 150mg/12.5mg tablets (Dowelhurst Ltd) 28 tablet (product),Irbesartan,28.0,150 mg,Angiotensin-II Receptor Antagonists,False,False
16512911000001104,CoAprovel,CoAprovel 150mg/12.5mg tablets (Mawdsley-Brooks & Company Ltd) (product),Irbesartan,,150 mg,Angiotensin-II Receptor Antagonists,False,False
16513011000001107,CoAprovel,CoAprovel 150mg/12.5mg tablets (Mawdsley-Brooks & Company Ltd) 28 tablet (product),Irbesartan,28.0,150 mg,Angiotensin-II Receptor Antagonists,False,False
18222511000001101,CoAprovel,CoAprovel 150mg/12.5mg tablets (Necessity Supplies Ltd) (product),Irbesartan,,150 mg,Angiotensin-II Receptor Antagonists,False,False
18222611000001102,CoAprovel,CoAprovel 150mg/12.5mg tablets (Necessity Supplies Ltd) 28 tablet (product),Irbesartan,28.0,150 mg,Angiotensin-II Receptor Antagonists,False,False
5352411000001100,CoAprovel,CoAprovel 150mg/12.5mg tablets (PI) (Waymade Ltd) (product),Irbesartan,,150 mg,Angiotensin-II Receptor Antagonists,False,False
5352711000001106,CoAprovel,CoAprovel 150mg/12.5mg tablets (PI) (Waymade Ltd) 28 tablet 2 x 14 tablets (product),Irbesartan,28.0,150 mg,Angiotensin-II Receptor Antagonists,False,False
792411000001108,CoAprovel,CoAprovel 150mg/12.5mg tablets (Sanofi-Synthelabo Ltd) (product),Irbesartan,,150 mg,Angiotensin-II Receptor Antagonists,False,False
2223111000001106,CoAprovel,CoAprovel 150mg/12.5mg tablets (Sanofi-Synthelabo Ltd) 28 tablet 2 x 14 tablets (product),Irbesartan,28.0,150 mg,Angiotensin-II Receptor Antagonists,False,False
14716211000001104,CoAprovel,CoAprovel 150mg/12.5mg tablets (Sigma Pharmaceuticals Plc) (product),Irbesartan,,150 mg,Angiotensin-II Receptor Antagonists,False,False
14716411000001100,CoAprovel,CoAprovel 150mg/12.5mg tablets (Sigma Pharmaceuticals Plc) 28 tablet (product),Irbesartan,28.0,150 mg,Angiotensin-II Receptor Antagonists,False,False
3850501000001109,CoAprovel,CoAprovel 300mg/12.5mg tablet,Irbesartan,,300 mg,Angiotensin-II Receptor Antagonists,False,False
13854111000001105,CoAprovel,CoAprovel 300mg/12.5mg tablets (Doncaster Pharmaceuticals Ltd) (product),Irbesartan,,300 mg,Angiotensin-II Receptor Antagonists,False,False
13854211000001104,CoAprovel,CoAprovel 300mg/12.5mg tablets (Doncaster Pharmaceuticals Ltd) 28 tablet (product),Irbesartan,28.0,300 mg,Angiotensin-II Receptor Antagonists,False,False
16513911000001106,CoAprovel,CoAprovel 300mg/12.5mg tablets (Mawdsley-Brooks & Company Ltd) (product),Irbesartan,,300 mg,Angiotensin-II Receptor Antagonists,False,False
16514111000001105,CoAprovel,CoAprovel 300mg/12.5mg tablets (Mawdsley-Brooks & Company Ltd) 28 tablet (product),Irbesartan,28.0,300 mg,Angiotensin-II Receptor Antagonists,False,False
18222711000001106,CoAprovel,CoAprovel 300mg/12.5mg tablets (Necessity Supplies Ltd) (product),Irbesartan,,300 mg,Angiotensin-II Receptor Antagonists,False,False
18222811000001103,CoAprovel,CoAprovel 300mg/12.5mg tablets (Necessity Supplies Ltd) 28 tablet (product),Irbesartan,28.0,300 mg,Angiotensin-II Receptor Antagonists,False,False
10486911000001104,CoAprovel,CoAprovel 300mg/12.5mg tablets (PI) (Dowelhurst Ltd) (product),Irbesartan,,300 mg,Angiotensin-II Receptor Antagonists,False,False
10487111000001104,CoAprovel,CoAprovel 300mg/12.5mg tablets (PI) (Dowelhurst Ltd) 28 tablet (product),Irbesartan,28.0,300 mg,Angiotensin-II Receptor Antagonists,False,False
5353411000001109,CoAprovel,CoAprovel 300mg/12.5mg tablets (PI) (Waymade Ltd) (product),Irbesartan,,300 mg,Angiotensin-II Receptor Antagonists,False,False
5353711000001103,CoAprovel,CoAprovel 300mg/12.5mg tablets (PI) (Waymade Ltd) 28 tablet 2 x 14 tablets (product),Irbesartan,28.0,300 mg,Angiotensin-II Receptor Antagonists,False,False
682711000001109,CoAprovel,CoAprovel 300mg/12.5mg tablets (Sanofi-Synthelabo Ltd) (product),Irbesartan,,300 mg,Angiotensin-II Receptor Antagonists,False,False
2222911000001102,CoAprovel,CoAprovel 300mg/12.5mg tablets (Sanofi-Synthelabo Ltd) 28 tablet 2 x 14 tablets (product),Irbesartan,28.0,300 mg,Angiotensin-II Receptor Antagonists,False,False
14716611000001102,CoAprovel,CoAprovel 300mg/12.5mg tablets (Sigma Pharmaceuticals Plc) (product),Irbesartan,,300 mg,Angiotensin-II Receptor Antagonists,False,False
14716711000001106,CoAprovel,CoAprovel 300mg/12.5mg tablets (Sigma Pharmaceuticals Plc) 28 tablet (product),Irbesartan,28.0,300 mg,Angiotensin-II Receptor Antagonists,False,False
16514211000001104,CoAprovel,CoAprovel 300mg/25mg tablets (Mawdsley-Brooks & Company Ltd) (product),Irbesartan,,300 mg,Angiotensin-II Receptor Antagonists,False,False
16514411000001100,CoAprovel,CoAprovel 300mg/25mg tablets (Mawdsley-Brooks & Company Ltd) 28 tablet (product),Irbesartan,28.0,300 mg,Angiotensin-II Receptor Antagonists,False,False
9000101000001105,CoAprovel,COAPROVEL 300mg/25mg tablets (product),Irbesartan,,300 mg,Angiotensin-II Receptor Antagonists,False,False
10968611000001106,CoAprovel,CoAprovel 300mg/25mg tablets (sanofi-aventis) (product),Irbesartan,,300 mg,Angiotensin-II Receptor Antagonists,False,False
10968711000001102,CoAprovel,CoAprovel 300mg/25mg tablets (sanofi-aventis) 28 tablet 2 x 14 tablets (product),Irbesartan,28.0,300 mg,Angiotensin-II Receptor Antagonists,False,False
9244501000001105,Colixil,Colixil XL (product),Doxazosin Mesilate,,,Alpha-Adrenoceptor Blocking Drugs,False,False
11757711000001107,Colixil,Colixil XL 4mg tablets (Sandoz Ltd) (product),Doxazosin Mesilate,,4 mg,Alpha-Adrenoceptor Blocking Drugs,False,False
11757811000001104,Colixil,Colixil XL 4mg tablets (Sandoz Ltd) 28 tablet 2 x 14 tablets (product),Doxazosin Mesilate,28.0,4 mg,Alpha-Adrenoceptor Blocking Drugs,False,False
9248201000001100,Coversyl,Coversyl (product),Perindopril,,,Angiotensin-Converting Enzyme Inhibitors,False,False
9568001000001108,Coversyl,Coversyl (product),Perindopril,,,Angiotensin-Converting Enzyme Inhibitors,False,False
2612101000001109,Coversyl,Coversyl (qualifier value),Perindopril,,,Angiotensin-Converting Enzyme Inhibitors,False,False
9433201000001106,Coversyl,Coversyl (qualifier value),Perindopril,,,Angiotensin-Converting Enzyme Inhibitors,False,False
9574001000001107,Coversyl,Coversyl (qualifier value),Perindopril,,,Angiotensin-Converting Enzyme Inhibitors,False,False
226801000001105,Coversyl,Coversyl 2mg tablet,Perindopril,,2 mg,Angiotensin-Converting Enzyme Inhibitors,False,False
5535211000001106,Coversyl,Coversyl 2mg tablets (PI) (Dowelhurst Ltd) (product),Perindopril,,2 mg,Angiotensin-Converting Enzyme Inhibitors,False,False
5536311000001108,Coversyl,Coversyl 2mg tablets (PI) (Dowelhurst Ltd) 100 tablet 4 x 25 tablets (product),Perindopril,100.0,2 mg,Angiotensin-Converting Enzyme Inhibitors,False,False
5536411000001101,Coversyl,Coversyl 2mg tablets (PI) (Dowelhurst Ltd) 14 tablet (product),Perindopril,14.0,2 mg,Angiotensin-Converting Enzyme Inhibitors,False,False
5536611000001103,Coversyl,Coversyl 2mg tablets (PI) (Dowelhurst Ltd) 28 tablet 2 x 14 tablets (product),Perindopril,28.0,2 mg,Angiotensin-Converting Enzyme Inhibitors,False,False
5536211000001100,Coversyl,Coversyl 2mg tablets (PI) (Dowelhurst Ltd) 30 tablet (product),Perindopril,30.0,2 mg,Angiotensin-Converting Enzyme Inhibitors,False,False
5352011000001109,Coversyl,Coversyl 2mg tablets (PI) (Waymade Ltd) (product),Perindopril,,2 mg,Angiotensin-Converting Enzyme Inhibitors,False,False
5352111000001105,Coversyl,Coversyl 2mg tablets (PI) (Waymade Ltd) 30 tablet (product),Perindopril,30.0,2 mg,Angiotensin-Converting Enzyme Inhibitors,False,False
5352211000001104,Coversyl,Coversyl 2mg tablets (PI) (Waymade Ltd) 50 tablet 2 x 25 tablets (product),Perindopril,50.0,2 mg,Angiotensin-Converting Enzyme Inhibitors,False,False
48211000001104,Coversyl,Coversyl 2mg tablets (Servier Laboratories Limited) (product),Perindopril,,2 mg,Angiotensin-Converting Enzyme Inhibitors,False,False
1356411000001100,Coversyl,Coversyl 2mg tablets (Servier Laboratories Limited) 30 tablet (product),Perindopril,30.0,2 mg,Angiotensin-Converting Enzyme Inhibitors,False,False
297801000001104,Coversyl,Coversyl 4mg tablet,Perindopril,,4 mg,Angiotensin-Converting Enzyme Inhibitors,False,False
5538211000001104,Coversyl,Coversyl 4mg tablets (PI) (Dowelhurst Ltd) (product),Perindopril,,4 mg,Angiotensin-Converting Enzyme Inhibitors,False,False
5538611000001102,Coversyl,Coversyl 4mg tablets (PI) (Dowelhurst Ltd) 100 tablet 4 x 25 tablets (product),Perindopril,100.0,4 mg,Angiotensin-Converting Enzyme Inhibitors,False,False
5538311000001107,Coversyl,Coversyl 4mg tablets (PI) (Dowelhurst Ltd) 30 tablet (product),Perindopril,30.0,4 mg,Angiotensin-Converting Enzyme Inhibitors,False,False
5538411000001100,Coversyl,Coversyl 4mg tablets (PI) (Dowelhurst Ltd) 50 tablet 2 x 25 tablets (product),Perindopril,50.0,4 mg,Angiotensin-Converting Enzyme Inhibitors,False,False
10512411000001100,Coversyl,Coversyl 4mg tablets (PI) (Waymade Ltd) (product),Perindopril,,4 mg,Angiotensin-Converting Enzyme Inhibitors,False,False
10838711000001100,Coversyl,Coversyl 4mg tablets (PI) (Waymade Ltd) 30 tablet (product),Perindopril,30.0,4 mg,Angiotensin-Converting Enzyme Inhibitors,False,False
10512511000001101,Coversyl,Coversyl 4mg tablets (PI) (Waymade Ltd) 50 tablet (product),Perindopril,50.0,4 mg,Angiotensin-Converting Enzyme Inhibitors,False,False
902211000001100,Coversyl,Coversyl 4mg tablets (Servier Laboratories Limited) (product),Perindopril,,4 mg,Angiotensin-Converting Enzyme Inhibitors,False,False
1356511000001101,Coversyl,Coversyl 4mg tablets (Servier Laboratories Limited) 30 tablet (product),Perindopril,30.0,4 mg,Angiotensin-Converting Enzyme Inhibitors,False,False
4218101000001100,Coversyl,Coversyl 8mg tablet,Perindopril,,8 mg,Angiotensin-Converting Enzyme Inhibitors,False,False
13108611000001107,Coversyl,Coversyl 8mg tablets (Dowelhurst Ltd) (product),Perindopril,,8 mg,Angiotensin-Converting Enzyme Inhibitors,False,False
13108811000001106,Coversyl,Coversyl 8mg tablets (Dowelhurst Ltd) 30 tablet (product),Perindopril,30.0,8 mg,Angiotensin-Converting Enzyme Inhibitors,False,False
3803711000001101,Coversyl,Coversyl 8mg tablets (Servier Laboratories Limited) (product),Perindopril,,8 mg,Angiotensin-Converting Enzyme Inhibitors,False,False
3803911000001104,Coversyl,Coversyl 8mg tablets (Servier Laboratories Limited) 30 tablet (product),Perindopril,30.0,8 mg,Angiotensin-Converting Enzyme Inhibitors,False,False
9568101000001109,Coversyl,Coversyl Arginine (product),Perindopril,,,Angiotensin-Converting Enzyme Inhibitors,False,False
18571311000001105,Coversyl,Coversyl Arginine 10mg tablets (Doncaster Pharmaceuticals Ltd) (product),Perindopril,,10 mg,Angiotensin-Converting Enzyme Inhibitors,False,False
18571411000001103,Coversyl,Coversyl Arginine 10mg tablets (Doncaster Pharmaceuticals Ltd) 30 tablet (product),Perindopril,30.0,10 mg,Angiotensin-Converting Enzyme Inhibitors,False,False
16153911000001108,Coversyl,Coversyl Arginine 10mg tablets (Lexon (UK) Ltd) (product),Perindopril,,10 mg,Angiotensin-Converting Enzyme Inhibitors,False,False
16154011000001106,Coversyl,Coversyl Arginine 10mg tablets (Lexon (UK) Ltd) 30 tablet (product),Perindopril,30.0,10 mg,Angiotensin-Converting Enzyme Inhibitors,False,False
16521611000001109,Coversyl,Coversyl Arginine 10mg tablets (Mawdsley-Brooks & Company Ltd) (product),Perindopril,,10 mg,Angiotensin-Converting Enzyme Inhibitors,False,False
16521711000001100,Coversyl,Coversyl Arginine 10mg tablets (Mawdsley-Brooks & Company Ltd) 30 tablet (product),Perindopril,30.0,10 mg,Angiotensin-Converting Enzyme Inhibitors,False,False
9889601000001108,Coversyl,COVERSYL ARGININE 10mg tablets (product),Perindopril,,10 mg,Angiotensin-Converting Enzyme Inhibitors,False,False
13444611000001109,Coversyl,Coversyl Arginine 10mg tablets (Servier Laboratories Ltd) (product),Perindopril,,10 mg,Angiotensin-Converting Enzyme Inhibitors,False,False
13444711000001100,Coversyl,Coversyl Arginine 10mg tablets (Servier Laboratories Ltd) 30 tablet (product),Perindopril,30.0,10 mg,Angiotensin-Converting Enzyme Inhibitors,False,False
17536611000001101,Coversyl,Coversyl Arginine 10mg tablets (Sigma Pharmaceuticals Plc) (product),Perindopril,,10 mg,Angiotensin-Converting Enzyme Inhibitors,False,False
17536711000001105,Coversyl,Coversyl Arginine 10mg tablets (Sigma Pharmaceuticals Plc) 30 tablet (product),Perindopril,30.0,10 mg,Angiotensin-Converting Enzyme Inhibitors,False,False
15417011000001106,Coversyl,Coversyl Arginine 10mg tablets (Waymade Healthcare Plc) (product),Perindopril,,10 mg,Angiotensin-Converting Enzyme Inhibitors,False,False
15417111000001107,Coversyl,Coversyl Arginine 10mg tablets (Waymade Healthcare Plc) 30 tablet (product),Perindopril,30.0,10 mg,Angiotensin-Converting Enzyme Inhibitors,False,False
9889401000001105,Coversyl,COVERSYL ARGININE 2.5mg tablets (product),Perindopril,,2.5 mg,Angiotensin-Converting Enzyme Inhibitors,False,False
13445211000001108,Coversyl,Coversyl Arginine 2.5mg tablets (Servier Laboratories Ltd) (product),Perindopril,,2.5 mg,Angiotensin-Converting Enzyme Inhibitors,False,False
13445311000001100,Coversyl,Coversyl Arginine 2.5mg tablets (Servier Laboratories Ltd) 30 tablet (product),Perindopril,30.0,2.5 mg,Angiotensin-Converting Enzyme Inhibitors,False,False
18571511000001104,Coversyl,Coversyl Arginine 5mg tablets (Doncaster Pharmaceuticals Ltd) (product),Perindopril,,5 mg,Angiotensin-Converting Enzyme Inhibitors,False,False
19720911000001102,Coversyl,Coversyl Arginine 5mg tablets (Doncaster Pharmaceuticals Ltd) (product),Perindopril,,5 mg,Angiotensin-Converting Enzyme Inhibitors,False,False
18571611000001100,Coversyl,Coversyl Arginine 5mg tablets (Doncaster Pharmaceuticals Ltd) 30 tablet (product),Perindopril,30.0,5 mg,Angiotensin-Converting Enzyme Inhibitors,False,False
19721011000001105,Coversyl,Coversyl Arginine 5mg tablets (Doncaster Pharmaceuticals Ltd) 30 tablet (product),Perindopril,30.0,5 mg,Angiotensin-Converting Enzyme Inhibitors,False,False
16160511000001100,Coversyl,Coversyl Arginine 5mg tablets (Lexon (UK) Ltd) (product),Perindopril,,5 mg,Angiotensin-Converting Enzyme Inhibitors,False,False
16160611000001101,Coversyl,Coversyl Arginine 5mg tablets (Lexon (UK) Ltd) 30 tablet (product),Perindopril,30.0,5 mg,Angiotensin-Converting Enzyme Inhibitors,False,False
16521211000001107,Coversyl,Coversyl Arginine 5mg tablets (Mawdsley-Brooks & Company Ltd) (product),Perindopril,,5 mg,Angiotensin-Converting Enzyme Inhibitors,False,False
19721111000001106,Coversyl,Coversyl Arginine 5mg tablets (Mawdsley-Brooks & Company Ltd) (product),Perindopril,,5 mg,Angiotensin-Converting Enzyme Inhibitors,False,False
16521511000001105,Coversyl,Coversyl Arginine 5mg tablets (Mawdsley-Brooks & Company Ltd) 30 tablet (product),Perindopril,30.0,5 mg,Angiotensin-Converting Enzyme Inhibitors,False,False
19721211000001100,Coversyl,Coversyl Arginine 5mg tablets (Mawdsley-Brooks & Company Ltd) 30 tablet (product),Perindopril,30.0,5 mg,Angiotensin-Converting Enzyme Inhibitors,False,False
9889501000001109,Coversyl,COVERSYL ARGININE 5mg tablets (product),Perindopril,,5 mg,Angiotensin-Converting Enzyme Inhibitors,False,False
13444911000001103,Coversyl,Coversyl Arginine 5mg tablets (Servier Laboratories Ltd) (product),Perindopril,,5 mg,Angiotensin-Converting Enzyme Inhibitors,False,False
13445011000001103,Coversyl,Coversyl Arginine 5mg tablets (Servier Laboratories Ltd) 30 tablet (product),Perindopril,30.0,5 mg,Angiotensin-Converting Enzyme Inhibitors,False,False
14209511000001103,Coversyl,Coversyl Arginine 5mg tablets (Sigma Pharmaceuticals Plc) (product),Perindopril,,5 mg,Angiotensin-Converting Enzyme Inhibitors,False,False
14209611000001104,Coversyl,Coversyl Arginine 5mg tablets (Sigma Pharmaceuticals Plc) 30 tablet (product),Perindopril,30.0,5 mg,Angiotensin-Converting Enzyme Inhibitors,False,False
15416811000001102,Coversyl,Coversyl Arginine 5mg tablets (Waymade Healthcare Plc) (product),Perindopril,,5 mg,Angiotensin-Converting Enzyme Inhibitors,False,False
15416911000001107,Coversyl,Coversyl Arginine 5mg tablets (Waymade Healthcare Plc) 30 tablet (product),Perindopril,30.0,5 mg,Angiotensin-Converting Enzyme Inhibitors,False,False
9562001000001105,Coversyl,Coversyl Arginine Plus (product),Perindopril,,,Angiotensin-Converting Enzyme Inhibitors,False,False
18571111000001108,Coversyl,Coversyl Arginine Plus 5mg/1.25mg tablets (Doncaster Pharmaceuticals Ltd) (product),Perindopril,,5 mg,Angiotensin-Converting Enzyme Inhibitors,False,False
18571211000001102,Coversyl,Coversyl Arginine Plus 5mg/1.25mg tablets (Doncaster Pharmaceuticals Ltd) 30 tablet (product),Perindopril,30.0,5 mg,Angiotensin-Converting Enzyme Inhibitors,False,False
16521811000001108,Coversyl,Coversyl Arginine Plus 5mg/1.25mg tablets (Mawdsley-Brooks & Company Ltd) (product),Perindopril,,5 mg,Angiotensin-Converting Enzyme Inhibitors,False,False
16522011000001105,Coversyl,Coversyl Arginine Plus 5mg/1.25mg tablets (Mawdsley-Brooks & Company Ltd) 30 tablet (product),Perindopril,30.0,5 mg,Angiotensin-Converting Enzyme Inhibitors,False,False
18225711000001102,Coversyl,Coversyl Arginine Plus 5mg/1.25mg tablets (Necessity Supplies Ltd) (product),Perindopril,,5 mg,Angiotensin-Converting Enzyme Inhibitors,False,False
18225811000001105,Coversyl,Coversyl Arginine Plus 5mg/1.25mg tablets (Necessity Supplies Ltd) 30 tablet (product),Perindopril,30.0,5 mg,Angiotensin-Converting Enzyme Inhibitors,False,False
9889701000001103,Coversyl,COVERSYL ARGININE PLUS 5mg/1.25mg tablets (product),Perindopril,,5 mg,Angiotensin-Converting Enzyme Inhibitors,False,False
13444311000001104,Coversyl,Coversyl Arginine Plus 5mg/1.25mg tablets (Servier Laboratories Ltd) (product),Perindopril,,5 mg,Angiotensin-Converting Enzyme Inhibitors,False,False
13444411000001106,Coversyl,Coversyl Arginine Plus 5mg/1.25mg tablets (Servier Laboratories Ltd) 30 tablet (product),Perindopril,30.0,5 mg,Angiotensin-Converting Enzyme Inhibitors,False,False
18743311000001109,Coversyl,Coversyl Arginine Plus 5mg/1.25mg tablets (Sigma Pharmaceuticals Plc) (product),Perindopril,,5 mg,Angiotensin-Converting Enzyme Inhibitors,False,False
18743411000001102,Coversyl,Coversyl Arginine Plus 5mg/1.25mg tablets (Sigma Pharmaceuticals Plc) 30 tablet (product),Perindopril,30.0,5 mg,Angiotensin-Converting Enzyme Inhibitors,False,False
13939711000001103,Coversyl,Coversyl Arginine Plus 5mg/1.25mg tablets (Waymade Healthcare Plc) (product),Perindopril,,5 mg,Angiotensin-Converting Enzyme Inhibitors,False,False
13939811000001106,Coversyl,Coversyl Arginine Plus 5mg/1.25mg tablets (Waymade Healthcare Plc) 30 tablet (product),Perindopril,30.0,5 mg,Angiotensin-Converting Enzyme Inhibitors,False,False
9248301000001109,Coversyl,Coversyl Plus (product),Perindopril,,,Angiotensin-Converting Enzyme Inhibitors,False,False
4104201000001100,Coversyl,Coversyl Plus (qualifier value),Perindopril,,,Angiotensin-Converting Enzyme Inhibitors,False,False
4104101000001107,Coversyl,Coversyl Plus 4mg/1.25mg tablet,Perindopril,,4 mg,Angiotensin-Converting Enzyme Inhibitors,False,False
13108211000001105,Coversyl,Coversyl Plus tablets (Dowelhurst Ltd) (product),Perindopril,,,Angiotensin-Converting Enzyme Inhibitors,False,False
13108311000001102,Coversyl,Coversyl Plus tablets (Dowelhurst Ltd) 30 tablet (product),Perindopril,30.0,,Angiotensin-Converting Enzyme Inhibitors,False,False
562511000001109,Coversyl,Coversyl Plus tablets (Servier Laboratories Limited) (product),Perindopril,,,Angiotensin-Converting Enzyme Inhibitors,False,False
2646711000001100,Coversyl,Coversyl Plus tablets (Servier Laboratories Limited) 30 tablet (product),Perindopril,30.0,,Angiotensin-Converting Enzyme Inhibitors,False,False
12198011000001107,Coversyl,Coversyl Plus tablets (Waymade Healthcare Plc) (product),Perindopril,,,Angiotensin-Converting Enzyme Inhibitors,False,False
12198111000001108,Coversyl,Coversyl Plus tablets (Waymade Healthcare Plc) 30 tablet (product),Perindopril,30.0,,Angiotensin-Converting Enzyme Inhibitors,False,False
9248501000001102,Cozaar,Cozaar-Comp (product),Losartan Potassium,,,Angiotensin-II Receptor Antagonists,False,False
2959801000001101,Cozaar,Cozaar-Comp (qualifier value),Losartan Potassium,,,Angiotensin-II Receptor Antagonists,False,False
16523011000001101,Cozaar,Cozaar-Comp 100/25 tablets (Mawdsley-Brooks & Company Ltd) (product),Losartan Potassium,25.0,,Angiotensin-II Receptor Antagonists,False,False
16523111000001100,Cozaar,Cozaar-Comp 100/25 tablets (Mawdsley-Brooks & Company Ltd) 28 tablet (product),Losartan Potassium,25.0,,Angiotensin-II Receptor Antagonists,False,False
9566911000001105,Cozaar,Cozaar-Comp 100/25 tablets (Merck Sharp & Dohme Ltd) (product),Losartan Potassium,25.0,,Angiotensin-II Receptor Antagonists,False,False
9567011000001109,Cozaar,Cozaar-Comp 100/25 tablets (Merck Sharp & Dohme Ltd) 28 tablet 2 x 14 tablets (product),Losartan Potassium,25.0,,Angiotensin-II Receptor Antagonists,False,False
14210211000001105,Cozaar,Cozaar-Comp 100/25 tablets (Sigma Pharmaceuticals Plc) (product),Losartan Potassium,25.0,,Angiotensin-II Receptor Antagonists,False,False
14210311000001102,Cozaar,Cozaar-Comp 100/25 tablets (Sigma Pharmaceuticals Plc) 28 tablet (product),Losartan Potassium,25.0,,Angiotensin-II Receptor Antagonists,False,False
13447711000001107,Cozaar,Cozaar-Comp 100/25 tablets (Waymade Healthcare Plc) (product),Losartan Potassium,25.0,,Angiotensin-II Receptor Antagonists,False,False
13447911000001109,Cozaar,Cozaar-Comp 100/25 tablets (Waymade Healthcare Plc) 28 tablet (product),Losartan Potassium,25.0,,Angiotensin-II Receptor Antagonists,False,False
16522611000001103,Cozaar,Cozaar-Comp 100mg/12.5mg tablets (Mawdsley-Brooks & Company Ltd) (product),Losartan Potassium,,100 mg,Angiotensin-II Receptor Antagonists,False,False
16522811000001104,Cozaar,Cozaar-Comp 100mg/12.5mg tablets (Mawdsley-Brooks & Company Ltd) 28 tablet (product),Losartan Potassium,28.0,100 mg,Angiotensin-II Receptor Antagonists,False,False
13094111000001102,Cozaar,Cozaar-Comp 100mg/12.5mg tablets (Merck Sharp & Dohme Ltd) (product),Losartan Potassium,,100 mg,Angiotensin-II Receptor Antagonists,False,False
13094211000001108,Cozaar,Cozaar-Comp 100mg/12.5mg tablets (Merck Sharp & Dohme Ltd) 28 tablet 2 x 14 tablets (product),Losartan Potassium,28.0,100 mg,Angiotensin-II Receptor Antagonists,False,False
9808601000001102,Cozaar,COZAAR-COMP 100mg/12.5mg tablets (product),Losartan Potassium,,100 mg,Angiotensin-II Receptor Antagonists,False,False
8732701000001102,Cozaar,Cozaar-Comp 100mg/25mg tablet (product),Losartan Potassium,,100 mg,Angiotensin-II Receptor Antagonists,False,False
19541711000001106,Cozaar,Cozaar-Comp 100mg/25mg tablets (Doncaster Pharmaceuticals Ltd) (product),Losartan Potassium,,100 mg,Angiotensin-II Receptor Antagonists,False,False
19541811000001103,Cozaar,Cozaar-Comp 100mg/25mg tablets (Doncaster Pharmaceuticals Ltd) 28 tablet (product),Losartan Potassium,28.0,100 mg,Angiotensin-II Receptor Antagonists,False,False
18054811000001103,Cozaar,Cozaar-Comp 100mg/25mg tablets (Lexon (UK) Ltd) (product),Losartan Potassium,,100 mg,Angiotensin-II Receptor Antagonists,False,False
18054911000001108,Cozaar,Cozaar-Comp 100mg/25mg tablets (Lexon (UK) Ltd) 28 tablet (product),Losartan Potassium,28.0,100 mg,Angiotensin-II Receptor Antagonists,False,False
2962901000001107,Cozaar,Cozaar-Comp 50mg/12.5mg tablet,Losartan Potassium,,50 mg,Angiotensin-II Receptor Antagonists,False,False
19541911000001108,Cozaar,Cozaar-Comp 50mg/12.5mg tablets (Doncaster Pharmaceuticals Ltd) (product),Losartan Potassium,,50 mg,Angiotensin-II Receptor Antagonists,False,False
19542011000001101,Cozaar,Cozaar-Comp 50mg/12.5mg tablets (Doncaster Pharmaceuticals Ltd) 28 tablet (product),Losartan Potassium,28.0,50 mg,Angiotensin-II Receptor Antagonists,False,False
18055011000001108,Cozaar,Cozaar-Comp 50mg/12.5mg tablets (Lexon (UK) Ltd) (product),Losartan Potassium,,50 mg,Angiotensin-II Receptor Antagonists,False,False
18055111000001109,Cozaar,Cozaar-Comp 50mg/12.5mg tablets (Lexon (UK) Ltd) 28 tablet (product),Losartan Potassium,28.0,50 mg,Angiotensin-II Receptor Antagonists,False,False
16522211000001100,Cozaar,Cozaar-Comp 50mg/12.5mg tablets (Mawdsley-Brooks & Company Ltd) (product),Losartan Potassium,,50 mg,Angiotensin-II Receptor Antagonists,False,False
16522411000001101,Cozaar,Cozaar-Comp 50mg/12.5mg tablets (Mawdsley-Brooks & Company Ltd) 28 tablet (product),Losartan Potassium,28.0,50 mg,Angiotensin-II Receptor Antagonists,False,False
255911000001105,Cozaar,Cozaar-Comp 50mg/12.5mg tablets (Merck Sharp & Dohme Ltd) (product),Losartan Potassium,,50 mg,Angiotensin-II Receptor Antagonists,False,False
1400411000001100,Cozaar,Cozaar-Comp 50mg/12.5mg tablets (Merck Sharp & Dohme Ltd) 28 tablet 4 x 7 tablets (product),Losartan Potassium,28.0,50 mg,Angiotensin-II Receptor Antagonists,False,False
18225911000001100,Cozaar,Cozaar-Comp 50mg/12.5mg tablets (Necessity Supplies Ltd) (product),Losartan Potassium,,50 mg,Angiotensin-II Receptor Antagonists,False,False
18226111000001109,Cozaar,Cozaar-Comp 50mg/12.5mg tablets (Necessity Supplies Ltd) 28 tablet (product),Losartan Potassium,28.0,50 mg,Angiotensin-II Receptor Antagonists,False,False
5539911000001100,Cozaar,Cozaar-Comp 50mg/12.5mg tablets (PI) (Dowelhurst Ltd) (product),Losartan Potassium,,50 mg,Angiotensin-II Receptor Antagonists,False,False
5540211000001101,Cozaar,Cozaar-Comp 50mg/12.5mg tablets (PI) (Dowelhurst Ltd) 28 tablet 2 x 14 tablets (product),Losartan Potassium,28.0,50 mg,Angiotensin-II Receptor Antagonists,False,False
5358211000001102,Cozaar,Cozaar-Comp 50mg/12.5mg tablets (PI) (Waymade Ltd) (product),Losartan Potassium,,50 mg,Angiotensin-II Receptor Antagonists,False,False
5358311000001105,Cozaar,Cozaar-Comp 50mg/12.5mg tablets (PI) (Waymade Ltd) 28 tablet 4 x 7 tablets (product),Losartan Potassium,28.0,50 mg,Angiotensin-II Receptor Antagonists,False,False
14210911000001101,Cozaar,Cozaar-Comp 50mg/12.5mg tablets (Sigma Pharmaceuticals Plc) (product),Losartan Potassium,,50 mg,Angiotensin-II Receptor Antagonists,False,False
14211011000001109,Cozaar,Cozaar-Comp 50mg/12.5mg tablets (Sigma Pharmaceuticals Plc) 28 tablet (product),Losartan Potassium,28.0,50 mg,Angiotensin-II Receptor Antagonists,False,False
9248401000001101,Cozaar,Cozaar (product),Losartan Potassium,,,Angiotensin-II Receptor Antagonists,False,False
2612201000001102,Cozaar,Cozaar (qualifier value),Losartan Potassium,,,Angiotensin-II Receptor Antagonists,False,False
9433301000001102,Cozaar,Cozaar (qualifier value),Losartan Potassium,,,Angiotensin-II Receptor Antagonists,False,False
4062801000001101,Cozaar,Cozaar 100mg tablet,Losartan Potassium,,100 mg,Angiotensin-II Receptor Antagonists,False,False
13857011000001101,Cozaar,Cozaar 100mg tablets (Doncaster Pharmaceuticals Ltd) (product),Losartan Potassium,,100 mg,Angiotensin-II Receptor Antagonists,False,False
13857111000001100,Cozaar,Cozaar 100mg tablets (Doncaster Pharmaceuticals Ltd) 28 tablet (product),Losartan Potassium,28.0,100 mg,Angiotensin-II Receptor Antagonists,False,False
19870011000001102,Cozaar,Cozaar 100mg tablets (Lexon (UK) Ltd) (product),Losartan Potassium,,100 mg,Angiotensin-II Receptor Antagonists,False,False
19870111000001101,Cozaar,Cozaar 100mg tablets (Lexon (UK) Ltd) 28 tablet (product),Losartan Potassium,28.0,100 mg,Angiotensin-II Receptor Antagonists,False,False
16523611000001108,Cozaar,Cozaar 100mg tablets (Mawdsley-Brooks & Company Ltd) (product),Losartan Potassium,,100 mg,Angiotensin-II Receptor Antagonists,False,False
16523711000001104,Cozaar,Cozaar 100mg tablets (Mawdsley-Brooks & Company Ltd) 28 tablet (product),Losartan Potassium,28.0,100 mg,Angiotensin-II Receptor Antagonists,False,False
245811000001102,Cozaar,Cozaar 100mg tablets (Merck Sharp & Dohme Ltd) (product),Losartan Potassium,,100 mg,Angiotensin-II Receptor Antagonists,False,False
1358311000001106,Cozaar,Cozaar 100mg tablets (Merck Sharp & Dohme Ltd) 28 tablet 2 x 14 tablets (product),Losartan Potassium,28.0,100 mg,Angiotensin-II Receptor Antagonists,False,False
18226311000001106,Cozaar,Cozaar 100mg tablets (Necessity Supplies Ltd) (product),Losartan Potassium,,100 mg,Angiotensin-II Receptor Antagonists,False,False
18226611000001101,Cozaar,Cozaar 100mg tablets (Necessity Supplies Ltd) 28 tablet (product),Losartan Potassium,28.0,100 mg,Angiotensin-II Receptor Antagonists,False,False
10512611000001102,Cozaar,Cozaar 100mg tablets (PI) (Waymade Ltd) (product),Losartan Potassium,,100 mg,Angiotensin-II Receptor Antagonists,False,False
10512711000001106,Cozaar,Cozaar 100mg tablets (PI) (Waymade Ltd) 28 tablet (product),Losartan Potassium,28.0,100 mg,Angiotensin-II Receptor Antagonists,False,False
14209911000001105,Cozaar,Cozaar 100mg tablets (Sigma Pharmaceuticals Plc) (product),Losartan Potassium,,100 mg,Angiotensin-II Receptor Antagonists,False,False
14210011000001100,Cozaar,Cozaar 100mg tablets (Sigma Pharmaceuticals Plc) 28 tablet (product),Losartan Potassium,28.0,100 mg,Angiotensin-II Receptor Antagonists,False,False
15138911000001101,Cozaar,Cozaar 12.5mg tablets (Merck Sharp & Dohme Ltd) (product),Losartan Potassium,,12.5 mg,Angiotensin-II Receptor Antagonists,False,False
15139111000001106,Cozaar,Cozaar 12.5mg tablets (Merck Sharp & Dohme Ltd) 28 tablet 2 x 14 tablets (product),Losartan Potassium,28.0,12.5 mg,Angiotensin-II Receptor Antagonists,False,False
10113401000001103,Cozaar,COZAAR 12.5mg tablets (product),Losartan Potassium,,12.5 mg,Angiotensin-II Receptor Antagonists,False,False
15506811000001105,Cozaar,Cozaar 2.5 mg/ml oral suspension (Merck Sharp & Dohme Ltd) (product),Losartan Potassium,,5 mg/mL,Angiotensin-II Receptor Antagonists,False,False
15506911000001100,Cozaar,Cozaar 2.5 mg/ml oral suspension (Merck Sharp & Dohme Ltd) 200 ml (product),Losartan Potassium,,5 mg/mL,Angiotensin-II Receptor Antagonists,False,False
10381701000001102,Cozaar,COZAAR 2.5mg/mL oral suspension,Losartan Potassium,,5 mg/mL,Angiotensin-II Receptor Antagonists,False,False
2405501000001105,Cozaar,Cozaar 25mg tablet,Losartan Potassium,,25 mg,Angiotensin-II Receptor Antagonists,False,False
266511000001104,Cozaar,Cozaar 25mg tablets (Merck Sharp & Dohme Ltd) (product),Losartan Potassium,,25 mg,Angiotensin-II Receptor Antagonists,False,False
9415211000001102,Cozaar,Cozaar 25mg tablets (Merck Sharp & Dohme Ltd) 28 tablet 2 x 14 tablets (product),Losartan Potassium,28.0,25 mg,Angiotensin-II Receptor Antagonists,False,False
1358711000001105,Cozaar,Cozaar 25mg tablets (Merck Sharp & Dohme Ltd) 7 tablet (product),Losartan Potassium,7.0,25 mg,Angiotensin-II Receptor Antagonists,False,False
2405601000001109,Cozaar,Cozaar 50mg tablet,Losartan Potassium,,50 mg,Angiotensin-II Receptor Antagonists,False,False
13856811000001105,Cozaar,Cozaar 50mg tablets (Doncaster Pharmaceuticals Ltd) (product),Losartan Potassium,,50 mg,Angiotensin-II Receptor Antagonists,False,False
13856911000001100,Cozaar,Cozaar 50mg tablets (Doncaster Pharmaceuticals Ltd) 28 tablet (product),Losartan Potassium,28.0,50 mg,Angiotensin-II Receptor Antagonists,False,False
13109211000001100,Cozaar,Cozaar 50mg tablets (Dowelhurst Ltd) 56 tablet (product),Losartan Potassium,56.0,50 mg,Angiotensin-II Receptor Antagonists,False,False
18054611000001102,Cozaar,Cozaar 50mg tablets (Lexon (UK) Ltd) (product),Losartan Potassium,,50 mg,Angiotensin-II Receptor Antagonists,False,False
18054711000001106,Cozaar,Cozaar 50mg tablets (Lexon (UK) Ltd) 28 tablet (product),Losartan Potassium,28.0,50 mg,Angiotensin-II Receptor Antagonists,False,False
16523311000001103,Cozaar,Cozaar 50mg tablets (Mawdsley-Brooks & Company Ltd) (product),Losartan Potassium,,50 mg,Angiotensin-II Receptor Antagonists,False,False
16523411000001105,Cozaar,Cozaar 50mg tablets (Mawdsley-Brooks & Company Ltd) 28 tablet (product),Losartan Potassium,28.0,50 mg,Angiotensin-II Receptor Antagonists,False,False
53611000001106,Cozaar,Cozaar 50mg tablets (Merck Sharp & Dohme Ltd) (product),Losartan Potassium,,50 mg,Angiotensin-II Receptor Antagonists,False,False
1358411000001104,Cozaar,Cozaar 50mg tablets (Merck Sharp & Dohme Ltd) 28 tablet 2 x 14 tablets (product),Losartan Potassium,28.0,50 mg,Angiotensin-II Receptor Antagonists,False,False
18226711000001105,Cozaar,Cozaar 50mg tablets (Necessity Supplies Ltd) (product),Losartan Potassium,,50 mg,Angiotensin-II Receptor Antagonists,False,False
18226811000001102,Cozaar,Cozaar 50mg tablets (Necessity Supplies Ltd) 28 tablet (product),Losartan Potassium,28.0,50 mg,Angiotensin-II Receptor Antagonists,False,False
18227011000001106,Cozaar,Cozaar 50mg tablets (Necessity Supplies Ltd) 30 tablet (product),Losartan Potassium,30.0,50 mg,Angiotensin-II Receptor Antagonists,False,False
5536911000001109,Cozaar,Cozaar 50mg tablets (PI) (Dowelhurst Ltd) (product),Losartan Potassium,,50 mg,Angiotensin-II Receptor Antagonists,False,False
5538011000001109,Cozaar,Cozaar 50mg tablets (PI) (Dowelhurst Ltd) 10 tablet (product),Losartan Potassium,10.0,50 mg,Angiotensin-II Receptor Antagonists,False,False
5537211000001103,Cozaar,Cozaar 50mg tablets (PI) (Dowelhurst Ltd) 28 tablet 2 x 14 tablets (product),Losartan Potassium,28.0,50 mg,Angiotensin-II Receptor Antagonists,False,False
5537511000001100,Cozaar,Cozaar 50mg tablets (PI) (Dowelhurst Ltd) 28 tablet 2 x 14 tablets (product),Losartan Potassium,28.0,50 mg,Angiotensin-II Receptor Antagonists,False,False
5537811000001102,Cozaar,Cozaar 50mg tablets (PI) (Dowelhurst Ltd) 30 tablet 3 x 10 tablets (product),Losartan Potassium,30.0,50 mg,Angiotensin-II Receptor Antagonists,False,False
5354011000001103,Cozaar,Cozaar 50mg tablets (PI) (Waymade Ltd) (product),Losartan Potassium,,50 mg,Angiotensin-II Receptor Antagonists,False,False
5354211000001108,Cozaar,Cozaar 50mg tablets (PI) (Waymade Ltd) 28 tablet 2 x 14 tablets (product),Losartan Potassium,28.0,50 mg,Angiotensin-II Receptor Antagonists,False,False
14211111000001105,Cozaar,Cozaar 50mg tablets (Sigma Pharmaceuticals Plc) (product),Losartan Potassium,,50 mg,Angiotensin-II Receptor Antagonists,False,False
14211211000001104,Cozaar,Cozaar 50mg tablets (Sigma Pharmaceuticals Plc) 28 tablet (product),Losartan Potassium,28.0,50 mg,Angiotensin-II Receptor Antagonists,False,False
3228601000001104,Cozaar,Cozaar Half Strength (qualifier value),Losartan Potassium,,,Angiotensin-II Receptor Antagonists,False,False
1097001000001101,Decaserpyl,Decaserpyl 10mg tablet,Reserpine And Rauwolfia Alkaloids,,10 mg,Centrally-Acting Antihypertensive Drugs,False,False
859601000001105,Decaserpyl,Decaserpyl 5mg tablet,Reserpine And Rauwolfia Alkaloids,,5 mg,Centrally-Acting Antihypertensive Drugs,False,False
1928101000001104,Decaserpyl,Decaserpyl Plus tablet,Reserpine And Rauwolfia Alkaloids,,,Centrally-Acting Antihypertensive Drugs,False,False
2615601000001105,Declinax,Declinax (qualifier value),Debrisoquine Sulfate,,,Adrenergic Neurone Blocking Drugs,False,False
77501000001101,Declinax,Declinax 10mg tablet,Debrisoquine Sulfate,,10 mg,Adrenergic Neurone Blocking Drugs,False,False
1928701000001103,Declinax,Declinax 20mg tablet,Debrisoquine Sulfate,,20 mg,Adrenergic Neurone Blocking Drugs,False,False
2738501000001101,Demser,Demser (qualifier value),Metirosine,,,Alpha-Adrenoceptor Blocking Drugs,False,False
239401000001102,Demser,Demser 250mg capsule,Metirosine,,250 mg,Alpha-Adrenoceptor Blocking Drugs,False,False
19932211000001104,Demser,Demser 250mg capsules (Imported (United States)) (product),Metirosine,,250 mg,Alpha-Adrenoceptor Blocking Drugs,False,False
19932311000001107,Demser,Demser 250mg capsules (Imported (United States)) 100 capsule (product),Metirosine,,250 mg,Alpha-Adrenoceptor Blocking Drugs,False,False
3974111000001104,Diazoxide,Diazoxide (substance),Diazoxide,,,Vasodilator Antihypertensive Drugs,False,False
27888111000001100,Diazoxide,Diazoxide 100mg capsules (product),Diazoxide,,100 mg,Vasodilator Antihypertensive Drugs,False,False
27848411000001100,Diazoxide,Diazoxide 100mg capsules (Special Order) (product),Diazoxide,,100 mg,Vasodilator Antihypertensive Drugs,False,False
27848611000001102,Diazoxide,Diazoxide 100mg capsules (Special Order) 1 capsule (product),Diazoxide,,100 mg,Vasodilator Antihypertensive Drugs,False,False
27848311000001107,Diazoxide,Diazoxide 100mg capsules 1 capsule (product),Diazoxide,,100 mg,Vasodilator Antihypertensive Drugs,False,False
8452611000001103,Diazoxide,Diazoxide 100mg/5ml oral solution (product),Diazoxide,,100 mg/5 ml,Vasodilator Antihypertensive Drugs,False,False
8436011000001108,Diazoxide,Diazoxide 100mg/5ml oral solution (Special Order) (product),Diazoxide,,100 mg/5 ml,Vasodilator Antihypertensive Drugs,False,False
8436111000001109,Diazoxide,Diazoxide 100mg/5ml oral solution (Special Order) 1 ml (product),Diazoxide,,100 mg/5 ml,Vasodilator Antihypertensive Drugs,False,False
8435711000001102,Diazoxide,Diazoxide 100mg/5ml oral solution 1 ml (product),Diazoxide,,100 mg/5 ml,Vasodilator Antihypertensive Drugs,False,False
8452711000001107,Diazoxide,Diazoxide 100mg/5ml oral suspension (product),Diazoxide,,100 mg/5 ml,Vasodilator Antihypertensive Drugs,False,False
8437011000001106,Diazoxide,Diazoxide 100mg/5ml oral suspension (Special Order) (product),Diazoxide,,100 mg/5 ml,Vasodilator Antihypertensive Drugs,False,False
8437211000001101,Diazoxide,Diazoxide 100mg/5ml oral suspension (Special Order) 1 ml (product),Diazoxide,,100 mg/5 ml,Vasodilator Antihypertensive Drugs,False,False
8436611000001101,Diazoxide,Diazoxide 100mg/5ml oral suspension 1 ml (product),Diazoxide,,100 mg/5 ml,Vasodilator Antihypertensive Drugs,False,False
8452811000001104,Diazoxide,Diazoxide 10mg/5ml oral solution (product),Diazoxide,,10 mg/5 ml,Vasodilator Antihypertensive Drugs,False,False
8434711000001101,Diazoxide,Diazoxide 10mg/5ml oral solution (Special Order) (product),Diazoxide,,10 mg/5 ml,Vasodilator Antihypertensive Drugs,False,False
8435111000001103,Diazoxide,Diazoxide 10mg/5ml oral solution (Special Order) 1 ml (product),Diazoxide,,10 mg/5 ml,Vasodilator Antihypertensive Drugs,False,False
8434511000001106,Diazoxide,Diazoxide 10mg/5ml oral solution 1 ml (product),Diazoxide,,10 mg/5 ml,Vasodilator Antihypertensive Drugs,False,False
8452911000001109,Diazoxide,Diazoxide 10mg/5ml oral suspension (product),Diazoxide,,10 mg/5 ml,Vasodilator Antihypertensive Drugs,False,False
8435411000001108,Diazoxide,Diazoxide 10mg/5ml oral suspension (Special Order) (product),Diazoxide,,10 mg/5 ml,Vasodilator Antihypertensive Drugs,False,False
8435511000001107,Diazoxide,Diazoxide 10mg/5ml oral suspension (Special Order) 1 ml (product),Diazoxide,,10 mg/5 ml,Vasodilator Antihypertensive Drugs,False,False
8435211000001109,Diazoxide,Diazoxide 10mg/5ml oral suspension 1 ml (product),Diazoxide,,10 mg/5 ml,Vasodilator Antihypertensive Drugs,False,False
11652211000001107,Diazoxide,Diazoxide 12.5mg/5ml oral solution (product),Diazoxide,,5 mg/5 ml,Vasodilator Antihypertensive Drugs,False,False
11638011000001100,Diazoxide,Diazoxide 12.5mg/5ml oral solution (Special Order) (product),Diazoxide,,5 mg/5 ml,Vasodilator Antihypertensive Drugs,False,False
11638211000001105,Diazoxide,Diazoxide 12.5mg/5ml oral solution (Special Order) 1 ml (product),Diazoxide,,5 mg/5 ml,Vasodilator Antihypertensive Drugs,False,False
11637811000001107,Diazoxide,Diazoxide 12.5mg/5ml oral solution 1 ml (product),Diazoxide,,5 mg/5 ml,Vasodilator Antihypertensive Drugs,False,False
11652011000001102,Diazoxide,Diazoxide 12.5mg/5ml oral suspension (product),Diazoxide,,5 mg/5 ml,Vasodilator Antihypertensive Drugs,False,False
11637311000001103,Diazoxide,Diazoxide 12.5mg/5ml oral suspension (Special Order) (product),Diazoxide,,5 mg/5 ml,Vasodilator Antihypertensive Drugs,False,False
11637411000001105,Diazoxide,Diazoxide 12.5mg/5ml oral suspension (Special Order) 1 ml (product),Diazoxide,,5 mg/5 ml,Vasodilator Antihypertensive Drugs,False,False
11637211000001106,Diazoxide,Diazoxide 12.5mg/5ml oral suspension 1 ml (product),Diazoxide,,5 mg/5 ml,Vasodilator Antihypertensive Drugs,False,False
11652911000001103,Diazoxide,Diazoxide 125mg/5ml oral solution (product),Diazoxide,,125 mg/5 ml,Vasodilator Antihypertensive Drugs,False,False
11639111000001106,Diazoxide,Diazoxide 125mg/5ml oral solution (Special Order) (product),Diazoxide,,125 mg/5 ml,Vasodilator Antihypertensive Drugs,False,False
11639211000001100,Diazoxide,Diazoxide 125mg/5ml oral solution (Special Order) 1 ml (product),Diazoxide,,125 mg/5 ml,Vasodilator Antihypertensive Drugs,False,False
11639011000001105,Diazoxide,Diazoxide 125mg/5ml oral solution 1 ml (product),Diazoxide,,125 mg/5 ml,Vasodilator Antihypertensive Drugs,False,False
11653011000001106,Diazoxide,Diazoxide 125mg/5ml oral suspension (product),Diazoxide,,125 mg/5 ml,Vasodilator Antihypertensive Drugs,False,False
11638511000001108,Diazoxide,Diazoxide 125mg/5ml oral suspension (Special Order) (product),Diazoxide,,125 mg/5 ml,Vasodilator Antihypertensive Drugs,False,False
11638611000001107,Diazoxide,Diazoxide 125mg/5ml oral suspension (Special Order) 1 ml (product),Diazoxide,,125 mg/5 ml,Vasodilator Antihypertensive Drugs,False,False
11638411000001109,Diazoxide,Diazoxide 125mg/5ml oral suspension 1 ml (product),Diazoxide,,125 mg/5 ml,Vasodilator Antihypertensive Drugs,False,False
11653111000001107,Diazoxide,Diazoxide 13mg/5ml oral solution (product),Diazoxide,,13 mg/5 ml,Vasodilator Antihypertensive Drugs,False,False
11640011000001103,Diazoxide,Diazoxide 13mg/5ml oral solution (Special Order) (product),Diazoxide,,13 mg/5 ml,Vasodilator Antihypertensive Drugs,False,False
11640111000001102,Diazoxide,Diazoxide 13mg/5ml oral solution (Special Order) 1 ml (product),Diazoxide,,13 mg/5 ml,Vasodilator Antihypertensive Drugs,False,False
11639911000001109,Diazoxide,Diazoxide 13mg/5ml oral solution 1 ml (product),Diazoxide,,13 mg/5 ml,Vasodilator Antihypertensive Drugs,False,False
11653211000001101,Diazoxide,Diazoxide 13mg/5ml oral suspension (product),Diazoxide,,13 mg/5 ml,Vasodilator Antihypertensive Drugs,False,False
11639711000001107,Diazoxide,Diazoxide 13mg/5ml oral suspension (Special Order) (product),Diazoxide,,13 mg/5 ml,Vasodilator Antihypertensive Drugs,False,False
11639811000001104,Diazoxide,Diazoxide 13mg/5ml oral suspension (Special Order) 1 ml (product),Diazoxide,,13 mg/5 ml,Vasodilator Antihypertensive Drugs,False,False
11639411000001101,Diazoxide,Diazoxide 13mg/5ml oral suspension 1 ml (product),Diazoxide,,13 mg/5 ml,Vasodilator Antihypertensive Drugs,False,False
11653311000001109,Diazoxide,Diazoxide 150mg/5ml oral solution (product),Diazoxide,,150 mg/5 ml,Vasodilator Antihypertensive Drugs,False,False
11640611000001105,Diazoxide,Diazoxide 150mg/5ml oral solution (Special Order) (product),Diazoxide,,150 mg/5 ml,Vasodilator Antihypertensive Drugs,False,False
11640711000001101,Diazoxide,Diazoxide 150mg/5ml oral solution (Special Order) 1 ml (product),Diazoxide,,150 mg/5 ml,Vasodilator Antihypertensive Drugs,False,False
11640511000001106,Diazoxide,Diazoxide 150mg/5ml oral solution 1 ml (product),Diazoxide,,150 mg/5 ml,Vasodilator Antihypertensive Drugs,False,False
11653411000001102,Diazoxide,Diazoxide 150mg/5ml oral suspension (product),Diazoxide,,150 mg/5 ml,Vasodilator Antihypertensive Drugs,False,False
11640311000001100,Diazoxide,Diazoxide 150mg/5ml oral suspension (Special Order) (product),Diazoxide,,150 mg/5 ml,Vasodilator Antihypertensive Drugs,False,False
11640411000001107,Diazoxide,Diazoxide 150mg/5ml oral suspension (Special Order) 1 ml (product),Diazoxide,,150 mg/5 ml,Vasodilator Antihypertensive Drugs,False,False
11640211000001108,Diazoxide,Diazoxide 150mg/5ml oral suspension 1 ml (product),Diazoxide,,150 mg/5 ml,Vasodilator Antihypertensive Drugs,False,False
11653511000001103,Diazoxide,Diazoxide 15mg/5ml oral solution (product),Diazoxide,,15 mg/5 ml,Vasodilator Antihypertensive Drugs,False,False
11641511000001104,Diazoxide,Diazoxide 15mg/5ml oral solution (Special Order) (product),Diazoxide,,15 mg/5 ml,Vasodilator Antihypertensive Drugs,False,False
11641611000001100,Diazoxide,Diazoxide 15mg/5ml oral solution (Special Order) 1 ml (product),Diazoxide,,15 mg/5 ml,Vasodilator Antihypertensive Drugs,False,False
11641311000001105,Diazoxide,Diazoxide 15mg/5ml oral solution 1 ml (product),Diazoxide,,15 mg/5 ml,Vasodilator Antihypertensive Drugs,False,False
11653611000001104,Diazoxide,Diazoxide 15mg/5ml oral suspension (product),Diazoxide,,15 mg/5 ml,Vasodilator Antihypertensive Drugs,False,False
11640911000001104,Diazoxide,Diazoxide 15mg/5ml oral suspension (Special Order) (product),Diazoxide,,15 mg/5 ml,Vasodilator Antihypertensive Drugs,False,False
11641011000001107,Diazoxide,Diazoxide 15mg/5ml oral suspension (Special Order) 1 ml (product),Diazoxide,,15 mg/5 ml,Vasodilator Antihypertensive Drugs,False,False
11640811000001109,Diazoxide,Diazoxide 15mg/5ml oral suspension 1 ml (product),Diazoxide,,15 mg/5 ml,Vasodilator Antihypertensive Drugs,False,False
11653711000001108,Diazoxide,Diazoxide 17.4mg/5ml oral solution (product),Diazoxide,,4 mg/5 ml,Vasodilator Antihypertensive Drugs,False,False
11642811000001105,Diazoxide,Diazoxide 17.4mg/5ml oral solution (Special Order) (product),Diazoxide,,4 mg/5 ml,Vasodilator Antihypertensive Drugs,False,False
11643011000001108,Diazoxide,Diazoxide 17.4mg/5ml oral solution (Special Order) 1 ml (product),Diazoxide,,4 mg/5 ml,Vasodilator Antihypertensive Drugs,False,False
11642611000001106,Diazoxide,Diazoxide 17.4mg/5ml oral solution 1 ml (product),Diazoxide,,4 mg/5 ml,Vasodilator Antihypertensive Drugs,False,False
11653811000001100,Diazoxide,Diazoxide 17.4mg/5ml oral suspension (product),Diazoxide,,4 mg/5 ml,Vasodilator Antihypertensive Drugs,False,False
11642411000001108,Diazoxide,Diazoxide 17.4mg/5ml oral suspension (Special Order) (product),Diazoxide,,4 mg/5 ml,Vasodilator Antihypertensive Drugs,False,False
11642511000001107,Diazoxide,Diazoxide 17.4mg/5ml oral suspension (Special Order) 1 ml (product),Diazoxide,,4 mg/5 ml,Vasodilator Antihypertensive Drugs,False,False
11642211000001109,Diazoxide,Diazoxide 17.4mg/5ml oral suspension 1 ml (product),Diazoxide,,4 mg/5 ml,Vasodilator Antihypertensive Drugs,False,False
8453011000001101,Diazoxide,Diazoxide 200mg/5ml oral solution (product),Diazoxide,,200 mg/5 ml,Vasodilator Antihypertensive Drugs,False,False
8437611000001104,Diazoxide,Diazoxide 200mg/5ml oral solution (Special Order) (product),Diazoxide,,200 mg/5 ml,Vasodilator Antihypertensive Drugs,False,False
8437811000001100,Diazoxide,Diazoxide 200mg/5ml oral solution (Special Order) 1 ml (product),Diazoxide,,200 mg/5 ml,Vasodilator Antihypertensive Drugs,False,False
8437411000001102,Diazoxide,Diazoxide 200mg/5ml oral solution 1 ml (product),Diazoxide,,200 mg/5 ml,Vasodilator Antihypertensive Drugs,False,False
8453111000001100,Diazoxide,Diazoxide 200mg/5ml oral suspension (product),Diazoxide,,200 mg/5 ml,Vasodilator Antihypertensive Drugs,False,False
8438011000001107,Diazoxide,Diazoxide 200mg/5ml oral suspension (Special Order) (product),Diazoxide,,200 mg/5 ml,Vasodilator Antihypertensive Drugs,False,False
8438111000001108,Diazoxide,Diazoxide 200mg/5ml oral suspension (Special Order) 1 ml (product),Diazoxide,,200 mg/5 ml,Vasodilator Antihypertensive Drugs,False,False
8437911000001105,Diazoxide,Diazoxide 200mg/5ml oral suspension 1 ml (product),Diazoxide,,200 mg/5 ml,Vasodilator Antihypertensive Drugs,False,False
11653911000001105,Diazoxide,Diazoxide 20mg/5ml oral solution (product),Diazoxide,,20 mg/5 ml,Vasodilator Antihypertensive Drugs,False,False
11643911000001107,Diazoxide,Diazoxide 20mg/5ml oral solution (Special Order) (product),Diazoxide,,20 mg/5 ml,Vasodilator Antihypertensive Drugs,False,False
11644011000001105,Diazoxide,Diazoxide 20mg/5ml oral solution (Special Order) 1 ml (product),Diazoxide,,20 mg/5 ml,Vasodilator Antihypertensive Drugs,False,False
11643711000001105,Diazoxide,Diazoxide 20mg/5ml oral solution 1 ml (product),Diazoxide,,20 mg/5 ml,Vasodilator Antihypertensive Drugs,False,False
11654011000001108,Diazoxide,Diazoxide 20mg/5ml oral suspension (product),Diazoxide,,20 mg/5 ml,Vasodilator Antihypertensive Drugs,False,False
11643311000001106,Diazoxide,Diazoxide 20mg/5ml oral suspension (Special Order) (product),Diazoxide,,20 mg/5 ml,Vasodilator Antihypertensive Drugs,False,False
11643411000001104,Diazoxide,Diazoxide 20mg/5ml oral suspension (Special Order) 1 ml (product),Diazoxide,,20 mg/5 ml,Vasodilator Antihypertensive Drugs,False,False
11643211000001103,Diazoxide,Diazoxide 20mg/5ml oral suspension 1 ml (product),Diazoxide,,20 mg/5 ml,Vasodilator Antihypertensive Drugs,False,False
11654111000001109,Diazoxide,Diazoxide 24mg/5ml oral solution (product),Diazoxide,,24 mg/5 ml,Vasodilator Antihypertensive Drugs,False,False
11644811000001104,Diazoxide,Diazoxide 24mg/5ml oral solution (Special Order) (product),Diazoxide,,24 mg/5 ml,Vasodilator Antihypertensive Drugs,False,False
11644911000001109,Diazoxide,Diazoxide 24mg/5ml oral solution (Special Order) 1 ml (product),Diazoxide,,24 mg/5 ml,Vasodilator Antihypertensive Drugs,False,False
11644711000001107,Diazoxide,Diazoxide 24mg/5ml oral solution 1 ml (product),Diazoxide,,24 mg/5 ml,Vasodilator Antihypertensive Drugs,False,False
11654211000001103,Diazoxide,Diazoxide 24mg/5ml oral suspension (product),Diazoxide,,24 mg/5 ml,Vasodilator Antihypertensive Drugs,False,False
11644511000001102,Diazoxide,Diazoxide 24mg/5ml oral suspension (Special Order) (product),Diazoxide,,24 mg/5 ml,Vasodilator Antihypertensive Drugs,False,False
11644611000001103,Diazoxide,Diazoxide 24mg/5ml oral suspension (Special Order) 1 ml (product),Diazoxide,,24 mg/5 ml,Vasodilator Antihypertensive Drugs,False,False
11644411000001101,Diazoxide,Diazoxide 24mg/5ml oral suspension 1 ml (product),Diazoxide,,24 mg/5 ml,Vasodilator Antihypertensive Drugs,False,False
8453211000001106,Diazoxide,Diazoxide 250mg/5ml oral solution (product),Diazoxide,,250 mg/5 ml,Vasodilator Antihypertensive Drugs,False,False
8438911000001106,Diazoxide,Diazoxide 250mg/5ml oral solution (Special Order) (product),Diazoxide,,250 mg/5 ml,Vasodilator Antihypertensive Drugs,False,False
8439011000001102,Diazoxide,Diazoxide 250mg/5ml oral solution (Special Order) 1 ml (product),Diazoxide,,250 mg/5 ml,Vasodilator Antihypertensive Drugs,False,False
8438711000001109,Diazoxide,Diazoxide 250mg/5ml oral solution 1 ml (product),Diazoxide,,250 mg/5 ml,Vasodilator Antihypertensive Drugs,False,False
21310511000001109,Diazoxide,Diazoxide 250mg/5ml oral suspension (Drug Tariff Special Order) 30 ml (product),Diazoxide,,250 mg/5 ml,Vasodilator Antihypertensive Drugs,False,False
8453311000001103,Diazoxide,Diazoxide 250mg/5ml oral suspension (product),Diazoxide,,250 mg/5 ml,Vasodilator Antihypertensive Drugs,False,False
8439411000001106,Diazoxide,Diazoxide 250mg/5ml oral suspension (Special Order) (product),Diazoxide,,250 mg/5 ml,Vasodilator Antihypertensive Drugs,False,False
8439511000001105,Diazoxide,Diazoxide 250mg/5ml oral suspension (Special Order) 1 ml (product),Diazoxide,,250 mg/5 ml,Vasodilator Antihypertensive Drugs,False,False
8439111000001101,Diazoxide,Diazoxide 250mg/5ml oral suspension 1 ml (product),Diazoxide,,250 mg/5 ml,Vasodilator Antihypertensive Drugs,False,False
17641211000001100,Diazoxide,Diazoxide 250mg/5ml oral suspension 30 ml (product),Diazoxide,,250 mg/5 ml,Vasodilator Antihypertensive Drugs,False,False
10597211000001100,Diazoxide,Diazoxide 25mg capsules (product),Diazoxide,,25 mg,Vasodilator Antihypertensive Drugs,False,False
27874111000001103,Diazoxide,Diazoxide 25mg capsules (Special Order) (product),Diazoxide,,25 mg,Vasodilator Antihypertensive Drugs,False,False
27874211000001109,Diazoxide,Diazoxide 25mg capsules (Special Order) 1 capsule (product),Diazoxide,,25 mg,Vasodilator Antihypertensive Drugs,False,False
27873911000001102,Diazoxide,Diazoxide 25mg capsules 1 capsule (product),Diazoxide,,25 mg,Vasodilator Antihypertensive Drugs,False,False
10597311000001108,Diazoxide,Diazoxide 25mg capsules 100 capsule (product),Diazoxide,,25 mg,Vasodilator Antihypertensive Drugs,False,False
8453411000001105,Diazoxide,Diazoxide 25mg/5ml oral solution (product),Diazoxide,,25 mg/5 ml,Vasodilator Antihypertensive Drugs,False,False
8433711000001103,Diazoxide,Diazoxide 25mg/5ml oral solution (Special Order) (product),Diazoxide,,25 mg/5 ml,Vasodilator Antihypertensive Drugs,False,False
8434011000001103,Diazoxide,Diazoxide 25mg/5ml oral solution (Special Order) 1 ml (product),Diazoxide,,25 mg/5 ml,Vasodilator Antihypertensive Drugs,False,False
8433611000001107,Diazoxide,Diazoxide 25mg/5ml oral solution 1 ml (product),Diazoxide,,25 mg/5 ml,Vasodilator Antihypertensive Drugs,False,False
8453511000001109,Diazoxide,Diazoxide 25mg/5ml oral suspension (product),Diazoxide,,25 mg/5 ml,Vasodilator Antihypertensive Drugs,False,False
8434411000001107,Diazoxide,Diazoxide 25mg/5ml oral suspension (Special Order) (product),Diazoxide,,25 mg/5 ml,Vasodilator Antihypertensive Drugs,False,False
8434911000001104,Diazoxide,Diazoxide 25mg/5ml oral suspension (Special Order) 1 ml (product),Diazoxide,,25 mg/5 ml,Vasodilator Antihypertensive Drugs,False,False
8434311000001100,Diazoxide,Diazoxide 25mg/5ml oral suspension 1 ml (product),Diazoxide,,25 mg/5 ml,Vasodilator Antihypertensive Drugs,False,False
141701000001109,Diazoxide,Diazoxide 300mg/20mL injection - product,Diazoxide,,300 mg/20 ml,Vasodilator Antihypertensive Drugs,False,False
13143501000001106,Diazoxide,Diazoxide 300mg/20ml solution for injection ampoules (product),Diazoxide,,300 mg/20 ml,Vasodilator Antihypertensive Drugs,False,False
36097811000001109,Diazoxide,Diazoxide 300mg/20ml solution for injection ampoules (product),Diazoxide,,300 mg/20 ml,Vasodilator Antihypertensive Drugs,False,False
7500411000001106,Diazoxide,Diazoxide 300mg/20ml solution for injection ampoules (product),Diazoxide,,300 mg/20 ml,Vasodilator Antihypertensive Drugs,False,False
7500511000001105,Diazoxide,Diazoxide 300mg/20ml solution for injection ampoules 5 ampoule (product),Diazoxide,,300 mg/20 ml,Vasodilator Antihypertensive Drugs,False,False
11654811000001102,Diazoxide,Diazoxide 30mg/5ml oral solution (product),Diazoxide,,30 mg/5 ml,Vasodilator Antihypertensive Drugs,False,False
11646111000001104,Diazoxide,Diazoxide 30mg/5ml oral solution (Special Order) (product),Diazoxide,,30 mg/5 ml,Vasodilator Antihypertensive Drugs,False,False
11646211000001105,Diazoxide,Diazoxide 30mg/5ml oral solution (Special Order) 1 ml (product),Diazoxide,,30 mg/5 ml,Vasodilator Antihypertensive Drugs,False,False
11645911000001108,Diazoxide,Diazoxide 30mg/5ml oral solution 1 ml (product),Diazoxide,,30 mg/5 ml,Vasodilator Antihypertensive Drugs,False,False
11654311000001106,Diazoxide,Diazoxide 30mg/5ml oral suspension (product),Diazoxide,,30 mg/5 ml,Vasodilator Antihypertensive Drugs,False,False
11645511000001101,Diazoxide,Diazoxide 30mg/5ml oral suspension (Special Order) (product),Diazoxide,,30 mg/5 ml,Vasodilator Antihypertensive Drugs,False,False
11645711000001106,Diazoxide,Diazoxide 30mg/5ml oral suspension (Special Order) 1 ml (product),Diazoxide,,30 mg/5 ml,Vasodilator Antihypertensive Drugs,False,False
11645311000001107,Diazoxide,Diazoxide 30mg/5ml oral suspension 1 ml (product),Diazoxide,,30 mg/5 ml,Vasodilator Antihypertensive Drugs,False,False
11654911000001107,Diazoxide,Diazoxide 35mg/5ml oral solution (product),Diazoxide,,35 mg/5 ml,Vasodilator Antihypertensive Drugs,False,False
11647211000001107,Diazoxide,Diazoxide 35mg/5ml oral solution (Special Order) (product),Diazoxide,,35 mg/5 ml,Vasodilator Antihypertensive Drugs,False,False
11647311000001104,Diazoxide,Diazoxide 35mg/5ml oral solution (Special Order) 1 ml (product),Diazoxide,,35 mg/5 ml,Vasodilator Antihypertensive Drugs,False,False
11647111000001101,Diazoxide,Diazoxide 35mg/5ml oral solution 1 ml (product),Diazoxide,,35 mg/5 ml,Vasodilator Antihypertensive Drugs,False,False
11655011000001107,Diazoxide,Diazoxide 35mg/5ml oral suspension (product),Diazoxide,,35 mg/5 ml,Vasodilator Antihypertensive Drugs,False,False
11646711000001103,Diazoxide,Diazoxide 35mg/5ml oral suspension (Special Order) (product),Diazoxide,,35 mg/5 ml,Vasodilator Antihypertensive Drugs,False,False
11646911000001101,Diazoxide,Diazoxide 35mg/5ml oral suspension (Special Order) 1 ml (product),Diazoxide,,35 mg/5 ml,Vasodilator Antihypertensive Drugs,False,False
11646511000001108,Diazoxide,Diazoxide 35mg/5ml oral suspension 1 ml (product),Diazoxide,,35 mg/5 ml,Vasodilator Antihypertensive Drugs,False,False
520801000001101,Diazoxide,Diazoxide 50mg capsule,Diazoxide,,50 mg,Vasodilator Antihypertensive Drugs,False,False
1108501000001104,Diazoxide,Diazoxide 50mg tablet - product,Diazoxide,,50 mg,Vasodilator Antihypertensive Drugs,False,False
3965411000001103,Diazoxide,Diazoxide 50mg tablets 100 tablet (product),Diazoxide,100.0,50 mg,Vasodilator Antihypertensive Drugs,False,False
8453611000001108,Diazoxide,Diazoxide 50mg/5ml oral solution (product),Diazoxide,,50 mg/5 ml,Vasodilator Antihypertensive Drugs,False,False
8435811000001105,Diazoxide,Diazoxide 50mg/5ml oral solution (Special Order) (product),Diazoxide,,50 mg/5 ml,Vasodilator Antihypertensive Drugs,False,False
8435911000001100,Diazoxide,Diazoxide 50mg/5ml oral solution (Special Order) 1 ml (product),Diazoxide,,50 mg/5 ml,Vasodilator Antihypertensive Drugs,False,False
8435611000001106,Diazoxide,Diazoxide 50mg/5ml oral solution 1 ml (product),Diazoxide,,50 mg/5 ml,Vasodilator Antihypertensive Drugs,False,False
24433711000001100,Diazoxide,Diazoxide 50mg/5ml oral suspension (Drug Tariff Special Order) 100 ml (product),Diazoxide,,50 mg/5 ml,Vasodilator Antihypertensive Drugs,False,False
8453711000001104,Diazoxide,Diazoxide 50mg/5ml oral suspension (product),Diazoxide,,50 mg/5 ml,Vasodilator Antihypertensive Drugs,False,False
8436311000001106,Diazoxide,Diazoxide 50mg/5ml oral suspension (Special Order) (product),Diazoxide,,50 mg/5 ml,Vasodilator Antihypertensive Drugs,False,False
8436511000001100,Diazoxide,Diazoxide 50mg/5ml oral suspension (Special Order) 1 ml (product),Diazoxide,,50 mg/5 ml,Vasodilator Antihypertensive Drugs,False,False
8436211000001103,Diazoxide,Diazoxide 50mg/5ml oral suspension 1 ml (product),Diazoxide,,50 mg/5 ml,Vasodilator Antihypertensive Drugs,False,False
24433611000001109,Diazoxide,Diazoxide 50mg/5ml oral suspension 100 ml (product),Diazoxide,,50 mg/5 ml,Vasodilator Antihypertensive Drugs,False,False
32474011000001107,Diazoxide,Diazoxide 5mg/5ml oral suspension (product),Diazoxide,,5 mg/5 ml,Vasodilator Antihypertensive Drugs,False,False
32473111000001106,Diazoxide,Diazoxide 5mg/5ml oral suspension (Special Order) (product),Diazoxide,,5 mg/5 ml,Vasodilator Antihypertensive Drugs,False,False
32473211000001100,Diazoxide,Diazoxide 5mg/5ml oral suspension (Special Order) 1 ml (product),Diazoxide,,5 mg/5 ml,Vasodilator Antihypertensive Drugs,False,False
32473011000001105,Diazoxide,Diazoxide 5mg/5ml oral suspension 1 ml (product),Diazoxide,,5 mg/5 ml,Vasodilator Antihypertensive Drugs,False,False
8453811000001107,Diazoxide,Diazoxide 70mg/5ml oral solution (product),Diazoxide,,70 mg/5 ml,Vasodilator Antihypertensive Drugs,False,False
8436911000001107,Diazoxide,Diazoxide 70mg/5ml oral solution (Special Order) (product),Diazoxide,,70 mg/5 ml,Vasodilator Antihypertensive Drugs,False,False
8437111000001107,Diazoxide,Diazoxide 70mg/5ml oral solution (Special Order) 1 ml (product),Diazoxide,,70 mg/5 ml,Vasodilator Antihypertensive Drugs,False,False
8436811000001102,Diazoxide,Diazoxide 70mg/5ml oral solution 1 ml (product),Diazoxide,,70 mg/5 ml,Vasodilator Antihypertensive Drugs,False,False
8453911000001102,Diazoxide,Diazoxide 70mg/5ml oral suspension (product),Diazoxide,,70 mg/5 ml,Vasodilator Antihypertensive Drugs,False,False
8437511000001103,Diazoxide,Diazoxide 70mg/5ml oral suspension (Special Order) (product),Diazoxide,,70 mg/5 ml,Vasodilator Antihypertensive Drugs,False,False
8437711000001108,Diazoxide,Diazoxide 70mg/5ml oral suspension (Special Order) 1 ml (product),Diazoxide,,70 mg/5 ml,Vasodilator Antihypertensive Drugs,False,False
8437311000001109,Diazoxide,Diazoxide 70mg/5ml oral suspension 1 ml (product),Diazoxide,,70 mg/5 ml,Vasodilator Antihypertensive Drugs,False,False
683101000001104,Diazoxide,Diazoxide oral powder,Diazoxide,,,Vasodilator Antihypertensive Drugs,False,False
9260701000001104,Dibenyline,Dibenyline (product),Phenoxybenzamine Hydrochloride,,,Alpha-Adrenoceptor Blocking Drugs,False,False
2619301000001102,Dibenyline,Dibenyline (qualifier value),Phenoxybenzamine Hydrochloride,,,Alpha-Adrenoceptor Blocking Drugs,False,False
2469201000001109,Dibenyline,Dibenyline [cvs] 10mg capsule,Phenoxybenzamine Hydrochloride,,10 mg,Alpha-Adrenoceptor Blocking Drugs,False,False
353501000001107,Dibenyline,Dibenyline 100mg/2mL infusion concentrate,Phenoxybenzamine Hydrochloride,,100 mg/2 ml,Alpha-Adrenoceptor Blocking Drugs,False,False
590501000001108,Dibenyline,Dibenyline 10mg capsule,Phenoxybenzamine Hydrochloride,,10 mg,Alpha-Adrenoceptor Blocking Drugs,False,False
3895211000001109,Dibenyline,Dibenyline 10mg capsules (Goldshield Healthcare Ltd) (product),Phenoxybenzamine Hydrochloride,,10 mg,Alpha-Adrenoceptor Blocking Drugs,False,False
3895311000001101,Dibenyline,Dibenyline 10mg capsules (Goldshield Healthcare Ltd) 30 capsule (product),Phenoxybenzamine Hydrochloride,,10 mg,Alpha-Adrenoceptor Blocking Drugs,False,False
9263701000001109,Diovan,Diovan (product),Valsartan,,,Angiotensin-II Receptor Antagonists,False,False
3216801000001109,Diovan,Diovan (qualifier value),Valsartan,,,Angiotensin-II Receptor Antagonists,False,False
9435201000001105,Diovan,Diovan (qualifier value),Valsartan,,,Angiotensin-II Receptor Antagonists,False,False
2881601000001102,Diovan,Diovan 160mg capsule,Valsartan,,160 mg,Angiotensin-II Receptor Antagonists,False,False
13866611000001102,Diovan,Diovan 160mg capsules (Doncaster Pharmaceuticals Ltd) (product),Valsartan,,160 mg,Angiotensin-II Receptor Antagonists,False,False
13866711000001106,Diovan,Diovan 160mg capsules (Doncaster Pharmaceuticals Ltd) 28 capsule (product),Valsartan,,160 mg,Angiotensin-II Receptor Antagonists,False,False
16560611000001108,Diovan,Diovan 160mg capsules (Mawdsley-Brooks & Company Ltd) (product),Valsartan,,160 mg,Angiotensin-II Receptor Antagonists,False,False
16560811000001107,Diovan,Diovan 160mg capsules (Mawdsley-Brooks & Company Ltd) 28 capsule (product),Valsartan,,160 mg,Angiotensin-II Receptor Antagonists,False,False
18252111000001109,Diovan,Diovan 160mg capsules (Necessity Supplies Ltd) (product),Valsartan,,160 mg,Angiotensin-II Receptor Antagonists,False,False
18252211000001103,Diovan,Diovan 160mg capsules (Necessity Supplies Ltd) 28 capsule (product),Valsartan,,160 mg,Angiotensin-II Receptor Antagonists,False,False
117011000001107,Diovan,Diovan 160mg capsules (Novartis Pharmaceuticals UK Ltd) (product),Valsartan,,160 mg,Angiotensin-II Receptor Antagonists,False,False
1378411000001101,Diovan,Diovan 160mg capsules (Novartis Pharmaceuticals UK Ltd) 28 capsule 2 x 14 capsules (product),Valsartan,,160 mg,Angiotensin-II Receptor Antagonists,False,False
13146111000001109,Diovan,Diovan 160mg capsules (Novartis Pharmaceuticals UK Ltd) 98 capsule 7 x 14 capsules (product),Valsartan,,160 mg,Angiotensin-II Receptor Antagonists,False,False
5535011000001101,Diovan,Diovan 160mg capsules (PI) (Dowelhurst Ltd) (product),Valsartan,,160 mg,Angiotensin-II Receptor Antagonists,False,False
5535111000001100,Diovan,Diovan 160mg capsules (PI) (Dowelhurst Ltd) 28 capsule 2 x 14 capsules (product),Valsartan,,160 mg,Angiotensin-II Receptor Antagonists,False,False
14318711000001109,Diovan,Diovan 160mg capsules (Sigma Pharmaceuticals Plc) (product),Valsartan,,160 mg,Angiotensin-II Receptor Antagonists,False,False
14319111000001101,Diovan,Diovan 160mg capsules (Sigma Pharmaceuticals Plc) 14 capsule (product),Valsartan,,160 mg,Angiotensin-II Receptor Antagonists,False,False
17537711000001108,Diovan,Diovan 160mg capsules (Sigma Pharmaceuticals Plc) 28 capsule (product),Valsartan,,160 mg,Angiotensin-II Receptor Antagonists,False,False
13143311000001102,Diovan,Diovan 320mg tablets (Novartis Pharmaceuticals UK Ltd) (product),Valsartan,,320 mg,Angiotensin-II Receptor Antagonists,False,False
13143511000001108,Diovan,Diovan 320mg tablets (Novartis Pharmaceuticals UK Ltd) 28 tablet 2 x 14 tablets (product),Valsartan,28.0,320 mg,Angiotensin-II Receptor Antagonists,False,False
13144011000001103,Diovan,Diovan 320mg tablets (Novartis Pharmaceuticals UK Ltd) 98 tablet 7 x 14 tablets (product),Valsartan,98.0,320 mg,Angiotensin-II Receptor Antagonists,False,False
9808701000001107,Diovan,DIOVAN 320mg tablets (product),Valsartan,,320 mg,Angiotensin-II Receptor Antagonists,False,False
20001711000001102,Diovan,Diovan 3mg/1ml oral solution (Novartis Pharmaceuticals UK Ltd) (product),Valsartan,,3 mg/1 ml,Angiotensin-II Receptor Antagonists,False,False
20001811000001105,Diovan,Diovan 3mg/1ml oral solution (Novartis Pharmaceuticals UK Ltd) 160 ml (product),Valsartan,,3 mg/1 ml,Angiotensin-II Receptor Antagonists,False,False
11403601000001108,Diovan,DIOVAN 3mg/mL oral solution,Valsartan,,3 mg/mL,Angiotensin-II Receptor Antagonists,False,False
2881401000001100,Diovan,Diovan 40mg capsule,Valsartan,,40 mg,Angiotensin-II Receptor Antagonists,False,False
17502411000001106,Diovan,Diovan 40mg capsules (Mawdsley-Brooks & Company Ltd) (product),Valsartan,,40 mg,Angiotensin-II Receptor Antagonists,False,False
17502511000001105,Diovan,Diovan 40mg capsules (Mawdsley-Brooks & Company Ltd) 28 capsule (product),Valsartan,,40 mg,Angiotensin-II Receptor Antagonists,False,False
777611000001101,Diovan,Diovan 40mg capsules (Novartis Pharmaceuticals UK Ltd) (product),Valsartan,,40 mg,Angiotensin-II Receptor Antagonists,False,False
13145111000001103,Diovan,Diovan 40mg capsules (Novartis Pharmaceuticals UK Ltd) 28 capsule 2 x 14 capsules (product),Valsartan,,40 mg,Angiotensin-II Receptor Antagonists,False,False
1374611000001108,Diovan,Diovan 40mg capsules (Novartis Pharmaceuticals UK Ltd) 7 capsule (product),Valsartan,,40 mg,Angiotensin-II Receptor Antagonists,False,False
5536011000001105,Diovan,Diovan 40mg capsules (PI) (Dowelhurst Ltd) (product),Valsartan,,40 mg,Angiotensin-II Receptor Antagonists,False,False
5536111000001106,Diovan,Diovan 40mg capsules (PI) (Dowelhurst Ltd) 28 capsule 2 x 14 capsules (product),Valsartan,,40 mg,Angiotensin-II Receptor Antagonists,False,False
14318311000001105,Diovan,Diovan 40mg capsules (Sigma Pharmaceuticals Plc) (product),Valsartan,,40 mg,Angiotensin-II Receptor Antagonists,False,False
14318411000001103,Diovan,Diovan 40mg capsules (Sigma Pharmaceuticals Plc) 28 capsule (product),Valsartan,,40 mg,Angiotensin-II Receptor Antagonists,False,False
8604201000001102,Diovan,Diovan 40mg tablet (product),Valsartan,,40 mg,Angiotensin-II Receptor Antagonists,False,False
13866211000001104,Diovan,Diovan 40mg tablets (Doncaster Pharmaceuticals Ltd) (product),Valsartan,,40 mg,Angiotensin-II Receptor Antagonists,False,False
13866311000001107,Diovan,Diovan 40mg tablets (Doncaster Pharmaceuticals Ltd) 14 tablet (product),Valsartan,14.0,40 mg,Angiotensin-II Receptor Antagonists,False,False
8263211000001101,Diovan,Diovan 40mg tablets (Novartis Pharmaceuticals UK Ltd) (product),Valsartan,,40 mg,Angiotensin-II Receptor Antagonists,False,False
8263611000001104,Diovan,Diovan 40mg tablets (Novartis Pharmaceuticals UK Ltd) 7 tablet (product),Valsartan,7.0,40 mg,Angiotensin-II Receptor Antagonists,False,False
11384411000001102,Diovan,Diovan 40mg tablets (Waymade Ltd) (product),Valsartan,,40 mg,Angiotensin-II Receptor Antagonists,False,False
11384511000001103,Diovan,Diovan 40mg tablets (Waymade Ltd) 14 tablet (product),Valsartan,14.0,40 mg,Angiotensin-II Receptor Antagonists,False,False
2881501000001101,Diovan,Diovan 80mg capsule,Valsartan,,80 mg,Angiotensin-II Receptor Antagonists,False,False
13866411000001100,Diovan,Diovan 80mg capsules (Doncaster Pharmaceuticals Ltd) (product),Valsartan,,80 mg,Angiotensin-II Receptor Antagonists,False,False
13866511000001101,Diovan,Diovan 80mg capsules (Doncaster Pharmaceuticals Ltd) 28 capsule (product),Valsartan,,80 mg,Angiotensin-II Receptor Antagonists,False,False
16560211000001106,Diovan,Diovan 80mg capsules (Mawdsley-Brooks & Company Ltd) (product),Valsartan,,80 mg,Angiotensin-II Receptor Antagonists,False,False
18219111000001105,Diovan,Diovan 80mg capsules (Mawdsley-Brooks & Company Ltd) 14 capsule (product),Valsartan,,80 mg,Angiotensin-II Receptor Antagonists,False,False
16560511000001109,Diovan,Diovan 80mg capsules (Mawdsley-Brooks & Company Ltd) 28 capsule (product),Valsartan,,80 mg,Angiotensin-II Receptor Antagonists,False,False
18252311000001106,Diovan,Diovan 80mg capsules (Necessity Supplies Ltd) (product),Valsartan,,80 mg,Angiotensin-II Receptor Antagonists,False,False
18252411000001104,Diovan,Diovan 80mg capsules (Necessity Supplies Ltd) 28 capsule (product),Valsartan,,80 mg,Angiotensin-II Receptor Antagonists,False,False
554511000001105,Diovan,Diovan 80mg capsules (Novartis Pharmaceuticals UK Ltd) (product),Valsartan,,80 mg,Angiotensin-II Receptor Antagonists,False,False
1374711000001104,Diovan,Diovan 80mg capsules (Novartis Pharmaceuticals UK Ltd) 28 capsule 2 x 14 capsules (product),Valsartan,,80 mg,Angiotensin-II Receptor Antagonists,False,False
13145811000001105,Diovan,Diovan 80mg capsules (Novartis Pharmaceuticals UK Ltd) 98 capsule 7 x 14 capsules (product),Valsartan,,80 mg,Angiotensin-II Receptor Antagonists,False,False
5535611000001108,Diovan,Diovan 80mg capsules (PI) (Dowelhurst Ltd) (product),Valsartan,,80 mg,Angiotensin-II Receptor Antagonists,False,False
5535811000001107,Diovan,Diovan 80mg capsules (PI) (Dowelhurst Ltd) 28 capsule 2 x 14 capsules (product),Valsartan,,80 mg,Angiotensin-II Receptor Antagonists,False,False
5358411000001103,Diovan,Diovan 80mg capsules (PI) (Waymade Ltd) (product),Valsartan,,80 mg,Angiotensin-II Receptor Antagonists,False,False
5358511000001104,Diovan,Diovan 80mg capsules (PI) (Waymade Ltd) 28 capsule 2 x 14 tablets (product),Valsartan,14.0,80 mg,Angiotensin-II Receptor Antagonists,False,False
14319411000001106,Diovan,Diovan 80mg capsules (Sigma Pharmaceuticals Plc) (product),Valsartan,,80 mg,Angiotensin-II Receptor Antagonists,False,False
14319611000001109,Diovan,Diovan 80mg capsules (Sigma Pharmaceuticals Plc) 14 capsule (product),Valsartan,,80 mg,Angiotensin-II Receptor Antagonists,False,False
17537611000001104,Diovan,Diovan 80mg capsules (Sigma Pharmaceuticals Plc) 28 capsule (product),Valsartan,,80 mg,Angiotensin-II Receptor Antagonists,False,False
2623401000001100,Dopamet,Dopamet (qualifier value),Methyldopa,,,Centrally-Acting Antihypertensive Drugs,False,False
8801000001105,Dopamet,Dopamet 125mg tablet,Methyldopa,,125 mg,Centrally-Acting Antihypertensive Drugs,False,False
79601000001108,Dopamet,Dopamet 250mg tablet,Methyldopa,,250 mg,Centrally-Acting Antihypertensive Drugs,False,False
155801000001100,Dopamet,Dopamet 500mg tablet,Methyldopa,,500 mg,Centrally-Acting Antihypertensive Drugs,False,False
9749501000001102,Doxzogen,Doxzogen XL (product),Doxazosin Mesilate,,,Alpha-Adrenoceptor Blocking Drugs,False,False
13811611000001108,Doxzogen,Doxzogen XL 4mg tablets (Generics (UK) Ltd) (product),Doxazosin Mesilate,,4 mg,Alpha-Adrenoceptor Blocking Drugs,False,False
13811711000001104,Doxzogen,Doxzogen XL 4mg tablets (Generics (UK) Ltd) 28 tablet 2 x 14 tablets (product),Doxazosin Mesilate,28.0,4 mg,Alpha-Adrenoceptor Blocking Drugs,False,False
9272401000001102,Ecopace,Ecopace (product),Captopril,,,Angiotensin-Converting Enzyme Inhibitors,False,False
2932301000001103,Ecopace,Ecopace (qualifier value),Captopril,,,Angiotensin-Converting Enzyme Inhibitors,False,False
2932001000001101,Ecopace,Ecopace 12.5mg tablet,Captopril,,12.5 mg,Angiotensin-Converting Enzyme Inhibitors,False,False
221411000001104,Ecopace,Ecopace 12.5mg tablets (Goldshield Healthcare Ltd) (product),Captopril,,12.5 mg,Angiotensin-Converting Enzyme Inhibitors,False,False
1346411000001103,Ecopace,Ecopace 12.5mg tablets (Goldshield Healthcare Ltd) 56 tablet 4 x 14 tablets (product),Captopril,56.0,12.5 mg,Angiotensin-Converting Enzyme Inhibitors,False,False
2932101000001100,Ecopace,Ecopace 25mg tablet,Captopril,,25 mg,Angiotensin-Converting Enzyme Inhibitors,False,False
817411000001108,Ecopace,Ecopace 25mg tablets (Goldshield Healthcare Ltd) (product),Captopril,,25 mg,Angiotensin-Converting Enzyme Inhibitors,False,False
1404011000001102,Ecopace,Ecopace 25mg tablets (Goldshield Healthcare Ltd) 56 tablet 4 x 14 tablets (product),Captopril,56.0,25 mg,Angiotensin-Converting Enzyme Inhibitors,False,False
2932201000001107,Ecopace,Ecopace 50mg tablet,Captopril,,50 mg,Angiotensin-Converting Enzyme Inhibitors,False,False
767911000001101,Ecopace,Ecopace 50mg tablets (Goldshield Healthcare Ltd) (product),Captopril,,50 mg,Angiotensin-Converting Enzyme Inhibitors,False,False
1407011000001105,Ecopace,Ecopace 50mg tablets (Goldshield Healthcare Ltd) 56 tablet 4 x 14 tablets (product),Captopril,56.0,50 mg,Angiotensin-Converting Enzyme Inhibitors,False,False
11373201000001105,Edarbi,Edarbi (product),Azilsartan Medoxomil,,,Angiotensin-II Receptor Antagonists,False,False
11581101000001105,Edarbi,EDARBI 20mg tablets,Azilsartan Medoxomil,,20 mg,Angiotensin-II Receptor Antagonists,False,False
20350911000001100,Edarbi,Edarbi 20mg tablets (Takeda UK Ltd) (product),Azilsartan Medoxomil,,20 mg,Angiotensin-II Receptor Antagonists,False,False
20351011000001108,Edarbi,Edarbi 20mg tablets (Takeda UK Ltd) 28 tablet 2 x 14 tablets (product),Azilsartan Medoxomil,28.0,20 mg,Angiotensin-II Receptor Antagonists,False,False
11581301000001107,Edarbi,EDARBI 40mg tablets,Azilsartan Medoxomil,,40 mg,Angiotensin-II Receptor Antagonists,False,False
20351211000001103,Edarbi,Edarbi 40mg tablets (Takeda UK Ltd) (product),Azilsartan Medoxomil,,40 mg,Angiotensin-II Receptor Antagonists,False,False
20351511000001100,Edarbi,Edarbi 40mg tablets (Takeda UK Ltd) 28 tablet 2 x 14 tablets (product),Azilsartan Medoxomil,28.0,40 mg,Angiotensin-II Receptor Antagonists,False,False
11581501000001100,Edarbi,EDARBI 80mg tablets,Azilsartan Medoxomil,,80 mg,Angiotensin-II Receptor Antagonists,False,False
20351811000001102,Edarbi,Edarbi 80mg tablets (Takeda UK Ltd) (product),Azilsartan Medoxomil,,80 mg,Angiotensin-II Receptor Antagonists,False,False
20351911000001107,Edarbi,Edarbi 80mg tablets (Takeda UK Ltd) 28 tablet 2 x 14 tablets (product),Azilsartan Medoxomil,28.0,80 mg,Angiotensin-II Receptor Antagonists,False,False
12641101000001107,Entresto,Entresto (product),Sacubitril/Valsartan,,,Angiotensin-II Receptor Antagonists,False,False
12922001000001103,Entresto,ENTRESTO 24mg/26mg tablets,Sacubitril/Valsartan,,24 mg,Angiotensin-II Receptor Antagonists,False,False
31136811000001109,Entresto,Entresto 24mg/26mg tablets (Novartis Pharmaceuticals UK Ltd) (product),Sacubitril/Valsartan,,24 mg,Angiotensin-II Receptor Antagonists,False,False
31136911000001104,Entresto,Entresto 24mg/26mg tablets (Novartis Pharmaceuticals UK Ltd) 28 tablet 2 x 14 tablets (product),Sacubitril/Valsartan,28.0,24 mg,Angiotensin-II Receptor Antagonists,False,False
12922201000001109,Entresto,ENTRESTO 49mg/51mg tablets,Sacubitril/Valsartan,,49 mg,Angiotensin-II Receptor Antagonists,False,False
31136411000001107,Entresto,Entresto 49mg/51mg tablets (Novartis Pharmaceuticals UK Ltd) (product),Sacubitril/Valsartan,,49 mg,Angiotensin-II Receptor Antagonists,False,False
31137811000001106,Entresto,Entresto 49mg/51mg tablets (Novartis Pharmaceuticals UK Ltd) 28 tablet 2 x 14 tablets (product),Sacubitril/Valsartan,28.0,49 mg,Angiotensin-II Receptor Antagonists,False,False
31136511000001106,Entresto,Entresto 49mg/51mg tablets (Novartis Pharmaceuticals UK Ltd) 56 tablet 4 x 14 tablets (product),Sacubitril/Valsartan,56.0,49 mg,Angiotensin-II Receptor Antagonists,False,False
12922401000001108,Entresto,ENTRESTO 97mg/103mg tablets,Sacubitril/Valsartan,,97 mg,Angiotensin-II Receptor Antagonists,False,False
31138011000001104,Entresto,Entresto 97mg/103mg tablets (Novartis Pharmaceuticals UK Ltd) (product),Sacubitril/Valsartan,,97 mg,Angiotensin-II Receptor Antagonists,False,False
31138111000001103,Entresto,Entresto 97mg/103mg tablets (Novartis Pharmaceuticals UK Ltd) 56 tablet 4 x 14 tablets (product),Sacubitril/Valsartan,56.0,97 mg,Angiotensin-II Receptor Antagonists,False,False
3530711000001101,Eprosartan,Eprosartan (substance),Eprosartan,,,Angiotensin-II Receptor Antagonists,False,False
3675001000001102,Eprosartan,Eprosartan 300mg tablet - product,Eprosartan,,300 mg,Angiotensin-II Receptor Antagonists,False,False
21229311000001108,Eprosartan,Eprosartan 300mg tablets (A A H Pharmaceuticals Ltd) (product),Eprosartan,,300 mg,Angiotensin-II Receptor Antagonists,False,False
21229411000001101,Eprosartan,Eprosartan 300mg tablets (A A H Pharmaceuticals Ltd) 28 tablet 2 x 14 tablets (product),Eprosartan,28.0,300 mg,Angiotensin-II Receptor Antagonists,False,False
21232811000001106,Eprosartan,Eprosartan 300mg tablets (Alliance Healthcare (Distribution) Ltd) (product),Eprosartan,,300 mg,Angiotensin-II Receptor Antagonists,False,False
21232911000001101,Eprosartan,Eprosartan 300mg tablets (Alliance Healthcare (Distribution) Ltd) 28 tablet (product),Eprosartan,28.0,300 mg,Angiotensin-II Receptor Antagonists,False,False
30276111000001105,Eprosartan,Eprosartan 300mg tablets (Creo Pharma Ltd) (product),Eprosartan,,300 mg,Angiotensin-II Receptor Antagonists,False,False
30276211000001104,Eprosartan,Eprosartan 300mg tablets (Creo Pharma Ltd) 28 tablet (product),Eprosartan,28.0,300 mg,Angiotensin-II Receptor Antagonists,False,False
30053411000001103,Eprosartan,Eprosartan 300mg tablets (DE Pharmaceuticals) (product),Eprosartan,,300 mg,Angiotensin-II Receptor Antagonists,False,False
30053511000001104,Eprosartan,Eprosartan 300mg tablets (DE Pharmaceuticals) 28 tablet (product),Eprosartan,28.0,300 mg,Angiotensin-II Receptor Antagonists,False,False
34103911000001107,Eprosartan,Eprosartan 300mg tablets (Genesis Pharmaceuticals Ltd) (product),Eprosartan,,300 mg,Angiotensin-II Receptor Antagonists,False,False
34104011000001105,Eprosartan,Eprosartan 300mg tablets (Genesis Pharmaceuticals Ltd) 28 tablet 2 x 14 tablets (product),Eprosartan,28.0,300 mg,Angiotensin-II Receptor Antagonists,False,False
33596611000001102,Eprosartan,Eprosartan 300mg tablets (Mylan Ltd) (product),Eprosartan,,300 mg,Angiotensin-II Receptor Antagonists,False,False
33596711000001106,Eprosartan,Eprosartan 300mg tablets (Mylan Ltd) 28 tablet (product),Eprosartan,28.0,300 mg,Angiotensin-II Receptor Antagonists,False,False
23913811000001104,Eprosartan,Eprosartan 300mg tablets (Phoenix Healthcare Distribution Ltd) (product),Eprosartan,,300 mg,Angiotensin-II Receptor Antagonists,False,False
23914011000001107,Eprosartan,Eprosartan 300mg tablets (Phoenix Healthcare Distribution Ltd) 28 tablet (product),Eprosartan,28.0,300 mg,Angiotensin-II Receptor Antagonists,False,False
29850011000001103,Eprosartan,Eprosartan 300mg tablets (Sigma Pharmaceuticals Plc) (product),Eprosartan,,300 mg,Angiotensin-II Receptor Antagonists,False,False
29850111000001102,Eprosartan,Eprosartan 300mg tablets (Sigma Pharmaceuticals Plc) 28 tablet (product),Eprosartan,28.0,300 mg,Angiotensin-II Receptor Antagonists,False,False
30766411000001102,Eprosartan,Eprosartan 300mg tablets (Teva UK Ltd) (product),Eprosartan,,300 mg,Angiotensin-II Receptor Antagonists,False,False
30766511000001103,Eprosartan,Eprosartan 300mg tablets (Teva UK Ltd) 28 tablet 4 x 7 tablets (product),Eprosartan,28.0,300 mg,Angiotensin-II Receptor Antagonists,False,False
23593311000001104,Eprosartan,Eprosartan 300mg tablets (Waymade Healthcare Plc) (product),Eprosartan,,300 mg,Angiotensin-II Receptor Antagonists,False,False
23593411000001106,Eprosartan,Eprosartan 300mg tablets (Waymade Healthcare Plc) 28 tablet (product),Eprosartan,28.0,300 mg,Angiotensin-II Receptor Antagonists,False,False
1032711000001107,Eprosartan,Eprosartan 300mg tablets 28 tablet (product),Eprosartan,28.0,300 mg,Angiotensin-II Receptor Antagonists,False,False
5622711000001104,Eprosartan,Eprosartan 300mg tablets 56 tablet (product),Eprosartan,56.0,300 mg,Angiotensin-II Receptor Antagonists,False,False
15774011000001103,Eprosartan,Eprosartan 300mg/5ml oral solution (product),Eprosartan,,300 mg/5 ml,Angiotensin-II Receptor Antagonists,False,False
15695511000001109,Eprosartan,Eprosartan 300mg/5ml oral solution (Special Order) (product),Eprosartan,,300 mg/5 ml,Angiotensin-II Receptor Antagonists,False,False
15695811000001107,Eprosartan,Eprosartan 300mg/5ml oral solution (Special Order) 1 ml (product),Eprosartan,,300 mg/5 ml,Angiotensin-II Receptor Antagonists,False,False
15695211000001106,Eprosartan,Eprosartan 300mg/5ml oral solution 1 ml (product),Eprosartan,,300 mg/5 ml,Angiotensin-II Receptor Antagonists,False,False
15774111000001102,Eprosartan,Eprosartan 300mg/5ml oral suspension (product),Eprosartan,,300 mg/5 ml,Angiotensin-II Receptor Antagonists,False,False
15696411000001101,Eprosartan,Eprosartan 300mg/5ml oral suspension (Special Order) (product),Eprosartan,,300 mg/5 ml,Angiotensin-II Receptor Antagonists,False,False
15696511000001102,Eprosartan,Eprosartan 300mg/5ml oral suspension (Special Order) 1 ml (product),Eprosartan,,300 mg/5 ml,Angiotensin-II Receptor Antagonists,False,False
15696311000001108,Eprosartan,Eprosartan 300mg/5ml oral suspension 1 ml (product),Eprosartan,,300 mg/5 ml,Angiotensin-II Receptor Antagonists,False,False
3675101000001101,Eprosartan,Eprosartan 400mg tablet - product,Eprosartan,,400 mg,Angiotensin-II Receptor Antagonists,False,False
21229511000001102,Eprosartan,Eprosartan 400mg tablets (A A H Pharmaceuticals Ltd) (product),Eprosartan,,400 mg,Angiotensin-II Receptor Antagonists,False,False
21229611000001103,Eprosartan,Eprosartan 400mg tablets (A A H Pharmaceuticals Ltd) 56 tablet 4 x 14 tablets (product),Eprosartan,56.0,400 mg,Angiotensin-II Receptor Antagonists,False,False
21233011000001109,Eprosartan,Eprosartan 400mg tablets (Alliance Healthcare (Distribution) Ltd) (product),Eprosartan,,400 mg,Angiotensin-II Receptor Antagonists,False,False
21233111000001105,Eprosartan,Eprosartan 400mg tablets (Alliance Healthcare (Distribution) Ltd) 56 tablet (product),Eprosartan,56.0,400 mg,Angiotensin-II Receptor Antagonists,False,False
30276311000001107,Eprosartan,Eprosartan 400mg tablets (Creo Pharma Ltd) (product),Eprosartan,,400 mg,Angiotensin-II Receptor Antagonists,False,False
30276411000001100,Eprosartan,Eprosartan 400mg tablets (Creo Pharma Ltd) 56 tablet (product),Eprosartan,56.0,400 mg,Angiotensin-II Receptor Antagonists,False,False
30053611000001100,Eprosartan,Eprosartan 400mg tablets (DE Pharmaceuticals) (product),Eprosartan,,400 mg,Angiotensin-II Receptor Antagonists,False,False
30053711000001109,Eprosartan,Eprosartan 400mg tablets (DE Pharmaceuticals) 56 tablet (product),Eprosartan,56.0,400 mg,Angiotensin-II Receptor Antagonists,False,False
34104111000001106,Eprosartan,Eprosartan 400mg tablets (Genesis Pharmaceuticals Ltd) (product),Eprosartan,,400 mg,Angiotensin-II Receptor Antagonists,False,False
34104211000001100,Eprosartan,Eprosartan 400mg tablets (Genesis Pharmaceuticals Ltd) 56 tablet 4 x 14 tablets (product),Eprosartan,56.0,400 mg,Angiotensin-II Receptor Antagonists,False,False
33596411000001100,Eprosartan,Eprosartan 400mg tablets (Mylan Ltd) (product),Eprosartan,,400 mg,Angiotensin-II Receptor Antagonists,False,False
33596511000001101,Eprosartan,Eprosartan 400mg tablets (Mylan Ltd) 56 tablet (product),Eprosartan,56.0,400 mg,Angiotensin-II Receptor Antagonists,False,False
23914111000001108,Eprosartan,Eprosartan 400mg tablets (Phoenix Healthcare Distribution Ltd) (product),Eprosartan,,400 mg,Angiotensin-II Receptor Antagonists,False,False
23914311000001105,Eprosartan,Eprosartan 400mg tablets (Phoenix Healthcare Distribution Ltd) 56 tablet (product),Eprosartan,56.0,400 mg,Angiotensin-II Receptor Antagonists,False,False
29850211000001108,Eprosartan,Eprosartan 400mg tablets (Sigma Pharmaceuticals Plc) (product),Eprosartan,,400 mg,Angiotensin-II Receptor Antagonists,False,False
29850311000001100,Eprosartan,Eprosartan 400mg tablets (Sigma Pharmaceuticals Plc) 56 tablet (product),Eprosartan,56.0,400 mg,Angiotensin-II Receptor Antagonists,False,False
30766711000001108,Eprosartan,Eprosartan 400mg tablets (Teva UK Ltd) (product),Eprosartan,,400 mg,Angiotensin-II Receptor Antagonists,False,False
30766811000001100,Eprosartan,Eprosartan 400mg tablets (Teva UK Ltd) 56 tablet 8 x 7 tablets (product),Eprosartan,56.0,400 mg,Angiotensin-II Receptor Antagonists,False,False
23593511000001105,Eprosartan,Eprosartan 400mg tablets (Waymade Healthcare Plc) (product),Eprosartan,,400 mg,Angiotensin-II Receptor Antagonists,False,False
23593611000001109,Eprosartan,Eprosartan 400mg tablets (Waymade Healthcare Plc) 56 tablet (product),Eprosartan,56.0,400 mg,Angiotensin-II Receptor Antagonists,False,False
949911000001105,Eprosartan,Eprosartan 400mg tablets 56 tablet (product),Eprosartan,56.0,400 mg,Angiotensin-II Receptor Antagonists,False,False
3675201000001108,Eprosartan,Eprosartan 600mg tablet - product,Eprosartan,,600 mg,Angiotensin-II Receptor Antagonists,False,False
21229711000001107,Eprosartan,Eprosartan 600mg tablets (A A H Pharmaceuticals Ltd) (product),Eprosartan,,600 mg,Angiotensin-II Receptor Antagonists,False,False
21229811000001104,Eprosartan,Eprosartan 600mg tablets (A A H Pharmaceuticals Ltd) 28 tablet 2 x 14 tablets (product),Eprosartan,28.0,600 mg,Angiotensin-II Receptor Antagonists,False,False
21233211000001104,Eprosartan,Eprosartan 600mg tablets (Alliance Healthcare (Distribution) Ltd) (product),Eprosartan,,600 mg,Angiotensin-II Receptor Antagonists,False,False
21233311000001107,Eprosartan,Eprosartan 600mg tablets (Alliance Healthcare (Distribution) Ltd) 28 tablet (product),Eprosartan,28.0,600 mg,Angiotensin-II Receptor Antagonists,False,False
30276511000001101,Eprosartan,Eprosartan 600mg tablets (Creo Pharma Ltd) (product),Eprosartan,,600 mg,Angiotensin-II Receptor Antagonists,False,False
30276611000001102,Eprosartan,Eprosartan 600mg tablets (Creo Pharma Ltd) 28 tablet (product),Eprosartan,28.0,600 mg,Angiotensin-II Receptor Antagonists,False,False
23974511000001106,Eprosartan,Eprosartan 600mg tablets (DE Pharmaceuticals) (product),Eprosartan,,600 mg,Angiotensin-II Receptor Antagonists,False,False
23974611000001105,Eprosartan,Eprosartan 600mg tablets (DE Pharmaceuticals) 28 tablet (product),Eprosartan,28.0,600 mg,Angiotensin-II Receptor Antagonists,False,False
34104311000001108,Eprosartan,Eprosartan 600mg tablets (Genesis Pharmaceuticals Ltd) (product),Eprosartan,,600 mg,Angiotensin-II Receptor Antagonists,False,False
34104411000001101,Eprosartan,Eprosartan 600mg tablets (Genesis Pharmaceuticals Ltd) 28 tablet 2 x 14 tablets (product),Eprosartan,28.0,600 mg,Angiotensin-II Receptor Antagonists,False,False
30125411000001105,Eprosartan,Eprosartan 600mg tablets (Mawdsley-Brooks & Company Ltd) (product),Eprosartan,,600 mg,Angiotensin-II Receptor Antagonists,False,False
30125511000001109,Eprosartan,Eprosartan 600mg tablets (Mawdsley-Brooks & Company Ltd) 28 tablet (product),Eprosartan,28.0,600 mg,Angiotensin-II Receptor Antagonists,False,False
33595711000001103,Eprosartan,Eprosartan 600mg tablets (Mylan Ltd) (product),Eprosartan,,600 mg,Angiotensin-II Receptor Antagonists,False,False
33596011000001109,Eprosartan,Eprosartan 600mg tablets (Mylan Ltd) 28 tablet (product),Eprosartan,28.0,600 mg,Angiotensin-II Receptor Antagonists,False,False
23914411000001103,Eprosartan,Eprosartan 600mg tablets (Phoenix Healthcare Distribution Ltd) (product),Eprosartan,,600 mg,Angiotensin-II Receptor Antagonists,False,False
23914511000001104,Eprosartan,Eprosartan 600mg tablets (Phoenix Healthcare Distribution Ltd) 28 tablet (product),Eprosartan,28.0,600 mg,Angiotensin-II Receptor Antagonists,False,False
29850511000001106,Eprosartan,Eprosartan 600mg tablets (Sigma Pharmaceuticals Plc) (product),Eprosartan,,600 mg,Angiotensin-II Receptor Antagonists,False,False
29850611000001105,Eprosartan,Eprosartan 600mg tablets (Sigma Pharmaceuticals Plc) 28 tablet (product),Eprosartan,28.0,600 mg,Angiotensin-II Receptor Antagonists,False,False
30767011000001109,Eprosartan,Eprosartan 600mg tablets (Teva UK Ltd) (product),Eprosartan,,600 mg,Angiotensin-II Receptor Antagonists,False,False
30767111000001105,Eprosartan,Eprosartan 600mg tablets (Teva UK Ltd) 28 tablet 4 x 7 tablets (product),Eprosartan,28.0,600 mg,Angiotensin-II Receptor Antagonists,False,False
23593711000001100,Eprosartan,Eprosartan 600mg tablets (Waymade Healthcare Plc) (product),Eprosartan,,600 mg,Angiotensin-II Receptor Antagonists,False,False
23593811000001108,Eprosartan,Eprosartan 600mg tablets (Waymade Healthcare Plc) 28 tablet (product),Eprosartan,28.0,600 mg,Angiotensin-II Receptor Antagonists,False,False
1303111000001107,Eprosartan,Eprosartan 600mg tablets 28 tablet (product),Eprosartan,28.0,600 mg,Angiotensin-II Receptor Antagonists,False,False
1928401000001105,Esbatal,Esbatal 10mg tablet,Betanidine Sulfate,,10 mg,Adrenergic Neurone Blocking Drugs,False,False
1928501000001109,Esbatal,Esbatal 50mg tablet,Betanidine Sulfate,,50 mg,Adrenergic Neurone Blocking Drugs,False,False
4092911000001107,Ramipril,Felodipine 2.5mg modified-release / Ramipril 2.5mg tablets 28 tablet (product),Ramipril,28.0,2.5 mg,Angiotensin-Converting Enzyme Inhibitors,True,False
3887711000001107,Ramipril,Felodipine 5mg modified-release / Ramipril 5mg tablets 28 tablet (product),Ramipril,28.0,5 mg,Angiotensin-Converting Enzyme Inhibitors,True,False
3587201000001101,Ramipril,Felodipine+ramipril 2.5mg/2.5mg tablet - product,Ramipril,,2.5 mg,Angiotensin-Converting Enzyme Inhibitors,True,False
3587301000001105,Ramipril,Felodipine+ramipril 5mg/5mg tablet - product,Ramipril,,5 mg,Angiotensin-Converting Enzyme Inhibitors,True,False
9509701000001101,Lotens,Felotens XL (product),Guanethidine Monosulfate,,,Adrenergic Neurone Blocking Drugs,True,False
4437601000001100,Lotens,Felotens XL (qualifier value),Guanethidine Monosulfate,,,Adrenergic Neurone Blocking Drugs,True,False
4311501000001108,Lotens,Felotens XL 10mg m/r tablet,Guanethidine Monosulfate,,10 mg,Adrenergic Neurone Blocking Drugs,True,False
4785511000001107,Lotens,Felotens XL 10mg tablets (Genus Pharmaceuticals) (product),Guanethidine Monosulfate,,10 mg,Adrenergic Neurone Blocking Drugs,True,False
8990211000001107,Lotens,Felotens XL 10mg tablets (Genus Pharmaceuticals) 28 tablet 2 x 14 tablets (product),Guanethidine Monosulfate,28.0,10 mg,Adrenergic Neurone Blocking Drugs,True,False
4785811000001105,Lotens,Felotens XL 10mg tablets (Genus Pharmaceuticals) 30 tablet 3 x 10 tablets (product),Guanethidine Monosulfate,30.0,10 mg,Adrenergic Neurone Blocking Drugs,True,False
9752401000001106,Lotens,FELOTENS XL 2.5mg m/r tablets,Guanethidine Monosulfate,,2.5 mg,Adrenergic Neurone Blocking Drugs,True,False
13127311000001107,Lotens,Felotens XL 2.5mg tablets (Genus Pharmaceuticals Ltd) (product),Guanethidine Monosulfate,,2.5 mg,Adrenergic Neurone Blocking Drugs,True,False
13127411000001100,Lotens,Felotens XL 2.5mg tablets (Genus Pharmaceuticals Ltd) 28 tablet 4 x 7 tablets (product),Guanethidine Monosulfate,28.0,2.5 mg,Adrenergic Neurone Blocking Drugs,True,False
4394001000001100,Lotens,Felotens XL 5mg m/r tablet,Guanethidine Monosulfate,,5 mg,Adrenergic Neurone Blocking Drugs,True,False
4785111000001103,Lotens,Felotens XL 5mg tablets (Genus Pharmaceuticals) (product),Guanethidine Monosulfate,,5 mg,Adrenergic Neurone Blocking Drugs,True,False
8990111000001101,Lotens,Felotens XL 5mg tablets (Genus Pharmaceuticals) 28 tablet 2 x 14 tablets (product),Guanethidine Monosulfate,28.0,5 mg,Adrenergic Neurone Blocking Drugs,True,False
4785211000001109,Lotens,Felotens XL 5mg tablets (Genus Pharmaceuticals) 30 tablet 3 x 10 tablets (product),Guanethidine Monosulfate,30.0,5 mg,Adrenergic Neurone Blocking Drugs,True,False
3958911000001106,Hytrin,Generic Hytrin BPH tablets starter pack (product),Terazosin Hydrochloride,,,Alpha-Adrenoceptor Blocking Drugs,False,False
3957711000001108,Hytrin,Generic Hytrin BPH tablets starter pack 28 tablet (product),Terazosin Hydrochloride,28.0,,Alpha-Adrenoceptor Blocking Drugs,False,False
31002411000001109,Tenex,Generic PharmaClinix Lightenex Bright cream (product),Guanfacine Hydrochloride,,,Centrally-Acting Antihypertensive Drugs,False,False
30995211000001102,Tenex,Generic PharmaClinix Lightenex Bright cream 50 ml (product),Guanfacine Hydrochloride,,,Centrally-Acting Antihypertensive Drugs,False,False
18987811000001107,Sevikar,Generic Sevikar HCT 20mg/5mg/12.5mg tablets (product),Olmesartan,,20 mg,Angiotensin-II Receptor Antagonists,False,False
18986311000001101,Sevikar,Generic Sevikar HCT 20mg/5mg/12.5mg tablets 28 tablet (product),Olmesartan,28.0,20 mg,Angiotensin-II Receptor Antagonists,False,False
18987911000001102,Sevikar,Generic Sevikar HCT 40mg/10mg/12.5mg tablets (product),Olmesartan,,40 mg,Angiotensin-II Receptor Antagonists,False,False
18986911000001100,Sevikar,Generic Sevikar HCT 40mg/10mg/12.5mg tablets 28 tablet (product),Olmesartan,28.0,40 mg,Angiotensin-II Receptor Antagonists,False,False
18988011000001100,Sevikar,Generic Sevikar HCT 40mg/10mg/25mg tablets (product),Olmesartan,,40 mg,Angiotensin-II Receptor Antagonists,False,False
18987511000001109,Sevikar,Generic Sevikar HCT 40mg/10mg/25mg tablets 28 tablet (product),Olmesartan,28.0,40 mg,Angiotensin-II Receptor Antagonists,False,False
18988111000001104,Sevikar,Generic Sevikar HCT 40mg/5mg/12.5mg tablets (product),Olmesartan,,40 mg,Angiotensin-II Receptor Antagonists,False,False
18986611000001106,Sevikar,Generic Sevikar HCT 40mg/5mg/12.5mg tablets 28 tablet (product),Olmesartan,28.0,40 mg,Angiotensin-II Receptor Antagonists,False,False
18988211000001105,Sevikar,Generic Sevikar HCT 40mg/5mg/25mg tablets (product),Olmesartan,,40 mg,Angiotensin-II Receptor Antagonists,False,False
18987211000001106,Sevikar,Generic Sevikar HCT 40mg/5mg/25mg tablets 28 tablet (product),Olmesartan,28.0,40 mg,Angiotensin-II Receptor Antagonists,False,False
3464011000001105,Tritace,Generic Tritace titration pack (product),Ramipril,,,Angiotensin-Converting Enzyme Inhibitors,False,False
3041711000001107,Tritace,Generic Tritace titration pack 35 capsule (product),Ramipril,,,Angiotensin-Converting Enzyme Inhibitors,False,False
13610111000001104,Tritace,Generic Tritace titration pack tablets (product),Ramipril,,,Angiotensin-Converting Enzyme Inhibitors,False,False
13600711000001101,Tritace,Generic Tritace titration pack tablets 35 tablet (product),Ramipril,35.0,,Angiotensin-Converting Enzyme Inhibitors,False,False
33765111000001100,Tritace,Generic Tritace titration pack tablets 50 tablet (product),Ramipril,50.0,,Angiotensin-Converting Enzyme Inhibitors,False,False
1133201000001101,Tenex,Glutenex biscuits,Guanfacine Hydrochloride,,,Centrally-Acting Antihypertensive Drugs,False,False
2109701000001101,Tenex,Glutenex biscuits 18x14g,Guanfacine Hydrochloride,,,Centrally-Acting Antihypertensive Drugs,False,False
12674101000001106,Tenex,GLUTENEX GF white bread mix 500g,Guanfacine Hydrochloride,,,Centrally-Acting Antihypertensive Drugs,False,False
29679511000001106,Tenex,Glutenex gluten free white bread mix (Feed Me Right Ltd) (product),Guanfacine Hydrochloride,,,Centrally-Acting Antihypertensive Drugs,False,False
29679611000001105,Tenex,Glutenex gluten free white bread mix (Feed Me Right Ltd) 500 gram (product),Guanfacine Hydrochloride,,,Centrally-Acting Antihypertensive Drugs,False,False
9537701000001104,Gopten,Gopten (product),Trandolapril,,,Angiotensin-Converting Enzyme Inhibitors,False,False
2643301000001106,Gopten,Gopten (qualifier value),Trandolapril,,,Angiotensin-Converting Enzyme Inhibitors,False,False
170001000001103,Gopten,Gopten 1mg capsule,Trandolapril,,1 mg,Angiotensin-Converting Enzyme Inhibitors,False,False
346811000001101,Gopten,Gopten 1mg capsules (Abbott Laboratories Ltd) (product),Trandolapril,,1 mg,Angiotensin-Converting Enzyme Inhibitors,False,False
1341611000001107,Gopten,Gopten 1mg capsules (Abbott Laboratories Ltd) 28 capsule 4 x 7 capsules (product),Trandolapril,,1 mg,Angiotensin-Converting Enzyme Inhibitors,False,False
242601000001108,Gopten,Gopten 2mg capsule,Trandolapril,,2 mg,Angiotensin-Converting Enzyme Inhibitors,False,False
273111000001109,Gopten,Gopten 2mg capsules (Abbott Laboratories Ltd) (product),Trandolapril,,2 mg,Angiotensin-Converting Enzyme Inhibitors,False,False
1342511000001100,Gopten,Gopten 2mg capsules (Abbott Laboratories Ltd) 28 capsule 2 x 14 capsules (product),Trandolapril,,2 mg,Angiotensin-Converting Enzyme Inhibitors,False,False
16503411000001101,Gopten,Gopten 2mg capsules (Mawdsley-Brooks & Company Ltd) (product),Trandolapril,,2 mg,Angiotensin-Converting Enzyme Inhibitors,False,False
16503611000001103,Gopten,Gopten 2mg capsules (Mawdsley-Brooks & Company Ltd) 28 capsule (product),Trandolapril,,2 mg,Angiotensin-Converting Enzyme Inhibitors,False,False
18265711000001108,Gopten,Gopten 2mg capsules (Necessity Supplies Ltd) (product),Trandolapril,,2 mg,Angiotensin-Converting Enzyme Inhibitors,False,False
18265811000001100,Gopten,Gopten 2mg capsules (Necessity Supplies Ltd) 28 capsule (product),Trandolapril,,2 mg,Angiotensin-Converting Enzyme Inhibitors,False,False
5549611000001105,Gopten,Gopten 2mg capsules (PI) (Dowelhurst Ltd) (product),Trandolapril,,2 mg,Angiotensin-Converting Enzyme Inhibitors,False,False
5549711000001101,Gopten,Gopten 2mg capsules (PI) (Dowelhurst Ltd) 28 capsule 2 x 14 capsules (product),Trandolapril,,2 mg,Angiotensin-Converting Enzyme Inhibitors,False,False
4460001000001103,Gopten,Gopten 4mg capsule (product),Trandolapril,,4 mg,Angiotensin-Converting Enzyme Inhibitors,False,False
5651611000001103,Gopten,Gopten 4mg capsules (Abbott Laboratories Ltd) (product),Trandolapril,,4 mg,Angiotensin-Converting Enzyme Inhibitors,False,False
5651711000001107,Gopten,Gopten 4mg capsules (Abbott Laboratories Ltd) 28 capsule 2 x 14 capsules (product),Trandolapril,,4 mg,Angiotensin-Converting Enzyme Inhibitors,False,False
21501511000001103,Gopten,Gopten 4mg capsules (Waymade Healthcare Plc) (product),Trandolapril,,4 mg,Angiotensin-Converting Enzyme Inhibitors,False,False
21501611000001104,Gopten,Gopten 4mg capsules (Waymade Healthcare Plc) 28 capsule (product),Trandolapril,,4 mg,Angiotensin-Converting Enzyme Inhibitors,False,False
253511000001102,Gopten,Gopten 500microgram capsules (Abbott Laboratories Ltd) (product),Trandolapril,,,Angiotensin-Converting Enzyme Inhibitors,False,False
1337911000001105,Gopten,Gopten 500microgram capsules (Abbott Laboratories Ltd) 14 capsule 2 x 7 capsules (product),Trandolapril,,,Angiotensin-Converting Enzyme Inhibitors,False,False
5548711000001105,Gopten,Gopten 500microgram capsules (PI) (Dowelhurst Ltd) (product),Trandolapril,,,Angiotensin-Converting Enzyme Inhibitors,False,False
5548811000001102,Gopten,Gopten 500microgram capsules (PI) (Dowelhurst Ltd) 14 capsule 2 x 7 capsules (product),Trandolapril,,,Angiotensin-Converting Enzyme Inhibitors,False,False
5549011000001103,Gopten,Gopten 500microgram capsules (PI) (Dowelhurst Ltd) 28 capsule 4 x 7 capsules (product),Trandolapril,,,Angiotensin-Converting Enzyme Inhibitors,False,False
9179111000001103,Gopten,Gopten 500microgram capsules (PI) (Dowelhurst Ltd) 28 capsule 4 x 7 capsules (product),Trandolapril,,,Angiotensin-Converting Enzyme Inhibitors,False,False
5372611000001104,Gopten,Gopten 500microgram capsules (PI) (Waymade Ltd) (product),Trandolapril,,,Angiotensin-Converting Enzyme Inhibitors,False,False
5372911000001105,Gopten,Gopten 500microgram capsules (PI) (Waymade Ltd) 28 capsule 4 x 7 capsules (product),Trandolapril,,,Angiotensin-Converting Enzyme Inhibitors,False,False
9179311000001101,Gopten,Gopten 500microgram capsules (PI) (Waymade Ltd) 28 capsule 4 x 7 capsules (product),Trandolapril,,,Angiotensin-Converting Enzyme Inhibitors,False,False
659401000001103,Gopten,Gopten 500micrograms capsule,Trandolapril,,,Angiotensin-Converting Enzyme Inhibitors,False,False
13086801000001103,Granpidam,Granpidam (product),Sildenafil(Vasodilator Antihypertensive),,,Vasodilator Antihypertensive Drugs,False,False
34937411000001101,Granpidam,Granpidam 20mg tablets (Accord Healthcare Ltd) (product),Sildenafil(Vasodilator Antihypertensive),,20 mg,Vasodilator Antihypertensive Drugs,False,False
34937511000001102,Granpidam,Granpidam 20mg tablets (Accord Healthcare Ltd) 90 tablet (product),Sildenafil(Vasodilator Antihypertensive),90.0,20 mg,Vasodilator Antihypertensive Drugs,False,False
10201811000001104,Losartan,Hydrochlorothiazide + Losartan (product),Losartan Potassium,,,Angiotensin-II Receptor Antagonists,False,True
10275711000001100,Olmesartan,Hydrochlorothiazide + Olmesartan (product),Olmesartan,,,Angiotensin-II Receptor Antagonists,False,True
8790801000001103,Olmesartan,Hydrochlorothiazide + Olmesartan (product),Olmesartan,,,Angiotensin-II Receptor Antagonists,False,True
2648401000001105,Hydromet,Hydromet (qualifier value),Methyldopa,,,Centrally-Acting Antihypertensive Drugs,False,False
307001000001102,Hydromet,Hydromet tablet,Methyldopa,,,Centrally-Acting Antihypertensive Drugs,False,False
1929001000001106,Hypercal,Hypercal-B tablet,Reserpine And Rauwolfia Alkaloids,,,Centrally-Acting Antihypertensive Drugs,False,False
9691501000001102,Hypercal,Hypercal (product),Reserpine And Rauwolfia Alkaloids,,,Centrally-Acting Antihypertensive Drugs,False,False
859701000001100,Hypercal,Hypercal 2mg tablet,Reserpine And Rauwolfia Alkaloids,,2 mg,Centrally-Acting Antihypertensive Drugs,False,False
5022511000001103,Hypercal,Hypercal cream (Nelsons) (product),Reserpine And Rauwolfia Alkaloids,,,Centrally-Acting Antihypertensive Drugs,False,False
5022611000001104,Hypercal,Hypercal cream (Nelsons) 30 gram (product),Reserpine And Rauwolfia Alkaloids,,,Centrally-Acting Antihypertensive Drugs,False,False
5249611000001102,Hypercal,Hypercal spray (Nelsons) (product),Reserpine And Rauwolfia Alkaloids,,,Centrally-Acting Antihypertensive Drugs,False,False
5249811000001103,Hypercal,Hypercal spray (Nelsons) 30 ml (product),Reserpine And Rauwolfia Alkaloids,,,Centrally-Acting Antihypertensive Drugs,False,False
9531101000001108,Hypovase,Hypovase (product),Prazosin Hydrochloride,,,Alpha-Adrenoceptor Blocking Drugs,False,False
2649001000001106,Hypovase,Hypovase (qualifier value),Prazosin Hydrochloride,,,Alpha-Adrenoceptor Blocking Drugs,False,False
387801000001108,Hypovase,Hypovase 1mg tablet,Prazosin Hydrochloride,,1 mg,Alpha-Adrenoceptor Blocking Drugs,False,False
18580611000001104,Hypovase,Hypovase 1mg tablets (Doncaster Pharmaceuticals Ltd) (product),Prazosin Hydrochloride,,1 mg,Alpha-Adrenoceptor Blocking Drugs,False,False
18580711000001108,Hypovase,Hypovase 1mg tablets (Doncaster Pharmaceuticals Ltd) 60 tablet (product),Prazosin Hydrochloride,60.0,1 mg,Alpha-Adrenoceptor Blocking Drugs,False,False
18876911000001102,Hypovase,Hypovase 1mg tablets (Mawdsley-Brooks & Company Ltd) (product),Prazosin Hydrochloride,,1 mg,Alpha-Adrenoceptor Blocking Drugs,False,False
18877011000001103,Hypovase,Hypovase 1mg tablets (Mawdsley-Brooks & Company Ltd) 60 tablet (product),Prazosin Hydrochloride,60.0,1 mg,Alpha-Adrenoceptor Blocking Drugs,False,False
347411000001101,Hypovase,Hypovase 1mg tablets (Pfizer Ltd) (product),Prazosin Hydrochloride,,1 mg,Alpha-Adrenoceptor Blocking Drugs,False,False
4073211000001100,Hypovase,Hypovase 1mg tablets (Pfizer Ltd) 32 tablet (product),Prazosin Hydrochloride,32.0,1 mg,Alpha-Adrenoceptor Blocking Drugs,False,False
1510311000001103,Hypovase,Hypovase 1mg tablets (Pfizer Ltd) 56 tablet 4 x 14 tablets (product),Prazosin Hydrochloride,56.0,1 mg,Alpha-Adrenoceptor Blocking Drugs,False,False
11769511000001100,Hypovase,Hypovase 1mg tablets (Pfizer Ltd) 60 tablet 4 x 15 tablets (product),Prazosin Hydrochloride,60.0,1 mg,Alpha-Adrenoceptor Blocking Drugs,False,False
13566811000001102,Hypovase,Hypovase 1mg tablets (Waymade Healthcare Plc) (product),Prazosin Hydrochloride,,1 mg,Alpha-Adrenoceptor Blocking Drugs,False,False
13566911000001107,Hypovase,Hypovase 1mg tablets (Waymade Healthcare Plc) 60 tablet (product),Prazosin Hydrochloride,60.0,1 mg,Alpha-Adrenoceptor Blocking Drugs,False,False
517801000001109,Hypovase,Hypovase 2mg tablet,Prazosin Hydrochloride,,2 mg,Alpha-Adrenoceptor Blocking Drugs,False,False
150911000001104,Hypovase,Hypovase 2mg tablets (Pfizer Ltd) (product),Prazosin Hydrochloride,,2 mg,Alpha-Adrenoceptor Blocking Drugs,False,False
1512211000001107,Hypovase,Hypovase 2mg tablets (Pfizer Ltd) 56 tablet 4 x 14 tablets (product),Prazosin Hydrochloride,56.0,2 mg,Alpha-Adrenoceptor Blocking Drugs,False,False
447701000001100,Hypovase,Hypovase 500mcg tablet,Prazosin Hydrochloride,,,Alpha-Adrenoceptor Blocking Drugs,False,False
321311000001100,Hypovase,Hypovase 500microgram tablets (Pfizer Ltd) (product),Prazosin Hydrochloride,,,Alpha-Adrenoceptor Blocking Drugs,False,False
1506611000001108,Hypovase,Hypovase 500microgram tablets (Pfizer Ltd) 56 tablet 4 x 14 tablets (product),Prazosin Hydrochloride,56.0,,Alpha-Adrenoceptor Blocking Drugs,False,False
11769711000001105,Hypovase,Hypovase 500microgram tablets (Pfizer Ltd) 60 tablet 4 x 15 tablets (product),Prazosin Hydrochloride,60.0,,Alpha-Adrenoceptor Blocking Drugs,False,False
4073011000001105,Hypovase,Hypovase 500microgram tablets (Pfizer Ltd) 8 tablet (product),Prazosin Hydrochloride,8.0,,Alpha-Adrenoceptor Blocking Drugs,False,False
587501000001108,Hypovase,Hypovase 5mg tablet,Prazosin Hydrochloride,,5 mg,Alpha-Adrenoceptor Blocking Drugs,False,False
666501000001103,Hypovase,Hypovase tablet starter pack,Prazosin Hydrochloride,,,Alpha-Adrenoceptor Blocking Drugs,False,False
4073411000001101,Hypovase,Hypovase tablets B.D. starter pack (Pfizer Ltd) (product),Prazosin Hydrochloride,,,Alpha-Adrenoceptor Blocking Drugs,False,False
4073511000001102,Hypovase,Hypovase tablets B.D. starter pack (Pfizer Ltd) 40 tablet 1 x (32 tablets + 8 tablets) (product),Prazosin Hydrochloride,40.0,,Alpha-Adrenoceptor Blocking Drugs,False,False
3405101000001107,Hyteneze,Hyteneze 12.5 (qualifier value),Captopril,,,Angiotensin-Converting Enzyme Inhibitors,False,False
3404801000001100,Hyteneze,Hyteneze 12.5 tablet,Captopril,5.0,,Angiotensin-Converting Enzyme Inhibitors,False,False
3405201000001100,Hyteneze,Hyteneze 25 (qualifier value),Captopril,,,Angiotensin-Converting Enzyme Inhibitors,False,False
3404901000001106,Hyteneze,Hyteneze 25 tablet,Captopril,25.0,,Angiotensin-Converting Enzyme Inhibitors,False,False
3405301000001109,Hyteneze,Hyteneze 50 (qualifier value),Captopril,,,Angiotensin-Converting Enzyme Inhibitors,False,False
3405001000001106,Hyteneze,Hyteneze 50 tablet,Captopril,50.0,,Angiotensin-Converting Enzyme Inhibitors,False,False
9531201000001101,Hytrin,Hytrin (product),Terazosin Hydrochloride,,,Alpha-Adrenoceptor Blocking Drugs,False,False
2649101000001107,Hytrin,Hytrin (qualifier value),Terazosin Hydrochloride,,,Alpha-Adrenoceptor Blocking Drugs,False,False
15601000001102,Hytrin,Hytrin 10mg tablet,Terazosin Hydrochloride,,10 mg,Alpha-Adrenoceptor Blocking Drugs,False,False
3150911000001107,Hytrin,Hytrin 10mg tablets (Abbott Laboratories Ltd) (product),Terazosin Hydrochloride,,10 mg,Alpha-Adrenoceptor Blocking Drugs,False,False
3151211000001109,Hytrin,Hytrin 10mg tablets (Abbott Laboratories Ltd) 28 tablet 2 x 14 tablets (product),Terazosin Hydrochloride,28.0,10 mg,Alpha-Adrenoceptor Blocking Drugs,False,False
10506711000001107,Hytrin,Hytrin 10mg tablets (PI) (Dowelhurst Ltd) (product),Terazosin Hydrochloride,,10 mg,Alpha-Adrenoceptor Blocking Drugs,False,False
10506911000001109,Hytrin,Hytrin 10mg tablets (PI) (Dowelhurst Ltd) 28 tablet (product),Terazosin Hydrochloride,28.0,10 mg,Alpha-Adrenoceptor Blocking Drugs,False,False
11992901000001108,Hytrin,HYTRIN 1mg tablets,Terazosin Hydrochloride,,1 mg,Alpha-Adrenoceptor Blocking Drugs,False,False
3902411000001105,Hytrin,Hytrin 1mg tablets (Abbott Laboratories Ltd) (product),Terazosin Hydrochloride,,1 mg,Alpha-Adrenoceptor Blocking Drugs,False,False
3902511000001109,Hytrin,Hytrin 1mg tablets (Abbott Laboratories Ltd) 7 tablet (product),Terazosin Hydrochloride,7.0,1 mg,Alpha-Adrenoceptor Blocking Drugs,False,False
657801000001105,Hytrin,Hytrin 2mg tablet,Terazosin Hydrochloride,,2 mg,Alpha-Adrenoceptor Blocking Drugs,False,False
3147611000001100,Hytrin,Hytrin 2mg tablets (Abbott Laboratories Ltd) (product),Terazosin Hydrochloride,,2 mg,Alpha-Adrenoceptor Blocking Drugs,False,False
3957311000001109,Hytrin,Hytrin 2mg tablets (Abbott Laboratories Ltd) 14 tablet (product),Terazosin Hydrochloride,14.0,2 mg,Alpha-Adrenoceptor Blocking Drugs,False,False
3902711000001104,Hytrin,Hytrin 2mg tablets (Abbott Laboratories Ltd) 21 tablet (product),Terazosin Hydrochloride,21.0,2 mg,Alpha-Adrenoceptor Blocking Drugs,False,False
3147911000001106,Hytrin,Hytrin 2mg tablets (Abbott Laboratories Ltd) 28 tablet 2 x 14 tablets (product),Terazosin Hydrochloride,28.0,2 mg,Alpha-Adrenoceptor Blocking Drugs,False,False
5549811000001109,Hytrin,Hytrin 2mg tablets (PI) (Dowelhurst Ltd) (product),Terazosin Hydrochloride,,2 mg,Alpha-Adrenoceptor Blocking Drugs,False,False
5550011000001108,Hytrin,Hytrin 2mg tablets (PI) (Dowelhurst Ltd) 14 tablet (product),Terazosin Hydrochloride,14.0,2 mg,Alpha-Adrenoceptor Blocking Drugs,False,False
5549911000001104,Hytrin,Hytrin 2mg tablets (PI) (Dowelhurst Ltd) 28 tablet 2 x 14 tablets (product),Terazosin Hydrochloride,28.0,2 mg,Alpha-Adrenoceptor Blocking Drugs,False,False
5552011000001107,Hytrin,Hytrin 2mg tablets (PI) (Dowelhurst Ltd) 28 tablet 2 x 14 tablets (product),Terazosin Hydrochloride,28.0,2 mg,Alpha-Adrenoceptor Blocking Drugs,False,False
5373211000001107,Hytrin,Hytrin 2mg tablets (PI) (Waymade Ltd) (product),Terazosin Hydrochloride,,2 mg,Alpha-Adrenoceptor Blocking Drugs,False,False
5373411000001106,Hytrin,Hytrin 2mg tablets (PI) (Waymade Ltd) 28 tablet 2 x 14 tablets (product),Terazosin Hydrochloride,28.0,2 mg,Alpha-Adrenoceptor Blocking Drugs,False,False
727801000001103,Hytrin,Hytrin 5mg tablet,Terazosin Hydrochloride,,5 mg,Alpha-Adrenoceptor Blocking Drugs,False,False
3154311000001103,Hytrin,Hytrin 5mg tablets (Abbott Laboratories Ltd) (product),Terazosin Hydrochloride,,5 mg,Alpha-Adrenoceptor Blocking Drugs,False,False
3155411000001106,Hytrin,Hytrin 5mg tablets (Abbott Laboratories Ltd) 28 tablet 2 x 14 tablets (product),Terazosin Hydrochloride,28.0,5 mg,Alpha-Adrenoceptor Blocking Drugs,False,False
3957611000001104,Hytrin,Hytrin 5mg tablets (Abbott Laboratories Ltd) 7 tablet (product),Terazosin Hydrochloride,7.0,5 mg,Alpha-Adrenoceptor Blocking Drugs,False,False
5532911000001105,Hytrin,Hytrin 5mg tablets (PI) (Dowelhurst Ltd) (product),Terazosin Hydrochloride,,5 mg,Alpha-Adrenoceptor Blocking Drugs,False,False
5550111000001109,Hytrin,Hytrin 5mg tablets (PI) (Dowelhurst Ltd) 28 tablet 2 x 14 tablets (product),Terazosin Hydrochloride,28.0,5 mg,Alpha-Adrenoceptor Blocking Drugs,False,False
5533011000001102,Hytrin,Hytrin 5mg tablets (PI) (Dowelhurst Ltd) 30 tablet 2 x 15 tablets (product),Terazosin Hydrochloride,30.0,5 mg,Alpha-Adrenoceptor Blocking Drugs,False,False
5373511000001105,Hytrin,Hytrin 5mg tablets (PI) (Waymade Ltd) (product),Terazosin Hydrochloride,,5 mg,Alpha-Adrenoceptor Blocking Drugs,False,False
5373611000001109,Hytrin,Hytrin 5mg tablets (PI) (Waymade Ltd) 28 tablet 2 x 14 tablets (product),Terazosin Hydrochloride,28.0,5 mg,Alpha-Adrenoceptor Blocking Drugs,False,False
2741201000001108,Hytrin,Hytrin BPH (qualifier value),Terazosin Hydrochloride,,,Alpha-Adrenoceptor Blocking Drugs,False,False
163601000001107,Hytrin,Hytrin BPH 10mg tablet,Terazosin Hydrochloride,,10 mg,Alpha-Adrenoceptor Blocking Drugs,False,False
12000301000001101,Hytrin,HYTRIN BPH 1mg tablets,Terazosin Hydrochloride,,1 mg,Alpha-Adrenoceptor Blocking Drugs,False,False
405001000001100,Hytrin,Hytrin BPH 2mg tablet,Terazosin Hydrochloride,,2 mg,Alpha-Adrenoceptor Blocking Drugs,False,False
86501000001106,Hytrin,Hytrin BPH 5mg tablet,Terazosin Hydrochloride,,5 mg,Alpha-Adrenoceptor Blocking Drugs,False,False
268601000001101,Hytrin,Hytrin BPH tablet starter pack,Terazosin Hydrochloride,,,Alpha-Adrenoceptor Blocking Drugs,False,False
3957811000001100,Hytrin,Hytrin BPH tablets starter pack (Abbott Laboratories Ltd) (product),Terazosin Hydrochloride,,,Alpha-Adrenoceptor Blocking Drugs,False,False
3957911000001105,Hytrin,Hytrin BPH tablets starter pack (Abbott Laboratories Ltd) 28 tablet 1 x (7tabs + 14tabs + 7tabs) (product),Terazosin Hydrochloride,28.0,,Alpha-Adrenoceptor Blocking Drugs,False,False
198201000001104,Hytrin,Hytrin tablet starter pack,Terazosin Hydrochloride,,,Alpha-Adrenoceptor Blocking Drugs,False,False
3902911000001102,Hytrin,Hytrin tablets starter pack (Abbott Laboratories Ltd) (product),Terazosin Hydrochloride,,,Alpha-Adrenoceptor Blocking Drugs,False,False
3903011000001105,Hytrin,Hytrin tablets starter pack (Abbott Laboratories Ltd) 28 tablet 1 x (7 tablets + 21 tablets) (product),Terazosin Hydrochloride,28.0,,Alpha-Adrenoceptor Blocking Drugs,False,False
11970501000001109,Ifirmasta,Ifirmasta (product),Irbesartan,,,Angiotensin-II Receptor Antagonists,False,False
22720611000001103,Ifirmasta,Ifirmasta 150mg tablets (Consilient Health Ltd) (product),Irbesartan,,150 mg,Angiotensin-II Receptor Antagonists,False,False
22720711000001107,Ifirmasta,Ifirmasta 150mg tablets (Consilient Health Ltd) 28 tablet 2 x 14 tablets (product),Irbesartan,28.0,150 mg,Angiotensin-II Receptor Antagonists,False,False
22720811000001104,Ifirmasta,Ifirmasta 300mg tablets (Consilient Health Ltd) (product),Irbesartan,,300 mg,Angiotensin-II Receptor Antagonists,False,False
22720911000001109,Ifirmasta,Ifirmasta 300mg tablets (Consilient Health Ltd) 28 tablet 2 x 14 tablets (product),Irbesartan,28.0,300 mg,Angiotensin-II Receptor Antagonists,False,False
22720311000001108,Ifirmasta,Ifirmasta 75mg tablets (Consilient Health Ltd) (product),Irbesartan,,75 mg,Angiotensin-II Receptor Antagonists,False,False
22720411000001101,Ifirmasta,Ifirmasta 75mg tablets (Consilient Health Ltd) 28 tablet 2 x 14 tablets (product),Irbesartan,28.0,75 mg,Angiotensin-II Receptor Antagonists,False,False
4898511000001102,Iloprost,Iloprost (substance),Iloprost,,,Vasodilator Antihypertensive Drugs,False,False
36783011000001108,Iloprost,Iloprost 100micrograms/1ml concentrate for solution for infusion ampoules (Colonis Pharma Ltd) (product),Iloprost,,,Vasodilator Antihypertensive Drugs,False,False
36783111000001109,Iloprost,Iloprost 100micrograms/1ml concentrate for solution for infusion ampoules (Colonis Pharma Ltd) 1 ampoule (product),Iloprost,,,Vasodilator Antihypertensive Drugs,False,False
36783311000001106,Iloprost,Iloprost 100micrograms/1ml concentrate for solution for infusion ampoules (Colonis Pharma Ltd) 5 ampoule (product),Iloprost,,,Vasodilator Antihypertensive Drugs,False,False
3416001000001103,Iloprost,Iloprost 100micrograms/1mL infusion concentrate - product,Iloprost,,,Vasodilator Antihypertensive Drugs,False,False
13150101000001106,Iloprost,Iloprost 100micrograms/1ml solution for infusion ampoules (product),Iloprost,,,Vasodilator Antihypertensive Drugs,False,False
36046411000001103,Iloprost,Iloprost 100micrograms/1ml solution for infusion ampoules (product),Iloprost,,,Vasodilator Antihypertensive Drugs,False,False
36783211000001103,Iloprost,Iloprost 100micrograms/1ml solution for infusion ampoules 5 ampoule (product),Iloprost,,,Vasodilator Antihypertensive Drugs,False,False
4889411000001108,Iloprost,Iloprost 100micrograms/1ml solution for injection ampoules (Schering Health Care Ltd) (product),Iloprost,,,Vasodilator Antihypertensive Drugs,False,False
4889511000001107,Iloprost,Iloprost 100micrograms/1ml solution for injection ampoules (Schering Health Care Ltd) 1 ampoule (product),Iloprost,,,Vasodilator Antihypertensive Drugs,False,False
4889311000001101,Iloprost,Iloprost 100micrograms/1ml solution for injection ampoules 1 ampoule (product),Iloprost,,,Vasodilator Antihypertensive Drugs,False,False
36551511000001107,Iloprost,Iloprost 10micrograms/1ml nebuliser liquid ampoules 42 ampoule (product),Iloprost,,,Vasodilator Antihypertensive Drugs,False,False
11383011000001109,Iloprost,Iloprost 10micrograms/ml nebuliser liquid 1ml ampoules 168 ampoule (product),Iloprost,,,Vasodilator Antihypertensive Drugs,False,False
11382911000001101,Iloprost,Iloprost 10micrograms/ml nebuliser liquid 1ml ampoules 30 ampoule (product),Iloprost,,,Vasodilator Antihypertensive Drugs,False,False
7578311000001109,Iloprost,Iloprost 10micrograms/ml nebuliser liquid 2ml ampoules (product),Iloprost,,,Vasodilator Antihypertensive Drugs,False,False
7578511000001103,Iloprost,Iloprost 10micrograms/ml nebuliser liquid 2ml ampoules 100 ampoule (product),Iloprost,,,Vasodilator Antihypertensive Drugs,False,False
7578411000001102,Iloprost,Iloprost 10micrograms/ml nebuliser liquid 2ml ampoules 30 ampoule (product),Iloprost,,,Vasodilator Antihypertensive Drugs,False,False
7578611000001104,Iloprost,Iloprost 10micrograms/ml nebuliser liquid 2ml ampoules 300 ampoule (product),Iloprost,,,Vasodilator Antihypertensive Drugs,False,False
8960501000001106,Iloprost,ILOPROST 10micrograms/mL nebuliser solution 1mL ampoules (product),Iloprost,,,Vasodilator Antihypertensive Drugs,False,False
4460701000001101,Iloprost,Iloprost 10micrograms/mL nebuliser solution 2mL ampoule (product),Iloprost,,,Vasodilator Antihypertensive Drugs,False,False
34986511000001109,Iloprost,Iloprost 20micrograms/1ml nebuliser liquid ampoules (product),Iloprost,,,Vasodilator Antihypertensive Drugs,False,False
35108311000001109,Iloprost,Iloprost 20micrograms/1ml nebuliser liquid ampoules 168 ampoule (product),Iloprost,,,Vasodilator Antihypertensive Drugs,False,False
34970811000001101,Iloprost,Iloprost 20micrograms/1ml nebuliser liquid ampoules 30 ampoule (product),Iloprost,,,Vasodilator Antihypertensive Drugs,False,False
35791011000001108,Iloprost,Iloprost 20micrograms/1ml nebuliser liquid ampoules 42 ampoule (product),Iloprost,,,Vasodilator Antihypertensive Drugs,False,False
37112711000001107,Iloprost,Iloprost 50micrograms/0.5ml concentrate for solution for infusion ampoules (Colonis Pharma Ltd) (product),Iloprost,,,Vasodilator Antihypertensive Drugs,False,False
37112911000001109,Iloprost,Iloprost 50micrograms/0.5ml concentrate for solution for infusion ampoules (Colonis Pharma Ltd) 1 ampoule (product),Iloprost,,,Vasodilator Antihypertensive Drugs,False,False
37113011000001101,Iloprost,Iloprost 50micrograms/0.5ml concentrate for solution for infusion ampoules (Colonis Pharma Ltd) 5 ampoule (product),Iloprost,,,Vasodilator Antihypertensive Drugs,False,False
37112811000001104,Iloprost,Iloprost 50micrograms/0.5ml solution for infusion ampoules 5 ampoule (product),Iloprost,,,Vasodilator Antihypertensive Drugs,False,False
4897711000001106,Iloprost,Iloprost 50micrograms/0.5ml solution for injection ampoules (product),Iloprost,,,Vasodilator Antihypertensive Drugs,False,False
4889711000001102,Iloprost,Iloprost 50micrograms/0.5ml solution for injection ampoules (Schering Health Care Ltd) (product),Iloprost,,,Vasodilator Antihypertensive Drugs,False,False
4889811000001105,Iloprost,Iloprost 50micrograms/0.5ml solution for injection ampoules (Schering Health Care Ltd) 1 ampoule (product),Iloprost,,,Vasodilator Antihypertensive Drugs,False,False
4889611000001106,Iloprost,Iloprost 50micrograms/0.5ml solution for injection ampoules 1 ampoule (product),Iloprost,,,Vasodilator Antihypertensive Drugs,False,False
4898611000001103,Iloprost,Iloprost trometamol (substance),Iloprost,,,Vasodilator Antihypertensive Drugs,False,False
3560911000001105,Indoramin,Indoramin (substance),Indoramin,,,Alpha-Adrenoceptor Blocking Drugs,False,False
16401000001105,Indoramin,Indoramin 20mg tablet - product,Indoramin,,20 mg,Alpha-Adrenoceptor Blocking Drugs,False,False
9050311000001103,Indoramin,Indoramin 20mg tablets (A A H Pharmaceuticals Ltd) (product),Indoramin,,20 mg,Alpha-Adrenoceptor Blocking Drugs,False,False
9050411000001105,Indoramin,Indoramin 20mg tablets (A A H Pharmaceuticals Ltd) 60 tablet (product),Indoramin,60.0,20 mg,Alpha-Adrenoceptor Blocking Drugs,False,False
19819211000001109,Indoramin,Indoramin 20mg tablets (Almus Pharmaceuticals Ltd) (product),Indoramin,,20 mg,Alpha-Adrenoceptor Blocking Drugs,False,False
19819311000001101,Indoramin,Indoramin 20mg tablets (Almus Pharmaceuticals Ltd) 60 tablet (product),Indoramin,60.0,20 mg,Alpha-Adrenoceptor Blocking Drugs,False,False
24176811000001103,Indoramin,Indoramin 20mg tablets (DE Pharmaceuticals) (product),Indoramin,,20 mg,Alpha-Adrenoceptor Blocking Drugs,False,False
24177011000001107,Indoramin,Indoramin 20mg tablets (DE Pharmaceuticals) 60 tablet (product),Indoramin,60.0,20 mg,Alpha-Adrenoceptor Blocking Drugs,False,False
33789311000001103,Indoramin,Indoramin 20mg tablets (Essential Generics Ltd) (product),Indoramin,,20 mg,Alpha-Adrenoceptor Blocking Drugs,False,False
33789511000001109,Indoramin,Indoramin 20mg tablets (Essential Generics Ltd) 60 tablet 4 x 15 tablets (product),Indoramin,60.0,20 mg,Alpha-Adrenoceptor Blocking Drugs,False,False
7814111000001106,Indoramin,Indoramin 20mg tablets (Generics (UK) Ltd) (product),Indoramin,,20 mg,Alpha-Adrenoceptor Blocking Drugs,False,False
7814511000001102,Indoramin,Indoramin 20mg tablets (Generics (UK) Ltd) 60 tablet (product),Indoramin,60.0,20 mg,Alpha-Adrenoceptor Blocking Drugs,False,False
7976711000001102,Indoramin,Indoramin 20mg tablets (Kent Pharmaceuticals Ltd) (product),Indoramin,,20 mg,Alpha-Adrenoceptor Blocking Drugs,False,False
7976811000001105,Indoramin,Indoramin 20mg tablets (Kent Pharmaceuticals Ltd) 60 tablet (product),Indoramin,60.0,20 mg,Alpha-Adrenoceptor Blocking Drugs,False,False
30214111000001109,Indoramin,Indoramin 20mg tablets (Mawdsley-Brooks & Company Ltd) (product),Indoramin,,20 mg,Alpha-Adrenoceptor Blocking Drugs,False,False
30214211000001103,Indoramin,Indoramin 20mg tablets (Mawdsley-Brooks & Company Ltd) 60 tablet (product),Indoramin,60.0,20 mg,Alpha-Adrenoceptor Blocking Drugs,False,False
17933011000001109,Indoramin,Indoramin 20mg tablets (Phoenix Healthcare Distribution Ltd) (product),Indoramin,,20 mg,Alpha-Adrenoceptor Blocking Drugs,False,False
17934811000001100,Indoramin,Indoramin 20mg tablets (Phoenix Healthcare Distribution Ltd) 60 tablet (product),Indoramin,60.0,20 mg,Alpha-Adrenoceptor Blocking Drugs,False,False
15102011000001105,Indoramin,Indoramin 20mg tablets (Sigma Pharmaceuticals Plc) (product),Indoramin,,20 mg,Alpha-Adrenoceptor Blocking Drugs,False,False
15102111000001106,Indoramin,Indoramin 20mg tablets (Sigma Pharmaceuticals Plc) 60 tablet (product),Indoramin,60.0,20 mg,Alpha-Adrenoceptor Blocking Drugs,False,False
8094511000001106,Indoramin,Indoramin 20mg tablets (Unichem Plc) (product),Indoramin,,20 mg,Alpha-Adrenoceptor Blocking Drugs,False,False
8094611000001105,Indoramin,Indoramin 20mg tablets (Unichem Plc) 60 tablet (product),Indoramin,60.0,20 mg,Alpha-Adrenoceptor Blocking Drugs,False,False
22061811000001100,Indoramin,Indoramin 20mg tablets (Waymade Healthcare Plc) (product),Indoramin,,20 mg,Alpha-Adrenoceptor Blocking Drugs,False,False
22062011000001103,Indoramin,Indoramin 20mg tablets (Waymade Healthcare Plc) 60 tablet (product),Indoramin,60.0,20 mg,Alpha-Adrenoceptor Blocking Drugs,False,False
3354311000001105,Indoramin,Indoramin 20mg tablets 60 tablet (product),Indoramin,60.0,20 mg,Alpha-Adrenoceptor Blocking Drugs,False,False
87101000001103,Indoramin,Indoramin 25mg tablet - product,Indoramin,,25 mg,Alpha-Adrenoceptor Blocking Drugs,False,False
18033611000001101,Indoramin,Indoramin 25mg tablets (A A H Pharmaceuticals Ltd) (product),Indoramin,,25 mg,Alpha-Adrenoceptor Blocking Drugs,False,False
18033711000001105,Indoramin,Indoramin 25mg tablets (A A H Pharmaceuticals Ltd) 84 tablet (product),Indoramin,84.0,25 mg,Alpha-Adrenoceptor Blocking Drugs,False,False
18255411000001107,Indoramin,Indoramin 25mg tablets (Alliance Healthcare (Distribution) Ltd) (product),Indoramin,,25 mg,Alpha-Adrenoceptor Blocking Drugs,False,False
18255511000001106,Indoramin,Indoramin 25mg tablets (Alliance Healthcare (Distribution) Ltd) 84 tablet (product),Indoramin,84.0,25 mg,Alpha-Adrenoceptor Blocking Drugs,False,False
18126411000001101,Indoramin,Indoramin 25mg tablets (Phoenix Healthcare Distribution Ltd) (product),Indoramin,,25 mg,Alpha-Adrenoceptor Blocking Drugs,False,False
18126611000001103,Indoramin,Indoramin 25mg tablets (Phoenix Healthcare Distribution Ltd) 84 tablet (product),Indoramin,84.0,25 mg,Alpha-Adrenoceptor Blocking Drugs,False,False
19706111000001106,Indoramin,Indoramin 25mg tablets (Sovereign Medical Ltd) (product),Indoramin,,25 mg,Alpha-Adrenoceptor Blocking Drugs,False,False
19706311000001108,Indoramin,Indoramin 25mg tablets (Sovereign Medical Ltd) 84 tablet (product),Indoramin,84.0,25 mg,Alpha-Adrenoceptor Blocking Drugs,False,False
3689011000001106,Indoramin,Indoramin 25mg tablets 84 tablet (product),Indoramin,84.0,25 mg,Alpha-Adrenoceptor Blocking Drugs,False,False
164201000001108,Indoramin,Indoramin 50mg tablet,Indoramin,,50 mg,Alpha-Adrenoceptor Blocking Drugs,False,False
3561011000001102,Indoramin,Indoramin hydrochloride (substance),Indoramin,,,Alpha-Adrenoceptor Blocking Drugs,False,False
9531801000001100,Innovace,Innovace (product),Enalapril Maleate,,,Angiotensin-Converting Enzyme Inhibitors,False,False
2651601000001102,Innovace,Innovace (qualifier value),Enalapril Maleate,,,Angiotensin-Converting Enzyme Inhibitors,False,False
308301000001103,Innovace,Innovace 10mg tablet,Enalapril Maleate,,10 mg,Angiotensin-Converting Enzyme Inhibitors,False,False
16514811000001103,Innovace,Innovace 10mg tablets (Mawdsley-Brooks & Company Ltd) (product),Enalapril Maleate,,10 mg,Angiotensin-Converting Enzyme Inhibitors,False,False
16515011000001108,Innovace,Innovace 10mg tablets (Mawdsley-Brooks & Company Ltd) 28 tablet (product),Enalapril Maleate,28.0,10 mg,Angiotensin-Converting Enzyme Inhibitors,False,False
316111000001104,Innovace,Innovace 10mg tablets (Merck Sharp & Dohme Ltd) (product),Enalapril Maleate,,10 mg,Angiotensin-Converting Enzyme Inhibitors,False,False
1441411000001101,Innovace,Innovace 10mg tablets (Merck Sharp & Dohme Ltd) 28 tablet 4 x 7 tablets (product),Enalapril Maleate,28.0,10 mg,Angiotensin-Converting Enzyme Inhibitors,False,False
5577711000001108,Innovace,Innovace 10mg tablets (PI) (Dowelhurst Ltd) (product),Enalapril Maleate,,10 mg,Angiotensin-Converting Enzyme Inhibitors,False,False
5577911000001105,Innovace,Innovace 10mg tablets (PI) (Dowelhurst Ltd) 28 tablet 4 x 7 tablets (product),Enalapril Maleate,28.0,10 mg,Angiotensin-Converting Enzyme Inhibitors,False,False
10839011000001107,Innovace,Innovace 10mg tablets (PI) (Waymade Ltd) (product),Enalapril Maleate,,10 mg,Angiotensin-Converting Enzyme Inhibitors,False,False
10839111000001108,Innovace,Innovace 10mg tablets (PI) (Waymade Ltd) 28 tablet (product),Enalapril Maleate,28.0,10 mg,Angiotensin-Converting Enzyme Inhibitors,False,False
861201000001100,Innovace,Innovace 10mg tablets x28,Enalapril Maleate,,10 mg,Angiotensin-Converting Enzyme Inhibitors,False,False
749611000001107,Innovace,Innovace 2.5 mg tablets (Merck Sharp & Dohme Ltd) (product),Enalapril Maleate,,2.5 mg,Angiotensin-Converting Enzyme Inhibitors,False,False
1357411000001103,Innovace,Innovace 2.5 mg tablets (Merck Sharp & Dohme Ltd) 28 tablet 4 x 7 tablets (product),Enalapril Maleate,28.0,2.5 mg,Angiotensin-Converting Enzyme Inhibitors,False,False
157701000001102,Innovace,Innovace 2.5mg tablet,Enalapril Maleate,,2.5 mg,Angiotensin-Converting Enzyme Inhibitors,False,False
378301000001106,Innovace,Innovace 20mg tablet,Enalapril Maleate,,20 mg,Angiotensin-Converting Enzyme Inhibitors,False,False
16515311000001106,Innovace,Innovace 20mg tablets (Mawdsley-Brooks & Company Ltd) (product),Enalapril Maleate,,20 mg,Angiotensin-Converting Enzyme Inhibitors,False,False
16515611000001101,Innovace,Innovace 20mg tablets (Mawdsley-Brooks & Company Ltd) 28 tablet (product),Enalapril Maleate,28.0,20 mg,Angiotensin-Converting Enzyme Inhibitors,False,False
302311000001104,Innovace,Innovace 20mg tablets (Merck Sharp & Dohme Ltd) (product),Enalapril Maleate,,20 mg,Angiotensin-Converting Enzyme Inhibitors,False,False
1430111000001104,Innovace,Innovace 20mg tablets (Merck Sharp & Dohme Ltd) 28 tablet 4 x 7 tablets (product),Enalapril Maleate,28.0,20 mg,Angiotensin-Converting Enzyme Inhibitors,False,False
10505611000001108,Innovace,Innovace 20mg tablets (PI) (Dowelhurst Ltd) (product),Enalapril Maleate,,20 mg,Angiotensin-Converting Enzyme Inhibitors,False,False
10505711000001104,Innovace,Innovace 20mg tablets (PI) (Dowelhurst Ltd) 28 tablet (product),Enalapril Maleate,28.0,20 mg,Angiotensin-Converting Enzyme Inhibitors,False,False
10767411000001102,Innovace,Innovace 20mg tablets (PI) (Waymade Ltd) (product),Enalapril Maleate,,20 mg,Angiotensin-Converting Enzyme Inhibitors,False,False
10767511000001103,Innovace,Innovace 20mg tablets (PI) (Waymade Ltd) 28 tablet (product),Enalapril Maleate,28.0,20 mg,Angiotensin-Converting Enzyme Inhibitors,False,False
861301000001109,Innovace,Innovace 20mg tablets x28,Enalapril Maleate,,20 mg,Angiotensin-Converting Enzyme Inhibitors,False,False
237401000001107,Innovace,Innovace 5mg tablet,Enalapril Maleate,,5 mg,Angiotensin-Converting Enzyme Inhibitors,False,False
13916111000001102,Innovace,Innovace 5mg tablets (Doncaster Pharmaceuticals Ltd) (product),Enalapril Maleate,,5 mg,Angiotensin-Converting Enzyme Inhibitors,False,False
13916211000001108,Innovace,Innovace 5mg tablets (Doncaster Pharmaceuticals Ltd) 28 tablet (product),Enalapril Maleate,28.0,5 mg,Angiotensin-Converting Enzyme Inhibitors,False,False
16514311000001107,Innovace,Innovace 5mg tablets (Mawdsley-Brooks & Company Ltd) (product),Enalapril Maleate,,5 mg,Angiotensin-Converting Enzyme Inhibitors,False,False
16514511000001101,Innovace,Innovace 5mg tablets (Mawdsley-Brooks & Company Ltd) 28 tablet (product),Enalapril Maleate,28.0,5 mg,Angiotensin-Converting Enzyme Inhibitors,False,False
730211000001104,Innovace,Innovace 5mg tablets (Merck Sharp & Dohme Ltd) (product),Enalapril Maleate,,5 mg,Angiotensin-Converting Enzyme Inhibitors,False,False
1451111000001109,Innovace,Innovace 5mg tablets (Merck Sharp & Dohme Ltd) 28 tablet 4 x 7 tablets (product),Enalapril Maleate,28.0,5 mg,Angiotensin-Converting Enzyme Inhibitors,False,False
10505311000001103,Innovace,Innovace 5mg tablets (PI) (Dowelhurst Ltd) (product),Enalapril Maleate,,5 mg,Angiotensin-Converting Enzyme Inhibitors,False,False
10505511000001109,Innovace,Innovace 5mg tablets (PI) (Dowelhurst Ltd) 28 tablet (product),Enalapril Maleate,28.0,5 mg,Angiotensin-Converting Enzyme Inhibitors,False,False
10838811000001108,Innovace,Innovace 5mg tablets (PI) (Waymade Ltd) (product),Enalapril Maleate,,5 mg,Angiotensin-Converting Enzyme Inhibitors,False,False
10838911000001103,Innovace,Innovace 5mg tablets (PI) (Waymade Ltd) 28 tablet (product),Enalapril Maleate,28.0,5 mg,Angiotensin-Converting Enzyme Inhibitors,False,False
861101000001107,Innovace,Innovace 5mg tablets x28,Enalapril Maleate,,5 mg,Angiotensin-Converting Enzyme Inhibitors,False,False
3324101000001105,Innovace,Innovace Melt (qualifier value),Enalapril Maleate,,,Angiotensin-Converting Enzyme Inhibitors,False,False
3327501000001109,Innovace,Innovace Melt 10mg wafer,Enalapril Maleate,,10 mg,Angiotensin-Converting Enzyme Inhibitors,False,False
3327301000001102,Innovace,Innovace Melt 2.5mg wafer,Enalapril Maleate,,2.5 mg,Angiotensin-Converting Enzyme Inhibitors,False,False
3324001000001109,Innovace,Innovace Melt 20mg wafer,Enalapril Maleate,,20 mg,Angiotensin-Converting Enzyme Inhibitors,False,False
3327401000001105,Innovace,Innovace Melt 5mg wafer,Enalapril Maleate,,5 mg,Angiotensin-Converting Enzyme Inhibitors,False,False
339301000001101,Innovace,Innovace tablet starter pack,Enalapril Maleate,,,Angiotensin-Converting Enzyme Inhibitors,False,False
9507601000001100,Innozide,Innozide (product),Enalapril Maleate,,,Angiotensin-Converting Enzyme Inhibitors,False,False
2651701000001107,Innozide,Innozide (qualifier value),Enalapril Maleate,,,Angiotensin-Converting Enzyme Inhibitors,False,False
16192711000001107,Innozide,Innozide 20mg/12.5mg tablets (Lexon (UK) Ltd) (product),Enalapril Maleate,,20 mg,Angiotensin-Converting Enzyme Inhibitors,False,False
16192911000001109,Innozide,Innozide 20mg/12.5mg tablets (Lexon (UK) Ltd) 28 tablet (product),Enalapril Maleate,28.0,20 mg,Angiotensin-Converting Enzyme Inhibitors,False,False
16515811000001102,Innozide,Innozide 20mg/12.5mg tablets (Mawdsley-Brooks & Company Ltd) (product),Enalapril Maleate,,20 mg,Angiotensin-Converting Enzyme Inhibitors,False,False
16516011000001104,Innozide,Innozide 20mg/12.5mg tablets (Mawdsley-Brooks & Company Ltd) 28 tablet (product),Enalapril Maleate,28.0,20 mg,Angiotensin-Converting Enzyme Inhibitors,False,False
146811000001108,Innozide,Innozide 20mg/12.5mg tablets (Merck Sharp & Dohme Ltd) (product),Enalapril Maleate,,20 mg,Angiotensin-Converting Enzyme Inhibitors,False,False
1631211000001102,Innozide,Innozide 20mg/12.5mg tablets (Merck Sharp & Dohme Ltd) 28 tablet 4 x 7 tablets (product),Enalapril Maleate,28.0,20 mg,Angiotensin-Converting Enzyme Inhibitors,False,False
14254311000001103,Innozide,Innozide 20mg/12.5mg tablets (Sigma Pharmaceuticals Plc) (product),Enalapril Maleate,,20 mg,Angiotensin-Converting Enzyme Inhibitors,False,False
14254411000001105,Innozide,Innozide 20mg/12.5mg tablets (Sigma Pharmaceuticals Plc) 28 tablet (product),Enalapril Maleate,28.0,20 mg,Angiotensin-Converting Enzyme Inhibitors,False,False
20562111000001105,Innozide,Innozide 20mg/12.5mg tablets (Waymade Healthcare Plc) (product),Enalapril Maleate,,20 mg,Angiotensin-Converting Enzyme Inhibitors,False,False
20562211000001104,Innozide,Innozide 20mg/12.5mg tablets (Waymade Healthcare Plc) 28 tablet (product),Enalapril Maleate,28.0,20 mg,Angiotensin-Converting Enzyme Inhibitors,False,False
448601000001109,Innozide,Innozide tablet,Enalapril Maleate,,,Angiotensin-Converting Enzyme Inhibitors,False,False
3562311000001108,Irbesartan,Irbesartan (substance),Irbesartan,,,Angiotensin-II Receptor Antagonists,False,False
36774811000001105,Irbesartan,Irbesartan 100mg/5ml oral suspension (product),Irbesartan,,100 mg/5 ml,Angiotensin-II Receptor Antagonists,False,False
36772211000001100,Irbesartan,Irbesartan 100mg/5ml oral suspension (Special Order) (product),Irbesartan,,100 mg/5 ml,Angiotensin-II Receptor Antagonists,False,False
36772311000001108,Irbesartan,Irbesartan 100mg/5ml oral suspension (Special Order) 1 ml (product),Irbesartan,,100 mg/5 ml,Angiotensin-II Receptor Antagonists,False,False
36772111000001106,Irbesartan,Irbesartan 100mg/5ml oral suspension 1 ml (product),Irbesartan,,100 mg/5 ml,Angiotensin-II Receptor Antagonists,False,False
23478711000001106,Irbesartan,Irbesartan 150mg / Hydrochlorothiazide 12.5mg tablets (A A H Pharmaceuticals Ltd) (product),Irbesartan,,150 mg,Angiotensin-II Receptor Antagonists,False,True
23478911000001108,Irbesartan,Irbesartan 150mg / Hydrochlorothiazide 12.5mg tablets (A A H Pharmaceuticals Ltd) 28 tablet 2 x 14 tablets (product),Irbesartan,28.0,150 mg,Angiotensin-II Receptor Antagonists,False,True
23472411000001102,Irbesartan,Irbesartan 150mg / Hydrochlorothiazide 12.5mg tablets (Actavis UK Ltd) (product),Irbesartan,,150 mg,Angiotensin-II Receptor Antagonists,False,True
23472511000001103,Irbesartan,Irbesartan 150mg / Hydrochlorothiazide 12.5mg tablets (Actavis UK Ltd) 28 tablet 2 x 14 tablets (product),Irbesartan,28.0,150 mg,Angiotensin-II Receptor Antagonists,False,True
23480911000001100,Irbesartan,Irbesartan 150mg / Hydrochlorothiazide 12.5mg tablets (Alliance Healthcare (Distribution) Ltd) (product),Irbesartan,,150 mg,Angiotensin-II Receptor Antagonists,False,True
23481011000001108,Irbesartan,Irbesartan 150mg / Hydrochlorothiazide 12.5mg tablets (Alliance Healthcare (Distribution) Ltd) 28 tablet 2 x 14 tablets (product),Irbesartan,28.0,150 mg,Angiotensin-II Receptor Antagonists,False,True
26763511000001103,Irbesartan,Irbesartan 150mg / Hydrochlorothiazide 12.5mg tablets (Lupin (Europe) Ltd) (product),Irbesartan,,150 mg,Angiotensin-II Receptor Antagonists,False,True
26763811000001100,Irbesartan,Irbesartan 150mg / Hydrochlorothiazide 12.5mg tablets (Lupin (Europe) Ltd) 28 tablet (product),Irbesartan,28.0,150 mg,Angiotensin-II Receptor Antagonists,False,True
29672611000001103,Irbesartan,Irbesartan 150mg / Hydrochlorothiazide 12.5mg tablets (Macleods Pharma UK Ltd) (product),Irbesartan,,150 mg,Angiotensin-II Receptor Antagonists,False,True
29672711000001107,Irbesartan,Irbesartan 150mg / Hydrochlorothiazide 12.5mg tablets (Macleods Pharma UK Ltd) 28 tablet (product),Irbesartan,28.0,150 mg,Angiotensin-II Receptor Antagonists,False,True
30215211000001102,Irbesartan,Irbesartan 150mg / Hydrochlorothiazide 12.5mg tablets (Mawdsley-Brooks & Company Ltd) (product),Irbesartan,,150 mg,Angiotensin-II Receptor Antagonists,False,True
30215411000001103,Irbesartan,Irbesartan 150mg / Hydrochlorothiazide 12.5mg tablets (Mawdsley-Brooks & Company Ltd) 28 tablet (product),Irbesartan,28.0,150 mg,Angiotensin-II Receptor Antagonists,False,True
23954111000001100,Irbesartan,Irbesartan 150mg / Hydrochlorothiazide 12.5mg tablets (Milpharm Ltd) (product),Irbesartan,,150 mg,Angiotensin-II Receptor Antagonists,False,True
23954211000001106,Irbesartan,Irbesartan 150mg / Hydrochlorothiazide 12.5mg tablets (Milpharm Ltd) 28 tablet 2 x 14 tablets (product),Irbesartan,28.0,150 mg,Angiotensin-II Receptor Antagonists,False,True
33600511000001109,Irbesartan,Irbesartan 150mg / Hydrochlorothiazide 12.5mg tablets (Mylan Ltd) (product),Irbesartan,,150 mg,Angiotensin-II Receptor Antagonists,False,True
33600611000001108,Irbesartan,Irbesartan 150mg / Hydrochlorothiazide 12.5mg tablets (Mylan Ltd) 28 tablet (product),Irbesartan,28.0,150 mg,Angiotensin-II Receptor Antagonists,False,True
29880711000001106,Irbesartan,Irbesartan 150mg / Hydrochlorothiazide 12.5mg tablets (Sigma Pharmaceuticals Plc) (product),Irbesartan,,150 mg,Angiotensin-II Receptor Antagonists,False,True
29880811000001103,Irbesartan,Irbesartan 150mg / Hydrochlorothiazide 12.5mg tablets (Sigma Pharmaceuticals Plc) 28 tablet (product),Irbesartan,28.0,150 mg,Angiotensin-II Receptor Antagonists,False,True
23310011000001106,Irbesartan,Irbesartan 150mg / Hydrochlorothiazide 12.5mg tablets (Teva UK Ltd) (product),Irbesartan,,150 mg,Angiotensin-II Receptor Antagonists,False,True
23310111000001107,Irbesartan,Irbesartan 150mg / Hydrochlorothiazide 12.5mg tablets (Teva UK Ltd) 28 tablet 2 x 14 tablets (product),Irbesartan,28.0,150 mg,Angiotensin-II Receptor Antagonists,False,True
1321911000001104,Irbesartan,Irbesartan 150mg / Hydrochlorothiazide 12.5mg tablets 28 tablet (product),Irbesartan,28.0,150 mg,Angiotensin-II Receptor Antagonists,False,True
3036601000001107,Irbesartan,Irbesartan 150mg tablet - product,Irbesartan,,150 mg,Angiotensin-II Receptor Antagonists,False,False
21230711000001102,Irbesartan,Irbesartan 150mg tablets (A A H Pharmaceuticals Ltd) (product),Irbesartan,,150 mg,Angiotensin-II Receptor Antagonists,False,False
21230811000001105,Irbesartan,Irbesartan 150mg tablets (A A H Pharmaceuticals Ltd) 28 tablet 2 x 14 tablets (product),Irbesartan,28.0,150 mg,Angiotensin-II Receptor Antagonists,False,False
21285011000001103,Irbesartan,Irbesartan 150mg tablets (Accord Healthcare Ltd) (product),Irbesartan,,150 mg,Angiotensin-II Receptor Antagonists,False,False
21285411000001107,Irbesartan,Irbesartan 150mg tablets (Accord Healthcare Ltd) 28 tablet (product),Irbesartan,28.0,150 mg,Angiotensin-II Receptor Antagonists,False,False
21219211000001108,Irbesartan,Irbesartan 150mg tablets (Actavis UK Ltd) (product),Irbesartan,,150 mg,Angiotensin-II Receptor Antagonists,False,False
21219311000001100,Irbesartan,Irbesartan 150mg tablets (Actavis UK Ltd) 28 tablet 2 x 14 tablets (product),Irbesartan,28.0,150 mg,Angiotensin-II Receptor Antagonists,False,False
21123311000001108,Irbesartan,Irbesartan 150mg tablets (Alliance Healthcare (Distribution) Ltd) (product),Irbesartan,,150 mg,Angiotensin-II Receptor Antagonists,False,False
21123511000001102,Irbesartan,Irbesartan 150mg tablets (Alliance Healthcare (Distribution) Ltd) 28 tablet 4 x 7 tablets (product),Irbesartan,28.0,150 mg,Angiotensin-II Receptor Antagonists,False,False
22336911000001106,Irbesartan,Irbesartan 150mg tablets (Aptil Pharma Ltd) (product),Irbesartan,,150 mg,Angiotensin-II Receptor Antagonists,False,False
22337011000001105,Irbesartan,Irbesartan 150mg tablets (Aptil Pharma Ltd) 28 tablet 2 x 14 tablets (product),Irbesartan,28.0,150 mg,Angiotensin-II Receptor Antagonists,False,False
21228511000001108,Irbesartan,Irbesartan 150mg tablets (Arrow Generics Ltd) (product),Irbesartan,,150 mg,Angiotensin-II Receptor Antagonists,False,False
21228611000001107,Irbesartan,Irbesartan 150mg tablets (Arrow Generics Ltd) 28 tablet 2 x 14 tablets (product),Irbesartan,28.0,150 mg,Angiotensin-II Receptor Antagonists,False,False
36599411000001100,Irbesartan,Irbesartan 150mg tablets (Bristol Laboratories Ltd) (product),Irbesartan,,150 mg,Angiotensin-II Receptor Antagonists,False,False
36599511000001101,Irbesartan,Irbesartan 150mg tablets (Bristol Laboratories Ltd) 28 tablet 2 x 14 tablets (product),Irbesartan,28.0,150 mg,Angiotensin-II Receptor Antagonists,False,False
24177311000001105,Irbesartan,Irbesartan 150mg tablets (DE Pharmaceuticals) (product),Irbesartan,,150 mg,Angiotensin-II Receptor Antagonists,False,False
24177511000001104,Irbesartan,Irbesartan 150mg tablets (DE Pharmaceuticals) 28 tablet (product),Irbesartan,28.0,150 mg,Angiotensin-II Receptor Antagonists,False,False
21015011000001108,Irbesartan,Irbesartan 150mg tablets (Dexcel-Pharma Ltd) (product),Irbesartan,,150 mg,Angiotensin-II Receptor Antagonists,False,False
21015111000001109,Irbesartan,Irbesartan 150mg tablets (Dexcel-Pharma Ltd) 28 tablet 2 x 14 tablets (product),Irbesartan,28.0,150 mg,Angiotensin-II Receptor Antagonists,False,False
13916611000001105,Irbesartan,Irbesartan 150mg tablets (Doncaster Pharmaceuticals Ltd) (product),Irbesartan,,150 mg,Angiotensin-II Receptor Antagonists,False,False
13916711000001101,Irbesartan,Irbesartan 150mg tablets (Doncaster Pharmaceuticals Ltd) 28 tablet (product),Irbesartan,28.0,150 mg,Angiotensin-II Receptor Antagonists,False,False
21624111000001107,Irbesartan,Irbesartan 150mg tablets (Dr Reddy's Laboratories (UK) Ltd) (product),Irbesartan,,150 mg,Angiotensin-II Receptor Antagonists,False,False
21624211000001101,Irbesartan,Irbesartan 150mg tablets (Dr Reddy's Laboratories (UK) Ltd) 28 tablet 2 x 14 tablets (product),Irbesartan,28.0,150 mg,Angiotensin-II Receptor Antagonists,False,False
27588011000001102,Irbesartan,Irbesartan 150mg tablets (Lupin (Europe) Ltd) (product),Irbesartan,,150 mg,Angiotensin-II Receptor Antagonists,False,False
27588311000001104,Irbesartan,Irbesartan 150mg tablets (Lupin (Europe) Ltd) 28 tablet (product),Irbesartan,28.0,150 mg,Angiotensin-II Receptor Antagonists,False,False
29672211000001100,Irbesartan,Irbesartan 150mg tablets (Macleods Pharma UK Ltd) (product),Irbesartan,,150 mg,Angiotensin-II Receptor Antagonists,False,False
29672311000001108,Irbesartan,Irbesartan 150mg tablets (Macleods Pharma UK Ltd) 28 tablet (product),Irbesartan,28.0,150 mg,Angiotensin-II Receptor Antagonists,False,False
16532011000001108,Irbesartan,Irbesartan 150mg tablets (Mawdsley-Brooks & Company Ltd) (product),Irbesartan,,150 mg,Angiotensin-II Receptor Antagonists,False,False
16532111000001109,Irbesartan,Irbesartan 150mg tablets (Mawdsley-Brooks & Company Ltd) 28 tablet (product),Irbesartan,28.0,150 mg,Angiotensin-II Receptor Antagonists,False,False
23957611000001102,Irbesartan,Irbesartan 150mg tablets (Milpharm Ltd) (product),Irbesartan,,150 mg,Angiotensin-II Receptor Antagonists,False,False
23957711000001106,Irbesartan,Irbesartan 150mg tablets (Milpharm Ltd) 28 tablet 2 x 14 tablets (product),Irbesartan,28.0,150 mg,Angiotensin-II Receptor Antagonists,False,False
33597711000001109,Irbesartan,Irbesartan 150mg tablets (Mylan Ltd) (product),Irbesartan,,150 mg,Angiotensin-II Receptor Antagonists,False,False
33597811000001101,Irbesartan,Irbesartan 150mg tablets (Mylan Ltd) 28 tablet (product),Irbesartan,28.0,150 mg,Angiotensin-II Receptor Antagonists,False,False
18269011000001108,Irbesartan,Irbesartan 150mg tablets (Necessity Supplies Ltd) (product),Irbesartan,,150 mg,Angiotensin-II Receptor Antagonists,False,False
18269111000001109,Irbesartan,Irbesartan 150mg tablets (Necessity Supplies Ltd) 28 tablet (product),Irbesartan,28.0,150 mg,Angiotensin-II Receptor Antagonists,False,False
10504811000001106,Irbesartan,Irbesartan 150mg tablets (PI) (Dowelhurst Ltd) (product),Irbesartan,,150 mg,Angiotensin-II Receptor Antagonists,False,False
10504911000001101,Irbesartan,Irbesartan 150mg tablets (PI) (Dowelhurst Ltd) 28 tablet (product),Irbesartan,28.0,150 mg,Angiotensin-II Receptor Antagonists,False,False
5395111000001105,Irbesartan,Irbesartan 150mg tablets (PI) (Waymade Ltd) (product),Irbesartan,,150 mg,Angiotensin-II Receptor Antagonists,False,False
5395311000001107,Irbesartan,Irbesartan 150mg tablets (PI) (Waymade Ltd) 28 tablet 2 x 14 tablets (product),Irbesartan,28.0,150 mg,Angiotensin-II Receptor Antagonists,False,False
22945611000001101,Irbesartan,Irbesartan 150mg tablets (Ranbaxy (UK) Ltd) (product),Irbesartan,,150 mg,Angiotensin-II Receptor Antagonists,False,False
22945811000001102,Irbesartan,Irbesartan 150mg tablets (Ranbaxy (UK) Ltd) 28 tablet 2 x 14 tablets (product),Irbesartan,28.0,150 mg,Angiotensin-II Receptor Antagonists,False,False
21993011000001101,Irbesartan,Irbesartan 150mg tablets (Sandoz Ltd) (product),Irbesartan,,150 mg,Angiotensin-II Receptor Antagonists,False,False
21993111000001100,Irbesartan,Irbesartan 150mg tablets (Sandoz Ltd) 28 tablet 2 x 14 tablets (product),Irbesartan,28.0,150 mg,Angiotensin-II Receptor Antagonists,False,False
29880111000001105,Irbesartan,Irbesartan 150mg tablets (Sigma Pharmaceuticals Plc) (product),Irbesartan,,150 mg,Angiotensin-II Receptor Antagonists,False,False
29880211000001104,Irbesartan,Irbesartan 150mg tablets (Sigma Pharmaceuticals Plc) 28 tablet (product),Irbesartan,28.0,150 mg,Angiotensin-II Receptor Antagonists,False,False
23665711000001106,Irbesartan,Irbesartan 150mg tablets (Sovereign Medical Ltd) (product),Irbesartan,,150 mg,Angiotensin-II Receptor Antagonists,False,False
23665811000001103,Irbesartan,Irbesartan 150mg tablets (Sovereign Medical Ltd) 28 tablet (product),Irbesartan,28.0,150 mg,Angiotensin-II Receptor Antagonists,False,False
21112911000001107,Irbesartan,Irbesartan 150mg tablets (Teva UK Ltd) (product),Irbesartan,,150 mg,Angiotensin-II Receptor Antagonists,False,False
21113011000001104,Irbesartan,Irbesartan 150mg tablets (Teva UK Ltd) 28 tablet 4 x 7 tablets (product),Irbesartan,28.0,150 mg,Angiotensin-II Receptor Antagonists,False,False
36847811000001100,Irbesartan,Irbesartan 150mg tablets (Torrent Pharma (UK) Ltd) (product),Irbesartan,,150 mg,Angiotensin-II Receptor Antagonists,False,False
36848011000001107,Irbesartan,Irbesartan 150mg tablets (Torrent Pharma (UK) Ltd) 28 tablet (product),Irbesartan,28.0,150 mg,Angiotensin-II Receptor Antagonists,False,False
23597411000001104,Irbesartan,Irbesartan 150mg tablets (Waymade Healthcare Plc) (product),Irbesartan,,150 mg,Angiotensin-II Receptor Antagonists,False,False
23597611000001101,Irbesartan,Irbesartan 150mg tablets (Waymade Healthcare Plc) 28 tablet (product),Irbesartan,28.0,150 mg,Angiotensin-II Receptor Antagonists,False,False
1126711000001102,Irbesartan,Irbesartan 150mg tablets 28 tablet (product),Irbesartan,28.0,150 mg,Angiotensin-II Receptor Antagonists,False,False
8580811000001101,Irbesartan,Irbesartan 150mg/5ml oral suspension (product),Irbesartan,,150 mg/5 ml,Angiotensin-II Receptor Antagonists,False,False
8546311000001102,Irbesartan,Irbesartan 150mg/5ml oral suspension (Special Order) (product),Irbesartan,,150 mg/5 ml,Angiotensin-II Receptor Antagonists,False,False
8546411000001109,Irbesartan,Irbesartan 150mg/5ml oral suspension (Special Order) 1 ml (product),Irbesartan,,150 mg/5 ml,Angiotensin-II Receptor Antagonists,False,False
8545811000001103,Irbesartan,Irbesartan 150mg/5ml oral suspension 1 ml (product),Irbesartan,,150 mg/5 ml,Angiotensin-II Receptor Antagonists,False,False
18852211000001107,Irbesartan,Irbesartan 20mg oral powder sachets (product),Irbesartan,,20 mg,Angiotensin-II Receptor Antagonists,False,False
18825311000001109,Irbesartan,Irbesartan 20mg oral powder sachets (Special Order) (product),Irbesartan,,20 mg,Angiotensin-II Receptor Antagonists,False,False
18825411000001102,Irbesartan,Irbesartan 20mg oral powder sachets (Special Order) 1 sachet (product),Irbesartan,,20 mg,Angiotensin-II Receptor Antagonists,False,False
18825211000001101,Irbesartan,Irbesartan 20mg oral powder sachets 1 sachet (product),Irbesartan,,20 mg,Angiotensin-II Receptor Antagonists,False,False
23479111000001103,Irbesartan,Irbesartan 300mg / Hydrochlorothiazide 12.5mg tablets (A A H Pharmaceuticals Ltd) (product),Irbesartan,,300 mg,Angiotensin-II Receptor Antagonists,False,True
23479211000001109,Irbesartan,Irbesartan 300mg / Hydrochlorothiazide 12.5mg tablets (A A H Pharmaceuticals Ltd) 28 tablet 2 x 14 tablets (product),Irbesartan,28.0,300 mg,Angiotensin-II Receptor Antagonists,False,True
23472611000001104,Irbesartan,Irbesartan 300mg / Hydrochlorothiazide 12.5mg tablets (Actavis UK Ltd) (product),Irbesartan,,300 mg,Angiotensin-II Receptor Antagonists,False,True
23472711000001108,Irbesartan,Irbesartan 300mg / Hydrochlorothiazide 12.5mg tablets (Actavis UK Ltd) 28 tablet 2 x 14 tablets (product),Irbesartan,28.0,300 mg,Angiotensin-II Receptor Antagonists,False,True
23481111000001109,Irbesartan,Irbesartan 300mg / Hydrochlorothiazide 12.5mg tablets (Alliance Healthcare (Distribution) Ltd) (product),Irbesartan,,300 mg,Angiotensin-II Receptor Antagonists,False,True
23481211000001103,Irbesartan,Irbesartan 300mg / Hydrochlorothiazide 12.5mg tablets (Alliance Healthcare (Distribution) Ltd) 28 tablet 2 x 14 tablets (product),Irbesartan,28.0,300 mg,Angiotensin-II Receptor Antagonists,False,True
26764611000001101,Irbesartan,Irbesartan 300mg / Hydrochlorothiazide 12.5mg tablets (Lupin (Europe) Ltd) (product),Irbesartan,,300 mg,Angiotensin-II Receptor Antagonists,False,True
26764711000001105,Irbesartan,Irbesartan 300mg / Hydrochlorothiazide 12.5mg tablets (Lupin (Europe) Ltd) 28 tablet (product),Irbesartan,28.0,300 mg,Angiotensin-II Receptor Antagonists,False,True
29672811000001104,Irbesartan,Irbesartan 300mg / Hydrochlorothiazide 12.5mg tablets (Macleods Pharma UK Ltd) (product),Irbesartan,,300 mg,Angiotensin-II Receptor Antagonists,False,True
29672911000001109,Irbesartan,Irbesartan 300mg / Hydrochlorothiazide 12.5mg tablets (Macleods Pharma UK Ltd) 28 tablet (product),Irbesartan,28.0,300 mg,Angiotensin-II Receptor Antagonists,False,True
30215611000001100,Irbesartan,Irbesartan 300mg / Hydrochlorothiazide 12.5mg tablets (Mawdsley-Brooks & Company Ltd) (product),Irbesartan,,300 mg,Angiotensin-II Receptor Antagonists,False,True
30215711000001109,Irbesartan,Irbesartan 300mg / Hydrochlorothiazide 12.5mg tablets (Mawdsley-Brooks & Company Ltd) 28 tablet (product),Irbesartan,28.0,300 mg,Angiotensin-II Receptor Antagonists,False,True
23954311000001103,Irbesartan,Irbesartan 300mg / Hydrochlorothiazide 12.5mg tablets (Milpharm Ltd) (product),Irbesartan,,300 mg,Angiotensin-II Receptor Antagonists,False,True
23954411000001105,Irbesartan,Irbesartan 300mg / Hydrochlorothiazide 12.5mg tablets (Milpharm Ltd) 28 tablet 2 x 14 tablets (product),Irbesartan,28.0,300 mg,Angiotensin-II Receptor Antagonists,False,True
33600711000001104,Irbesartan,Irbesartan 300mg / Hydrochlorothiazide 12.5mg tablets (Mylan Ltd) (product),Irbesartan,,300 mg,Angiotensin-II Receptor Antagonists,False,True
33600811000001107,Irbesartan,Irbesartan 300mg / Hydrochlorothiazide 12.5mg tablets (Mylan Ltd) 28 tablet (product),Irbesartan,28.0,300 mg,Angiotensin-II Receptor Antagonists,False,True
29880911000001108,Irbesartan,Irbesartan 300mg / Hydrochlorothiazide 12.5mg tablets (Sigma Pharmaceuticals Plc) (product),Irbesartan,,300 mg,Angiotensin-II Receptor Antagonists,False,True
29886811000001101,Irbesartan,Irbesartan 300mg / Hydrochlorothiazide 12.5mg tablets (Sigma Pharmaceuticals Plc) 28 tablet (product),Irbesartan,28.0,300 mg,Angiotensin-II Receptor Antagonists,False,True
23310211000001101,Irbesartan,Irbesartan 300mg / Hydrochlorothiazide 12.5mg tablets (Teva UK Ltd) (product),Irbesartan,,300 mg,Angiotensin-II Receptor Antagonists,False,True
23310311000001109,Irbesartan,Irbesartan 300mg / Hydrochlorothiazide 12.5mg tablets (Teva UK Ltd) 28 tablet 2 x 14 tablets (product),Irbesartan,28.0,300 mg,Angiotensin-II Receptor Antagonists,False,True
1290411000001103,Irbesartan,Irbesartan 300mg / Hydrochlorothiazide 12.5mg tablets 28 tablet (product),Irbesartan,28.0,300 mg,Angiotensin-II Receptor Antagonists,False,True
23479511000001107,Irbesartan,Irbesartan 300mg / Hydrochlorothiazide 25mg tablets (A A H Pharmaceuticals Ltd) (product),Irbesartan,,300 mg,Angiotensin-II Receptor Antagonists,False,True
23479711000001102,Irbesartan,Irbesartan 300mg / Hydrochlorothiazide 25mg tablets (A A H Pharmaceuticals Ltd) 28 tablet 2 x 14 tablets (product),Irbesartan,28.0,300 mg,Angiotensin-II Receptor Antagonists,False,True
23472811000001100,Irbesartan,Irbesartan 300mg / Hydrochlorothiazide 25mg tablets (Actavis UK Ltd) (product),Irbesartan,,300 mg,Angiotensin-II Receptor Antagonists,False,True
23472911000001105,Irbesartan,Irbesartan 300mg / Hydrochlorothiazide 25mg tablets (Actavis UK Ltd) 28 tablet 2 x 14 tablets (product),Irbesartan,28.0,300 mg,Angiotensin-II Receptor Antagonists,False,True
23481311000001106,Irbesartan,Irbesartan 300mg / Hydrochlorothiazide 25mg tablets (Alliance Healthcare (Distribution) Ltd) (product),Irbesartan,,300 mg,Angiotensin-II Receptor Antagonists,False,True
23481411000001104,Irbesartan,Irbesartan 300mg / Hydrochlorothiazide 25mg tablets (Alliance Healthcare (Distribution) Ltd) 28 tablet 2 x 14 tablets (product),Irbesartan,28.0,300 mg,Angiotensin-II Receptor Antagonists,False,True
26764811000001102,Irbesartan,Irbesartan 300mg / Hydrochlorothiazide 25mg tablets (Lupin (Europe) Ltd) (product),Irbesartan,,300 mg,Angiotensin-II Receptor Antagonists,False,True
26764911000001107,Irbesartan,Irbesartan 300mg / Hydrochlorothiazide 25mg tablets (Lupin (Europe) Ltd) 28 tablet (product),Irbesartan,28.0,300 mg,Angiotensin-II Receptor Antagonists,False,True
29673011000001101,Irbesartan,Irbesartan 300mg / Hydrochlorothiazide 25mg tablets (Macleods Pharma UK Ltd) (product),Irbesartan,,300 mg,Angiotensin-II Receptor Antagonists,False,True
29673111000001100,Irbesartan,Irbesartan 300mg / Hydrochlorothiazide 25mg tablets (Macleods Pharma UK Ltd) 28 tablet (product),Irbesartan,28.0,300 mg,Angiotensin-II Receptor Antagonists,False,True
30215811000001101,Irbesartan,Irbesartan 300mg / Hydrochlorothiazide 25mg tablets (Mawdsley-Brooks & Company Ltd) (product),Irbesartan,,300 mg,Angiotensin-II Receptor Antagonists,False,True
30215911000001106,Irbesartan,Irbesartan 300mg / Hydrochlorothiazide 25mg tablets (Mawdsley-Brooks & Company Ltd) 28 tablet (product),Irbesartan,28.0,300 mg,Angiotensin-II Receptor Antagonists,False,True
23954511000001109,Irbesartan,Irbesartan 300mg / Hydrochlorothiazide 25mg tablets (Milpharm Ltd) (product),Irbesartan,,300 mg,Angiotensin-II Receptor Antagonists,False,True
23954611000001108,Irbesartan,Irbesartan 300mg / Hydrochlorothiazide 25mg tablets (Milpharm Ltd) 28 tablet 2 x 14 tablets (product),Irbesartan,28.0,300 mg,Angiotensin-II Receptor Antagonists,False,True
33600911000001102,Irbesartan,Irbesartan 300mg / Hydrochlorothiazide 25mg tablets (Mylan Ltd) (product),Irbesartan,,300 mg,Angiotensin-II Receptor Antagonists,False,True
33601011000001105,Irbesartan,Irbesartan 300mg / Hydrochlorothiazide 25mg tablets (Mylan Ltd) 28 tablet (product),Irbesartan,28.0,300 mg,Angiotensin-II Receptor Antagonists,False,True
10970311000001105,Irbesartan,Irbesartan 300mg / Hydrochlorothiazide 25mg tablets (product),Irbesartan,,300 mg,Angiotensin-II Receptor Antagonists,False,True
29881011000001100,Irbesartan,Irbesartan 300mg / Hydrochlorothiazide 25mg tablets (Sigma Pharmaceuticals Plc) (product),Irbesartan,,300 mg,Angiotensin-II Receptor Antagonists,False,True
29881111000001104,Irbesartan,Irbesartan 300mg / Hydrochlorothiazide 25mg tablets (Sigma Pharmaceuticals Plc) 28 tablet (product),Irbesartan,28.0,300 mg,Angiotensin-II Receptor Antagonists,False,True
23310411000001102,Irbesartan,Irbesartan 300mg / Hydrochlorothiazide 25mg tablets (Teva UK Ltd) (product),Irbesartan,,300 mg,Angiotensin-II Receptor Antagonists,False,True
23310511000001103,Irbesartan,Irbesartan 300mg / Hydrochlorothiazide 25mg tablets (Teva UK Ltd) 28 tablet 2 x 14 tablets (product),Irbesartan,28.0,300 mg,Angiotensin-II Receptor Antagonists,False,True
10968511000001107,Irbesartan,Irbesartan 300mg / Hydrochlorothiazide 25mg tablets 28 tablet (product),Irbesartan,28.0,300 mg,Angiotensin-II Receptor Antagonists,False,True
15914211000001105,Irbesartan,Irbesartan 300mg oral powder sachets (product),Irbesartan,,300 mg,Angiotensin-II Receptor Antagonists,False,False
15883011000001105,Irbesartan,Irbesartan 300mg oral powder sachets (Special Order) (product),Irbesartan,,300 mg,Angiotensin-II Receptor Antagonists,False,False
15883111000001106,Irbesartan,Irbesartan 300mg oral powder sachets (Special Order) 1 sachet (product),Irbesartan,,300 mg,Angiotensin-II Receptor Antagonists,False,False
15882911000001102,Irbesartan,Irbesartan 300mg oral powder sachets 1 sachet (product),Irbesartan,,300 mg,Angiotensin-II Receptor Antagonists,False,False
3036701000001102,Irbesartan,Irbesartan 300mg tablet - product,Irbesartan,,300 mg,Angiotensin-II Receptor Antagonists,False,False
21100511000001103,Irbesartan,Irbesartan 300mg tablets (A A H Pharmaceuticals Ltd) (product),Irbesartan,,300 mg,Angiotensin-II Receptor Antagonists,False,False
21100611000001104,Irbesartan,Irbesartan 300mg tablets (A A H Pharmaceuticals Ltd) 28 tablet (product),Irbesartan,28.0,300 mg,Angiotensin-II Receptor Antagonists,False,False
21285511000001106,Irbesartan,Irbesartan 300mg tablets (Accord Healthcare Ltd) (product),Irbesartan,,300 mg,Angiotensin-II Receptor Antagonists,False,False
21285611000001105,Irbesartan,Irbesartan 300mg tablets (Accord Healthcare Ltd) 28 tablet (product),Irbesartan,28.0,300 mg,Angiotensin-II Receptor Antagonists,False,False
21219411000001107,Irbesartan,Irbesartan 300mg tablets (Actavis UK Ltd) (product),Irbesartan,,300 mg,Angiotensin-II Receptor Antagonists,False,False
21219511000001106,Irbesartan,Irbesartan 300mg tablets (Actavis UK Ltd) 28 tablet 2 x 14 tablets (product),Irbesartan,28.0,300 mg,Angiotensin-II Receptor Antagonists,False,False
21123811000001104,Irbesartan,Irbesartan 300mg tablets (Alliance Healthcare (Distribution) Ltd) (product),Irbesartan,,300 mg,Angiotensin-II Receptor Antagonists,False,False
21124111000001108,Irbesartan,Irbesartan 300mg tablets (Alliance Healthcare (Distribution) Ltd) 28 tablet 4 x 7 tablets (product),Irbesartan,28.0,300 mg,Angiotensin-II Receptor Antagonists,False,False
22337111000001106,Irbesartan,Irbesartan 300mg tablets (Aptil Pharma Ltd) (product),Irbesartan,,300 mg,Angiotensin-II Receptor Antagonists,False,False
22337211000001100,Irbesartan,Irbesartan 300mg tablets (Aptil Pharma Ltd) 28 tablet 2 x 14 tablets (product),Irbesartan,28.0,300 mg,Angiotensin-II Receptor Antagonists,False,False
36599611000001102,Irbesartan,Irbesartan 300mg tablets (Bristol Laboratories Ltd) (product),Irbesartan,,300 mg,Angiotensin-II Receptor Antagonists,False,False
36599711000001106,Irbesartan,Irbesartan 300mg tablets (Bristol Laboratories Ltd) 28 tablet 2 x 14 tablets (product),Irbesartan,28.0,300 mg,Angiotensin-II Receptor Antagonists,False,False
24177711000001109,Irbesartan,Irbesartan 300mg tablets (DE Pharmaceuticals) (product),Irbesartan,,300 mg,Angiotensin-II Receptor Antagonists,False,False
24177811000001101,Irbesartan,Irbesartan 300mg tablets (DE Pharmaceuticals) 28 tablet (product),Irbesartan,28.0,300 mg,Angiotensin-II Receptor Antagonists,False,False
21023811000001107,Irbesartan,Irbesartan 300mg tablets (Dexcel-Pharma Ltd) (product),Irbesartan,,300 mg,Angiotensin-II Receptor Antagonists,False,False
21023911000001102,Irbesartan,Irbesartan 300mg tablets (Dexcel-Pharma Ltd) 28 tablet 2 x 14 tablets (product),Irbesartan,28.0,300 mg,Angiotensin-II Receptor Antagonists,False,False
13916811000001109,Irbesartan,Irbesartan 300mg tablets (Doncaster Pharmaceuticals Ltd) (product),Irbesartan,,300 mg,Angiotensin-II Receptor Antagonists,False,False
13916911000001104,Irbesartan,Irbesartan 300mg tablets (Doncaster Pharmaceuticals Ltd) 28 tablet (product),Irbesartan,28.0,300 mg,Angiotensin-II Receptor Antagonists,False,False
21624311000001109,Irbesartan,Irbesartan 300mg tablets (Dr Reddy's Laboratories (UK) Ltd) (product),Irbesartan,,300 mg,Angiotensin-II Receptor Antagonists,False,False
21624411000001102,Irbesartan,Irbesartan 300mg tablets (Dr Reddy's Laboratories (UK) Ltd) 28 tablet 2 x 14 tablets (product),Irbesartan,28.0,300 mg,Angiotensin-II Receptor Antagonists,False,False
32409211000001109,Irbesartan,Irbesartan 300mg tablets (Kent Pharmaceuticals Ltd) (product),Irbesartan,,300 mg,Angiotensin-II Receptor Antagonists,False,False
32409311000001101,Irbesartan,Irbesartan 300mg tablets (Kent Pharmaceuticals Ltd) 28 tablet (product),Irbesartan,28.0,300 mg,Angiotensin-II Receptor Antagonists,False,False
27611811000001108,Irbesartan,Irbesartan 300mg tablets (Lupin (Europe) Ltd) (product),Irbesartan,,300 mg,Angiotensin-II Receptor Antagonists,False,False
27614111000001103,Irbesartan,Irbesartan 300mg tablets (Lupin (Europe) Ltd) 28 tablet (product),Irbesartan,28.0,300 mg,Angiotensin-II Receptor Antagonists,False,False
29672411000001101,Irbesartan,Irbesartan 300mg tablets (Macleods Pharma UK Ltd) (product),Irbesartan,,300 mg,Angiotensin-II Receptor Antagonists,False,False
29672511000001102,Irbesartan,Irbesartan 300mg tablets (Macleods Pharma UK Ltd) 28 tablet (product),Irbesartan,28.0,300 mg,Angiotensin-II Receptor Antagonists,False,False
16532211000001103,Irbesartan,Irbesartan 300mg tablets (Mawdsley-Brooks & Company Ltd) (product),Irbesartan,,300 mg,Angiotensin-II Receptor Antagonists,False,False
16532311000001106,Irbesartan,Irbesartan 300mg tablets (Mawdsley-Brooks & Company Ltd) 28 tablet (product),Irbesartan,28.0,300 mg,Angiotensin-II Receptor Antagonists,False,False
23957811000001103,Irbesartan,Irbesartan 300mg tablets (Milpharm Ltd) (product),Irbesartan,,300 mg,Angiotensin-II Receptor Antagonists,False,False
23957911000001108,Irbesartan,Irbesartan 300mg tablets (Milpharm Ltd) 28 tablet 2 x 14 tablets (product),Irbesartan,28.0,300 mg,Angiotensin-II Receptor Antagonists,False,False
33597911000001106,Irbesartan,Irbesartan 300mg tablets (Mylan Ltd) (product),Irbesartan,,300 mg,Angiotensin-II Receptor Antagonists,False,False
33598011000001108,Irbesartan,Irbesartan 300mg tablets (Mylan Ltd) 28 tablet (product),Irbesartan,28.0,300 mg,Angiotensin-II Receptor Antagonists,False,False
18269311000001106,Irbesartan,Irbesartan 300mg tablets (Necessity Supplies Ltd) (product),Irbesartan,,300 mg,Angiotensin-II Receptor Antagonists,False,False
18269411000001104,Irbesartan,Irbesartan 300mg tablets (Necessity Supplies Ltd) 28 tablet (product),Irbesartan,28.0,300 mg,Angiotensin-II Receptor Antagonists,False,False
10505011000001101,Irbesartan,Irbesartan 300mg tablets (PI) (Dowelhurst Ltd) (product),Irbesartan,,300 mg,Angiotensin-II Receptor Antagonists,False,False
10505111000001100,Irbesartan,Irbesartan 300mg tablets (PI) (Dowelhurst Ltd) 28 tablet (product),Irbesartan,28.0,300 mg,Angiotensin-II Receptor Antagonists,False,False
14261011000001108,Irbesartan,Irbesartan 300mg tablets (PI) (Sigma Pharmaceuticals Plc) (product),Irbesartan,,300 mg,Angiotensin-II Receptor Antagonists,False,False
14261111000001109,Irbesartan,Irbesartan 300mg tablets (PI) (Sigma Pharmaceuticals Plc) 28 tablet (product),Irbesartan,28.0,300 mg,Angiotensin-II Receptor Antagonists,False,False
10545311000001108,Irbesartan,Irbesartan 300mg tablets (PI) (Waymade Ltd) (product),Irbesartan,,300 mg,Angiotensin-II Receptor Antagonists,False,False
10545411000001101,Irbesartan,Irbesartan 300mg tablets (PI) (Waymade Ltd) 28 tablet (product),Irbesartan,28.0,300 mg,Angiotensin-II Receptor Antagonists,False,False
22946711000001102,Irbesartan,Irbesartan 300mg tablets (Ranbaxy (UK) Ltd) (product),Irbesartan,,300 mg,Angiotensin-II Receptor Antagonists,False,False
22946811000001105,Irbesartan,Irbesartan 300mg tablets (Ranbaxy (UK) Ltd) 28 tablet 2 x 14 tablets (product),Irbesartan,28.0,300 mg,Angiotensin-II Receptor Antagonists,False,False
21993211000001106,Irbesartan,Irbesartan 300mg tablets (Sandoz Ltd) (product),Irbesartan,,300 mg,Angiotensin-II Receptor Antagonists,False,False
21993311000001103,Irbesartan,Irbesartan 300mg tablets (Sandoz Ltd) 28 tablet 2 x 14 tablets (product),Irbesartan,28.0,300 mg,Angiotensin-II Receptor Antagonists,False,False
29880311000001107,Irbesartan,Irbesartan 300mg tablets (Sigma Pharmaceuticals Plc) (product),Irbesartan,,300 mg,Angiotensin-II Receptor Antagonists,False,False
29886711000001109,Irbesartan,Irbesartan 300mg tablets (Sigma Pharmaceuticals Plc) 28 tablet (product),Irbesartan,28.0,300 mg,Angiotensin-II Receptor Antagonists,False,False
23666111000001104,Irbesartan,Irbesartan 300mg tablets (Sovereign Medical Ltd) (product),Irbesartan,,300 mg,Angiotensin-II Receptor Antagonists,False,False
23666211000001105,Irbesartan,Irbesartan 300mg tablets (Sovereign Medical Ltd) 28 tablet (product),Irbesartan,28.0,300 mg,Angiotensin-II Receptor Antagonists,False,False
21113111000001103,Irbesartan,Irbesartan 300mg tablets (Teva UK Ltd) (product),Irbesartan,,300 mg,Angiotensin-II Receptor Antagonists,False,False
21113211000001109,Irbesartan,Irbesartan 300mg tablets (Teva UK Ltd) 28 tablet 4 x 7 tablets (product),Irbesartan,28.0,300 mg,Angiotensin-II Receptor Antagonists,False,False
36848211000001102,Irbesartan,Irbesartan 300mg tablets (Torrent Pharma (UK) Ltd) (product),Irbesartan,,300 mg,Angiotensin-II Receptor Antagonists,False,False
36848311000001105,Irbesartan,Irbesartan 300mg tablets (Torrent Pharma (UK) Ltd) 28 tablet (product),Irbesartan,28.0,300 mg,Angiotensin-II Receptor Antagonists,False,False
23597711000001105,Irbesartan,Irbesartan 300mg tablets (Waymade Healthcare Plc) (product),Irbesartan,,300 mg,Angiotensin-II Receptor Antagonists,False,False
23597811000001102,Irbesartan,Irbesartan 300mg tablets (Waymade Healthcare Plc) 28 tablet (product),Irbesartan,28.0,300 mg,Angiotensin-II Receptor Antagonists,False,False
1080311000001103,Irbesartan,Irbesartan 300mg tablets 28 tablet (product),Irbesartan,28.0,300 mg,Angiotensin-II Receptor Antagonists,False,False
12639511000001103,Irbesartan,Irbesartan 300mg/5ml oral suspension (product),Irbesartan,,300 mg/5 ml,Angiotensin-II Receptor Antagonists,False,False
12609511000001107,Irbesartan,Irbesartan 300mg/5ml oral suspension (Special Order) (product),Irbesartan,,300 mg/5 ml,Angiotensin-II Receptor Antagonists,False,False
12609611000001106,Irbesartan,Irbesartan 300mg/5ml oral suspension (Special Order) 1 ml (product),Irbesartan,,300 mg/5 ml,Angiotensin-II Receptor Antagonists,False,False
12609411000001108,Irbesartan,Irbesartan 300mg/5ml oral suspension 1 ml (product),Irbesartan,,300 mg/5 ml,Angiotensin-II Receptor Antagonists,False,False
19281511000001102,Irbesartan,Irbesartan 30mg oral powder sachets (product),Irbesartan,,30 mg,Angiotensin-II Receptor Antagonists,False,False
19278411000001102,Irbesartan,Irbesartan 30mg oral powder sachets (Special Order) (product),Irbesartan,,30 mg,Angiotensin-II Receptor Antagonists,False,False
19278511000001103,Irbesartan,Irbesartan 30mg oral powder sachets (Special Order) 1 sachet (product),Irbesartan,,30 mg,Angiotensin-II Receptor Antagonists,False,False
19278311000001109,Irbesartan,Irbesartan 30mg oral powder sachets 1 sachet (product),Irbesartan,,30 mg,Angiotensin-II Receptor Antagonists,False,False
19481911000001105,Irbesartan,Irbesartan 37.5mg oral powder sachets (product),Irbesartan,,37.5 mg,Angiotensin-II Receptor Antagonists,False,False
19480011000001102,Irbesartan,Irbesartan 37.5mg oral powder sachets (Special Order) (product),Irbesartan,,37.5 mg,Angiotensin-II Receptor Antagonists,False,False
19480111000001101,Irbesartan,Irbesartan 37.5mg oral powder sachets (Special Order) 1 sachet (product),Irbesartan,,37.5 mg,Angiotensin-II Receptor Antagonists,False,False
19479911000001103,Irbesartan,Irbesartan 37.5mg oral powder sachets 1 sachet (product),Irbesartan,,37.5 mg,Angiotensin-II Receptor Antagonists,False,False
3036501000001108,Irbesartan,Irbesartan 75mg tablet - product,Irbesartan,,75 mg,Angiotensin-II Receptor Antagonists,False,False
21230511000001107,Irbesartan,Irbesartan 75mg tablets (A A H Pharmaceuticals Ltd) (product),Irbesartan,,75 mg,Angiotensin-II Receptor Antagonists,False,False
21230611000001106,Irbesartan,Irbesartan 75mg tablets (A A H Pharmaceuticals Ltd) 28 tablet 2 x 14 tablets (product),Irbesartan,28.0,75 mg,Angiotensin-II Receptor Antagonists,False,False
21284211000001107,Irbesartan,Irbesartan 75mg tablets (Accord Healthcare Ltd) (product),Irbesartan,,75 mg,Angiotensin-II Receptor Antagonists,False,False
21284511000001105,Irbesartan,Irbesartan 75mg tablets (Accord Healthcare Ltd) 28 tablet (product),Irbesartan,28.0,75 mg,Angiotensin-II Receptor Antagonists,False,False
21219011000001103,Irbesartan,Irbesartan 75mg tablets (Actavis UK Ltd) (product),Irbesartan,,75 mg,Angiotensin-II Receptor Antagonists,False,False
21219111000001102,Irbesartan,Irbesartan 75mg tablets (Actavis UK Ltd) 28 tablet 2 x 14 tablets (product),Irbesartan,28.0,75 mg,Angiotensin-II Receptor Antagonists,False,False
21122811000001107,Irbesartan,Irbesartan 75mg tablets (Alliance Healthcare (Distribution) Ltd) (product),Irbesartan,,75 mg,Angiotensin-II Receptor Antagonists,False,False
21123011000001105,Irbesartan,Irbesartan 75mg tablets (Alliance Healthcare (Distribution) Ltd) 28 tablet 4 x 7 tablets (product),Irbesartan,28.0,75 mg,Angiotensin-II Receptor Antagonists,False,False
22336711000001109,Irbesartan,Irbesartan 75mg tablets (Aptil Pharma Ltd) (product),Irbesartan,,75 mg,Angiotensin-II Receptor Antagonists,False,False
22336811000001101,Irbesartan,Irbesartan 75mg tablets (Aptil Pharma Ltd) 28 tablet 2 x 14 tablets (product),Irbesartan,28.0,75 mg,Angiotensin-II Receptor Antagonists,False,False
21228311000001102,Irbesartan,Irbesartan 75mg tablets (Arrow Generics Ltd) (product),Irbesartan,,75 mg,Angiotensin-II Receptor Antagonists,False,False
21228411000001109,Irbesartan,Irbesartan 75mg tablets (Arrow Generics Ltd) 28 tablet 2 x 14 tablets (product),Irbesartan,28.0,75 mg,Angiotensin-II Receptor Antagonists,False,False
36599211000001104,Irbesartan,Irbesartan 75mg tablets (Bristol Laboratories Ltd) (product),Irbesartan,,75 mg,Angiotensin-II Receptor Antagonists,False,False
36599311000001107,Irbesartan,Irbesartan 75mg tablets (Bristol Laboratories Ltd) 28 tablet 2 x 14 tablets (product),Irbesartan,28.0,75 mg,Angiotensin-II Receptor Antagonists,False,False
30057611000001108,Irbesartan,Irbesartan 75mg tablets (DE Pharmaceuticals) (product),Irbesartan,,75 mg,Angiotensin-II Receptor Antagonists,False,False
30057711000001104,Irbesartan,Irbesartan 75mg tablets (DE Pharmaceuticals) 28 tablet (product),Irbesartan,28.0,75 mg,Angiotensin-II Receptor Antagonists,False,False
21014811000001103,Irbesartan,Irbesartan 75mg tablets (Dexcel-Pharma Ltd) (product),Irbesartan,,75 mg,Angiotensin-II Receptor Antagonists,False,False
21014911000001108,Irbesartan,Irbesartan 75mg tablets (Dexcel-Pharma Ltd) 28 tablet 2 x 14 tablets (product),Irbesartan,28.0,75 mg,Angiotensin-II Receptor Antagonists,False,False
13916411000001107,Irbesartan,Irbesartan 75mg tablets (Doncaster Pharmaceuticals Ltd) (product),Irbesartan,,75 mg,Angiotensin-II Receptor Antagonists,False,False
13916511000001106,Irbesartan,Irbesartan 75mg tablets (Doncaster Pharmaceuticals Ltd) 28 tablet (product),Irbesartan,28.0,75 mg,Angiotensin-II Receptor Antagonists,False,False
21623611000001102,Irbesartan,Irbesartan 75mg tablets (Dr Reddy's Laboratories (UK) Ltd) (product),Irbesartan,,75 mg,Angiotensin-II Receptor Antagonists,False,False
21624011000001106,Irbesartan,Irbesartan 75mg tablets (Dr Reddy's Laboratories (UK) Ltd) 28 tablet 2 x 14 tablets (product),Irbesartan,28.0,75 mg,Angiotensin-II Receptor Antagonists,False,False
32408911000001108,Irbesartan,Irbesartan 75mg tablets (Kent Pharmaceuticals Ltd) (product),Irbesartan,,75 mg,Angiotensin-II Receptor Antagonists,False,False
32409011000001104,Irbesartan,Irbesartan 75mg tablets (Kent Pharmaceuticals Ltd) 28 tablet (product),Irbesartan,28.0,75 mg,Angiotensin-II Receptor Antagonists,False,False
27587111000001102,Irbesartan,Irbesartan 75mg tablets (Lupin (Europe) Ltd) (product),Irbesartan,,75 mg,Angiotensin-II Receptor Antagonists,False,False
27587311000001100,Irbesartan,Irbesartan 75mg tablets (Lupin (Europe) Ltd) 28 tablet (product),Irbesartan,28.0,75 mg,Angiotensin-II Receptor Antagonists,False,False
29672011000001105,Irbesartan,Irbesartan 75mg tablets (Macleods Pharma UK Ltd) (product),Irbesartan,,75 mg,Angiotensin-II Receptor Antagonists,False,False
29672111000001106,Irbesartan,Irbesartan 75mg tablets (Macleods Pharma UK Ltd) 28 tablet (product),Irbesartan,28.0,75 mg,Angiotensin-II Receptor Antagonists,False,False
30254311000001104,Irbesartan,Irbesartan 75mg tablets (Mawdsley-Brooks & Company Ltd) (product),Irbesartan,,75 mg,Angiotensin-II Receptor Antagonists,False,False
30254411000001106,Irbesartan,Irbesartan 75mg tablets (Mawdsley-Brooks & Company Ltd) 28 tablet (product),Irbesartan,28.0,75 mg,Angiotensin-II Receptor Antagonists,False,False
23957411000001100,Irbesartan,Irbesartan 75mg tablets (Milpharm Ltd) (product),Irbesartan,,75 mg,Angiotensin-II Receptor Antagonists,False,False
23957511000001101,Irbesartan,Irbesartan 75mg tablets (Milpharm Ltd) 28 tablet 2 x 14 tablets (product),Irbesartan,28.0,75 mg,Angiotensin-II Receptor Antagonists,False,False
33597511000001104,Irbesartan,Irbesartan 75mg tablets (Mylan Ltd) (product),Irbesartan,,75 mg,Angiotensin-II Receptor Antagonists,False,False
33597611000001100,Irbesartan,Irbesartan 75mg tablets (Mylan Ltd) 28 tablet (product),Irbesartan,28.0,75 mg,Angiotensin-II Receptor Antagonists,False,False
18269511000001100,Irbesartan,Irbesartan 75mg tablets (Necessity Supplies Ltd) (product),Irbesartan,,75 mg,Angiotensin-II Receptor Antagonists,False,False
18269611000001101,Irbesartan,Irbesartan 75mg tablets (Necessity Supplies Ltd) 28 tablet (product),Irbesartan,28.0,75 mg,Angiotensin-II Receptor Antagonists,False,False
10504511000001108,Irbesartan,Irbesartan 75mg tablets (PI) (Dowelhurst Ltd) (product),Irbesartan,,75 mg,Angiotensin-II Receptor Antagonists,False,False
10504711000001103,Irbesartan,Irbesartan 75mg tablets (PI) (Dowelhurst Ltd) 28 tablet (product),Irbesartan,28.0,75 mg,Angiotensin-II Receptor Antagonists,False,False
16531811000001106,Irbesartan,Irbesartan 75mg tablets (PI) (Mawdsley-Brooks & Company Ltd) (product),Irbesartan,,75 mg,Angiotensin-II Receptor Antagonists,False,False
16531911000001101,Irbesartan,Irbesartan 75mg tablets (PI) (Mawdsley-Brooks & Company Ltd) 28 tablet (product),Irbesartan,28.0,75 mg,Angiotensin-II Receptor Antagonists,False,False
14261211000001103,Irbesartan,Irbesartan 75mg tablets (PI) (Sigma Pharmaceuticals Plc) (product),Irbesartan,,75 mg,Angiotensin-II Receptor Antagonists,False,False
14261311000001106,Irbesartan,Irbesartan 75mg tablets (PI) (Sigma Pharmaceuticals Plc) 28 tablet (product),Irbesartan,28.0,75 mg,Angiotensin-II Receptor Antagonists,False,False
22945311000001106,Irbesartan,Irbesartan 75mg tablets (Ranbaxy (UK) Ltd) (product),Irbesartan,,75 mg,Angiotensin-II Receptor Antagonists,False,False
22945411000001104,Irbesartan,Irbesartan 75mg tablets (Ranbaxy (UK) Ltd) 28 tablet 2 x 14 tablets (product),Irbesartan,28.0,75 mg,Angiotensin-II Receptor Antagonists,False,False
21992811000001104,Irbesartan,Irbesartan 75mg tablets (Sandoz Ltd) (product),Irbesartan,,75 mg,Angiotensin-II Receptor Antagonists,False,False
21992911000001109,Irbesartan,Irbesartan 75mg tablets (Sandoz Ltd) 28 tablet 2 x 14 tablets (product),Irbesartan,28.0,75 mg,Angiotensin-II Receptor Antagonists,False,False
29880511000001101,Irbesartan,Irbesartan 75mg tablets (Sigma Pharmaceuticals Plc) (product),Irbesartan,,75 mg,Angiotensin-II Receptor Antagonists,False,False
29880611000001102,Irbesartan,Irbesartan 75mg tablets (Sigma Pharmaceuticals Plc) 28 tablet (product),Irbesartan,28.0,75 mg,Angiotensin-II Receptor Antagonists,False,False
23665911000001108,Irbesartan,Irbesartan 75mg tablets (Sovereign Medical Ltd) (product),Irbesartan,,75 mg,Angiotensin-II Receptor Antagonists,False,False
23666011000001100,Irbesartan,Irbesartan 75mg tablets (Sovereign Medical Ltd) 28 tablet (product),Irbesartan,28.0,75 mg,Angiotensin-II Receptor Antagonists,False,False
21111211000001105,Irbesartan,Irbesartan 75mg tablets (Teva UK Ltd) (product),Irbesartan,,75 mg,Angiotensin-II Receptor Antagonists,False,False
21111311000001102,Irbesartan,Irbesartan 75mg tablets (Teva UK Ltd) 28 tablet 4 x 7 tablets (product),Irbesartan,28.0,75 mg,Angiotensin-II Receptor Antagonists,False,False
36847611000001104,Irbesartan,Irbesartan 75mg tablets (Torrent Pharma (UK) Ltd) (product),Irbesartan,,75 mg,Angiotensin-II Receptor Antagonists,False,False
36847711000001108,Irbesartan,Irbesartan 75mg tablets (Torrent Pharma (UK) Ltd) 28 tablet (product),Irbesartan,28.0,75 mg,Angiotensin-II Receptor Antagonists,False,False
23597211000001103,Irbesartan,Irbesartan 75mg tablets (Waymade Healthcare Plc) (product),Irbesartan,,75 mg,Angiotensin-II Receptor Antagonists,False,False
23597311000001106,Irbesartan,Irbesartan 75mg tablets (Waymade Healthcare Plc) 28 tablet (product),Irbesartan,28.0,75 mg,Angiotensin-II Receptor Antagonists,False,False
11030611000001103,Irbesartan,Irbesartan 75mg tablets (Waymade Ltd) (product),Irbesartan,,75 mg,Angiotensin-II Receptor Antagonists,False,False
11030711000001107,Irbesartan,Irbesartan 75mg tablets (Waymade Ltd) 28 tablet (product),Irbesartan,28.0,75 mg,Angiotensin-II Receptor Antagonists,False,False
979211000001102,Irbesartan,Irbesartan 75mg tablets 28 tablet (product),Irbesartan,28.0,75 mg,Angiotensin-II Receptor Antagonists,False,False
17491611000001106,Irbesartan,Irbesartan 75mg tablets 30 tablet (product),Irbesartan,30.0,75 mg,Angiotensin-II Receptor Antagonists,False,False
17605811000001109,Irbesartan,Irbesartan 75mg tablets 84 tablet (product),Irbesartan,84.0,75 mg,Angiotensin-II Receptor Antagonists,False,False
3850201000001106,Irbesartan,Irbesartan+hydrochlorothiazide 150mg/12.5mg tablet - product,Irbesartan,,150 mg,Angiotensin-II Receptor Antagonists,False,True
3850301000001102,Irbesartan,Irbesartan+hydrochlorothiazide 300mg/12.5mg tablet - product,Irbesartan,,300 mg,Angiotensin-II Receptor Antagonists,False,True
8960201000001108,Irbesartan,IRBESARTAN+HYDROCHLOROTHIAZIDE 300mg/25mg tablets (product),Irbesartan,,300 mg,Angiotensin-II Receptor Antagonists,False,True
9533201000001102,Kaplon,Kaplon (product),Captopril,,,Angiotensin-Converting Enzyme Inhibitors,False,False
2942401000001107,Kaplon,Kaplon (qualifier value),Captopril,,,Angiotensin-Converting Enzyme Inhibitors,False,False
2942101000001101,Kaplon,Kaplon 12.5mg tablet,Captopril,,12.5 mg,Angiotensin-Converting Enzyme Inhibitors,False,False
777711000001105,Kaplon,Kaplon 12.5mg tablets (Teva UK Ltd) (product),Captopril,,12.5 mg,Angiotensin-Converting Enzyme Inhibitors,False,False
1345511000001106,Kaplon,Kaplon 12.5mg tablets (Teva UK Ltd) 56 tablet 2 x 28 tablets (product),Captopril,56.0,12.5 mg,Angiotensin-Converting Enzyme Inhibitors,False,False
2942201000001108,Kaplon,Kaplon 25mg tablet,Captopril,,25 mg,Angiotensin-Converting Enzyme Inhibitors,False,False
477111000001100,Kaplon,Kaplon 25mg tablets (Teva UK Ltd) (product),Captopril,,25 mg,Angiotensin-Converting Enzyme Inhibitors,False,False
1394411000001102,Kaplon,Kaplon 25mg tablets (Teva UK Ltd) 56 tablet 2 x 28 tablets (product),Captopril,56.0,25 mg,Angiotensin-Converting Enzyme Inhibitors,False,False
2942301000001104,Kaplon,Kaplon 50mg tablet,Captopril,,50 mg,Angiotensin-Converting Enzyme Inhibitors,False,False
572511000001102,Kaplon,Kaplon 50mg tablets (Teva UK Ltd) (product),Captopril,,50 mg,Angiotensin-Converting Enzyme Inhibitors,False,False
1405711000001101,Kaplon,Kaplon 50mg tablets (Teva UK Ltd) 56 tablet 2 x 28 tablets (product),Captopril,56.0,50 mg,Angiotensin-Converting Enzyme Inhibitors,False,False
2773201000001106,Kentovace,Kentovace (qualifier value),Prazosin Hydrochloride,,,Alpha-Adrenoceptor Blocking Drugs,False,False
2772901000001109,Kentovace,Kentovace 1mg tablet,Prazosin Hydrochloride,,1 mg,Alpha-Adrenoceptor Blocking Drugs,False,False
2773001000001100,Kentovace,Kentovace 2mg tablet,Prazosin Hydrochloride,,2 mg,Alpha-Adrenoceptor Blocking Drugs,False,False
2772801000001103,Kentovace,Kentovace 500micrograms tablet,Prazosin Hydrochloride,,,Alpha-Adrenoceptor Blocking Drugs,False,False
2773101000001104,Kentovace,Kentovace 5mg tablet,Prazosin Hydrochloride,,5 mg,Alpha-Adrenoceptor Blocking Drugs,False,False
14692811000001106,Ketanserin,Ketanserin (product),Ketanserin,,,Other Adrenergic Neurone Blocking Drugs,False,False
14697511000001106,Ketanserin,Ketanserin (substance),Ketanserin,,,Other Adrenergic Neurone Blocking Drugs,False,False
14696611000001108,Ketanserin,Ketanserin 20mg tablets (product),Ketanserin,,20 mg,Other Adrenergic Neurone Blocking Drugs,False,False
15873111000001102,Ketanserin,Ketanserin 20mg tablets (Special Order) (product),Ketanserin,,20 mg,Other Adrenergic Neurone Blocking Drugs,False,False
15873211000001108,Ketanserin,Ketanserin 20mg tablets (Special Order) 1 tablet (product),Ketanserin,1.0,20 mg,Other Adrenergic Neurone Blocking Drugs,False,False
15873011000001103,Ketanserin,Ketanserin 20mg tablets 1 tablet (product),Ketanserin,1.0,20 mg,Other Adrenergic Neurone Blocking Drugs,False,False
14689211000001103,Ketanserin,Ketanserin 20mg tablets 60 tablet (product),Ketanserin,60.0,20 mg,Other Adrenergic Neurone Blocking Drugs,False,False
14689311000001106,Ketensin,Ketensin 20mg tablets (Imported (Holland)) (product),Ketanserin,,20 mg,Other Adrenergic Neurone Blocking Drugs,False,False
14689411000001104,Ketensin,Ketensin 20mg tablets (Imported (Holland)) 60 tablet (product),Ketanserin,60.0,20 mg,Other Adrenergic Neurone Blocking Drugs,False,False
10547701000001103,Larbex,Larbex XL (product),Doxazosin Mesilate,,,Alpha-Adrenoceptor Blocking Drugs,False,False
17338211000001104,Larbex,Larbex XL 4mg tablets (Teva UK Ltd) (product),Doxazosin Mesilate,,4 mg,Alpha-Adrenoceptor Blocking Drugs,False,False
17338311000001107,Larbex,Larbex XL 4mg tablets (Teva UK Ltd) 28 tablet 2 x 14 tablets (product),Doxazosin Mesilate,28.0,4 mg,Alpha-Adrenoceptor Blocking Drugs,False,False
9582601000001104,Lisicostad,Lisicostad (product),Lisinopril,,,Angiotensin-Converting Enzyme Inhibitors,False,False
8145711000001102,Lisicostad,Lisicostad 10mg/12.5mg tablets (Genus Pharmaceuticals) (product),Lisinopril,,10 mg,Angiotensin-Converting Enzyme Inhibitors,False,False
8145811000001105,Lisicostad,Lisicostad 10mg/12.5mg tablets (Genus Pharmaceuticals) 28 tablet 2 x 14 tablets (product),Lisinopril,28.0,10 mg,Angiotensin-Converting Enzyme Inhibitors,False,False
8145911000001100,Lisicostad,Lisicostad 20mg/12.5mg tablets (Genus Pharmaceuticals) (product),Lisinopril,,20 mg,Angiotensin-Converting Enzyme Inhibitors,False,False
8146011000001108,Lisicostad,Lisicostad 20mg/12.5mg tablets (Genus Pharmaceuticals) 28 tablet 2 x 14 tablets (product),Lisinopril,28.0,20 mg,Angiotensin-Converting Enzyme Inhibitors,False,False
8594201000001109,Lisicostad,Lisicostad HCT (qualifier value),Lisinopril,,,Angiotensin-Converting Enzyme Inhibitors,False,False
8557801000001109,Lisicostad,Lisicostad HCT 10/12.5mg tablet,Lisinopril,,12.5 mg,Angiotensin-Converting Enzyme Inhibitors,False,False
8557701000001100,Lisicostad,Lisicostad HCT 20/12.5mg tablet,Lisinopril,,12.5 mg,Angiotensin-Converting Enzyme Inhibitors,False,False
3567211000001102,Lisinopril,Lisinopril (substance),Lisinopril,,,Angiotensin-Converting Enzyme Inhibitors,False,False
7495011000001103,Lisinopril,Lisinopril 10mg / Hydrochlorothiazide 12.5mg tablets (A A H Pharmaceuticals Ltd) (product),Lisinopril,,10 mg,Angiotensin-Converting Enzyme Inhibitors,False,True
7497011000001105,Lisinopril,Lisinopril 10mg / Hydrochlorothiazide 12.5mg tablets (A A H Pharmaceuticals Ltd) 28 tablet (product),Lisinopril,28.0,10 mg,Angiotensin-Converting Enzyme Inhibitors,False,True
13845511000001102,Lisinopril,Lisinopril 10mg / Hydrochlorothiazide 12.5mg tablets (Almus Pharmaceuticals Ltd) (product),Lisinopril,,10 mg,Angiotensin-Converting Enzyme Inhibitors,False,True
13845611000001103,Lisinopril,Lisinopril 10mg / Hydrochlorothiazide 12.5mg tablets (Almus Pharmaceuticals Ltd) 28 tablet 2 x 14 tablets (product),Lisinopril,28.0,10 mg,Angiotensin-Converting Enzyme Inhibitors,False,True
7334711000001104,Lisinopril,Lisinopril 10mg / Hydrochlorothiazide 12.5mg tablets (Approved Prescription Services) (product),Lisinopril,,10 mg,Angiotensin-Converting Enzyme Inhibitors,False,True
7334811000001107,Lisinopril,Lisinopril 10mg / Hydrochlorothiazide 12.5mg tablets (Approved Prescription Services) 28 tablet 2 x 14 tablets (product),Lisinopril,28.0,10 mg,Angiotensin-Converting Enzyme Inhibitors,False,True
16061011000001108,Lisinopril,Lisinopril 10mg / Hydrochlorothiazide 12.5mg tablets (Bristol Laboratories Ltd) (product),Lisinopril,,10 mg,Angiotensin-Converting Enzyme Inhibitors,False,True
16061111000001109,Lisinopril,Lisinopril 10mg / Hydrochlorothiazide 12.5mg tablets (Bristol Laboratories Ltd) 28 tablet 2 x 14 tablets (product),Lisinopril,28.0,10 mg,Angiotensin-Converting Enzyme Inhibitors,False,True
24366811000001102,Lisinopril,Lisinopril 10mg / Hydrochlorothiazide 12.5mg tablets (DE Pharmaceuticals) (product),Lisinopril,,10 mg,Angiotensin-Converting Enzyme Inhibitors,False,True
24366911000001107,Lisinopril,Lisinopril 10mg / Hydrochlorothiazide 12.5mg tablets (DE Pharmaceuticals) 28 tablet (product),Lisinopril,28.0,10 mg,Angiotensin-Converting Enzyme Inhibitors,False,True
7977211000001106,Lisinopril,Lisinopril 10mg / Hydrochlorothiazide 12.5mg tablets (Kent Pharmaceuticals Ltd) (product),Lisinopril,,10 mg,Angiotensin-Converting Enzyme Inhibitors,False,True
7977411000001105,Lisinopril,Lisinopril 10mg / Hydrochlorothiazide 12.5mg tablets (Kent Pharmaceuticals Ltd) 28 tablet 2 x 14 tablets (product),Lisinopril,28.0,10 mg,Angiotensin-Converting Enzyme Inhibitors,False,True
28168411000001108,Lisinopril,Lisinopril 10mg / Hydrochlorothiazide 12.5mg tablets (Lupin (Europe) Ltd) (product),Lisinopril,,10 mg,Angiotensin-Converting Enzyme Inhibitors,False,True
28168811000001105,Lisinopril,Lisinopril 10mg / Hydrochlorothiazide 12.5mg tablets (Lupin (Europe) Ltd) 28 tablet (product),Lisinopril,28.0,10 mg,Angiotensin-Converting Enzyme Inhibitors,False,True
30221211000001106,Lisinopril,Lisinopril 10mg / Hydrochlorothiazide 12.5mg tablets (Mawdsley-Brooks & Company Ltd) (product),Lisinopril,,10 mg,Angiotensin-Converting Enzyme Inhibitors,False,True
30221311000001103,Lisinopril,Lisinopril 10mg / Hydrochlorothiazide 12.5mg tablets (Mawdsley-Brooks & Company Ltd) 28 tablet (product),Lisinopril,28.0,10 mg,Angiotensin-Converting Enzyme Inhibitors,False,True
17936611000001108,Lisinopril,Lisinopril 10mg / Hydrochlorothiazide 12.5mg tablets (Phoenix Healthcare Distribution Ltd) (product),Lisinopril,,10 mg,Angiotensin-Converting Enzyme Inhibitors,False,True
17936711000001104,Lisinopril,Lisinopril 10mg / Hydrochlorothiazide 12.5mg tablets (Phoenix Healthcare Distribution Ltd) 28 tablet (product),Lisinopril,28.0,10 mg,Angiotensin-Converting Enzyme Inhibitors,False,True
8171311000001102,Lisinopril,Lisinopril 10mg / Hydrochlorothiazide 12.5mg tablets (Sandoz Ltd) (product),Lisinopril,,10 mg,Angiotensin-Converting Enzyme Inhibitors,False,True
8171511000001108,Lisinopril,Lisinopril 10mg / Hydrochlorothiazide 12.5mg tablets (Sandoz Ltd) 28 tablet 2 x 14 tablets (product),Lisinopril,28.0,10 mg,Angiotensin-Converting Enzyme Inhibitors,False,True
29892111000001105,Lisinopril,Lisinopril 10mg / Hydrochlorothiazide 12.5mg tablets (Sigma Pharmaceuticals Plc) (product),Lisinopril,,10 mg,Angiotensin-Converting Enzyme Inhibitors,False,True
29892211000001104,Lisinopril,Lisinopril 10mg / Hydrochlorothiazide 12.5mg tablets (Sigma Pharmaceuticals Plc) 28 tablet (product),Lisinopril,28.0,10 mg,Angiotensin-Converting Enzyme Inhibitors,False,True
13754611000001100,Lisinopril,Lisinopril 10mg / Hydrochlorothiazide 12.5mg tablets (Tillomed Laboratories Ltd) (product),Lisinopril,,10 mg,Angiotensin-Converting Enzyme Inhibitors,False,True
13754711000001109,Lisinopril,Lisinopril 10mg / Hydrochlorothiazide 12.5mg tablets (Tillomed Laboratories Ltd) 28 tablet (product),Lisinopril,28.0,10 mg,Angiotensin-Converting Enzyme Inhibitors,False,True
7513611000001102,Lisinopril,Lisinopril 10mg / Hydrochlorothiazide 12.5mg tablets (Unichem Plc) (product),Lisinopril,,10 mg,Angiotensin-Converting Enzyme Inhibitors,False,True
7513711000001106,Lisinopril,Lisinopril 10mg / Hydrochlorothiazide 12.5mg tablets (Unichem Plc) 28 tablet 2 x 14 tablets (product),Lisinopril,28.0,10 mg,Angiotensin-Converting Enzyme Inhibitors,False,True
22071611000001106,Lisinopril,Lisinopril 10mg / Hydrochlorothiazide 12.5mg tablets (Waymade Healthcare Plc) (product),Lisinopril,,10 mg,Angiotensin-Converting Enzyme Inhibitors,False,True
22071711000001102,Lisinopril,Lisinopril 10mg / Hydrochlorothiazide 12.5mg tablets (Waymade Healthcare Plc) 28 tablet (product),Lisinopril,28.0,10 mg,Angiotensin-Converting Enzyme Inhibitors,False,True
3144211000001109,Lisinopril,Lisinopril 10mg / Hydrochlorothiazide 12.5mg tablets 28 tablet (product),Lisinopril,28.0,10 mg,Angiotensin-Converting Enzyme Inhibitors,False,True
15505211000001103,Lisinopril,Lisinopril 10mg / Hydrochlorothiazide 12.5mg tablets 30 tablet (product),Lisinopril,30.0,10 mg,Angiotensin-Converting Enzyme Inhibitors,False,True
451901000001105,Lisinopril,Lisinopril 10mg tablet - product,Lisinopril,,10 mg,Angiotensin-Converting Enzyme Inhibitors,False,False
532711000001109,Lisinopril,Lisinopril 10mg tablets (A A H Pharmaceuticals Ltd) (product),Lisinopril,,10 mg,Angiotensin-Converting Enzyme Inhibitors,False,False
2800411000001108,Lisinopril,Lisinopril 10mg tablets (A A H Pharmaceuticals Ltd) 28 tablet 2 x 14 tablets (product),Lisinopril,28.0,10 mg,Angiotensin-Converting Enzyme Inhibitors,False,False
18463011000001106,Lisinopril,Lisinopril 10mg tablets (Accord Healthcare Ltd) (product),Lisinopril,,10 mg,Angiotensin-Converting Enzyme Inhibitors,False,False
18463111000001107,Lisinopril,Lisinopril 10mg tablets (Accord Healthcare Ltd) 28 tablet (product),Lisinopril,28.0,10 mg,Angiotensin-Converting Enzyme Inhibitors,False,False
9810411000001104,Lisinopril,Lisinopril 10mg tablets (Almus Pharmaceutical Ltd) (product),Lisinopril,,10 mg,Angiotensin-Converting Enzyme Inhibitors,False,False
9810611000001101,Lisinopril,Lisinopril 10mg tablets (Almus Pharmaceutical Ltd) 28 tablet 2 x 14 tablets (product),Lisinopril,28.0,10 mg,Angiotensin-Converting Enzyme Inhibitors,False,False
247511000001109,Lisinopril,Lisinopril 10mg tablets (Alpharma Limited) (product),Lisinopril,,10 mg,Angiotensin-Converting Enzyme Inhibitors,False,False
2800511000001107,Lisinopril,Lisinopril 10mg tablets (Alpharma Limited) 28 tablet 2 x 14 tablets (product),Lisinopril,28.0,10 mg,Angiotensin-Converting Enzyme Inhibitors,False,False
640511000001107,Lisinopril,Lisinopril 10mg tablets (Approved Prescription Services) (product),Lisinopril,,10 mg,Angiotensin-Converting Enzyme Inhibitors,False,False
2267211000001101,Lisinopril,Lisinopril 10mg tablets (Approved Prescription Services) 28 tablet 2 x 14 tablets (product),Lisinopril,28.0,10 mg,Angiotensin-Converting Enzyme Inhibitors,False,False
10386411000001100,Lisinopril,Lisinopril 10mg tablets (Arrow Generics Ltd) (product),Lisinopril,,10 mg,Angiotensin-Converting Enzyme Inhibitors,False,False
10386611000001102,Lisinopril,Lisinopril 10mg tablets (Arrow Generics Ltd) 28 tablet (product),Lisinopril,28.0,10 mg,Angiotensin-Converting Enzyme Inhibitors,False,False
35165411000001106,Lisinopril,Lisinopril 10mg tablets (Aurobindo Pharma Ltd) (product),Lisinopril,,10 mg,Angiotensin-Converting Enzyme Inhibitors,False,False
35165511000001105,Lisinopril,Lisinopril 10mg tablets (Aurobindo Pharma Ltd) 28 tablet (product),Lisinopril,28.0,10 mg,Angiotensin-Converting Enzyme Inhibitors,False,False
16060611000001106,Lisinopril,Lisinopril 10mg tablets (Bristol Laboratories Ltd) (product),Lisinopril,,10 mg,Angiotensin-Converting Enzyme Inhibitors,False,False
16060711000001102,Lisinopril,Lisinopril 10mg tablets (Bristol Laboratories Ltd) 28 tablet 2 x 14 tablets (product),Lisinopril,28.0,10 mg,Angiotensin-Converting Enzyme Inhibitors,False,False
14123311000001103,Lisinopril,Lisinopril 10mg tablets (Consilient Health Ltd) (product),Lisinopril,,10 mg,Angiotensin-Converting Enzyme Inhibitors,False,False
14123411000001105,Lisinopril,Lisinopril 10mg tablets (Consilient Health Ltd) 28 tablet (product),Lisinopril,28.0,10 mg,Angiotensin-Converting Enzyme Inhibitors,False,False
35392011000001101,Lisinopril,Lisinopril 10mg tablets (Crescent Pharma Ltd) (product),Lisinopril,,10 mg,Angiotensin-Converting Enzyme Inhibitors,False,False
35392211000001106,Lisinopril,Lisinopril 10mg tablets (Crescent Pharma Ltd) 28 tablet 2 x 14 tablets (product),Lisinopril,28.0,10 mg,Angiotensin-Converting Enzyme Inhibitors,False,False
24367411000001102,Lisinopril,Lisinopril 10mg tablets (DE Pharmaceuticals) (product),Lisinopril,,10 mg,Angiotensin-Converting Enzyme Inhibitors,False,False
24367511000001103,Lisinopril,Lisinopril 10mg tablets (DE Pharmaceuticals) 28 tablet (product),Lisinopril,28.0,10 mg,Angiotensin-Converting Enzyme Inhibitors,False,False
656411000001108,Lisinopril,Lisinopril 10mg tablets (Generics (UK) Ltd) (product),Lisinopril,,10 mg,Angiotensin-Converting Enzyme Inhibitors,False,False
2267311000001109,Lisinopril,Lisinopril 10mg tablets (Generics (UK) Ltd) 28 tablet 2 x 14 tablets (product),Lisinopril,28.0,10 mg,Angiotensin-Converting Enzyme Inhibitors,False,False
3695611000001101,Lisinopril,Lisinopril 10mg tablets (IVAX Pharmaceuticals UK Ltd) (product),Lisinopril,,10 mg,Angiotensin-Converting Enzyme Inhibitors,False,False
3695711000001105,Lisinopril,Lisinopril 10mg tablets (IVAX Pharmaceuticals UK Ltd) 28 tablet 2 x 14 tablets (product),Lisinopril,28.0,10 mg,Angiotensin-Converting Enzyme Inhibitors,False,False
832711000001108,Lisinopril,Lisinopril 10mg tablets (Kent Pharmaceuticals Ltd) (product),Lisinopril,,10 mg,Angiotensin-Converting Enzyme Inhibitors,False,False
2800611000001106,Lisinopril,Lisinopril 10mg tablets (Kent Pharmaceuticals Ltd) 28 tablet 2 x 14 tablets (product),Lisinopril,28.0,10 mg,Angiotensin-Converting Enzyme Inhibitors,False,False
27377611000001103,Lisinopril,Lisinopril 10mg tablets (Lupin (Europe) Ltd) (product),Lisinopril,,10 mg,Angiotensin-Converting Enzyme Inhibitors,False,False
27377711000001107,Lisinopril,Lisinopril 10mg tablets (Lupin (Europe) Ltd) 28 tablet (product),Lisinopril,28.0,10 mg,Angiotensin-Converting Enzyme Inhibitors,False,False
30221811000001107,Lisinopril,Lisinopril 10mg tablets (Mawdsley-Brooks & Company Ltd) (product),Lisinopril,,10 mg,Angiotensin-Converting Enzyme Inhibitors,False,False
30221911000001102,Lisinopril,Lisinopril 10mg tablets (Mawdsley-Brooks & Company Ltd) 28 tablet (product),Lisinopril,28.0,10 mg,Angiotensin-Converting Enzyme Inhibitors,False,False
36938211000001109,Lisinopril,Lisinopril 10mg tablets (Mylan) 500 tablet (product),Lisinopril,500.0,10 mg,Angiotensin-Converting Enzyme Inhibitors,False,False
17937411000001107,Lisinopril,Lisinopril 10mg tablets (Phoenix Healthcare Distribution Ltd) (product),Lisinopril,,10 mg,Angiotensin-Converting Enzyme Inhibitors,False,False
17937511000001106,Lisinopril,Lisinopril 10mg tablets (Phoenix Healthcare Distribution Ltd) 28 tablet (product),Lisinopril,28.0,10 mg,Angiotensin-Converting Enzyme Inhibitors,False,False
5515611000001104,Lisinopril,Lisinopril 10mg tablets (PI) (Dowelhurst Ltd) (product),Lisinopril,,10 mg,Angiotensin-Converting Enzyme Inhibitors,False,False
5515811000001100,Lisinopril,Lisinopril 10mg tablets (PI) (Dowelhurst Ltd) 14 tablet (product),Lisinopril,14.0,10 mg,Angiotensin-Converting Enzyme Inhibitors,False,False
5516111000001101,Lisinopril,Lisinopril 10mg tablets (PI) (Dowelhurst Ltd) 28 tablet 2 x 14 tablets (product),Lisinopril,28.0,10 mg,Angiotensin-Converting Enzyme Inhibitors,False,False
872611000001102,Lisinopril,Lisinopril 10mg tablets (Ranbaxy (UK) Ltd) (product),Lisinopril,,10 mg,Angiotensin-Converting Enzyme Inhibitors,False,False
2800711000001102,Lisinopril,Lisinopril 10mg tablets (Ranbaxy (UK) Ltd) 28 tablet 4 x 7 tablets (product),Lisinopril,28.0,10 mg,Angiotensin-Converting Enzyme Inhibitors,False,False
10290011000001104,Lisinopril,Lisinopril 10mg tablets (Relonchem Ltd) (product),Lisinopril,,10 mg,Angiotensin-Converting Enzyme Inhibitors,False,False
10290111000001103,Lisinopril,Lisinopril 10mg tablets (Relonchem Ltd) 28 tablet (product),Lisinopril,28.0,10 mg,Angiotensin-Converting Enzyme Inhibitors,False,False
145811000001100,Lisinopril,Lisinopril 10mg tablets (Sandoz Ltd) (product),Lisinopril,,10 mg,Angiotensin-Converting Enzyme Inhibitors,False,False
2267511000001103,Lisinopril,Lisinopril 10mg tablets (Sandoz Ltd) 28 tablet 2 x 14 tablets (product),Lisinopril,28.0,10 mg,Angiotensin-Converting Enzyme Inhibitors,False,False
15107411000001103,Lisinopril,Lisinopril 10mg tablets (Sigma Pharmaceuticals Plc) (product),Lisinopril,,10 mg,Angiotensin-Converting Enzyme Inhibitors,False,False
15107511000001104,Lisinopril,Lisinopril 10mg tablets (Sigma Pharmaceuticals Plc) 28 tablet (product),Lisinopril,28.0,10 mg,Angiotensin-Converting Enzyme Inhibitors,False,False
499711000001101,Lisinopril,Lisinopril 10mg tablets (Sterwin Medicines) (product),Lisinopril,,10 mg,Angiotensin-Converting Enzyme Inhibitors,False,False
2267611000001104,Lisinopril,Lisinopril 10mg tablets (Sterwin Medicines) 28 tablet 2 x 14 tablets (product),Lisinopril,28.0,10 mg,Angiotensin-Converting Enzyme Inhibitors,False,False
13754211000001102,Lisinopril,Lisinopril 10mg tablets (Tillomed Laboratories Ltd) (product),Lisinopril,,10 mg,Angiotensin-Converting Enzyme Inhibitors,False,False
13754311000001105,Lisinopril,Lisinopril 10mg tablets (Tillomed Laboratories Ltd) 28 tablet (product),Lisinopril,28.0,10 mg,Angiotensin-Converting Enzyme Inhibitors,False,False
912911000001107,Lisinopril,Lisinopril 10mg tablets (Unichem Plc) (product),Lisinopril,,10 mg,Angiotensin-Converting Enzyme Inhibitors,False,False
2800811000001105,Lisinopril,Lisinopril 10mg tablets (Unichem Plc) 28 tablet 2 x 14 tablets (product),Lisinopril,28.0,10 mg,Angiotensin-Converting Enzyme Inhibitors,False,False
22072611000001100,Lisinopril,Lisinopril 10mg tablets (Waymade Healthcare Plc) (product),Lisinopril,,10 mg,Angiotensin-Converting Enzyme Inhibitors,False,False
22072711000001109,Lisinopril,Lisinopril 10mg tablets (Waymade Healthcare Plc) 28 tablet (product),Lisinopril,28.0,10 mg,Angiotensin-Converting Enzyme Inhibitors,False,False
5515311000001109,Lisinopril,Lisinopril 10mg tablets 14 tablet (product),Lisinopril,14.0,10 mg,Angiotensin-Converting Enzyme Inhibitors,False,False
1067211000001107,Lisinopril,Lisinopril 10mg tablets 28 tablet (product),Lisinopril,28.0,10 mg,Angiotensin-Converting Enzyme Inhibitors,False,False
36938011000001104,Lisinopril,Lisinopril 10mg tablets 500 tablet (product),Lisinopril,500.0,10 mg,Angiotensin-Converting Enzyme Inhibitors,False,False
8621911000001101,Lisinopril,Lisinopril 10mg/5ml oral solution (product),Lisinopril,,10 mg/5 ml,Angiotensin-Converting Enzyme Inhibitors,False,False
8590911000001107,Lisinopril,Lisinopril 10mg/5ml oral solution (Special Order) (product),Lisinopril,,10 mg/5 ml,Angiotensin-Converting Enzyme Inhibitors,False,False
8591011000001104,Lisinopril,Lisinopril 10mg/5ml oral solution (Special Order) 1 ml (product),Lisinopril,,10 mg/5 ml,Angiotensin-Converting Enzyme Inhibitors,False,False
8590711000001105,Lisinopril,Lisinopril 10mg/5ml oral solution 1 ml (product),Lisinopril,,10 mg/5 ml,Angiotensin-Converting Enzyme Inhibitors,False,False
8622011000001108,Lisinopril,Lisinopril 10mg/5ml oral suspension (product),Lisinopril,,10 mg/5 ml,Angiotensin-Converting Enzyme Inhibitors,False,False
8591311000001101,Lisinopril,Lisinopril 10mg/5ml oral suspension (Special Order) (product),Lisinopril,,10 mg/5 ml,Angiotensin-Converting Enzyme Inhibitors,False,False
8591411000001108,Lisinopril,Lisinopril 10mg/5ml oral suspension (Special Order) 1 ml (product),Lisinopril,,10 mg/5 ml,Angiotensin-Converting Enzyme Inhibitors,False,False
8591211000001109,Lisinopril,Lisinopril 10mg/5ml oral suspension 1 ml (product),Lisinopril,,10 mg/5 ml,Angiotensin-Converting Enzyme Inhibitors,False,False
15880311000001102,Lisinopril,Lisinopril 14mg/5ml oral solution (product),Lisinopril,,14 mg/5 ml,Angiotensin-Converting Enzyme Inhibitors,False,False
15879311000001102,Lisinopril,Lisinopril 14mg/5ml oral solution (Special Order) (product),Lisinopril,,14 mg/5 ml,Angiotensin-Converting Enzyme Inhibitors,False,False
15879411000001109,Lisinopril,Lisinopril 14mg/5ml oral solution (Special Order) 1 ml (product),Lisinopril,,14 mg/5 ml,Angiotensin-Converting Enzyme Inhibitors,False,False
15879211000001105,Lisinopril,Lisinopril 14mg/5ml oral solution 1 ml (product),Lisinopril,,14 mg/5 ml,Angiotensin-Converting Enzyme Inhibitors,False,False
15880411000001109,Lisinopril,Lisinopril 14mg/5ml oral suspension (product),Lisinopril,,14 mg/5 ml,Angiotensin-Converting Enzyme Inhibitors,False,False
15879611000001107,Lisinopril,Lisinopril 14mg/5ml oral suspension (Special Order) (product),Lisinopril,,14 mg/5 ml,Angiotensin-Converting Enzyme Inhibitors,False,False
15879711000001103,Lisinopril,Lisinopril 14mg/5ml oral suspension (Special Order) 1 ml (product),Lisinopril,,14 mg/5 ml,Angiotensin-Converting Enzyme Inhibitors,False,False
15879511000001108,Lisinopril,Lisinopril 14mg/5ml oral suspension 1 ml (product),Lisinopril,,14 mg/5 ml,Angiotensin-Converting Enzyme Inhibitors,False,False
12760911000001102,Lisinopril,Lisinopril 15mg/5ml oral solution (product),Lisinopril,,15 mg/5 ml,Angiotensin-Converting Enzyme Inhibitors,False,False
12734311000001104,Lisinopril,Lisinopril 15mg/5ml oral solution (Special Order) (product),Lisinopril,,15 mg/5 ml,Angiotensin-Converting Enzyme Inhibitors,False,False
12734411000001106,Lisinopril,Lisinopril 15mg/5ml oral solution (Special Order) 1 ml (product),Lisinopril,,15 mg/5 ml,Angiotensin-Converting Enzyme Inhibitors,False,False
12734211000001107,Lisinopril,Lisinopril 15mg/5ml oral solution 1 ml (product),Lisinopril,,15 mg/5 ml,Angiotensin-Converting Enzyme Inhibitors,False,False
12761011000001105,Lisinopril,Lisinopril 15mg/5ml oral suspension (product),Lisinopril,,15 mg/5 ml,Angiotensin-Converting Enzyme Inhibitors,False,False
12733911000001100,Lisinopril,Lisinopril 15mg/5ml oral suspension (Special Order) (product),Lisinopril,,15 mg/5 ml,Angiotensin-Converting Enzyme Inhibitors,False,False
12734011000001102,Lisinopril,Lisinopril 15mg/5ml oral suspension (Special Order) 1 ml (product),Lisinopril,,15 mg/5 ml,Angiotensin-Converting Enzyme Inhibitors,False,False
12733511000001107,Lisinopril,Lisinopril 15mg/5ml oral suspension 1 ml (product),Lisinopril,,15 mg/5 ml,Angiotensin-Converting Enzyme Inhibitors,False,False
12654901000001106,Lisinopril,LISINOPRIL 1mg/mL oral solution,Lisinopril,,1 mg/mL,Angiotensin-Converting Enzyme Inhibitors,False,False
311601000001102,Lisinopril,Lisinopril 2.5mg tablet - product,Lisinopril,,2.5 mg,Angiotensin-Converting Enzyme Inhibitors,False,False
1097201000001107,Lisinopril,Lisinopril 2.5mg tablet starter pack,Lisinopril,,2.5 mg,Angiotensin-Converting Enzyme Inhibitors,False,False
874311000001100,Lisinopril,Lisinopril 2.5mg tablets (A A H Pharmaceuticals Ltd) (product),Lisinopril,,2.5 mg,Angiotensin-Converting Enzyme Inhibitors,False,False
2801211000001103,Lisinopril,Lisinopril 2.5mg tablets (A A H Pharmaceuticals Ltd) 28 tablet 2 x 14 tablets (product),Lisinopril,28.0,2.5 mg,Angiotensin-Converting Enzyme Inhibitors,False,False
9809811000001108,Lisinopril,Lisinopril 2.5mg tablets (Almus Pharmaceutical Ltd) (product),Lisinopril,,2.5 mg,Angiotensin-Converting Enzyme Inhibitors,False,False
9809911000001103,Lisinopril,Lisinopril 2.5mg tablets (Almus Pharmaceutical Ltd) 28 tablet 2 x 14 tablets (product),Lisinopril,28.0,2.5 mg,Angiotensin-Converting Enzyme Inhibitors,False,False
460011000001108,Lisinopril,Lisinopril 2.5mg tablets (Alpharma Limited) (product),Lisinopril,,2.5 mg,Angiotensin-Converting Enzyme Inhibitors,False,False
2801511000001100,Lisinopril,Lisinopril 2.5mg tablets (Alpharma Limited) 28 tablet 2 x 14 tablets (product),Lisinopril,28.0,2.5 mg,Angiotensin-Converting Enzyme Inhibitors,False,False
60211000001105,Lisinopril,Lisinopril 2.5mg tablets (Approved Prescription Services) (product),Lisinopril,,2.5 mg,Angiotensin-Converting Enzyme Inhibitors,False,False
2265611000001106,Lisinopril,Lisinopril 2.5mg tablets (Approved Prescription Services) 28 tablet 2 x 14 tablets (product),Lisinopril,28.0,2.5 mg,Angiotensin-Converting Enzyme Inhibitors,False,False
10385711000001103,Lisinopril,Lisinopril 2.5mg tablets (Arrow Generics Ltd) (product),Lisinopril,,2.5 mg,Angiotensin-Converting Enzyme Inhibitors,False,False
10385811000001106,Lisinopril,Lisinopril 2.5mg tablets (Arrow Generics Ltd) 28 tablet (product),Lisinopril,28.0,2.5 mg,Angiotensin-Converting Enzyme Inhibitors,False,False
16060211000001109,Lisinopril,Lisinopril 2.5mg tablets (Bristol Laboratories Ltd) (product),Lisinopril,,2.5 mg,Angiotensin-Converting Enzyme Inhibitors,False,False
16060311000001101,Lisinopril,Lisinopril 2.5mg tablets (Bristol Laboratories Ltd) 28 tablet 2 x 14 tablets (product),Lisinopril,28.0,2.5 mg,Angiotensin-Converting Enzyme Inhibitors,False,False
14122911000001109,Lisinopril,Lisinopril 2.5mg tablets (Consilient Health Ltd) (product),Lisinopril,,2.5 mg,Angiotensin-Converting Enzyme Inhibitors,False,False
14123011000001101,Lisinopril,Lisinopril 2.5mg tablets (Consilient Health Ltd) 28 tablet (product),Lisinopril,28.0,2.5 mg,Angiotensin-Converting Enzyme Inhibitors,False,False
35391311000001107,Lisinopril,Lisinopril 2.5mg tablets (Crescent Pharma Ltd) (product),Lisinopril,,2.5 mg,Angiotensin-Converting Enzyme Inhibitors,False,False
35391411000001100,Lisinopril,Lisinopril 2.5mg tablets (Crescent Pharma Ltd) 28 tablet 2 x 14 tablets (product),Lisinopril,28.0,2.5 mg,Angiotensin-Converting Enzyme Inhibitors,False,False
24368011000001107,Lisinopril,Lisinopril 2.5mg tablets (DE Pharmaceuticals) (product),Lisinopril,,2.5 mg,Angiotensin-Converting Enzyme Inhibitors,False,False
24368311000001105,Lisinopril,Lisinopril 2.5mg tablets (DE Pharmaceuticals) 28 tablet (product),Lisinopril,28.0,2.5 mg,Angiotensin-Converting Enzyme Inhibitors,False,False
5253711000001106,Lisinopril,Lisinopril 2.5mg tablets (Generics (UK) Ltd) (product),Lisinopril,,2.5 mg,Angiotensin-Converting Enzyme Inhibitors,False,False
5253811000001103,Lisinopril,Lisinopril 2.5mg tablets (Generics (UK) Ltd) 28 tablet 2 x 14 (product),Lisinopril,28.0,2.5 mg,Angiotensin-Converting Enzyme Inhibitors,False,False
3695211000001103,Lisinopril,Lisinopril 2.5mg tablets (IVAX Pharmaceuticals UK Ltd) (product),Lisinopril,,2.5 mg,Angiotensin-Converting Enzyme Inhibitors,False,False
3695311000001106,Lisinopril,Lisinopril 2.5mg tablets (IVAX Pharmaceuticals UK Ltd) 28 tablet 2 x 14 tablets (product),Lisinopril,28.0,2.5 mg,Angiotensin-Converting Enzyme Inhibitors,False,False
709811000001102,Lisinopril,Lisinopril 2.5mg tablets (Kent Pharmaceuticals Ltd) (product),Lisinopril,,2.5 mg,Angiotensin-Converting Enzyme Inhibitors,False,False
2801711000001105,Lisinopril,Lisinopril 2.5mg tablets (Kent Pharmaceuticals Ltd) 28 tablet 2 x 14 tablets (product),Lisinopril,28.0,2.5 mg,Angiotensin-Converting Enzyme Inhibitors,False,False
27377211000001100,Lisinopril,Lisinopril 2.5mg tablets (Lupin (Europe) Ltd) (product),Lisinopril,,2.5 mg,Angiotensin-Converting Enzyme Inhibitors,False,False
27377311000001108,Lisinopril,Lisinopril 2.5mg tablets (Lupin (Europe) Ltd) 28 tablet (product),Lisinopril,28.0,2.5 mg,Angiotensin-Converting Enzyme Inhibitors,False,False
30221411000001105,Lisinopril,Lisinopril 2.5mg tablets (Mawdsley-Brooks & Company Ltd) (product),Lisinopril,,2.5 mg,Angiotensin-Converting Enzyme Inhibitors,False,False
30221511000001109,Lisinopril,Lisinopril 2.5mg tablets (Mawdsley-Brooks & Company Ltd) 28 tablet (product),Lisinopril,28.0,2.5 mg,Angiotensin-Converting Enzyme Inhibitors,False,False
36937911000001101,Lisinopril,Lisinopril 2.5mg tablets (Mylan) 500 tablet (product),Lisinopril,500.0,2.5 mg,Angiotensin-Converting Enzyme Inhibitors,False,False
17937011000001103,Lisinopril,Lisinopril 2.5mg tablets (Phoenix Healthcare Distribution Ltd) (product),Lisinopril,,2.5 mg,Angiotensin-Converting Enzyme Inhibitors,False,False
17937111000001102,Lisinopril,Lisinopril 2.5mg tablets (Phoenix Healthcare Distribution Ltd) 28 tablet (product),Lisinopril,28.0,2.5 mg,Angiotensin-Converting Enzyme Inhibitors,False,False
5515711000001108,Lisinopril,Lisinopril 2.5mg tablets (PI) (Dowelhurst Ltd) (product),Lisinopril,,2.5 mg,Angiotensin-Converting Enzyme Inhibitors,False,False
5516011000001102,Lisinopril,Lisinopril 2.5mg tablets (PI) (Dowelhurst Ltd) 28 tablet 2 x 14 tablets (product),Lisinopril,28.0,2.5 mg,Angiotensin-Converting Enzyme Inhibitors,False,False
96611000001106,Lisinopril,Lisinopril 2.5mg tablets (Ranbaxy (UK) Ltd) (product),Lisinopril,,2.5 mg,Angiotensin-Converting Enzyme Inhibitors,False,False
2801811000001102,Lisinopril,Lisinopril 2.5mg tablets (Ranbaxy (UK) Ltd) 28 tablet 4 x 7 tablets (product),Lisinopril,28.0,2.5 mg,Angiotensin-Converting Enzyme Inhibitors,False,False
10290411000001108,Lisinopril,Lisinopril 2.5mg tablets (Relonchem Ltd) (product),Lisinopril,,2.5 mg,Angiotensin-Converting Enzyme Inhibitors,False,False
10290611000001106,Lisinopril,Lisinopril 2.5mg tablets (Relonchem Ltd) 28 tablet (product),Lisinopril,28.0,2.5 mg,Angiotensin-Converting Enzyme Inhibitors,False,False
877611000001104,Lisinopril,Lisinopril 2.5mg tablets (Sandoz Ltd) (product),Lisinopril,,2.5 mg,Angiotensin-Converting Enzyme Inhibitors,False,False
2265711000001102,Lisinopril,Lisinopril 2.5mg tablets (Sandoz Ltd) 28 tablet 2 x 14 tablets (product),Lisinopril,28.0,2.5 mg,Angiotensin-Converting Enzyme Inhibitors,False,False
15107611000001100,Lisinopril,Lisinopril 2.5mg tablets (Sigma Pharmaceuticals Plc) (product),Lisinopril,,2.5 mg,Angiotensin-Converting Enzyme Inhibitors,False,False
15107711000001109,Lisinopril,Lisinopril 2.5mg tablets (Sigma Pharmaceuticals Plc) 28 tablet (product),Lisinopril,28.0,2.5 mg,Angiotensin-Converting Enzyme Inhibitors,False,False
461611000001106,Lisinopril,Lisinopril 2.5mg tablets (Sterwin Medicines) (product),Lisinopril,,2.5 mg,Angiotensin-Converting Enzyme Inhibitors,False,False
2265911000001100,Lisinopril,Lisinopril 2.5mg tablets (Sterwin Medicines) 28 tablet 2 x 14 tablets (product),Lisinopril,28.0,2.5 mg,Angiotensin-Converting Enzyme Inhibitors,False,False
337211000001101,Lisinopril,Lisinopril 2.5mg tablets (Unichem Plc) (product),Lisinopril,,2.5 mg,Angiotensin-Converting Enzyme Inhibitors,False,False
2801911000001107,Lisinopril,Lisinopril 2.5mg tablets (Unichem Plc) 28 tablet 2 x 14 tablets (product),Lisinopril,28.0,2.5 mg,Angiotensin-Converting Enzyme Inhibitors,False,False
22072211000001102,Lisinopril,Lisinopril 2.5mg tablets (Waymade Healthcare Plc) (product),Lisinopril,,2.5 mg,Angiotensin-Converting Enzyme Inhibitors,False,False
22072311000001105,Lisinopril,Lisinopril 2.5mg tablets (Waymade Healthcare Plc) 28 tablet (product),Lisinopril,28.0,2.5 mg,Angiotensin-Converting Enzyme Inhibitors,False,False
999111000001104,Lisinopril,Lisinopril 2.5mg tablets 28 tablet (product),Lisinopril,28.0,2.5 mg,Angiotensin-Converting Enzyme Inhibitors,False,False
36937811000001106,Lisinopril,Lisinopril 2.5mg tablets 500 tablet (product),Lisinopril,500.0,2.5 mg,Angiotensin-Converting Enzyme Inhibitors,False,False
27877411000001103,Lisinopril,Lisinopril 2.5mg/5ml oral solution (Drug Tariff Special Order) 100 ml (product),Lisinopril,,5 mg/5 ml,Angiotensin-Converting Enzyme Inhibitors,False,False
8622111000001109,Lisinopril,Lisinopril 2.5mg/5ml oral solution (product),Lisinopril,,5 mg/5 ml,Angiotensin-Converting Enzyme Inhibitors,False,False
8591911000001100,Lisinopril,Lisinopril 2.5mg/5ml oral solution (Special Order) (product),Lisinopril,,5 mg/5 ml,Angiotensin-Converting Enzyme Inhibitors,False,False
8592011000001107,Lisinopril,Lisinopril 2.5mg/5ml oral solution (Special Order) 1 ml (product),Lisinopril,,5 mg/5 ml,Angiotensin-Converting Enzyme Inhibitors,False,False
8591811000001105,Lisinopril,Lisinopril 2.5mg/5ml oral solution 1 ml (product),Lisinopril,,5 mg/5 ml,Angiotensin-Converting Enzyme Inhibitors,False,False
27877311000001105,Lisinopril,Lisinopril 2.5mg/5ml oral solution 100 ml (product),Lisinopril,,5 mg/5 ml,Angiotensin-Converting Enzyme Inhibitors,False,False
27877611000001100,Lisinopril,Lisinopril 2.5mg/5ml oral suspension (Drug Tariff Special Order) 100 ml (product),Lisinopril,,5 mg/5 ml,Angiotensin-Converting Enzyme Inhibitors,False,False
8622211000001103,Lisinopril,Lisinopril 2.5mg/5ml oral suspension (product),Lisinopril,,5 mg/5 ml,Angiotensin-Converting Enzyme Inhibitors,False,False
8592211000001102,Lisinopril,Lisinopril 2.5mg/5ml oral suspension (Special Order) (product),Lisinopril,,5 mg/5 ml,Angiotensin-Converting Enzyme Inhibitors,False,False
8592311000001105,Lisinopril,Lisinopril 2.5mg/5ml oral suspension (Special Order) 1 ml (product),Lisinopril,,5 mg/5 ml,Angiotensin-Converting Enzyme Inhibitors,False,False
8592111000001108,Lisinopril,Lisinopril 2.5mg/5ml oral suspension 1 ml (product),Lisinopril,,5 mg/5 ml,Angiotensin-Converting Enzyme Inhibitors,False,False
27877511000001104,Lisinopril,Lisinopril 2.5mg/5ml oral suspension 100 ml (product),Lisinopril,,5 mg/5 ml,Angiotensin-Converting Enzyme Inhibitors,False,False
7495911000001104,Lisinopril,Lisinopril 20mg / Hydrochlorothiazide 12.5mg tablets (A A H Pharmaceuticals Ltd) (product),Lisinopril,,20 mg,Angiotensin-Converting Enzyme Inhibitors,False,True
7496111000001108,Lisinopril,Lisinopril 20mg / Hydrochlorothiazide 12.5mg tablets (A A H Pharmaceuticals Ltd) 28 tablet (product),Lisinopril,28.0,20 mg,Angiotensin-Converting Enzyme Inhibitors,False,True
13845711000001107,Lisinopril,Lisinopril 20mg / Hydrochlorothiazide 12.5mg tablets (Almus Pharmaceuticals Ltd) (product),Lisinopril,,20 mg,Angiotensin-Converting Enzyme Inhibitors,False,True
13845811000001104,Lisinopril,Lisinopril 20mg / Hydrochlorothiazide 12.5mg tablets (Almus Pharmaceuticals Ltd) 28 tablet 2 x 14 tablets (product),Lisinopril,28.0,20 mg,Angiotensin-Converting Enzyme Inhibitors,False,True
7334911000001102,Lisinopril,Lisinopril 20mg / Hydrochlorothiazide 12.5mg tablets (Approved Prescription Services) (product),Lisinopril,,20 mg,Angiotensin-Converting Enzyme Inhibitors,False,True
7335011000001102,Lisinopril,Lisinopril 20mg / Hydrochlorothiazide 12.5mg tablets (Approved Prescription Services) 28 tablet 2 x 14 tablets (product),Lisinopril,28.0,20 mg,Angiotensin-Converting Enzyme Inhibitors,False,True
16061211000001103,Lisinopril,Lisinopril 20mg / Hydrochlorothiazide 12.5mg tablets (Bristol Laboratories Ltd) (product),Lisinopril,,20 mg,Angiotensin-Converting Enzyme Inhibitors,False,True
16061311000001106,Lisinopril,Lisinopril 20mg / Hydrochlorothiazide 12.5mg tablets (Bristol Laboratories Ltd) 28 tablet 2 x 14 tablets (product),Lisinopril,28.0,20 mg,Angiotensin-Converting Enzyme Inhibitors,False,True
24367111000001107,Lisinopril,Lisinopril 20mg / Hydrochlorothiazide 12.5mg tablets (DE Pharmaceuticals) (product),Lisinopril,,20 mg,Angiotensin-Converting Enzyme Inhibitors,False,True
24367311000001109,Lisinopril,Lisinopril 20mg / Hydrochlorothiazide 12.5mg tablets (DE Pharmaceuticals) 28 tablet (product),Lisinopril,28.0,20 mg,Angiotensin-Converting Enzyme Inhibitors,False,True
9089111000001103,Lisinopril,Lisinopril 20mg / Hydrochlorothiazide 12.5mg tablets (Generics (UK) Ltd) (product),Lisinopril,,20 mg,Angiotensin-Converting Enzyme Inhibitors,False,True
9089211000001109,Lisinopril,Lisinopril 20mg / Hydrochlorothiazide 12.5mg tablets (Generics (UK) Ltd) 28 tablet 2 x 14 tablets (product),Lisinopril,28.0,20 mg,Angiotensin-Converting Enzyme Inhibitors,False,True
7977511000001109,Lisinopril,Lisinopril 20mg / Hydrochlorothiazide 12.5mg tablets (Kent Pharmaceuticals Ltd) (product),Lisinopril,,20 mg,Angiotensin-Converting Enzyme Inhibitors,False,True
7977611000001108,Lisinopril,Lisinopril 20mg / Hydrochlorothiazide 12.5mg tablets (Kent Pharmaceuticals Ltd) 28 tablet 2 x 14 tablets (product),Lisinopril,28.0,20 mg,Angiotensin-Converting Enzyme Inhibitors,False,True
27475211000001104,Lisinopril,Lisinopril 20mg / Hydrochlorothiazide 12.5mg tablets (Lupin (Europe) Ltd) (product),Lisinopril,,20 mg,Angiotensin-Converting Enzyme Inhibitors,False,True
27475311000001107,Lisinopril,Lisinopril 20mg / Hydrochlorothiazide 12.5mg tablets (Lupin (Europe) Ltd) 28 tablet (product),Lisinopril,28.0,20 mg,Angiotensin-Converting Enzyme Inhibitors,False,True
17936811000001107,Lisinopril,Lisinopril 20mg / Hydrochlorothiazide 12.5mg tablets (Phoenix Healthcare Distribution Ltd) (product),Lisinopril,,20 mg,Angiotensin-Converting Enzyme Inhibitors,False,True
17936911000001102,Lisinopril,Lisinopril 20mg / Hydrochlorothiazide 12.5mg tablets (Phoenix Healthcare Distribution Ltd) 28 tablet (product),Lisinopril,28.0,20 mg,Angiotensin-Converting Enzyme Inhibitors,False,True
8171711000001103,Lisinopril,Lisinopril 20mg / Hydrochlorothiazide 12.5mg tablets (Sandoz Ltd) (product),Lisinopril,,20 mg,Angiotensin-Converting Enzyme Inhibitors,False,True
8172011000001108,Lisinopril,Lisinopril 20mg / Hydrochlorothiazide 12.5mg tablets (Sandoz Ltd) 28 tablet 2 x 14 tablets (product),Lisinopril,28.0,20 mg,Angiotensin-Converting Enzyme Inhibitors,False,True
29891911000001102,Lisinopril,Lisinopril 20mg / Hydrochlorothiazide 12.5mg tablets (Sigma Pharmaceuticals Plc) (product),Lisinopril,,20 mg,Angiotensin-Converting Enzyme Inhibitors,False,True
29892011000001109,Lisinopril,Lisinopril 20mg / Hydrochlorothiazide 12.5mg tablets (Sigma Pharmaceuticals Plc) 28 tablet (product),Lisinopril,28.0,20 mg,Angiotensin-Converting Enzyme Inhibitors,False,True
13754811000001101,Lisinopril,Lisinopril 20mg / Hydrochlorothiazide 12.5mg tablets (Tillomed Laboratories Ltd) (product),Lisinopril,,20 mg,Angiotensin-Converting Enzyme Inhibitors,False,True
13754911000001106,Lisinopril,Lisinopril 20mg / Hydrochlorothiazide 12.5mg tablets (Tillomed Laboratories Ltd) 28 tablet (product),Lisinopril,28.0,20 mg,Angiotensin-Converting Enzyme Inhibitors,False,True
7513811000001103,Lisinopril,Lisinopril 20mg / Hydrochlorothiazide 12.5mg tablets (Unichem Plc) (product),Lisinopril,,20 mg,Angiotensin-Converting Enzyme Inhibitors,False,True
7513911000001108,Lisinopril,Lisinopril 20mg / Hydrochlorothiazide 12.5mg tablets (Unichem Plc) 28 tablet 2 x 14 tablets (product),Lisinopril,28.0,20 mg,Angiotensin-Converting Enzyme Inhibitors,False,True
22071811000001105,Lisinopril,Lisinopril 20mg / Hydrochlorothiazide 12.5mg tablets (Waymade Healthcare Plc) (product),Lisinopril,,20 mg,Angiotensin-Converting Enzyme Inhibitors,False,True
22072011000001107,Lisinopril,Lisinopril 20mg / Hydrochlorothiazide 12.5mg tablets (Waymade Healthcare Plc) 28 tablet (product),Lisinopril,28.0,20 mg,Angiotensin-Converting Enzyme Inhibitors,False,True
5600611000001104,Lisinopril,Lisinopril 20mg / Hydrochlorothiazide 12.5mg tablets 14 tablet (product),Lisinopril,14.0,20 mg,Angiotensin-Converting Enzyme Inhibitors,False,True
3143011000001101,Lisinopril,Lisinopril 20mg / Hydrochlorothiazide 12.5mg tablets 28 tablet (product),Lisinopril,28.0,20 mg,Angiotensin-Converting Enzyme Inhibitors,False,True
15419111000001101,Lisinopril,Lisinopril 20mg / Hydrochlorothiazide 12.5mg tablets 30 tablet (product),Lisinopril,30.0,20 mg,Angiotensin-Converting Enzyme Inhibitors,False,True
522201000001101,Lisinopril,Lisinopril 20mg tablet - product,Lisinopril,,20 mg,Angiotensin-Converting Enzyme Inhibitors,False,False
668811000001102,Lisinopril,Lisinopril 20mg tablets (A A H Pharmaceuticals Ltd) (product),Lisinopril,,20 mg,Angiotensin-Converting Enzyme Inhibitors,False,False
2802511000001108,Lisinopril,Lisinopril 20mg tablets (A A H Pharmaceuticals Ltd) 28 tablet 2 x 14 tablets (product),Lisinopril,28.0,20 mg,Angiotensin-Converting Enzyme Inhibitors,False,False
18463211000001101,Lisinopril,Lisinopril 20mg tablets (Accord Healthcare Ltd) (product),Lisinopril,,20 mg,Angiotensin-Converting Enzyme Inhibitors,False,False
18463311000001109,Lisinopril,Lisinopril 20mg tablets (Accord Healthcare Ltd) 28 tablet (product),Lisinopril,28.0,20 mg,Angiotensin-Converting Enzyme Inhibitors,False,False
9810811000001102,Lisinopril,Lisinopril 20mg tablets (Almus Pharmaceutical Ltd) (product),Lisinopril,,20 mg,Angiotensin-Converting Enzyme Inhibitors,False,False
9810911000001107,Lisinopril,Lisinopril 20mg tablets (Almus Pharmaceutical Ltd) 28 tablet 2 x 14 tablets (product),Lisinopril,28.0,20 mg,Angiotensin-Converting Enzyme Inhibitors,False,False
460111000001109,Lisinopril,Lisinopril 20mg tablets (Alpharma Limited) (product),Lisinopril,,20 mg,Angiotensin-Converting Enzyme Inhibitors,False,False
2802711000001103,Lisinopril,Lisinopril 20mg tablets (Alpharma Limited) 28 tablet 2 x 14 tablets (product),Lisinopril,28.0,20 mg,Angiotensin-Converting Enzyme Inhibitors,False,False
487411000001102,Lisinopril,Lisinopril 20mg tablets (Approved Prescription Services) (product),Lisinopril,,20 mg,Angiotensin-Converting Enzyme Inhibitors,False,False
2267911000001105,Lisinopril,Lisinopril 20mg tablets (Approved Prescription Services) 28 tablet 2 x 14 tablets (product),Lisinopril,28.0,20 mg,Angiotensin-Converting Enzyme Inhibitors,False,False
10386911000001108,Lisinopril,Lisinopril 20mg tablets (Arrow Generics Ltd) (product),Lisinopril,,20 mg,Angiotensin-Converting Enzyme Inhibitors,False,False
10387111000001108,Lisinopril,Lisinopril 20mg tablets (Arrow Generics Ltd) 28 tablet (product),Lisinopril,28.0,20 mg,Angiotensin-Converting Enzyme Inhibitors,False,False
35165611000001109,Lisinopril,Lisinopril 20mg tablets (Aurobindo Pharma Ltd) (product),Lisinopril,,20 mg,Angiotensin-Converting Enzyme Inhibitors,False,False
35165711000001100,Lisinopril,Lisinopril 20mg tablets (Aurobindo Pharma Ltd) 28 tablet (product),Lisinopril,28.0,20 mg,Angiotensin-Converting Enzyme Inhibitors,False,False
16060811000001105,Lisinopril,Lisinopril 20mg tablets (Bristol Laboratories Ltd) (product),Lisinopril,,20 mg,Angiotensin-Converting Enzyme Inhibitors,False,False
16060911000001100,Lisinopril,Lisinopril 20mg tablets (Bristol Laboratories Ltd) 28 tablet 2 x 14 tablets (product),Lisinopril,28.0,20 mg,Angiotensin-Converting Enzyme Inhibitors,False,False
14123511000001109,Lisinopril,Lisinopril 20mg tablets (Consilient Health Ltd) (product),Lisinopril,,20 mg,Angiotensin-Converting Enzyme Inhibitors,False,False
14123611000001108,Lisinopril,Lisinopril 20mg tablets (Consilient Health Ltd) 28 tablet (product),Lisinopril,28.0,20 mg,Angiotensin-Converting Enzyme Inhibitors,False,False
35392311000001103,Lisinopril,Lisinopril 20mg tablets (Crescent Pharma Ltd) (product),Lisinopril,,20 mg,Angiotensin-Converting Enzyme Inhibitors,False,False
35392411000001105,Lisinopril,Lisinopril 20mg tablets (Crescent Pharma Ltd) 28 tablet 2 x 14 tablets (product),Lisinopril,28.0,20 mg,Angiotensin-Converting Enzyme Inhibitors,False,False
24368611000001100,Lisinopril,Lisinopril 20mg tablets (DE Pharmaceuticals) (product),Lisinopril,,20 mg,Angiotensin-Converting Enzyme Inhibitors,False,False
24368711000001109,Lisinopril,Lisinopril 20mg tablets (DE Pharmaceuticals) 28 tablet (product),Lisinopril,28.0,20 mg,Angiotensin-Converting Enzyme Inhibitors,False,False
576511000001101,Lisinopril,Lisinopril 20mg tablets (Generics (UK) Ltd) (product),Lisinopril,,20 mg,Angiotensin-Converting Enzyme Inhibitors,False,False
2268611000001100,Lisinopril,Lisinopril 20mg tablets (Generics (UK) Ltd) 28 tablet 2 x 14 tablets (product),Lisinopril,28.0,20 mg,Angiotensin-Converting Enzyme Inhibitors,False,False
3695811000001102,Lisinopril,Lisinopril 20mg tablets (IVAX Pharmaceuticals UK Ltd) (product),Lisinopril,,20 mg,Angiotensin-Converting Enzyme Inhibitors,False,False
3695911000001107,Lisinopril,Lisinopril 20mg tablets (IVAX Pharmaceuticals UK Ltd) 28 tablet 2 x 14 tablets (product),Lisinopril,28.0,20 mg,Angiotensin-Converting Enzyme Inhibitors,False,False
607011000001108,Lisinopril,Lisinopril 20mg tablets (Kent Pharmaceuticals Ltd) (product),Lisinopril,,20 mg,Angiotensin-Converting Enzyme Inhibitors,False,False
2803111000001105,Lisinopril,Lisinopril 20mg tablets (Kent Pharmaceuticals Ltd) 28 tablet 2 x 14 tablets (product),Lisinopril,28.0,20 mg,Angiotensin-Converting Enzyme Inhibitors,False,False
27377811000001104,Lisinopril,Lisinopril 20mg tablets (Lupin (Europe) Ltd) (product),Lisinopril,,20 mg,Angiotensin-Converting Enzyme Inhibitors,False,False
27377911000001109,Lisinopril,Lisinopril 20mg tablets (Lupin (Europe) Ltd) 28 tablet (product),Lisinopril,28.0,20 mg,Angiotensin-Converting Enzyme Inhibitors,False,False
30222011000001109,Lisinopril,Lisinopril 20mg tablets (Mawdsley-Brooks & Company Ltd) (product),Lisinopril,,20 mg,Angiotensin-Converting Enzyme Inhibitors,False,False
30222111000001105,Lisinopril,Lisinopril 20mg tablets (Mawdsley-Brooks & Company Ltd) 28 tablet (product),Lisinopril,28.0,20 mg,Angiotensin-Converting Enzyme Inhibitors,False,False
36938411000001108,Lisinopril,Lisinopril 20mg tablets (Mylan) 500 tablet (product),Lisinopril,500.0,20 mg,Angiotensin-Converting Enzyme Inhibitors,False,False
17937611000001105,Lisinopril,Lisinopril 20mg tablets (Phoenix Healthcare Distribution Ltd) (product),Lisinopril,,20 mg,Angiotensin-Converting Enzyme Inhibitors,False,False
17937711000001101,Lisinopril,Lisinopril 20mg tablets (Phoenix Healthcare Distribution Ltd) 28 tablet (product),Lisinopril,28.0,20 mg,Angiotensin-Converting Enzyme Inhibitors,False,False
5516511000001105,Lisinopril,Lisinopril 20mg tablets (PI) (Dowelhurst Ltd) (product),Lisinopril,,20 mg,Angiotensin-Converting Enzyme Inhibitors,False,False
5516611000001109,Lisinopril,Lisinopril 20mg tablets (PI) (Dowelhurst Ltd) 28 tablet 2 x 14 tablets (product),Lisinopril,28.0,20 mg,Angiotensin-Converting Enzyme Inhibitors,False,False
155311000001107,Lisinopril,Lisinopril 20mg tablets (Ranbaxy (UK) Ltd) (product),Lisinopril,,20 mg,Angiotensin-Converting Enzyme Inhibitors,False,False
2803511000001101,Lisinopril,Lisinopril 20mg tablets (Ranbaxy (UK) Ltd) 28 tablet 4 x 7 tablets (product),Lisinopril,28.0,20 mg,Angiotensin-Converting Enzyme Inhibitors,False,False
10291011000001108,Lisinopril,Lisinopril 20mg tablets (Relonchem Ltd) (product),Lisinopril,,20 mg,Angiotensin-Converting Enzyme Inhibitors,False,False
10291311000001106,Lisinopril,Lisinopril 20mg tablets (Relonchem Ltd) 28 tablet (product),Lisinopril,28.0,20 mg,Angiotensin-Converting Enzyme Inhibitors,False,False
637111000001101,Lisinopril,Lisinopril 20mg tablets (Sandoz Ltd) (product),Lisinopril,,20 mg,Angiotensin-Converting Enzyme Inhibitors,False,False
2268911000001106,Lisinopril,Lisinopril 20mg tablets (Sandoz Ltd) 28 tablet 2 x 14 tablets (product),Lisinopril,28.0,20 mg,Angiotensin-Converting Enzyme Inhibitors,False,False
15107811000001101,Lisinopril,Lisinopril 20mg tablets (Sigma Pharmaceuticals Plc) (product),Lisinopril,,20 mg,Angiotensin-Converting Enzyme Inhibitors,False,False
15107911000001106,Lisinopril,Lisinopril 20mg tablets (Sigma Pharmaceuticals Plc) 28 tablet (product),Lisinopril,28.0,20 mg,Angiotensin-Converting Enzyme Inhibitors,False,False
360711000001100,Lisinopril,Lisinopril 20mg tablets (Sterwin Medicines) (product),Lisinopril,,20 mg,Angiotensin-Converting Enzyme Inhibitors,False,False
2269011000001102,Lisinopril,Lisinopril 20mg tablets (Sterwin Medicines) 28 tablet 2 x 14 tablets (product),Lisinopril,28.0,20 mg,Angiotensin-Converting Enzyme Inhibitors,False,False
13754411000001103,Lisinopril,Lisinopril 20mg tablets (Tillomed Laboratories Ltd) (product),Lisinopril,,20 mg,Angiotensin-Converting Enzyme Inhibitors,False,False
13754511000001104,Lisinopril,Lisinopril 20mg tablets (Tillomed Laboratories Ltd) 28 tablet (product),Lisinopril,28.0,20 mg,Angiotensin-Converting Enzyme Inhibitors,False,False
580411000001107,Lisinopril,Lisinopril 20mg tablets (Unichem Plc) (product),Lisinopril,,20 mg,Angiotensin-Converting Enzyme Inhibitors,False,False
2803411000001100,Lisinopril,Lisinopril 20mg tablets (Unichem Plc) 28 tablet 2 x 14 tablets (product),Lisinopril,28.0,20 mg,Angiotensin-Converting Enzyme Inhibitors,False,False
22072811000001101,Lisinopril,Lisinopril 20mg tablets (Waymade Healthcare Plc) (product),Lisinopril,,20 mg,Angiotensin-Converting Enzyme Inhibitors,False,False
22072911000001106,Lisinopril,Lisinopril 20mg tablets (Waymade Healthcare Plc) 28 tablet (product),Lisinopril,28.0,20 mg,Angiotensin-Converting Enzyme Inhibitors,False,False
1247111000001100,Lisinopril,Lisinopril 20mg tablets 28 tablet (product),Lisinopril,28.0,20 mg,Angiotensin-Converting Enzyme Inhibitors,False,False
36938311000001101,Lisinopril,Lisinopril 20mg tablets 500 tablet (product),Lisinopril,500.0,20 mg,Angiotensin-Converting Enzyme Inhibitors,False,False
27877811000001101,Lisinopril,Lisinopril 20mg/5ml oral solution (Drug Tariff Special Order) 100 ml (product),Lisinopril,,20 mg/5 ml,Angiotensin-Converting Enzyme Inhibitors,False,False
8622311000001106,Lisinopril,Lisinopril 20mg/5ml oral solution (product),Lisinopril,,20 mg/5 ml,Angiotensin-Converting Enzyme Inhibitors,False,False
8592811000001101,Lisinopril,Lisinopril 20mg/5ml oral solution (Special Order) (product),Lisinopril,,20 mg/5 ml,Angiotensin-Converting Enzyme Inhibitors,False,False
8592911000001106,Lisinopril,Lisinopril 20mg/5ml oral solution (Special Order) 1 ml (product),Lisinopril,,20 mg/5 ml,Angiotensin-Converting Enzyme Inhibitors,False,False
8592611000001100,Lisinopril,Lisinopril 20mg/5ml oral solution 1 ml (product),Lisinopril,,20 mg/5 ml,Angiotensin-Converting Enzyme Inhibitors,False,False
27877711000001109,Lisinopril,Lisinopril 20mg/5ml oral solution 100 ml (product),Lisinopril,,20 mg/5 ml,Angiotensin-Converting Enzyme Inhibitors,False,False
27878011000001108,Lisinopril,Lisinopril 20mg/5ml oral suspension (Drug Tariff Special Order) 100 ml (product),Lisinopril,,20 mg/5 ml,Angiotensin-Converting Enzyme Inhibitors,False,False
8622411000001104,Lisinopril,Lisinopril 20mg/5ml oral suspension (product),Lisinopril,,20 mg/5 ml,Angiotensin-Converting Enzyme Inhibitors,False,False
8593411000001107,Lisinopril,Lisinopril 20mg/5ml oral suspension (Special Order) (product),Lisinopril,,20 mg/5 ml,Angiotensin-Converting Enzyme Inhibitors,False,False
8593511000001106,Lisinopril,Lisinopril 20mg/5ml oral suspension (Special Order) 1 ml (product),Lisinopril,,20 mg/5 ml,Angiotensin-Converting Enzyme Inhibitors,False,False
8593311000001100,Lisinopril,Lisinopril 20mg/5ml oral suspension 1 ml (product),Lisinopril,,20 mg/5 ml,Angiotensin-Converting Enzyme Inhibitors,False,False
27877911000001106,Lisinopril,Lisinopril 20mg/5ml oral suspension 100 ml (product),Lisinopril,,20 mg/5 ml,Angiotensin-Converting Enzyme Inhibitors,False,False
12761111000001106,Lisinopril,Lisinopril 30mg/5ml oral solution (product),Lisinopril,,30 mg/5 ml,Angiotensin-Converting Enzyme Inhibitors,False,False
12735911000001104,Lisinopril,Lisinopril 30mg/5ml oral solution (Special Order) (product),Lisinopril,,30 mg/5 ml,Angiotensin-Converting Enzyme Inhibitors,False,False
12736111000001108,Lisinopril,Lisinopril 30mg/5ml oral solution (Special Order) 1 ml (product),Lisinopril,,30 mg/5 ml,Angiotensin-Converting Enzyme Inhibitors,False,False
12735711000001101,Lisinopril,Lisinopril 30mg/5ml oral solution 1 ml (product),Lisinopril,,30 mg/5 ml,Angiotensin-Converting Enzyme Inhibitors,False,False
12761211000001100,Lisinopril,Lisinopril 30mg/5ml oral suspension (product),Lisinopril,,30 mg/5 ml,Angiotensin-Converting Enzyme Inhibitors,False,False
12735011000001103,Lisinopril,Lisinopril 30mg/5ml oral suspension (Special Order) (product),Lisinopril,,30 mg/5 ml,Angiotensin-Converting Enzyme Inhibitors,False,False
12735211000001108,Lisinopril,Lisinopril 30mg/5ml oral suspension (Special Order) 1 ml (product),Lisinopril,,30 mg/5 ml,Angiotensin-Converting Enzyme Inhibitors,False,False
12734911000001103,Lisinopril,Lisinopril 30mg/5ml oral suspension 1 ml (product),Lisinopril,,30 mg/5 ml,Angiotensin-Converting Enzyme Inhibitors,False,False
14014711000001100,Lisinopril,Lisinopril 37.5mg/5ml oral solution (product),Lisinopril,,5 mg/5 ml,Angiotensin-Converting Enzyme Inhibitors,False,False
13976211000001104,Lisinopril,Lisinopril 37.5mg/5ml oral solution (Special Order) (product),Lisinopril,,5 mg/5 ml,Angiotensin-Converting Enzyme Inhibitors,False,False
13976311000001107,Lisinopril,Lisinopril 37.5mg/5ml oral solution (Special Order) 1 ml (product),Lisinopril,,5 mg/5 ml,Angiotensin-Converting Enzyme Inhibitors,False,False
13976111000001105,Lisinopril,Lisinopril 37.5mg/5ml oral solution 1 ml (product),Lisinopril,,5 mg/5 ml,Angiotensin-Converting Enzyme Inhibitors,False,False
14014811000001108,Lisinopril,Lisinopril 37.5mg/5ml oral suspension (product),Lisinopril,,5 mg/5 ml,Angiotensin-Converting Enzyme Inhibitors,False,False
13976511000001101,Lisinopril,Lisinopril 37.5mg/5ml oral suspension (Special Order) (product),Lisinopril,,5 mg/5 ml,Angiotensin-Converting Enzyme Inhibitors,False,False
13976611000001102,Lisinopril,Lisinopril 37.5mg/5ml oral suspension (Special Order) 1 ml (product),Lisinopril,,5 mg/5 ml,Angiotensin-Converting Enzyme Inhibitors,False,False
13976411000001100,Lisinopril,Lisinopril 37.5mg/5ml oral suspension 1 ml (product),Lisinopril,,5 mg/5 ml,Angiotensin-Converting Enzyme Inhibitors,False,False
20556011000001103,Lisinopril,Lisinopril 40mg/5ml oral suspension (product),Lisinopril,,40 mg/5 ml,Angiotensin-Converting Enzyme Inhibitors,False,False
20549611000001104,Lisinopril,Lisinopril 40mg/5ml oral suspension (Special Order) (product),Lisinopril,,40 mg/5 ml,Angiotensin-Converting Enzyme Inhibitors,False,False
20549711000001108,Lisinopril,Lisinopril 40mg/5ml oral suspension (Special Order) 1 ml (product),Lisinopril,,40 mg/5 ml,Angiotensin-Converting Enzyme Inhibitors,False,False
20549511000001103,Lisinopril,Lisinopril 40mg/5ml oral suspension 1 ml (product),Lisinopril,,40 mg/5 ml,Angiotensin-Converting Enzyme Inhibitors,False,False
12761311000001108,Lisinopril,Lisinopril 500micrograms/5ml oral solution (product),Lisinopril,,,Angiotensin-Converting Enzyme Inhibitors,False,False
12736911000001106,Lisinopril,Lisinopril 500micrograms/5ml oral solution (Special Order) (product),Lisinopril,,,Angiotensin-Converting Enzyme Inhibitors,False,False
12737111000001106,Lisinopril,Lisinopril 500micrograms/5ml oral solution (Special Order) 1 ml (product),Lisinopril,,,Angiotensin-Converting Enzyme Inhibitors,False,False
12736811000001101,Lisinopril,Lisinopril 500micrograms/5ml oral solution 1 ml (product),Lisinopril,,,Angiotensin-Converting Enzyme Inhibitors,False,False
12761411000001101,Lisinopril,Lisinopril 500micrograms/5ml oral suspension (product),Lisinopril,,,Angiotensin-Converting Enzyme Inhibitors,False,False
12736511000001104,Lisinopril,Lisinopril 500micrograms/5ml oral suspension (Special Order) (product),Lisinopril,,,Angiotensin-Converting Enzyme Inhibitors,False,False
12736711000001109,Lisinopril,Lisinopril 500micrograms/5ml oral suspension (Special Order) 1 ml (product),Lisinopril,,,Angiotensin-Converting Enzyme Inhibitors,False,False
12736311000001105,Lisinopril,Lisinopril 500micrograms/5ml oral suspension 1 ml (product),Lisinopril,,,Angiotensin-Converting Enzyme Inhibitors,False,False
381801000001100,Lisinopril,Lisinopril 5mg tablet - product,Lisinopril,,5 mg,Angiotensin-Converting Enzyme Inhibitors,False,False
18111000001103,Lisinopril,Lisinopril 5mg tablets (A A H Pharmaceuticals Ltd) (product),Lisinopril,,5 mg,Angiotensin-Converting Enzyme Inhibitors,False,False
2803711000001106,Lisinopril,Lisinopril 5mg tablets (A A H Pharmaceuticals Ltd) 28 tablet 2 x 14 tablets (product),Lisinopril,28.0,5 mg,Angiotensin-Converting Enzyme Inhibitors,False,False
18463411000001102,Lisinopril,Lisinopril 5mg tablets (Accord Healthcare Ltd) (product),Lisinopril,,5 mg,Angiotensin-Converting Enzyme Inhibitors,False,False
18463511000001103,Lisinopril,Lisinopril 5mg tablets (Accord Healthcare Ltd) 28 tablet (product),Lisinopril,28.0,5 mg,Angiotensin-Converting Enzyme Inhibitors,False,False
9810211000001103,Lisinopril,Lisinopril 5mg tablets (Almus Pharmaceutical Ltd) (product),Lisinopril,,5 mg,Angiotensin-Converting Enzyme Inhibitors,False,False
9810311000001106,Lisinopril,Lisinopril 5mg tablets (Almus Pharmaceutical Ltd) 28 tablet 2 x 14 tablets (product),Lisinopril,28.0,5 mg,Angiotensin-Converting Enzyme Inhibitors,False,False
34511000001109,Lisinopril,Lisinopril 5mg tablets (Alpharma Limited) (product),Lisinopril,,5 mg,Angiotensin-Converting Enzyme Inhibitors,False,False
2803911000001108,Lisinopril,Lisinopril 5mg tablets (Alpharma Limited) 28 tablet 2 x 14 tablets (product),Lisinopril,28.0,5 mg,Angiotensin-Converting Enzyme Inhibitors,False,False
528611000001100,Lisinopril,Lisinopril 5mg tablets (Approved Prescription Services) (product),Lisinopril,,5 mg,Angiotensin-Converting Enzyme Inhibitors,False,False
2266311000001106,Lisinopril,Lisinopril 5mg tablets (Approved Prescription Services) 28 tablet 2 x 14 tablets (product),Lisinopril,28.0,5 mg,Angiotensin-Converting Enzyme Inhibitors,False,False
10386011000001109,Lisinopril,Lisinopril 5mg tablets (Arrow Generics Ltd) (product),Lisinopril,,5 mg,Angiotensin-Converting Enzyme Inhibitors,False,False
10386211000001104,Lisinopril,Lisinopril 5mg tablets (Arrow Generics Ltd) 28 tablet (product),Lisinopril,28.0,5 mg,Angiotensin-Converting Enzyme Inhibitors,False,False
35165211000001107,Lisinopril,Lisinopril 5mg tablets (Aurobindo Pharma Ltd) (product),Lisinopril,,5 mg,Angiotensin-Converting Enzyme Inhibitors,False,False
35165311000001104,Lisinopril,Lisinopril 5mg tablets (Aurobindo Pharma Ltd) 28 tablet (product),Lisinopril,28.0,5 mg,Angiotensin-Converting Enzyme Inhibitors,False,False
16060411000001108,Lisinopril,Lisinopril 5mg tablets (Bristol Laboratories Ltd) (product),Lisinopril,,5 mg,Angiotensin-Converting Enzyme Inhibitors,False,False
16060511000001107,Lisinopril,Lisinopril 5mg tablets (Bristol Laboratories Ltd) 28 tablet 2 x 14 tablets (product),Lisinopril,28.0,5 mg,Angiotensin-Converting Enzyme Inhibitors,False,False
14123111000001100,Lisinopril,Lisinopril 5mg tablets (Consilient Health Ltd) (product),Lisinopril,,5 mg,Angiotensin-Converting Enzyme Inhibitors,False,False
14123211000001106,Lisinopril,Lisinopril 5mg tablets (Consilient Health Ltd) 28 tablet (product),Lisinopril,28.0,5 mg,Angiotensin-Converting Enzyme Inhibitors,False,False
35391711000001106,Lisinopril,Lisinopril 5mg tablets (Crescent Pharma Ltd) (product),Lisinopril,,5 mg,Angiotensin-Converting Enzyme Inhibitors,False,False
35391811000001103,Lisinopril,Lisinopril 5mg tablets (Crescent Pharma Ltd) 28 tablet 2 x 14 tablets (product),Lisinopril,28.0,5 mg,Angiotensin-Converting Enzyme Inhibitors,False,False
24368811000001101,Lisinopril,Lisinopril 5mg tablets (DE Pharmaceuticals) (product),Lisinopril,,5 mg,Angiotensin-Converting Enzyme Inhibitors,False,False
24368911000001106,Lisinopril,Lisinopril 5mg tablets (DE Pharmaceuticals) 28 tablet (product),Lisinopril,28.0,5 mg,Angiotensin-Converting Enzyme Inhibitors,False,False
35611000001109,Lisinopril,Lisinopril 5mg tablets (Generics (UK) Ltd) (product),Lisinopril,,5 mg,Angiotensin-Converting Enzyme Inhibitors,False,False
2266411000001104,Lisinopril,Lisinopril 5mg tablets (Generics (UK) Ltd) 28 tablet 2 x 14 tablets (product),Lisinopril,28.0,5 mg,Angiotensin-Converting Enzyme Inhibitors,False,False
3695411000001104,Lisinopril,Lisinopril 5mg tablets (IVAX Pharmaceuticals UK Ltd) (product),Lisinopril,,5 mg,Angiotensin-Converting Enzyme Inhibitors,False,False
3695511000001100,Lisinopril,Lisinopril 5mg tablets (IVAX Pharmaceuticals UK Ltd) 28 tablet 2 x 14 tablets (product),Lisinopril,28.0,5 mg,Angiotensin-Converting Enzyme Inhibitors,False,False
561911000001108,Lisinopril,Lisinopril 5mg tablets (Kent Pharmaceuticals Ltd) (product),Lisinopril,,5 mg,Angiotensin-Converting Enzyme Inhibitors,False,False
2804311000001109,Lisinopril,Lisinopril 5mg tablets (Kent Pharmaceuticals Ltd) 28 tablet 2 x 14 tablets (product),Lisinopril,28.0,5 mg,Angiotensin-Converting Enzyme Inhibitors,False,False
27377411000001101,Lisinopril,Lisinopril 5mg tablets (Lupin (Europe) Ltd) (product),Lisinopril,,5 mg,Angiotensin-Converting Enzyme Inhibitors,False,False
27377511000001102,Lisinopril,Lisinopril 5mg tablets (Lupin (Europe) Ltd) 28 tablet (product),Lisinopril,28.0,5 mg,Angiotensin-Converting Enzyme Inhibitors,False,False
30221611000001108,Lisinopril,Lisinopril 5mg tablets (Mawdsley-Brooks & Company Ltd) (product),Lisinopril,,5 mg,Angiotensin-Converting Enzyme Inhibitors,False,False
30221711000001104,Lisinopril,Lisinopril 5mg tablets (Mawdsley-Brooks & Company Ltd) 28 tablet (product),Lisinopril,28.0,5 mg,Angiotensin-Converting Enzyme Inhibitors,False,False
36937711000001103,Lisinopril,Lisinopril 5mg tablets (Mylan) 500 tablet (product),Lisinopril,500.0,5 mg,Angiotensin-Converting Enzyme Inhibitors,False,False
17937211000001108,Lisinopril,Lisinopril 5mg tablets (Phoenix Healthcare Distribution Ltd) (product),Lisinopril,,5 mg,Angiotensin-Converting Enzyme Inhibitors,False,False
17937311000001100,Lisinopril,Lisinopril 5mg tablets (Phoenix Healthcare Distribution Ltd) 28 tablet (product),Lisinopril,28.0,5 mg,Angiotensin-Converting Enzyme Inhibitors,False,False
5516711000001100,Lisinopril,Lisinopril 5mg tablets (PI) (Dowelhurst Ltd) (product),Lisinopril,,5 mg,Angiotensin-Converting Enzyme Inhibitors,False,False
5516811000001108,Lisinopril,Lisinopril 5mg tablets (PI) (Dowelhurst Ltd) 28 tablet 2 x 14 tablets (product),Lisinopril,28.0,5 mg,Angiotensin-Converting Enzyme Inhibitors,False,False
5516911000001103,Lisinopril,Lisinopril 5mg tablets (PI) (Dowelhurst Ltd) 28 tablet 2 x 14 tablets (product),Lisinopril,28.0,5 mg,Angiotensin-Converting Enzyme Inhibitors,False,False
854811000001107,Lisinopril,Lisinopril 5mg tablets (Ranbaxy (UK) Ltd) (product),Lisinopril,,5 mg,Angiotensin-Converting Enzyme Inhibitors,False,False
2804511000001103,Lisinopril,Lisinopril 5mg tablets (Ranbaxy (UK) Ltd) 28 tablet 4 x 7 tablets (product),Lisinopril,28.0,5 mg,Angiotensin-Converting Enzyme Inhibitors,False,False
10291711000001105,Lisinopril,Lisinopril 5mg tablets (Relonchem Ltd) (product),Lisinopril,,5 mg,Angiotensin-Converting Enzyme Inhibitors,False,False
10291911000001107,Lisinopril,Lisinopril 5mg tablets (Relonchem Ltd) 28 tablet (product),Lisinopril,28.0,5 mg,Angiotensin-Converting Enzyme Inhibitors,False,False
683211000001108,Lisinopril,Lisinopril 5mg tablets (Sandoz Ltd) (product),Lisinopril,,5 mg,Angiotensin-Converting Enzyme Inhibitors,False,False
2266611000001101,Lisinopril,Lisinopril 5mg tablets (Sandoz Ltd) 28 tablet 2 x 14 tablets (product),Lisinopril,28.0,5 mg,Angiotensin-Converting Enzyme Inhibitors,False,False
15108011000001108,Lisinopril,Lisinopril 5mg tablets (Sigma Pharmaceuticals Plc) (product),Lisinopril,,5 mg,Angiotensin-Converting Enzyme Inhibitors,False,False
15108111000001109,Lisinopril,Lisinopril 5mg tablets (Sigma Pharmaceuticals Plc) 28 tablet (product),Lisinopril,28.0,5 mg,Angiotensin-Converting Enzyme Inhibitors,False,False
574111000001103,Lisinopril,Lisinopril 5mg tablets (Sterwin Medicines) (product),Lisinopril,,5 mg,Angiotensin-Converting Enzyme Inhibitors,False,False
2266711000001105,Lisinopril,Lisinopril 5mg tablets (Sterwin Medicines) 28 tablet 2 x 14 tablets (product),Lisinopril,28.0,5 mg,Angiotensin-Converting Enzyme Inhibitors,False,False
13754011000001107,Lisinopril,Lisinopril 5mg tablets (Tillomed Laboratories Ltd) (product),Lisinopril,,5 mg,Angiotensin-Converting Enzyme Inhibitors,False,False
13754111000001108,Lisinopril,Lisinopril 5mg tablets (Tillomed Laboratories Ltd) 28 tablet (product),Lisinopril,28.0,5 mg,Angiotensin-Converting Enzyme Inhibitors,False,False
72111000001106,Lisinopril,Lisinopril 5mg tablets (Unichem Plc) (product),Lisinopril,,5 mg,Angiotensin-Converting Enzyme Inhibitors,False,False
2804811000001100,Lisinopril,Lisinopril 5mg tablets (Unichem Plc) 28 tablet 2 x 14 tablets (product),Lisinopril,28.0,5 mg,Angiotensin-Converting Enzyme Inhibitors,False,False
22072411000001103,Lisinopril,Lisinopril 5mg tablets (Waymade Healthcare Plc) (product),Lisinopril,,5 mg,Angiotensin-Converting Enzyme Inhibitors,False,False
22072511000001104,Lisinopril,Lisinopril 5mg tablets (Waymade Healthcare Plc) 28 tablet (product),Lisinopril,28.0,5 mg,Angiotensin-Converting Enzyme Inhibitors,False,False
1044011000001103,Lisinopril,Lisinopril 5mg tablets 28 tablet (product),Lisinopril,28.0,5 mg,Angiotensin-Converting Enzyme Inhibitors,False,False
36937411000001109,Lisinopril,Lisinopril 5mg tablets 500 tablet (product),Lisinopril,500.0,5 mg,Angiotensin-Converting Enzyme Inhibitors,False,False
5428111000001104,Lisinopril,Lisinopril 5mg tablets 60 tablet (product),Lisinopril,60.0,5 mg,Angiotensin-Converting Enzyme Inhibitors,False,False
19597211000001101,Lisinopril,Lisinopril 5mg/5ml oral solution (Drug Tariff Special Order) 150 ml (product),Lisinopril,,5 mg/5 ml,Angiotensin-Converting Enzyme Inhibitors,False,False
8622511000001100,Lisinopril,Lisinopril 5mg/5ml oral solution (product),Lisinopril,,5 mg/5 ml,Angiotensin-Converting Enzyme Inhibitors,False,False
8593711000001101,Lisinopril,Lisinopril 5mg/5ml oral solution (Special Order) (product),Lisinopril,,5 mg/5 ml,Angiotensin-Converting Enzyme Inhibitors,False,False
8593811000001109,Lisinopril,Lisinopril 5mg/5ml oral solution (Special Order) 1 ml (product),Lisinopril,,5 mg/5 ml,Angiotensin-Converting Enzyme Inhibitors,False,False
8593611000001105,Lisinopril,Lisinopril 5mg/5ml oral solution 1 ml (product),Lisinopril,,5 mg/5 ml,Angiotensin-Converting Enzyme Inhibitors,False,False
19597111000001107,Lisinopril,Lisinopril 5mg/5ml oral solution 150 ml (product),Lisinopril,,5 mg/5 ml,Angiotensin-Converting Enzyme Inhibitors,False,False
30987911000001102,Lisinopril,Lisinopril 5mg/5ml oral solution sugar free (A A H Pharmaceuticals Ltd) (product),Lisinopril,,5 mg/5 ml,Angiotensin-Converting Enzyme Inhibitors,False,False
30988011000001100,Lisinopril,Lisinopril 5mg/5ml oral solution sugar free (A A H Pharmaceuticals Ltd) 150 ml (product),Lisinopril,,5 mg/5 ml,Angiotensin-Converting Enzyme Inhibitors,False,False
30801411000001106,Lisinopril,Lisinopril 5mg/5ml oral solution sugar free (Alliance Healthcare (Distribution) Ltd) (product),Lisinopril,,5 mg/5 ml,Angiotensin-Converting Enzyme Inhibitors,False,False
30801911000001103,Lisinopril,Lisinopril 5mg/5ml oral solution sugar free (Alliance Healthcare (Distribution) Ltd) 150 ml (product),Lisinopril,,5 mg/5 ml,Angiotensin-Converting Enzyme Inhibitors,False,False
30223811000001106,Lisinopril,Lisinopril 5mg/5ml oral solution sugar free (Essential Pharmaceuticals Ltd) (product),Lisinopril,,5 mg/5 ml,Angiotensin-Converting Enzyme Inhibitors,False,False
30223911000001101,Lisinopril,Lisinopril 5mg/5ml oral solution sugar free (Essential Pharmaceuticals Ltd) 150 ml (product),Lisinopril,,5 mg/5 ml,Angiotensin-Converting Enzyme Inhibitors,False,False
11612511000001100,Lisinopril,Lisinopril 5mg/5ml oral solution sugar free (product),Lisinopril,,5 mg/5 ml,Angiotensin-Converting Enzyme Inhibitors,False,False
30251811000001106,Lisinopril,Lisinopril 5mg/5ml oral solution sugar free (product),Lisinopril,,5 mg/5 ml,Angiotensin-Converting Enzyme Inhibitors,False,False
11599111000001105,Lisinopril,Lisinopril 5mg/5ml oral solution sugar free (Rosemont Pharmaceuticals Ltd) (product),Lisinopril,,5 mg/5 ml,Angiotensin-Converting Enzyme Inhibitors,False,False
11599211000001104,Lisinopril,Lisinopril 5mg/5ml oral solution sugar free (Rosemont Pharmaceuticals Ltd) 150 ml (product),Lisinopril,,5 mg/5 ml,Angiotensin-Converting Enzyme Inhibitors,False,False
11604111000001103,Lisinopril,Lisinopril 5mg/5ml oral solution sugar free (Special Order) (product),Lisinopril,,5 mg/5 ml,Angiotensin-Converting Enzyme Inhibitors,False,False
11604211000001109,Lisinopril,Lisinopril 5mg/5ml oral solution sugar free (Special Order) 1 ml (product),Lisinopril,,5 mg/5 ml,Angiotensin-Converting Enzyme Inhibitors,False,False
11604011000001104,Lisinopril,Lisinopril 5mg/5ml oral solution sugar free 1 ml (product),Lisinopril,,5 mg/5 ml,Angiotensin-Converting Enzyme Inhibitors,False,False
11599011000001109,Lisinopril,Lisinopril 5mg/5ml oral solution sugar free 150 ml (product),Lisinopril,,5 mg/5 ml,Angiotensin-Converting Enzyme Inhibitors,False,False
30223711000001103,Lisinopril,Lisinopril 5mg/5ml oral solution sugar free 150 ml (product),Lisinopril,,5 mg/5 ml,Angiotensin-Converting Enzyme Inhibitors,False,False
19597511000001103,Lisinopril,Lisinopril 5mg/5ml oral suspension (Drug Tariff Special Order) 100 ml (product),Lisinopril,,5 mg/5 ml,Angiotensin-Converting Enzyme Inhibitors,False,False
8622611000001101,Lisinopril,Lisinopril 5mg/5ml oral suspension (product),Lisinopril,,5 mg/5 ml,Angiotensin-Converting Enzyme Inhibitors,False,False
8594211000001106,Lisinopril,Lisinopril 5mg/5ml oral suspension (Special Order) (product),Lisinopril,,5 mg/5 ml,Angiotensin-Converting Enzyme Inhibitors,False,False
8594311000001103,Lisinopril,Lisinopril 5mg/5ml oral suspension (Special Order) 1 ml (product),Lisinopril,,5 mg/5 ml,Angiotensin-Converting Enzyme Inhibitors,False,False
8593911000001104,Lisinopril,Lisinopril 5mg/5ml oral suspension 1 ml (product),Lisinopril,,5 mg/5 ml,Angiotensin-Converting Enzyme Inhibitors,False,False
19597311000001109,Lisinopril,Lisinopril 5mg/5ml oral suspension 100 ml (product),Lisinopril,,5 mg/5 ml,Angiotensin-Converting Enzyme Inhibitors,False,False
8622811000001102,Lisinopril,Lisinopril 7.5mg/5ml oral solution (product),Lisinopril,,5 mg/5 ml,Angiotensin-Converting Enzyme Inhibitors,False,False
8592511000001104,Lisinopril,Lisinopril 7.5mg/5ml oral solution (Special Order) (product),Lisinopril,,5 mg/5 ml,Angiotensin-Converting Enzyme Inhibitors,False,False
8592711000001109,Lisinopril,Lisinopril 7.5mg/5ml oral solution (Special Order) 1 ml (product),Lisinopril,,5 mg/5 ml,Angiotensin-Converting Enzyme Inhibitors,False,False
8592411000001103,Lisinopril,Lisinopril 7.5mg/5ml oral solution 1 ml (product),Lisinopril,,5 mg/5 ml,Angiotensin-Converting Enzyme Inhibitors,False,False
8622911000001107,Lisinopril,Lisinopril 7.5mg/5ml oral suspension (product),Lisinopril,,5 mg/5 ml,Angiotensin-Converting Enzyme Inhibitors,False,False
8593111000001102,Lisinopril,Lisinopril 7.5mg/5ml oral suspension (Special Order) (product),Lisinopril,,5 mg/5 ml,Angiotensin-Converting Enzyme Inhibitors,False,False
8593211000001108,Lisinopril,Lisinopril 7.5mg/5ml oral suspension (Special Order) 1 ml (product),Lisinopril,,5 mg/5 ml,Angiotensin-Converting Enzyme Inhibitors,False,False
8593011000001103,Lisinopril,Lisinopril 7.5mg/5ml oral suspension 1 ml (product),Lisinopril,,5 mg/5 ml,Angiotensin-Converting Enzyme Inhibitors,False,False
1070601000001104,Lisinopril,Lisinopril+hydrochlorothiazide 10mg/12.5mg tablet - product,Lisinopril,,10 mg,Angiotensin-Converting Enzyme Inhibitors,False,True
591901000001108,Lisinopril,Lisinopril+hydrochlorothiazide 20mg/12.5mg tablet - product,Lisinopril,,20 mg,Angiotensin-Converting Enzyme Inhibitors,False,True
9490201000001105,Lisopress,Lisopress (product),Lisinopril,,,Angiotensin-Converting Enzyme Inhibitors,False,False
7314811000001102,Lisopress,Lisopress 10mg tablets (IVAX Pharmaceuticals UK Ltd) (product),Lisinopril,,10 mg,Angiotensin-Converting Enzyme Inhibitors,False,False
7314911000001107,Lisopress,Lisopress 10mg tablets (IVAX Pharmaceuticals UK Ltd) 28 tablet 2 x 14 tablets (product),Lisinopril,28.0,10 mg,Angiotensin-Converting Enzyme Inhibitors,False,False
7314011000001108,Lisopress,Lisopress 2.5mg tablets (IVAX Pharmaceuticals UK Ltd) (product),Lisinopril,,2.5 mg,Angiotensin-Converting Enzyme Inhibitors,False,False
7314111000001109,Lisopress,Lisopress 2.5mg tablets (IVAX Pharmaceuticals UK Ltd) 28 tablet 2 x 14 tablets (product),Lisinopril,28.0,2.5 mg,Angiotensin-Converting Enzyme Inhibitors,False,False
7315011000001107,Lisopress,Lisopress 20mg tablets (IVAX Pharmaceuticals UK Ltd) (product),Lisinopril,,20 mg,Angiotensin-Converting Enzyme Inhibitors,False,False
7315111000001108,Lisopress,Lisopress 20mg tablets (IVAX Pharmaceuticals UK Ltd) 28 tablet 2 x 14 tablets (product),Lisinopril,28.0,20 mg,Angiotensin-Converting Enzyme Inhibitors,False,False
7314511000001100,Lisopress,Lisopress 5mg tablets (IVAX Pharmaceuticals UK Ltd) (product),Lisinopril,,5 mg,Angiotensin-Converting Enzyme Inhibitors,False,False
7314611000001101,Lisopress,Lisopress 5mg tablets (IVAX Pharmaceuticals UK Ltd) 28 tablet 2 x 14 tablets (product),Lisinopril,28.0,5 mg,Angiotensin-Converting Enzyme Inhibitors,False,False
9468301000001102,Loniten,Loniten (product),Minoxidil,,,Vasodilator Antihypertensive Drugs,False,False
2662401000001104,Loniten,Loniten (qualifier value),Minoxidil,,,Vasodilator Antihypertensive Drugs,False,False
732801000001104,Loniten,Loniten 10mg tablet,Minoxidil,,10 mg,Vasodilator Antihypertensive Drugs,False,False
16200411000001102,Loniten,Loniten 10mg tablets (Lexon (UK) Ltd) (product),Minoxidil,,10 mg,Vasodilator Antihypertensive Drugs,False,False
16200511000001103,Loniten,Loniten 10mg tablets (Lexon (UK) Ltd) 60 tablet (product),Minoxidil,60.0,10 mg,Vasodilator Antihypertensive Drugs,False,False
3666711000001100,Loniten,Loniten 10mg tablets (Pfizer Ltd) (product),Minoxidil,,10 mg,Vasodilator Antihypertensive Drugs,False,False
3666811000001108,Loniten,Loniten 10mg tablets (Pfizer Ltd) 60 tablet 6 x 10 tablets (product),Minoxidil,60.0,10 mg,Vasodilator Antihypertensive Drugs,False,False
14329511000001101,Loniten,Loniten 10mg tablets (Sigma Pharmaceuticals Plc) (product),Minoxidil,,10 mg,Vasodilator Antihypertensive Drugs,False,False
19695811000001103,Loniten,Loniten 10mg tablets (Sigma Pharmaceuticals Plc) 30 tablet (product),Minoxidil,30.0,10 mg,Vasodilator Antihypertensive Drugs,False,False
14329711000001106,Loniten,Loniten 10mg tablets (Sigma Pharmaceuticals Plc) 40 tablet (product),Minoxidil,40.0,10 mg,Vasodilator Antihypertensive Drugs,False,False
17568311000001102,Loniten,Loniten 10mg tablets (Sigma Pharmaceuticals Plc) 60 tablet (product),Minoxidil,60.0,10 mg,Vasodilator Antihypertensive Drugs,False,False
11923311000001107,Loniten,Loniten 10mg tablets (Waymade Healthcare Plc) (product),Minoxidil,,10 mg,Vasodilator Antihypertensive Drugs,False,False
11923411000001100,Loniten,Loniten 10mg tablets (Waymade Healthcare Plc) 60 tablet (product),Minoxidil,60.0,10 mg,Vasodilator Antihypertensive Drugs,False,False
592301000001102,Loniten,Loniten 2.5mg tablet,Minoxidil,,2.5 mg,Vasodilator Antihypertensive Drugs,False,False
17514611000001103,Loniten,Loniten 2.5mg tablets (Mawdsley-Brooks & Company Ltd) (product),Minoxidil,,2.5 mg,Vasodilator Antihypertensive Drugs,False,False
17514711000001107,Loniten,Loniten 2.5mg tablets (Mawdsley-Brooks & Company Ltd) 60 tablet (product),Minoxidil,60.0,2.5 mg,Vasodilator Antihypertensive Drugs,False,False
3667011000001104,Loniten,Loniten 2.5mg tablets (Pfizer Ltd) (product),Minoxidil,,2.5 mg,Vasodilator Antihypertensive Drugs,False,False
3667111000001103,Loniten,Loniten 2.5mg tablets (Pfizer Ltd) 60 tablet 6 x 10 tablets (product),Minoxidil,60.0,2.5 mg,Vasodilator Antihypertensive Drugs,False,False
662501000001104,Loniten,Loniten 5mg tablet,Minoxidil,,5 mg,Vasodilator Antihypertensive Drugs,False,False
16200211000001101,Loniten,Loniten 5mg tablets (Lexon (UK) Ltd) (product),Minoxidil,,5 mg,Vasodilator Antihypertensive Drugs,False,False
16200311000001109,Loniten,Loniten 5mg tablets (Lexon (UK) Ltd) 60 tablet (product),Minoxidil,60.0,5 mg,Vasodilator Antihypertensive Drugs,False,False
16509911000001107,Loniten,Loniten 5mg tablets (Mawdsley-Brooks & Company Ltd) (product),Minoxidil,,5 mg,Vasodilator Antihypertensive Drugs,False,False
16510011000001102,Loniten,Loniten 5mg tablets (Mawdsley-Brooks & Company Ltd) 60 tablet (product),Minoxidil,60.0,5 mg,Vasodilator Antihypertensive Drugs,False,False
3666411000001106,Loniten,Loniten 5mg tablets (Pfizer Ltd) (product),Minoxidil,,5 mg,Vasodilator Antihypertensive Drugs,False,False
3666511000001105,Loniten,Loniten 5mg tablets (Pfizer Ltd) 60 tablet 6 x 10 tablets (product),Minoxidil,60.0,5 mg,Vasodilator Antihypertensive Drugs,False,False
5554711000001104,Loniten,Loniten 5mg tablets (PI) (Dowelhurst Ltd) (product),Minoxidil,,5 mg,Vasodilator Antihypertensive Drugs,False,False
5554811000001107,Loniten,Loniten 5mg tablets (PI) (Dowelhurst Ltd) 30 tablet (product),Minoxidil,30.0,5 mg,Vasodilator Antihypertensive Drugs,False,False
14330211000001108,Loniten,Loniten 5mg tablets (Sigma Pharmaceuticals Plc) (product),Minoxidil,,5 mg,Vasodilator Antihypertensive Drugs,False,False
14330311000001100,Loniten,Loniten 5mg tablets (Sigma Pharmaceuticals Plc) 40 tablet (product),Minoxidil,40.0,5 mg,Vasodilator Antihypertensive Drugs,False,False
14330411000001107,Loniten,Loniten 5mg tablets (Sigma Pharmaceuticals Plc) 60 tablet (product),Minoxidil,60.0,5 mg,Vasodilator Antihypertensive Drugs,False,False
11923111000001105,Loniten,Loniten 5mg tablets (Waymade Healthcare Plc) (product),Minoxidil,,5 mg,Vasodilator Antihypertensive Drugs,False,False
11923211000001104,Loniten,Loniten 5mg tablets (Waymade Healthcare Plc) 60 tablet (product),Minoxidil,60.0,5 mg,Vasodilator Antihypertensive Drugs,False,False
9513201000001105,Lopace,Lopace (product),Ramipril,,,Angiotensin-Converting Enzyme Inhibitors,False,False
8546101000001101,Lopace,Lopace (qualifier value),Ramipril,,,Angiotensin-Converting Enzyme Inhibitors,False,False
8449601000001106,Lopace,Lopace 10mg capsule,Ramipril,,10 mg,Angiotensin-Converting Enzyme Inhibitors,False,False
7949111000001105,Lopace,Lopace 10mg capsules (Discovery Pharmaceuticals) (product),Ramipril,,10 mg,Angiotensin-Converting Enzyme Inhibitors,False,False
7949311000001107,Lopace,Lopace 10mg capsules (Discovery Pharmaceuticals) 28 capsule 4 x 7 capsules (product),Ramipril,,10 mg,Angiotensin-Converting Enzyme Inhibitors,False,False
8449501000001107,Lopace,Lopace 2.5mg capsule,Ramipril,,2.5 mg,Angiotensin-Converting Enzyme Inhibitors,False,False
7948711000001102,Lopace,Lopace 2.5mg capsules (Discovery Pharmaceuticals) (product),Ramipril,,2.5 mg,Angiotensin-Converting Enzyme Inhibitors,False,False
7948811000001105,Lopace,Lopace 2.5mg capsules (Discovery Pharmaceuticals) 28 capsule 4 x 7 capsules (product),Ramipril,,2.5 mg,Angiotensin-Converting Enzyme Inhibitors,False,False
8438201000001104,Lopace,Lopace 5mg capsule,Ramipril,,5 mg,Angiotensin-Converting Enzyme Inhibitors,False,False
7948911000001100,Lopace,Lopace 5mg capsules (Discovery Pharmaceuticals) (product),Ramipril,,5 mg,Angiotensin-Converting Enzyme Inhibitors,False,False
7949011000001109,Lopace,Lopace 5mg capsules (Discovery Pharmaceuticals) 28 capsule 4 x 7 capsules (product),Ramipril,,5 mg,Angiotensin-Converting Enzyme Inhibitors,False,False
18276311000001107,Losartan,Losartan 100mg / Hydrochlorothiazide 12.5mg tablets (A A H Pharmaceuticals Ltd) (product),Losartan Potassium,,100 mg,Angiotensin-II Receptor Antagonists,False,True
18276411000001100,Losartan,Losartan 100mg / Hydrochlorothiazide 12.5mg tablets (A A H Pharmaceuticals Ltd) 28 tablet 2 x 14 tablets (product),Losartan Potassium,28.0,100 mg,Angiotensin-II Receptor Antagonists,False,True
20947111000001109,Losartan,Losartan 100mg / Hydrochlorothiazide 12.5mg tablets (Actavis UK Ltd) (product),Losartan Potassium,,100 mg,Angiotensin-II Receptor Antagonists,False,True
20947211000001103,Losartan,Losartan 100mg / Hydrochlorothiazide 12.5mg tablets (Actavis UK Ltd) 28 tablet 2 x 14 tablets (product),Losartan Potassium,28.0,100 mg,Angiotensin-II Receptor Antagonists,False,True
18277011000001107,Losartan,Losartan 100mg / Hydrochlorothiazide 12.5mg tablets (Alliance Healthcare (Distribution) Ltd) (product),Losartan Potassium,,100 mg,Angiotensin-II Receptor Antagonists,False,True
18277111000001108,Losartan,Losartan 100mg / Hydrochlorothiazide 12.5mg tablets (Alliance Healthcare (Distribution) Ltd) 28 tablet 2 x 14 tablets (product),Losartan Potassium,28.0,100 mg,Angiotensin-II Receptor Antagonists,False,True
35688611000001104,Losartan,Losartan 100mg / Hydrochlorothiazide 12.5mg tablets (Consilient Health Ltd) (product),Losartan Potassium,,100 mg,Angiotensin-II Receptor Antagonists,False,True
35688711000001108,Losartan,Losartan 100mg / Hydrochlorothiazide 12.5mg tablets (Consilient Health Ltd) 28 tablet (product),Losartan Potassium,28.0,100 mg,Angiotensin-II Receptor Antagonists,False,True
24371211000001103,Losartan,Losartan 100mg / Hydrochlorothiazide 12.5mg tablets (DE Pharmaceuticals) (product),Losartan Potassium,,100 mg,Angiotensin-II Receptor Antagonists,False,True
24371311000001106,Losartan,Losartan 100mg / Hydrochlorothiazide 12.5mg tablets (DE Pharmaceuticals) 28 tablet (product),Losartan Potassium,28.0,100 mg,Angiotensin-II Receptor Antagonists,False,True
30811111000001104,Losartan,Losartan 100mg / Hydrochlorothiazide 12.5mg tablets (Mawdsley-Brooks & Company Ltd) (product),Losartan Potassium,,100 mg,Angiotensin-II Receptor Antagonists,False,True
30811211000001105,Losartan,Losartan 100mg / Hydrochlorothiazide 12.5mg tablets (Mawdsley-Brooks & Company Ltd) 28 tablet (product),Losartan Potassium,28.0,100 mg,Angiotensin-II Receptor Antagonists,False,True
35850811000001103,Losartan,Losartan 100mg / Hydrochlorothiazide 12.5mg tablets (Medreich Plc) (product),Losartan Potassium,,100 mg,Angiotensin-II Receptor Antagonists,False,True
35850911000001108,Losartan,Losartan 100mg / Hydrochlorothiazide 12.5mg tablets (Medreich Plc) 28 tablet 2 x 14 tablets (product),Losartan Potassium,28.0,100 mg,Angiotensin-II Receptor Antagonists,False,True
35167211000001104,Losartan,Losartan 100mg / Hydrochlorothiazide 12.5mg tablets (Milpharm Ltd) (product),Losartan Potassium,,100 mg,Angiotensin-II Receptor Antagonists,False,True
35167311000001107,Losartan,Losartan 100mg / Hydrochlorothiazide 12.5mg tablets (Milpharm Ltd) 28 tablet (product),Losartan Potassium,28.0,100 mg,Angiotensin-II Receptor Antagonists,False,True
33594611000001106,Losartan,Losartan 100mg / Hydrochlorothiazide 12.5mg tablets (Mylan Ltd) (product),Losartan Potassium,,100 mg,Angiotensin-II Receptor Antagonists,False,True
33594811000001105,Losartan,Losartan 100mg / Hydrochlorothiazide 12.5mg tablets (Mylan Ltd) 28 tablet (product),Losartan Potassium,28.0,100 mg,Angiotensin-II Receptor Antagonists,False,True
18618811000001108,Losartan,Losartan 100mg / Hydrochlorothiazide 12.5mg tablets (Phoenix Healthcare Distribution Ltd) (product),Losartan Potassium,,100 mg,Angiotensin-II Receptor Antagonists,False,True
18618911000001103,Losartan,Losartan 100mg / Hydrochlorothiazide 12.5mg tablets (Phoenix Healthcare Distribution Ltd) 28 tablet (product),Losartan Potassium,28.0,100 mg,Angiotensin-II Receptor Antagonists,False,True
13112711000001103,Losartan,Losartan 100mg / Hydrochlorothiazide 12.5mg tablets (product),Losartan Potassium,,100 mg,Angiotensin-II Receptor Antagonists,False,True
21992611000001103,Losartan,Losartan 100mg / Hydrochlorothiazide 12.5mg tablets (Sandoz Ltd) (product),Losartan Potassium,,100 mg,Angiotensin-II Receptor Antagonists,False,True
21992711000001107,Losartan,Losartan 100mg / Hydrochlorothiazide 12.5mg tablets (Sandoz Ltd) 28 tablet 2 x 14 tablets (product),Losartan Potassium,28.0,100 mg,Angiotensin-II Receptor Antagonists,False,True
29898411000001103,Losartan,Losartan 100mg / Hydrochlorothiazide 12.5mg tablets (Sigma Pharmaceuticals Plc) (product),Losartan Potassium,,100 mg,Angiotensin-II Receptor Antagonists,False,True
29898511000001104,Losartan,Losartan 100mg / Hydrochlorothiazide 12.5mg tablets (Sigma Pharmaceuticals Plc) 28 tablet (product),Losartan Potassium,28.0,100 mg,Angiotensin-II Receptor Antagonists,False,True
19485511000001100,Losartan,Losartan 100mg / Hydrochlorothiazide 12.5mg tablets (Teva UK Ltd) (product),Losartan Potassium,,100 mg,Angiotensin-II Receptor Antagonists,False,True
19485611000001101,Losartan,Losartan 100mg / Hydrochlorothiazide 12.5mg tablets (Teva UK Ltd) 28 tablet 2 x 14 tablets (product),Losartan Potassium,28.0,100 mg,Angiotensin-II Receptor Antagonists,False,True
13094011000001103,Losartan,Losartan 100mg / Hydrochlorothiazide 12.5mg tablets 28 tablet (product),Losartan Potassium,28.0,100 mg,Angiotensin-II Receptor Antagonists,False,True
17015111000001108,Losartan,Losartan 100mg / Hydrochlorothiazide 25mg tablets (A A H Pharmaceuticals Ltd) (product),Losartan Potassium,,100 mg,Angiotensin-II Receptor Antagonists,False,True
17015211000001102,Losartan,Losartan 100mg / Hydrochlorothiazide 25mg tablets (A A H Pharmaceuticals Ltd) 28 tablet 2 x 14 tablets (product),Losartan Potassium,28.0,100 mg,Angiotensin-II Receptor Antagonists,False,True
18299211000001100,Losartan,Losartan 100mg / Hydrochlorothiazide 25mg tablets (Actavis UK Ltd) (product),Losartan Potassium,,100 mg,Angiotensin-II Receptor Antagonists,False,True
18299311000001108,Losartan,Losartan 100mg / Hydrochlorothiazide 25mg tablets (Actavis UK Ltd) 28 tablet 2 x 14 tablets (product),Losartan Potassium,28.0,100 mg,Angiotensin-II Receptor Antagonists,False,True
17025511000001107,Losartan,Losartan 100mg / Hydrochlorothiazide 25mg tablets (Alliance Healthcare (Distribution) Ltd) (product),Losartan Potassium,,100 mg,Angiotensin-II Receptor Antagonists,False,True
17025611000001106,Losartan,Losartan 100mg / Hydrochlorothiazide 25mg tablets (Alliance Healthcare (Distribution) Ltd) 28 tablet 2 x 14 tablets (product),Losartan Potassium,28.0,100 mg,Angiotensin-II Receptor Antagonists,False,True
17660111000001109,Losartan,Losartan 100mg / Hydrochlorothiazide 25mg tablets (Arrow Generics Ltd) (product),Losartan Potassium,,100 mg,Angiotensin-II Receptor Antagonists,False,True
17660211000001103,Losartan,Losartan 100mg / Hydrochlorothiazide 25mg tablets (Arrow Generics Ltd) 28 tablet 4 x 7 tablets (product),Losartan Potassium,28.0,100 mg,Angiotensin-II Receptor Antagonists,False,True
35688811000001100,Losartan,Losartan 100mg / Hydrochlorothiazide 25mg tablets (Consilient Health Ltd) (product),Losartan Potassium,,100 mg,Angiotensin-II Receptor Antagonists,False,True
35688911000001105,Losartan,Losartan 100mg / Hydrochlorothiazide 25mg tablets (Consilient Health Ltd) 28 tablet (product),Losartan Potassium,28.0,100 mg,Angiotensin-II Receptor Antagonists,False,True
35484011000001104,Losartan,Losartan 100mg / Hydrochlorothiazide 25mg tablets (Crescent Pharma Ltd) (product),Losartan Potassium,,100 mg,Angiotensin-II Receptor Antagonists,False,True
35484311000001101,Losartan,Losartan 100mg / Hydrochlorothiazide 25mg tablets (Crescent Pharma Ltd) 28 tablet 2 x 14 tablets (product),Losartan Potassium,28.0,100 mg,Angiotensin-II Receptor Antagonists,False,True
24371411000001104,Losartan,Losartan 100mg / Hydrochlorothiazide 25mg tablets (DE Pharmaceuticals) (product),Losartan Potassium,,100 mg,Angiotensin-II Receptor Antagonists,False,True
24371511000001100,Losartan,Losartan 100mg / Hydrochlorothiazide 25mg tablets (DE Pharmaceuticals) 28 tablet (product),Losartan Potassium,28.0,100 mg,Angiotensin-II Receptor Antagonists,False,True
16971211000001104,Losartan,Losartan 100mg / Hydrochlorothiazide 25mg tablets (Generics (UK) Ltd) (product),Losartan Potassium,,100 mg,Angiotensin-II Receptor Antagonists,False,True
16971311000001107,Losartan,Losartan 100mg / Hydrochlorothiazide 25mg tablets (Generics (UK) Ltd) 28 tablet 2 x 14 tablets (product),Losartan Potassium,28.0,100 mg,Angiotensin-II Receptor Antagonists,False,True
28070611000001106,Losartan,Losartan 100mg / Hydrochlorothiazide 25mg tablets (Lupin (Europe) Ltd) (product),Losartan Potassium,,100 mg,Angiotensin-II Receptor Antagonists,False,True
28071611000001101,Losartan,Losartan 100mg / Hydrochlorothiazide 25mg tablets (Lupin (Europe) Ltd) 28 tablet (product),Losartan Potassium,28.0,100 mg,Angiotensin-II Receptor Antagonists,False,True
30826311000001104,Losartan,Losartan 100mg / Hydrochlorothiazide 25mg tablets (Mawdsley-Brooks & Company Ltd) (product),Losartan Potassium,,100 mg,Angiotensin-II Receptor Antagonists,False,True
30826411000001106,Losartan,Losartan 100mg / Hydrochlorothiazide 25mg tablets (Mawdsley-Brooks & Company Ltd) 28 tablet (product),Losartan Potassium,28.0,100 mg,Angiotensin-II Receptor Antagonists,False,True
35856211000001102,Losartan,Losartan 100mg / Hydrochlorothiazide 25mg tablets (Medreich Plc) (product),Losartan Potassium,,100 mg,Angiotensin-II Receptor Antagonists,False,True
35856311000001105,Losartan,Losartan 100mg / Hydrochlorothiazide 25mg tablets (Medreich Plc) 28 tablet (product),Losartan Potassium,28.0,100 mg,Angiotensin-II Receptor Antagonists,False,True
35167411000001100,Losartan,Losartan 100mg / Hydrochlorothiazide 25mg tablets (Milpharm Ltd) (product),Losartan Potassium,,100 mg,Angiotensin-II Receptor Antagonists,False,True
35167511000001101,Losartan,Losartan 100mg / Hydrochlorothiazide 25mg tablets (Milpharm Ltd) 28 tablet (product),Losartan Potassium,28.0,100 mg,Angiotensin-II Receptor Antagonists,False,True
18139711000001100,Losartan,Losartan 100mg / Hydrochlorothiazide 25mg tablets (Phoenix Healthcare Distribution Ltd) (product),Losartan Potassium,,100 mg,Angiotensin-II Receptor Antagonists,False,True
18139811000001108,Losartan,Losartan 100mg / Hydrochlorothiazide 25mg tablets (Phoenix Healthcare Distribution Ltd) 28 tablet (product),Losartan Potassium,28.0,100 mg,Angiotensin-II Receptor Antagonists,False,True
20102611000001105,Losartan,Losartan 100mg / Hydrochlorothiazide 25mg tablets (Ranbaxy (UK) Ltd) (product),Losartan Potassium,,100 mg,Angiotensin-II Receptor Antagonists,False,True
20102811000001109,Losartan,Losartan 100mg / Hydrochlorothiazide 25mg tablets (Ranbaxy (UK) Ltd) 28 tablet 2 x 14 tablets (product),Losartan Potassium,28.0,100 mg,Angiotensin-II Receptor Antagonists,False,True
20309411000001105,Losartan,Losartan 100mg / Hydrochlorothiazide 25mg tablets (Sandoz Ltd) (product),Losartan Potassium,,100 mg,Angiotensin-II Receptor Antagonists,False,True
20309511000001109,Losartan,Losartan 100mg / Hydrochlorothiazide 25mg tablets (Sandoz Ltd) 28 tablet (product),Losartan Potassium,28.0,100 mg,Angiotensin-II Receptor Antagonists,False,True
29898611000001100,Losartan,Losartan 100mg / Hydrochlorothiazide 25mg tablets (Sigma Pharmaceuticals Plc) (product),Losartan Potassium,,100 mg,Angiotensin-II Receptor Antagonists,False,True
29898711000001109,Losartan,Losartan 100mg / Hydrochlorothiazide 25mg tablets (Sigma Pharmaceuticals Plc) 28 tablet (product),Losartan Potassium,28.0,100 mg,Angiotensin-II Receptor Antagonists,False,True
17024911000001104,Losartan,Losartan 100mg / Hydrochlorothiazide 25mg tablets (Teva UK Ltd) (product),Losartan Potassium,,100 mg,Angiotensin-II Receptor Antagonists,False,True
17025011000001104,Losartan,Losartan 100mg / Hydrochlorothiazide 25mg tablets (Teva UK Ltd) 28 tablet 2 x 14 tablets (product),Losartan Potassium,28.0,100 mg,Angiotensin-II Receptor Antagonists,False,True
36885311000001105,Losartan,Losartan 100mg / Hydrochlorothiazide 25mg tablets (Torrent Pharma (UK) Ltd) (product),Losartan Potassium,,100 mg,Angiotensin-II Receptor Antagonists,False,True
36885511000001104,Losartan,Losartan 100mg / Hydrochlorothiazide 25mg tablets (Torrent Pharma (UK) Ltd) 28 tablet (product),Losartan Potassium,28.0,100 mg,Angiotensin-II Receptor Antagonists,False,True
21788711000001103,Losartan,Losartan 100mg / Hydrochlorothiazide 25mg tablets (Waymade Healthcare Plc) (product),Losartan Potassium,,100 mg,Angiotensin-II Receptor Antagonists,False,True
21788911000001101,Losartan,Losartan 100mg / Hydrochlorothiazide 25mg tablets (Waymade Healthcare Plc) 28 tablet (product),Losartan Potassium,28.0,100 mg,Angiotensin-II Receptor Antagonists,False,True
36500711000001101,Losartan,Losartan 100mg / Hydrochlorothiazide 25mg tablets (Xiromed) (product),Losartan Potassium,,100 mg,Angiotensin-II Receptor Antagonists,False,True
36500811000001109,Losartan,Losartan 100mg / Hydrochlorothiazide 25mg tablets (Xiromed) 28 tablet 2 x 14 tablets (product),Losartan Potassium,28.0,100 mg,Angiotensin-II Receptor Antagonists,False,True
9566711000001108,Losartan,Losartan 100mg / Hydrochlorothiazide 25mg tablets 28 tablet (product),Losartan Potassium,28.0,100 mg,Angiotensin-II Receptor Antagonists,False,True
16732611000001102,Losartan,Losartan 100mg tablets (A A H Pharmaceuticals Ltd) (product),Losartan Potassium,,100 mg,Angiotensin-II Receptor Antagonists,False,False
16732711000001106,Losartan,Losartan 100mg tablets (A A H Pharmaceuticals Ltd) 28 tablet (product),Losartan Potassium,28.0,100 mg,Angiotensin-II Receptor Antagonists,False,False
18463611000001104,Losartan,Losartan 100mg tablets (Accord Healthcare Ltd) (product),Losartan Potassium,,100 mg,Angiotensin-II Receptor Antagonists,False,False
18463711000001108,Losartan,Losartan 100mg tablets (Accord Healthcare Ltd) 28 tablet (product),Losartan Potassium,28.0,100 mg,Angiotensin-II Receptor Antagonists,False,False
16749311000001103,Losartan,Losartan 100mg tablets (Actavis UK Ltd) (product),Losartan Potassium,,100 mg,Angiotensin-II Receptor Antagonists,False,False
16749611000001108,Losartan,Losartan 100mg tablets (Actavis UK Ltd) 28 tablet 2 x 14 tablets (product),Losartan Potassium,28.0,100 mg,Angiotensin-II Receptor Antagonists,False,False
17026311000001106,Losartan,Losartan 100mg tablets (Alliance Healthcare (Distribution) Ltd) (product),Losartan Potassium,,100 mg,Angiotensin-II Receptor Antagonists,False,False
17026411000001104,Losartan,Losartan 100mg tablets (Alliance Healthcare (Distribution) Ltd) 28 tablet 2 x 14 tablets (product),Losartan Potassium,28.0,100 mg,Angiotensin-II Receptor Antagonists,False,False
32616911000001105,Losartan,Losartan 100mg tablets (Almus Pharmaceuticals Ltd) (product),Losartan Potassium,,100 mg,Angiotensin-II Receptor Antagonists,False,False
32617011000001109,Losartan,Losartan 100mg tablets (Almus Pharmaceuticals Ltd) 28 tablet (product),Losartan Potassium,28.0,100 mg,Angiotensin-II Receptor Antagonists,False,False
22338411000001102,Losartan,Losartan 100mg tablets (Aptil Pharma Ltd) (product),Losartan Potassium,,100 mg,Angiotensin-II Receptor Antagonists,False,False
22338511000001103,Losartan,Losartan 100mg tablets (Aptil Pharma Ltd) 28 tablet 2 x 14 tablets (product),Losartan Potassium,28.0,100 mg,Angiotensin-II Receptor Antagonists,False,False
17661111000001103,Losartan,Losartan 100mg tablets (Arrow Generics Ltd) (product),Losartan Potassium,,100 mg,Angiotensin-II Receptor Antagonists,False,False
17661211000001109,Losartan,Losartan 100mg tablets (Arrow Generics Ltd) 28 tablet 4 x 7 tablets (product),Losartan Potassium,28.0,100 mg,Angiotensin-II Receptor Antagonists,False,False
21037511000001102,Losartan,Losartan 100mg tablets (Bristol Laboratories Ltd) (product),Losartan Potassium,,100 mg,Angiotensin-II Receptor Antagonists,False,False
21037611000001103,Losartan,Losartan 100mg tablets (Bristol Laboratories Ltd) 28 tablet (product),Losartan Potassium,28.0,100 mg,Angiotensin-II Receptor Antagonists,False,False
21037811000001104,Losartan,Losartan 100mg tablets (Bristol Laboratories Ltd) 56 tablet (product),Losartan Potassium,56.0,100 mg,Angiotensin-II Receptor Antagonists,False,False
21038011000001106,Losartan,Losartan 100mg tablets (Bristol Laboratories Ltd) 84 tablet (product),Losartan Potassium,84.0,100 mg,Angiotensin-II Receptor Antagonists,False,False
35657211000001107,Losartan,Losartan 100mg tablets (Consilient Health Ltd) (product),Losartan Potassium,,100 mg,Angiotensin-II Receptor Antagonists,False,False
35657311000001104,Losartan,Losartan 100mg tablets (Consilient Health Ltd) 28 tablet (product),Losartan Potassium,28.0,100 mg,Angiotensin-II Receptor Antagonists,False,False
24371811000001102,Losartan,Losartan 100mg tablets (DE Pharmaceuticals) (product),Losartan Potassium,,100 mg,Angiotensin-II Receptor Antagonists,False,False
24371911000001107,Losartan,Losartan 100mg tablets (DE Pharmaceuticals) 28 tablet (product),Losartan Potassium,28.0,100 mg,Angiotensin-II Receptor Antagonists,False,False
16999411000001105,Losartan,Losartan 100mg tablets (Dexcel-Pharma Ltd) (product),Losartan Potassium,,100 mg,Angiotensin-II Receptor Antagonists,False,False
16999511000001109,Losartan,Losartan 100mg tablets (Dexcel-Pharma Ltd) 28 tablet 2 x 14 tablets (product),Losartan Potassium,28.0,100 mg,Angiotensin-II Receptor Antagonists,False,False
18477311000001106,Losartan,Losartan 100mg tablets (Dr Reddy's Laboratories (UK) Ltd) (product),Losartan Potassium,,100 mg,Angiotensin-II Receptor Antagonists,False,False
18477411000001104,Losartan,Losartan 100mg tablets (Dr Reddy's Laboratories (UK) Ltd) 28 tablet (product),Losartan Potassium,28.0,100 mg,Angiotensin-II Receptor Antagonists,False,False
16972011000001101,Losartan,Losartan 100mg tablets (Generics (UK) Ltd) (product),Losartan Potassium,,100 mg,Angiotensin-II Receptor Antagonists,False,False
16972111000001100,Losartan,Losartan 100mg tablets (Generics (UK) Ltd) 28 tablet 2 x 14 tablets (product),Losartan Potassium,28.0,100 mg,Angiotensin-II Receptor Antagonists,False,False
32413711000001103,Losartan,Losartan 100mg tablets (Genesis Pharmaceuticals Ltd) (product),Losartan Potassium,,100 mg,Angiotensin-II Receptor Antagonists,False,False
32413811000001106,Losartan,Losartan 100mg tablets (Genesis Pharmaceuticals Ltd) 28 tablet (product),Losartan Potassium,28.0,100 mg,Angiotensin-II Receptor Antagonists,False,False
32417011000001106,Losartan,Losartan 100mg tablets (Kent Pharmaceuticals Ltd) (product),Losartan Potassium,,100 mg,Angiotensin-II Receptor Antagonists,False,False
32417111000001107,Losartan,Losartan 100mg tablets (Kent Pharmaceuticals Ltd) 28 tablet (product),Losartan Potassium,28.0,100 mg,Angiotensin-II Receptor Antagonists,False,False
30826511000001105,Losartan,Losartan 100mg tablets (Mawdsley-Brooks & Company Ltd) (product),Losartan Potassium,,100 mg,Angiotensin-II Receptor Antagonists,False,False
30826611000001109,Losartan,Losartan 100mg tablets (Mawdsley-Brooks & Company Ltd) 28 tablet (product),Losartan Potassium,28.0,100 mg,Angiotensin-II Receptor Antagonists,False,False
36025911000001102,Losartan,Losartan 100mg tablets (Medreich Plc) (product),Losartan Potassium,,100 mg,Angiotensin-II Receptor Antagonists,False,False
36026011000001105,Losartan,Losartan 100mg tablets (Medreich Plc) 28 tablet 2 x 14 tablets (product),Losartan Potassium,28.0,100 mg,Angiotensin-II Receptor Antagonists,False,False
35166611000001104,Losartan,Losartan 100mg tablets (Milpharm Ltd) (product),Losartan Potassium,,100 mg,Angiotensin-II Receptor Antagonists,False,False
35166811000001100,Losartan,Losartan 100mg tablets (Milpharm Ltd) 28 tablet (product),Losartan Potassium,28.0,100 mg,Angiotensin-II Receptor Antagonists,False,False
18169911000001109,Losartan,Losartan 100mg tablets (Pfizer Ltd) (product),Losartan Potassium,,100 mg,Angiotensin-II Receptor Antagonists,False,False
18170011000001108,Losartan,Losartan 100mg tablets (Pfizer Ltd) 28 tablet (product),Losartan Potassium,28.0,100 mg,Angiotensin-II Receptor Antagonists,False,False
18140511000001101,Losartan,Losartan 100mg tablets (Phoenix Healthcare Distribution Ltd) (product),Losartan Potassium,,100 mg,Angiotensin-II Receptor Antagonists,False,False
18140611000001102,Losartan,Losartan 100mg tablets (Phoenix Healthcare Distribution Ltd) 28 tablet (product),Losartan Potassium,28.0,100 mg,Angiotensin-II Receptor Antagonists,False,False
3480811000001107,Losartan,Losartan 100mg tablets (product),Losartan Potassium,,100 mg,Angiotensin-II Receptor Antagonists,False,False
17912411000001101,Losartan,Losartan 100mg tablets (Ranbaxy (UK) Ltd) (product),Losartan Potassium,,100 mg,Angiotensin-II Receptor Antagonists,False,False
17912511000001102,Losartan,Losartan 100mg tablets (Ranbaxy (UK) Ltd) 28 tablet 2 x 14 tablets (product),Losartan Potassium,28.0,100 mg,Angiotensin-II Receptor Antagonists,False,False
20308611000001104,Losartan,Losartan 100mg tablets (Sandoz Ltd) (product),Losartan Potassium,,100 mg,Angiotensin-II Receptor Antagonists,False,False
20308711000001108,Losartan,Losartan 100mg tablets (Sandoz Ltd) 28 tablet (product),Losartan Potassium,28.0,100 mg,Angiotensin-II Receptor Antagonists,False,False
29898111000001108,Losartan,Losartan 100mg tablets (Sigma Pharmaceuticals Plc) (product),Losartan Potassium,,100 mg,Angiotensin-II Receptor Antagonists,False,False
29898211000001102,Losartan,Losartan 100mg tablets (Sigma Pharmaceuticals Plc) 28 tablet (product),Losartan Potassium,28.0,100 mg,Angiotensin-II Receptor Antagonists,False,False
23666711000001103,Losartan,Losartan 100mg tablets (Sovereign Medical Ltd) (product),Losartan Potassium,,100 mg,Angiotensin-II Receptor Antagonists,False,False
23666811000001106,Losartan,Losartan 100mg tablets (Sovereign Medical Ltd) 28 tablet (product),Losartan Potassium,28.0,100 mg,Angiotensin-II Receptor Antagonists,False,False
17024511000001106,Losartan,Losartan 100mg tablets (Teva UK Ltd) (product),Losartan Potassium,,100 mg,Angiotensin-II Receptor Antagonists,False,False
17024611000001105,Losartan,Losartan 100mg tablets (Teva UK Ltd) 28 tablet 2 x 14 tablets (product),Losartan Potassium,28.0,100 mg,Angiotensin-II Receptor Antagonists,False,False
21789711000001107,Losartan,Losartan 100mg tablets (Waymade Healthcare Plc) (product),Losartan Potassium,,100 mg,Angiotensin-II Receptor Antagonists,False,False
21789811000001104,Losartan,Losartan 100mg tablets (Waymade Healthcare Plc) 28 tablet (product),Losartan Potassium,28.0,100 mg,Angiotensin-II Receptor Antagonists,False,False
16749411000001105,Losartan,Losartan 100mg tablets (Winthrop Pharmaceuticals UK Ltd) (product),Losartan Potassium,,100 mg,Angiotensin-II Receptor Antagonists,False,False
16749511000001109,Losartan,Losartan 100mg tablets (Winthrop Pharmaceuticals UK Ltd) 28 tablet 2 x 14 tablets (product),Losartan Potassium,28.0,100 mg,Angiotensin-II Receptor Antagonists,False,False
20572111000001104,Losartan,Losartan 100mg tablets (Wockhardt UK Ltd) (product),Losartan Potassium,,100 mg,Angiotensin-II Receptor Antagonists,False,False
20572311000001102,Losartan,Losartan 100mg tablets (Wockhardt UK Ltd) 28 tablet 2 x 14 tablets (product),Losartan Potassium,28.0,100 mg,Angiotensin-II Receptor Antagonists,False,False
36490411000001101,Losartan,Losartan 100mg tablets (Xiromed) (product),Losartan Potassium,,100 mg,Angiotensin-II Receptor Antagonists,False,False
36490711000001107,Losartan,Losartan 100mg tablets (Xiromed) 28 tablet 2 x 14 tablets (product),Losartan Potassium,28.0,100 mg,Angiotensin-II Receptor Antagonists,False,False
988311000001107,Losartan,Losartan 100mg tablets 28 tablet (product),Losartan Potassium,28.0,100 mg,Angiotensin-II Receptor Antagonists,False,False
21037711000001107,Losartan,Losartan 100mg tablets 56 tablet (product),Losartan Potassium,56.0,100 mg,Angiotensin-II Receptor Antagonists,False,False
21037911000001109,Losartan,Losartan 100mg tablets 84 tablet (product),Losartan Potassium,84.0,100 mg,Angiotensin-II Receptor Antagonists,False,False
15451111000001107,Losartan,Losartan 100mg/5ml oral solution (product),Losartan Potassium,,100 mg/5 ml,Angiotensin-II Receptor Antagonists,False,False
15443111000001105,Losartan,Losartan 100mg/5ml oral solution (Special Order) (product),Losartan Potassium,,100 mg/5 ml,Angiotensin-II Receptor Antagonists,False,False
15443211000001104,Losartan,Losartan 100mg/5ml oral solution (Special Order) 1 ml (product),Losartan Potassium,,100 mg/5 ml,Angiotensin-II Receptor Antagonists,False,False
15443011000001109,Losartan,Losartan 100mg/5ml oral solution 1 ml (product),Losartan Potassium,,100 mg/5 ml,Angiotensin-II Receptor Antagonists,False,False
15451211000001101,Losartan,Losartan 100mg/5ml oral suspension (product),Losartan Potassium,,100 mg/5 ml,Angiotensin-II Receptor Antagonists,False,False
15443411000001100,Losartan,Losartan 100mg/5ml oral suspension (Special Order) (product),Losartan Potassium,,100 mg/5 ml,Angiotensin-II Receptor Antagonists,False,False
15443511000001101,Losartan,Losartan 100mg/5ml oral suspension (Special Order) 1 ml (product),Losartan Potassium,,100 mg/5 ml,Angiotensin-II Receptor Antagonists,False,False
15443311000001107,Losartan,Losartan 100mg/5ml oral suspension 1 ml (product),Losartan Potassium,,100 mg/5 ml,Angiotensin-II Receptor Antagonists,False,False
17015311000001105,Losartan,Losartan 12.5mg tablets (A A H Pharmaceuticals Ltd) (product),Losartan Potassium,,12.5 mg,Angiotensin-II Receptor Antagonists,False,False
17015411000001103,Losartan,Losartan 12.5mg tablets (A A H Pharmaceuticals Ltd) 28 tablet (product),Losartan Potassium,28.0,12.5 mg,Angiotensin-II Receptor Antagonists,False,False
17025711000001102,Losartan,Losartan 12.5mg tablets (Alliance Healthcare (Distribution) Ltd) (product),Losartan Potassium,,12.5 mg,Angiotensin-II Receptor Antagonists,False,False
17025811000001105,Losartan,Losartan 12.5mg tablets (Alliance Healthcare (Distribution) Ltd) 28 tablet 2 x 14 tablets (product),Losartan Potassium,28.0,12.5 mg,Angiotensin-II Receptor Antagonists,False,False
32661211000001105,Losartan,Losartan 12.5mg tablets (Consilient Health Ltd) (product),Losartan Potassium,,12.5 mg,Angiotensin-II Receptor Antagonists,False,False
32661311000001102,Losartan,Losartan 12.5mg tablets (Consilient Health Ltd) 28 tablet 2 x 14 tablets (product),Losartan Potassium,28.0,12.5 mg,Angiotensin-II Receptor Antagonists,False,False
24372011000001100,Losartan,Losartan 12.5mg tablets (DE Pharmaceuticals) (product),Losartan Potassium,,12.5 mg,Angiotensin-II Receptor Antagonists,False,False
24372111000001104,Losartan,Losartan 12.5mg tablets (DE Pharmaceuticals) 28 tablet (product),Losartan Potassium,28.0,12.5 mg,Angiotensin-II Receptor Antagonists,False,False
16998111000001107,Losartan,Losartan 12.5mg tablets (Dexcel-Pharma Ltd) (product),Losartan Potassium,,12.5 mg,Angiotensin-II Receptor Antagonists,False,False
16998311000001109,Losartan,Losartan 12.5mg tablets (Dexcel-Pharma Ltd) 28 tablet 2 x 14 tablets (product),Losartan Potassium,28.0,12.5 mg,Angiotensin-II Receptor Antagonists,False,False
30811311000001102,Losartan,Losartan 12.5mg tablets (Mawdsley-Brooks & Company Ltd) (product),Losartan Potassium,,12.5 mg,Angiotensin-II Receptor Antagonists,False,False
30811411000001109,Losartan,Losartan 12.5mg tablets (Mawdsley-Brooks & Company Ltd) 28 tablet (product),Losartan Potassium,28.0,12.5 mg,Angiotensin-II Receptor Antagonists,False,False
36045611000001105,Losartan,Losartan 12.5mg tablets (Medreich Plc) (product),Losartan Potassium,,12.5 mg,Angiotensin-II Receptor Antagonists,False,False
36045911000001104,Losartan,Losartan 12.5mg tablets (Medreich Plc) 28 tablet 2 x 14 tablets (product),Losartan Potassium,28.0,12.5 mg,Angiotensin-II Receptor Antagonists,False,False
18139911000001103,Losartan,Losartan 12.5mg tablets (Phoenix Healthcare Distribution Ltd) (product),Losartan Potassium,,12.5 mg,Angiotensin-II Receptor Antagonists,False,False
18140011000001109,Losartan,Losartan 12.5mg tablets (Phoenix Healthcare Distribution Ltd) 28 tablet (product),Losartan Potassium,28.0,12.5 mg,Angiotensin-II Receptor Antagonists,False,False
15148111000001100,Losartan,Losartan 12.5mg tablets (product),Losartan Potassium,,12.5 mg,Angiotensin-II Receptor Antagonists,False,False
29898911000001106,Losartan,Losartan 12.5mg tablets (Sigma Pharmaceuticals Plc) (product),Losartan Potassium,,12.5 mg,Angiotensin-II Receptor Antagonists,False,False
29899011000001102,Losartan,Losartan 12.5mg tablets (Sigma Pharmaceuticals Plc) 28 tablet (product),Losartan Potassium,28.0,12.5 mg,Angiotensin-II Receptor Antagonists,False,False
15138811000001106,Losartan,Losartan 12.5mg tablets 28 tablet (product),Losartan Potassium,28.0,12.5 mg,Angiotensin-II Receptor Antagonists,False,False
36904211000001108,Losartan,Losartan 12.5mg/5ml oral suspension (product),Losartan Potassium,,5 mg/5 ml,Angiotensin-II Receptor Antagonists,False,False
36892211000001106,Losartan,Losartan 12.5mg/5ml oral suspension (Special Order) (product),Losartan Potassium,,5 mg/5 ml,Angiotensin-II Receptor Antagonists,False,False
36892311000001103,Losartan,Losartan 12.5mg/5ml oral suspension (Special Order) 1 ml (product),Losartan Potassium,,5 mg/5 ml,Angiotensin-II Receptor Antagonists,False,False
36892111000001100,Losartan,Losartan 12.5mg/5ml oral suspension 1 ml (product),Losartan Potassium,,5 mg/5 ml,Angiotensin-II Receptor Antagonists,False,False
15507411000001105,Losartan,Losartan 2.5mg/ml oral suspension sugar free (product),Losartan Potassium,,5 mg/mL,Angiotensin-II Receptor Antagonists,False,False
15506711000001102,Losartan,Losartan 2.5mg/ml oral suspension sugar free 200 ml (product),Losartan Potassium,,5 mg/mL,Angiotensin-II Receptor Antagonists,False,False
32877911000001108,Losartan,Losartan 20mg/5ml oral suspension (product),Losartan Potassium,,20 mg/5 ml,Angiotensin-II Receptor Antagonists,False,False
32873611000001105,Losartan,Losartan 20mg/5ml oral suspension (Special Order) (product),Losartan Potassium,,20 mg/5 ml,Angiotensin-II Receptor Antagonists,False,False
32873711000001101,Losartan,Losartan 20mg/5ml oral suspension (Special Order) 1 ml (product),Losartan Potassium,,20 mg/5 ml,Angiotensin-II Receptor Antagonists,False,False
32873511000001106,Losartan,Losartan 20mg/5ml oral suspension 1 ml (product),Losartan Potassium,,20 mg/5 ml,Angiotensin-II Receptor Antagonists,False,False
17015511000001104,Losartan,Losartan 25mg tablets (A A H Pharmaceuticals Ltd) (product),Losartan Potassium,,25 mg,Angiotensin-II Receptor Antagonists,False,False
17015611000001100,Losartan,Losartan 25mg tablets (A A H Pharmaceuticals Ltd) 28 tablet (product),Losartan Potassium,28.0,25 mg,Angiotensin-II Receptor Antagonists,False,False
18463811000001100,Losartan,Losartan 25mg tablets (Accord Healthcare Ltd) (product),Losartan Potassium,,25 mg,Angiotensin-II Receptor Antagonists,False,False
18463911000001105,Losartan,Losartan 25mg tablets (Accord Healthcare Ltd) 28 tablet (product),Losartan Potassium,28.0,25 mg,Angiotensin-II Receptor Antagonists,False,False
16748711000001108,Losartan,Losartan 25mg tablets (Actavis UK Ltd) (product),Losartan Potassium,,25 mg,Angiotensin-II Receptor Antagonists,False,False
16748811000001100,Losartan,Losartan 25mg tablets (Actavis UK Ltd) 28 tablet 2 x 14 tablets (product),Losartan Potassium,28.0,25 mg,Angiotensin-II Receptor Antagonists,False,False
17025911000001100,Losartan,Losartan 25mg tablets (Alliance Healthcare (Distribution) Ltd) (product),Losartan Potassium,,25 mg,Angiotensin-II Receptor Antagonists,False,False
17026011000001108,Losartan,Losartan 25mg tablets (Alliance Healthcare (Distribution) Ltd) 28 tablet 2 x 14 tablets (product),Losartan Potassium,28.0,25 mg,Angiotensin-II Receptor Antagonists,False,False
32617111000001105,Losartan,Losartan 25mg tablets (Almus Pharmaceuticals Ltd) (product),Losartan Potassium,,25 mg,Angiotensin-II Receptor Antagonists,False,False
32617211000001104,Losartan,Losartan 25mg tablets (Almus Pharmaceuticals Ltd) 28 tablet (product),Losartan Potassium,28.0,25 mg,Angiotensin-II Receptor Antagonists,False,False
22338011000001106,Losartan,Losartan 25mg tablets (Aptil Pharma Ltd) (product),Losartan Potassium,,25 mg,Angiotensin-II Receptor Antagonists,False,False
22338111000001107,Losartan,Losartan 25mg tablets (Aptil Pharma Ltd) 28 tablet 2 x 14 tablets (product),Losartan Potassium,28.0,25 mg,Angiotensin-II Receptor Antagonists,False,False
17660711000001105,Losartan,Losartan 25mg tablets (Arrow Generics Ltd) (product),Losartan Potassium,,25 mg,Angiotensin-II Receptor Antagonists,False,False
17660811000001102,Losartan,Losartan 25mg tablets (Arrow Generics Ltd) 28 tablet 4 x 7 tablets (product),Losartan Potassium,28.0,25 mg,Angiotensin-II Receptor Antagonists,False,False
21033711000001102,Losartan,Losartan 25mg tablets (Bristol Laboratories Ltd) (product),Losartan Potassium,,25 mg,Angiotensin-II Receptor Antagonists,False,False
21033911000001100,Losartan,Losartan 25mg tablets (Bristol Laboratories Ltd) 28 tablet (product),Losartan Potassium,28.0,25 mg,Angiotensin-II Receptor Antagonists,False,False
21034811000001108,Losartan,Losartan 25mg tablets (Bristol Laboratories Ltd) 56 tablet (product),Losartan Potassium,56.0,25 mg,Angiotensin-II Receptor Antagonists,False,False
21035411000001107,Losartan,Losartan 25mg tablets (Bristol Laboratories Ltd) 84 tablet (product),Losartan Potassium,84.0,25 mg,Angiotensin-II Receptor Antagonists,False,False
32494211000001107,Losartan,Losartan 25mg tablets (Brown & Burk UK Ltd) (product),Losartan Potassium,,25 mg,Angiotensin-II Receptor Antagonists,False,False
32494311000001104,Losartan,Losartan 25mg tablets (Brown & Burk UK Ltd) 28 tablet 2 x 14 tablets (product),Losartan Potassium,28.0,25 mg,Angiotensin-II Receptor Antagonists,False,False
35656711000001103,Losartan,Losartan 25mg tablets (Consilient Health Ltd) (product),Losartan Potassium,,25 mg,Angiotensin-II Receptor Antagonists,False,False
35656811000001106,Losartan,Losartan 25mg tablets (Consilient Health Ltd) 28 tablet (product),Losartan Potassium,28.0,25 mg,Angiotensin-II Receptor Antagonists,False,False
24372211000001105,Losartan,Losartan 25mg tablets (DE Pharmaceuticals) (product),Losartan Potassium,,25 mg,Angiotensin-II Receptor Antagonists,False,False
24372311000001102,Losartan,Losartan 25mg tablets (DE Pharmaceuticals) 28 tablet (product),Losartan Potassium,28.0,25 mg,Angiotensin-II Receptor Antagonists,False,False
16998411000001102,Losartan,Losartan 25mg tablets (Dexcel-Pharma Ltd) (product),Losartan Potassium,,25 mg,Angiotensin-II Receptor Antagonists,False,False
16998611000001104,Losartan,Losartan 25mg tablets (Dexcel-Pharma Ltd) 28 tablet 2 x 14 tablets (product),Losartan Potassium,28.0,25 mg,Angiotensin-II Receptor Antagonists,False,False
18476911000001109,Losartan,Losartan 25mg tablets (Dr Reddy's Laboratories (UK) Ltd) (product),Losartan Potassium,,25 mg,Angiotensin-II Receptor Antagonists,False,False
18477011000001108,Losartan,Losartan 25mg tablets (Dr Reddy's Laboratories (UK) Ltd) 28 tablet (product),Losartan Potassium,28.0,25 mg,Angiotensin-II Receptor Antagonists,False,False
16971611000001102,Losartan,Losartan 25mg tablets (Generics (UK) Ltd) (product),Losartan Potassium,,25 mg,Angiotensin-II Receptor Antagonists,False,False
16971711000001106,Losartan,Losartan 25mg tablets (Generics (UK) Ltd) 28 tablet 2 x 14 tablets (product),Losartan Potassium,28.0,25 mg,Angiotensin-II Receptor Antagonists,False,False
32753911000001104,Losartan,Losartan 25mg tablets (Genesis Pharmaceuticals Ltd) (product),Losartan Potassium,,25 mg,Angiotensin-II Receptor Antagonists,False,False
32754011000001101,Losartan,Losartan 25mg tablets (Genesis Pharmaceuticals Ltd) 28 tablet 2 x 14 tablets (product),Losartan Potassium,28.0,25 mg,Angiotensin-II Receptor Antagonists,False,False
32416611000001101,Losartan,Losartan 25mg tablets (Kent Pharmaceuticals Ltd) (product),Losartan Potassium,,25 mg,Angiotensin-II Receptor Antagonists,False,False
32416711000001105,Losartan,Losartan 25mg tablets (Kent Pharmaceuticals Ltd) 28 tablet (product),Losartan Potassium,28.0,25 mg,Angiotensin-II Receptor Antagonists,False,False
30811511000001108,Losartan,Losartan 25mg tablets (Mawdsley-Brooks & Company Ltd) (product),Losartan Potassium,,25 mg,Angiotensin-II Receptor Antagonists,False,False
30811611000001107,Losartan,Losartan 25mg tablets (Mawdsley-Brooks & Company Ltd) 28 tablet (product),Losartan Potassium,28.0,25 mg,Angiotensin-II Receptor Antagonists,False,False
36046011000001107,Losartan,Losartan 25mg tablets (Medreich Plc) (product),Losartan Potassium,,25 mg,Angiotensin-II Receptor Antagonists,False,False
36046111000001108,Losartan,Losartan 25mg tablets (Medreich Plc) 28 tablet 2 x 14 tablets (product),Losartan Potassium,28.0,25 mg,Angiotensin-II Receptor Antagonists,False,False
35165811000001108,Losartan,Losartan 25mg tablets (Milpharm Ltd) (product),Losartan Potassium,,25 mg,Angiotensin-II Receptor Antagonists,False,False
35165911000001103,Losartan,Losartan 25mg tablets (Milpharm Ltd) 28 tablet (product),Losartan Potassium,28.0,25 mg,Angiotensin-II Receptor Antagonists,False,False
18170411000001104,Losartan,Losartan 25mg tablets (Pfizer Ltd) (product),Losartan Potassium,,25 mg,Angiotensin-II Receptor Antagonists,False,False
18170511000001100,Losartan,Losartan 25mg tablets (Pfizer Ltd) 28 tablet (product),Losartan Potassium,28.0,25 mg,Angiotensin-II Receptor Antagonists,False,False
18140111000001105,Losartan,Losartan 25mg tablets (Phoenix Healthcare Distribution Ltd) (product),Losartan Potassium,,25 mg,Angiotensin-II Receptor Antagonists,False,False
18140211000001104,Losartan,Losartan 25mg tablets (Phoenix Healthcare Distribution Ltd) 28 tablet (product),Losartan Potassium,28.0,25 mg,Angiotensin-II Receptor Antagonists,False,False
20308011000001106,Losartan,Losartan 25mg tablets (Sandoz Ltd) (product),Losartan Potassium,,25 mg,Angiotensin-II Receptor Antagonists,False,False
20308311000001109,Losartan,Losartan 25mg tablets (Sandoz Ltd) 28 tablet (product),Losartan Potassium,28.0,25 mg,Angiotensin-II Receptor Antagonists,False,False
29899211000001107,Losartan,Losartan 25mg tablets (Sigma Pharmaceuticals Plc) (product),Losartan Potassium,,25 mg,Angiotensin-II Receptor Antagonists,False,False
29899311000001104,Losartan,Losartan 25mg tablets (Sigma Pharmaceuticals Plc) 28 tablet (product),Losartan Potassium,28.0,25 mg,Angiotensin-II Receptor Antagonists,False,False
23666311000001102,Losartan,Losartan 25mg tablets (Sovereign Medical Ltd) (product),Losartan Potassium,,25 mg,Angiotensin-II Receptor Antagonists,False,False
23666411000001109,Losartan,Losartan 25mg tablets (Sovereign Medical Ltd) 28 tablet (product),Losartan Potassium,28.0,25 mg,Angiotensin-II Receptor Antagonists,False,False
17024111000001102,Losartan,Losartan 25mg tablets (Teva UK Ltd) (product),Losartan Potassium,,25 mg,Angiotensin-II Receptor Antagonists,False,False
17024211000001108,Losartan,Losartan 25mg tablets (Teva UK Ltd) 28 tablet 2 x 14 tablets (product),Losartan Potassium,28.0,25 mg,Angiotensin-II Receptor Antagonists,False,False
21789211000001100,Losartan,Losartan 25mg tablets (Waymade Healthcare Plc) (product),Losartan Potassium,,25 mg,Angiotensin-II Receptor Antagonists,False,False
21789311000001108,Losartan,Losartan 25mg tablets (Waymade Healthcare Plc) 28 tablet (product),Losartan Potassium,28.0,25 mg,Angiotensin-II Receptor Antagonists,False,False
16748511000001103,Losartan,Losartan 25mg tablets (Winthrop Pharmaceuticals UK Ltd) (product),Losartan Potassium,,25 mg,Angiotensin-II Receptor Antagonists,False,False
16748611000001104,Losartan,Losartan 25mg tablets (Winthrop Pharmaceuticals UK Ltd) 28 tablet 2 x 14 tablets (product),Losartan Potassium,28.0,25 mg,Angiotensin-II Receptor Antagonists,False,False
20571411000001104,Losartan,Losartan 25mg tablets (Wockhardt UK Ltd) (product),Losartan Potassium,,25 mg,Angiotensin-II Receptor Antagonists,False,False
20571511000001100,Losartan,Losartan 25mg tablets (Wockhardt UK Ltd) 28 tablet 2 x 14 tablets (product),Losartan Potassium,28.0,25 mg,Angiotensin-II Receptor Antagonists,False,False
36489811000001107,Losartan,Losartan 25mg tablets (Xiromed) (product),Losartan Potassium,,25 mg,Angiotensin-II Receptor Antagonists,False,False
36489911000001102,Losartan,Losartan 25mg tablets (Xiromed) 28 tablet 2 x 14 tablets (product),Losartan Potassium,28.0,25 mg,Angiotensin-II Receptor Antagonists,False,False
9415111000001108,Losartan,Losartan 25mg tablets 28 tablet (product),Losartan Potassium,28.0,25 mg,Angiotensin-II Receptor Antagonists,False,False
21034211000001107,Losartan,Losartan 25mg tablets 56 tablet (product),Losartan Potassium,56.0,25 mg,Angiotensin-II Receptor Antagonists,False,False
967611000001104,Losartan,Losartan 25mg tablets 7 tablet (product),Losartan Potassium,7.0,25 mg,Angiotensin-II Receptor Antagonists,False,False
21035211000001108,Losartan,Losartan 25mg tablets 84 tablet (product),Losartan Potassium,84.0,25 mg,Angiotensin-II Receptor Antagonists,False,False
14204011000001105,Losartan,Losartan 25mg/5ml oral solution (product),Losartan Potassium,,25 mg/5 ml,Angiotensin-II Receptor Antagonists,False,False
14191611000001100,Losartan,Losartan 25mg/5ml oral solution (Special Order) (product),Losartan Potassium,,25 mg/5 ml,Angiotensin-II Receptor Antagonists,False,False
14191711000001109,Losartan,Losartan 25mg/5ml oral solution (Special Order) 1 ml (product),Losartan Potassium,,25 mg/5 ml,Angiotensin-II Receptor Antagonists,False,False
14191511000001104,Losartan,Losartan 25mg/5ml oral solution 1 ml (product),Losartan Potassium,,25 mg/5 ml,Angiotensin-II Receptor Antagonists,False,False
14204111000001106,Losartan,Losartan 25mg/5ml oral suspension (product),Losartan Potassium,,25 mg/5 ml,Angiotensin-II Receptor Antagonists,False,False
14191311000001105,Losartan,Losartan 25mg/5ml oral suspension (Special Order) (product),Losartan Potassium,,25 mg/5 ml,Angiotensin-II Receptor Antagonists,False,False
14191411000001103,Losartan,Losartan 25mg/5ml oral suspension (Special Order) 1 ml (product),Losartan Potassium,,25 mg/5 ml,Angiotensin-II Receptor Antagonists,False,False
14191211000001102,Losartan,Losartan 25mg/5ml oral suspension 1 ml (product),Losartan Potassium,,25 mg/5 ml,Angiotensin-II Receptor Antagonists,False,False
17014911000001107,Losartan,Losartan 50mg / Hydrochlorothiazide 12.5mg tablets (A A H Pharmaceuticals Ltd) (product),Losartan Potassium,,50 mg,Angiotensin-II Receptor Antagonists,False,True
17015011000001107,Losartan,Losartan 50mg / Hydrochlorothiazide 12.5mg tablets (A A H Pharmaceuticals Ltd) 28 tablet 2 x 14 tablets (product),Losartan Potassium,28.0,50 mg,Angiotensin-II Receptor Antagonists,False,True
18165111000001109,Losartan,Losartan 50mg / Hydrochlorothiazide 12.5mg tablets (Actavis UK Ltd) (product),Losartan Potassium,,50 mg,Angiotensin-II Receptor Antagonists,False,True
18165211000001103,Losartan,Losartan 50mg / Hydrochlorothiazide 12.5mg tablets (Actavis UK Ltd) 28 tablet 2 x 14 tablets (product),Losartan Potassium,28.0,50 mg,Angiotensin-II Receptor Antagonists,False,True
17025311000001101,Losartan,Losartan 50mg / Hydrochlorothiazide 12.5mg tablets (Alliance Healthcare (Distribution) Ltd) (product),Losartan Potassium,,50 mg,Angiotensin-II Receptor Antagonists,False,True
17025411000001108,Losartan,Losartan 50mg / Hydrochlorothiazide 12.5mg tablets (Alliance Healthcare (Distribution) Ltd) 28 tablet 2 x 14 tablets (product),Losartan Potassium,28.0,50 mg,Angiotensin-II Receptor Antagonists,False,True
17659911000001106,Losartan,Losartan 50mg / Hydrochlorothiazide 12.5mg tablets (Arrow Generics Ltd) (product),Losartan Potassium,,50 mg,Angiotensin-II Receptor Antagonists,False,True
17660011000001108,Losartan,Losartan 50mg / Hydrochlorothiazide 12.5mg tablets (Arrow Generics Ltd) 28 tablet 4 x 7 tablets (product),Losartan Potassium,28.0,50 mg,Angiotensin-II Receptor Antagonists,False,True
35688211000001101,Losartan,Losartan 50mg / Hydrochlorothiazide 12.5mg tablets (Consilient Health Ltd) (product),Losartan Potassium,,50 mg,Angiotensin-II Receptor Antagonists,False,True
35688311000001109,Losartan,Losartan 50mg / Hydrochlorothiazide 12.5mg tablets (Consilient Health Ltd) 28 tablet (product),Losartan Potassium,28.0,50 mg,Angiotensin-II Receptor Antagonists,False,True
36081511000001101,Losartan,Losartan 50mg / Hydrochlorothiazide 12.5mg tablets (Crescent Pharma Ltd) (product),Losartan Potassium,,50 mg,Angiotensin-II Receptor Antagonists,False,True
36081611000001102,Losartan,Losartan 50mg / Hydrochlorothiazide 12.5mg tablets (Crescent Pharma Ltd) 28 tablet 2 x 14 tablets (product),Losartan Potassium,28.0,50 mg,Angiotensin-II Receptor Antagonists,False,True
24371611000001101,Losartan,Losartan 50mg / Hydrochlorothiazide 12.5mg tablets (DE Pharmaceuticals) (product),Losartan Potassium,,50 mg,Angiotensin-II Receptor Antagonists,False,True
24371711000001105,Losartan,Losartan 50mg / Hydrochlorothiazide 12.5mg tablets (DE Pharmaceuticals) 28 tablet (product),Losartan Potassium,28.0,50 mg,Angiotensin-II Receptor Antagonists,False,True
16971411000001100,Losartan,Losartan 50mg / Hydrochlorothiazide 12.5mg tablets (Generics (UK) Ltd) (product),Losartan Potassium,,50 mg,Angiotensin-II Receptor Antagonists,False,True
16971511000001101,Losartan,Losartan 50mg / Hydrochlorothiazide 12.5mg tablets (Generics (UK) Ltd) 28 tablet 2 x 14 tablets (product),Losartan Potassium,28.0,50 mg,Angiotensin-II Receptor Antagonists,False,True
27475411000001100,Losartan,Losartan 50mg / Hydrochlorothiazide 12.5mg tablets (Lupin (Europe) Ltd) (product),Losartan Potassium,,50 mg,Angiotensin-II Receptor Antagonists,False,True
27475511000001101,Losartan,Losartan 50mg / Hydrochlorothiazide 12.5mg tablets (Lupin (Europe) Ltd) 28 tablet (product),Losartan Potassium,28.0,50 mg,Angiotensin-II Receptor Antagonists,False,True
30810911000001108,Losartan,Losartan 50mg / Hydrochlorothiazide 12.5mg tablets (Mawdsley-Brooks & Company Ltd) (product),Losartan Potassium,,50 mg,Angiotensin-II Receptor Antagonists,False,True
30811011000001100,Losartan,Losartan 50mg / Hydrochlorothiazide 12.5mg tablets (Mawdsley-Brooks & Company Ltd) 28 tablet (product),Losartan Potassium,28.0,50 mg,Angiotensin-II Receptor Antagonists,False,True
35852211000001103,Losartan,Losartan 50mg / Hydrochlorothiazide 12.5mg tablets (Medreich Plc) (product),Losartan Potassium,,50 mg,Angiotensin-II Receptor Antagonists,False,True
35852311000001106,Losartan,Losartan 50mg / Hydrochlorothiazide 12.5mg tablets (Medreich Plc) 28 tablet 2 x 14 tablets (product),Losartan Potassium,28.0,50 mg,Angiotensin-II Receptor Antagonists,False,True
35167011000001109,Losartan,Losartan 50mg / Hydrochlorothiazide 12.5mg tablets (Milpharm Ltd) (product),Losartan Potassium,,50 mg,Angiotensin-II Receptor Antagonists,False,True
35167111000001105,Losartan,Losartan 50mg / Hydrochlorothiazide 12.5mg tablets (Milpharm Ltd) 28 tablet (product),Losartan Potassium,28.0,50 mg,Angiotensin-II Receptor Antagonists,False,True
18139511000001105,Losartan,Losartan 50mg / Hydrochlorothiazide 12.5mg tablets (Phoenix Healthcare Distribution Ltd) (product),Losartan Potassium,,50 mg,Angiotensin-II Receptor Antagonists,False,True
18139611000001109,Losartan,Losartan 50mg / Hydrochlorothiazide 12.5mg tablets (Phoenix Healthcare Distribution Ltd) 28 tablet (product),Losartan Potassium,28.0,50 mg,Angiotensin-II Receptor Antagonists,False,True
18552511000001109,Losartan,Losartan 50mg / Hydrochlorothiazide 12.5mg tablets (Ranbaxy (UK) Ltd) (product),Losartan Potassium,,50 mg,Angiotensin-II Receptor Antagonists,False,True
18552611000001108,Losartan,Losartan 50mg / Hydrochlorothiazide 12.5mg tablets (Ranbaxy (UK) Ltd) 28 tablet 2 x 14 tablets (product),Losartan Potassium,28.0,50 mg,Angiotensin-II Receptor Antagonists,False,True
20308811000001100,Losartan,Losartan 50mg / Hydrochlorothiazide 12.5mg tablets (Sandoz Ltd) (product),Losartan Potassium,,50 mg,Angiotensin-II Receptor Antagonists,False,True
20308911000001105,Losartan,Losartan 50mg / Hydrochlorothiazide 12.5mg tablets (Sandoz Ltd) 28 tablet (product),Losartan Potassium,28.0,50 mg,Angiotensin-II Receptor Antagonists,False,True
29899511000001105,Losartan,Losartan 50mg / Hydrochlorothiazide 12.5mg tablets (Sigma Pharmaceuticals Plc) (product),Losartan Potassium,,50 mg,Angiotensin-II Receptor Antagonists,False,True
29899611000001109,Losartan,Losartan 50mg / Hydrochlorothiazide 12.5mg tablets (Sigma Pharmaceuticals Plc) 28 tablet (product),Losartan Potassium,28.0,50 mg,Angiotensin-II Receptor Antagonists,False,True
17024711000001101,Losartan,Losartan 50mg / Hydrochlorothiazide 12.5mg tablets (Teva UK Ltd) (product),Losartan Potassium,,50 mg,Angiotensin-II Receptor Antagonists,False,True
17024811000001109,Losartan,Losartan 50mg / Hydrochlorothiazide 12.5mg tablets (Teva UK Ltd) 28 tablet 2 x 14 tablets (product),Losartan Potassium,28.0,50 mg,Angiotensin-II Receptor Antagonists,False,True
36884711000001105,Losartan,Losartan 50mg / Hydrochlorothiazide 12.5mg tablets (Torrent Pharma (UK) Ltd) (product),Losartan Potassium,,50 mg,Angiotensin-II Receptor Antagonists,False,True
36885211000001102,Losartan,Losartan 50mg / Hydrochlorothiazide 12.5mg tablets (Torrent Pharma (UK) Ltd) 28 tablet (product),Losartan Potassium,28.0,50 mg,Angiotensin-II Receptor Antagonists,False,True
21788511000001108,Losartan,Losartan 50mg / Hydrochlorothiazide 12.5mg tablets (Waymade Healthcare Plc) (product),Losartan Potassium,,50 mg,Angiotensin-II Receptor Antagonists,False,True
21788611000001107,Losartan,Losartan 50mg / Hydrochlorothiazide 12.5mg tablets (Waymade Healthcare Plc) 28 tablet (product),Losartan Potassium,28.0,50 mg,Angiotensin-II Receptor Antagonists,False,True
16749711000001104,Losartan,Losartan 50mg / Hydrochlorothiazide 12.5mg tablets (Winthrop Pharmaceuticals UK Ltd) (product),Losartan Potassium,,50 mg,Angiotensin-II Receptor Antagonists,False,True
16749811000001107,Losartan,Losartan 50mg / Hydrochlorothiazide 12.5mg tablets (Winthrop Pharmaceuticals UK Ltd) 28 tablet 2 x 14 tablets (product),Losartan Potassium,28.0,50 mg,Angiotensin-II Receptor Antagonists,False,True
36503811000001102,Losartan,Losartan 50mg / Hydrochlorothiazide 12.5mg tablets (Xiromed) (product),Losartan Potassium,,50 mg,Angiotensin-II Receptor Antagonists,False,True
36503911000001107,Losartan,Losartan 50mg / Hydrochlorothiazide 12.5mg tablets (Xiromed) 28 tablet 2 x 14 tablets (product),Losartan Potassium,28.0,50 mg,Angiotensin-II Receptor Antagonists,False,True
1017311000001100,Losartan,Losartan 50mg / Hydrochlorothiazide 12.5mg tablets 28 tablet (product),Losartan Potassium,28.0,50 mg,Angiotensin-II Receptor Antagonists,False,True
16732411000001100,Losartan,Losartan 50mg tablets (A A H Pharmaceuticals Ltd) (product),Losartan Potassium,,50 mg,Angiotensin-II Receptor Antagonists,False,False
16732511000001101,Losartan,Losartan 50mg tablets (A A H Pharmaceuticals Ltd) 28 tablet (product),Losartan Potassium,28.0,50 mg,Angiotensin-II Receptor Antagonists,False,False
18464011000001108,Losartan,Losartan 50mg tablets (Accord Healthcare Ltd) (product),Losartan Potassium,,50 mg,Angiotensin-II Receptor Antagonists,False,False
18464111000001109,Losartan,Losartan 50mg tablets (Accord Healthcare Ltd) 28 tablet (product),Losartan Potassium,28.0,50 mg,Angiotensin-II Receptor Antagonists,False,False
16749111000001100,Losartan,Losartan 50mg tablets (Actavis UK Ltd) (product),Losartan Potassium,,50 mg,Angiotensin-II Receptor Antagonists,False,False
16749211000001106,Losartan,Losartan 50mg tablets (Actavis UK Ltd) 28 tablet 2 x 14 tablets (product),Losartan Potassium,28.0,50 mg,Angiotensin-II Receptor Antagonists,False,False
17026111000001109,Losartan,Losartan 50mg tablets (Alliance Healthcare (Distribution) Ltd) (product),Losartan Potassium,,50 mg,Angiotensin-II Receptor Antagonists,False,False
17026211000001103,Losartan,Losartan 50mg tablets (Alliance Healthcare (Distribution) Ltd) 28 tablet 2 x 14 tablets (product),Losartan Potassium,28.0,50 mg,Angiotensin-II Receptor Antagonists,False,False
32617311000001107,Losartan,Losartan 50mg tablets (Almus Pharmaceuticals Ltd) (product),Losartan Potassium,,50 mg,Angiotensin-II Receptor Antagonists,False,False
32617411000001100,Losartan,Losartan 50mg tablets (Almus Pharmaceuticals Ltd) 28 tablet (product),Losartan Potassium,28.0,50 mg,Angiotensin-II Receptor Antagonists,False,False
22338211000001101,Losartan,Losartan 50mg tablets (Aptil Pharma Ltd) (product),Losartan Potassium,,50 mg,Angiotensin-II Receptor Antagonists,False,False
22338311000001109,Losartan,Losartan 50mg tablets (Aptil Pharma Ltd) 28 tablet 2 x 14 tablets (product),Losartan Potassium,28.0,50 mg,Angiotensin-II Receptor Antagonists,False,False
17660911000001107,Losartan,Losartan 50mg tablets (Arrow Generics Ltd) (product),Losartan Potassium,,50 mg,Angiotensin-II Receptor Antagonists,False,False
17661011000001104,Losartan,Losartan 50mg tablets (Arrow Generics Ltd) 28 tablet 4 x 7 tablets (product),Losartan Potassium,28.0,50 mg,Angiotensin-II Receptor Antagonists,False,False
21036211000001102,Losartan,Losartan 50mg tablets (Bristol Laboratories Ltd) (product),Losartan Potassium,,50 mg,Angiotensin-II Receptor Antagonists,False,False
21036411000001103,Losartan,Losartan 50mg tablets (Bristol Laboratories Ltd) 28 tablet (product),Losartan Potassium,28.0,50 mg,Angiotensin-II Receptor Antagonists,False,False
21036711000001109,Losartan,Losartan 50mg tablets (Bristol Laboratories Ltd) 56 tablet (product),Losartan Potassium,56.0,50 mg,Angiotensin-II Receptor Antagonists,False,False
21037411000001101,Losartan,Losartan 50mg tablets (Bristol Laboratories Ltd) 84 tablet (product),Losartan Potassium,84.0,50 mg,Angiotensin-II Receptor Antagonists,False,False
32494411000001106,Losartan,Losartan 50mg tablets (Brown & Burk UK Ltd) (product),Losartan Potassium,,50 mg,Angiotensin-II Receptor Antagonists,False,False
32494511000001105,Losartan,Losartan 50mg tablets (Brown & Burk UK Ltd) 28 tablet 2 x 14 tablets (product),Losartan Potassium,28.0,50 mg,Angiotensin-II Receptor Antagonists,False,False
35657011000001102,Losartan,Losartan 50mg tablets (Consilient Health Ltd) (product),Losartan Potassium,,50 mg,Angiotensin-II Receptor Antagonists,False,False
35657111000001101,Losartan,Losartan 50mg tablets (Consilient Health Ltd) 28 tablet (product),Losartan Potassium,28.0,50 mg,Angiotensin-II Receptor Antagonists,False,False
24372411000001109,Losartan,Losartan 50mg tablets (DE Pharmaceuticals) (product),Losartan Potassium,,50 mg,Angiotensin-II Receptor Antagonists,False,False
24372511000001108,Losartan,Losartan 50mg tablets (DE Pharmaceuticals) 28 tablet (product),Losartan Potassium,28.0,50 mg,Angiotensin-II Receptor Antagonists,False,False
16998911000001105,Losartan,Losartan 50mg tablets (Dexcel-Pharma Ltd) (product),Losartan Potassium,,50 mg,Angiotensin-II Receptor Antagonists,False,False
16999111000001100,Losartan,Losartan 50mg tablets (Dexcel-Pharma Ltd) 28 tablet 2 x 14 tablets (product),Losartan Potassium,28.0,50 mg,Angiotensin-II Receptor Antagonists,False,False
13925311000001101,Losartan,Losartan 50mg tablets (Doncaster Pharmaceuticals Ltd) (product),Losartan Potassium,,50 mg,Angiotensin-II Receptor Antagonists,False,False
13925411000001108,Losartan,Losartan 50mg tablets (Doncaster Pharmaceuticals Ltd) 28 tablet (product),Losartan Potassium,28.0,50 mg,Angiotensin-II Receptor Antagonists,False,False
18477111000001109,Losartan,Losartan 50mg tablets (Dr Reddy's Laboratories (UK) Ltd) (product),Losartan Potassium,,50 mg,Angiotensin-II Receptor Antagonists,False,False
18477211000001103,Losartan,Losartan 50mg tablets (Dr Reddy's Laboratories (UK) Ltd) 28 tablet (product),Losartan Potassium,28.0,50 mg,Angiotensin-II Receptor Antagonists,False,False
16971811000001103,Losartan,Losartan 50mg tablets (Generics (UK) Ltd) (product),Losartan Potassium,,50 mg,Angiotensin-II Receptor Antagonists,False,False
16971911000001108,Losartan,Losartan 50mg tablets (Generics (UK) Ltd) 28 tablet 2 x 14 tablets (product),Losartan Potassium,28.0,50 mg,Angiotensin-II Receptor Antagonists,False,False
32413511000001108,Losartan,Losartan 50mg tablets (Genesis Pharmaceuticals Ltd) (product),Losartan Potassium,,50 mg,Angiotensin-II Receptor Antagonists,False,False
32413611000001107,Losartan,Losartan 50mg tablets (Genesis Pharmaceuticals Ltd) 28 tablet (product),Losartan Potassium,28.0,50 mg,Angiotensin-II Receptor Antagonists,False,False
32416811000001102,Losartan,Losartan 50mg tablets (Kent Pharmaceuticals Ltd) (product),Losartan Potassium,,50 mg,Angiotensin-II Receptor Antagonists,False,False
32416911000001107,Losartan,Losartan 50mg tablets (Kent Pharmaceuticals Ltd) 28 tablet (product),Losartan Potassium,28.0,50 mg,Angiotensin-II Receptor Antagonists,False,False
30855311000001105,Losartan,Losartan 50mg tablets (Mawdsley-Brooks & Company Ltd) (product),Losartan Potassium,,50 mg,Angiotensin-II Receptor Antagonists,False,False
30855511000001104,Losartan,Losartan 50mg tablets (Mawdsley-Brooks & Company Ltd) 28 tablet (product),Losartan Potassium,28.0,50 mg,Angiotensin-II Receptor Antagonists,False,False
36046211000001102,Losartan,Losartan 50mg tablets (Medreich Plc) (product),Losartan Potassium,,50 mg,Angiotensin-II Receptor Antagonists,False,False
36046311000001105,Losartan,Losartan 50mg tablets (Medreich Plc) 28 tablet 2 x 14 tablets (product),Losartan Potassium,28.0,50 mg,Angiotensin-II Receptor Antagonists,False,False
35166011000001106,Losartan,Losartan 50mg tablets (Milpharm Ltd) (product),Losartan Potassium,,50 mg,Angiotensin-II Receptor Antagonists,False,False
35166111000001107,Losartan,Losartan 50mg tablets (Milpharm Ltd) 28 tablet (product),Losartan Potassium,28.0,50 mg,Angiotensin-II Receptor Antagonists,False,False
18494111000001106,Losartan,Losartan 50mg tablets (Necessity Supplies Ltd) (product),Losartan Potassium,,50 mg,Angiotensin-II Receptor Antagonists,False,False
18494211000001100,Losartan,Losartan 50mg tablets (Necessity Supplies Ltd) 28 tablet (product),Losartan Potassium,28.0,50 mg,Angiotensin-II Receptor Antagonists,False,False
18170211000001103,Losartan,Losartan 50mg tablets (Pfizer Ltd) (product),Losartan Potassium,,50 mg,Angiotensin-II Receptor Antagonists,False,False
18170311000001106,Losartan,Losartan 50mg tablets (Pfizer Ltd) 28 tablet (product),Losartan Potassium,28.0,50 mg,Angiotensin-II Receptor Antagonists,False,False
18140311000001107,Losartan,Losartan 50mg tablets (Phoenix Healthcare Distribution Ltd) (product),Losartan Potassium,,50 mg,Angiotensin-II Receptor Antagonists,False,False
18140411000001100,Losartan,Losartan 50mg tablets (Phoenix Healthcare Distribution Ltd) 28 tablet (product),Losartan Potassium,28.0,50 mg,Angiotensin-II Receptor Antagonists,False,False
5486511000001104,Losartan,Losartan 50mg tablets (PI) (Dowelhurst Ltd) (product),Losartan Potassium,,50 mg,Angiotensin-II Receptor Antagonists,False,False
5486811000001101,Losartan,Losartan 50mg tablets (PI) (Dowelhurst Ltd) 28 tablet 2 x 14 tablets (product),Losartan Potassium,28.0,50 mg,Angiotensin-II Receptor Antagonists,False,False
5496411000001104,Losartan,Losartan 50mg tablets (PI) (Dowelhurst Ltd) 28 tablet 4 x 7 tablets (product),Losartan Potassium,28.0,50 mg,Angiotensin-II Receptor Antagonists,False,False
5496711000001105,Losartan,Losartan 50mg tablets (PI) (Dowelhurst Ltd) 28 tablet 4 x 7 tablets (product),Losartan Potassium,28.0,50 mg,Angiotensin-II Receptor Antagonists,False,False
16511911000001105,Losartan,Losartan 50mg tablets (PI) (Mawdsley-Brooks & Company Ltd) (product),Losartan Potassium,,50 mg,Angiotensin-II Receptor Antagonists,False,False
16512111000001102,Losartan,Losartan 50mg tablets (PI) (Mawdsley-Brooks & Company Ltd) 28 tablet (product),Losartan Potassium,28.0,50 mg,Angiotensin-II Receptor Antagonists,False,False
14332311000001101,Losartan,Losartan 50mg tablets (PI) (Sigma Pharmaceuticals Plc) (product),Losartan Potassium,,50 mg,Angiotensin-II Receptor Antagonists,False,False
14332511000001107,Losartan,Losartan 50mg tablets (PI) (Sigma Pharmaceuticals Plc) 28 tablet (product),Losartan Potassium,28.0,50 mg,Angiotensin-II Receptor Antagonists,False,False
10544711000001108,Losartan,Losartan 50mg tablets (PI) (Waymade Ltd) (product),Losartan Potassium,,50 mg,Angiotensin-II Receptor Antagonists,False,False
10544811000001100,Losartan,Losartan 50mg tablets (PI) (Waymade Ltd) 28 tablet (product),Losartan Potassium,28.0,50 mg,Angiotensin-II Receptor Antagonists,False,False
17912211000001100,Losartan,Losartan 50mg tablets (Ranbaxy (UK) Ltd) (product),Losartan Potassium,,50 mg,Angiotensin-II Receptor Antagonists,False,False
17912311000001108,Losartan,Losartan 50mg tablets (Ranbaxy (UK) Ltd) 28 tablet 2 x 14 tablets (product),Losartan Potassium,28.0,50 mg,Angiotensin-II Receptor Antagonists,False,False
20308411000001102,Losartan,Losartan 50mg tablets (Sandoz Ltd) (product),Losartan Potassium,,50 mg,Angiotensin-II Receptor Antagonists,False,False
20308511000001103,Losartan,Losartan 50mg tablets (Sandoz Ltd) 28 tablet (product),Losartan Potassium,28.0,50 mg,Angiotensin-II Receptor Antagonists,False,False
29904311000001105,Losartan,Losartan 50mg tablets (Sigma Pharmaceuticals Plc) (product),Losartan Potassium,,50 mg,Angiotensin-II Receptor Antagonists,False,False
29904411000001103,Losartan,Losartan 50mg tablets (Sigma Pharmaceuticals Plc) 28 tablet (product),Losartan Potassium,28.0,50 mg,Angiotensin-II Receptor Antagonists,False,False
23666511000001108,Losartan,Losartan 50mg tablets (Sovereign Medical Ltd) (product),Losartan Potassium,,50 mg,Angiotensin-II Receptor Antagonists,False,False
23666611000001107,Losartan,Losartan 50mg tablets (Sovereign Medical Ltd) 28 tablet (product),Losartan Potassium,28.0,50 mg,Angiotensin-II Receptor Antagonists,False,False
17024311000001100,Losartan,Losartan 50mg tablets (Teva UK Ltd) (product),Losartan Potassium,,50 mg,Angiotensin-II Receptor Antagonists,False,False
17024411000001107,Losartan,Losartan 50mg tablets (Teva UK Ltd) 28 tablet 2 x 14 tablets (product),Losartan Potassium,28.0,50 mg,Angiotensin-II Receptor Antagonists,False,False
21789411000001101,Losartan,Losartan 50mg tablets (Waymade Healthcare Plc) (product),Losartan Potassium,,50 mg,Angiotensin-II Receptor Antagonists,False,False
21789611000001103,Losartan,Losartan 50mg tablets (Waymade Healthcare Plc) 28 tablet (product),Losartan Potassium,28.0,50 mg,Angiotensin-II Receptor Antagonists,False,False
16748911000001105,Losartan,Losartan 50mg tablets (Winthrop Pharmaceuticals UK Ltd) (product),Losartan Potassium,,50 mg,Angiotensin-II Receptor Antagonists,False,False
16749011000001101,Losartan,Losartan 50mg tablets (Winthrop Pharmaceuticals UK Ltd) 28 tablet 2 x 14 tablets (product),Losartan Potassium,28.0,50 mg,Angiotensin-II Receptor Antagonists,False,False
20571811000001102,Losartan,Losartan 50mg tablets (Wockhardt UK Ltd) (product),Losartan Potassium,,50 mg,Angiotensin-II Receptor Antagonists,False,False
20571911000001107,Losartan,Losartan 50mg tablets (Wockhardt UK Ltd) 28 tablet 2 x 14 tablets (product),Losartan Potassium,28.0,50 mg,Angiotensin-II Receptor Antagonists,False,False
36490111000001106,Losartan,Losartan 50mg tablets (Xiromed) (product),Losartan Potassium,,50 mg,Angiotensin-II Receptor Antagonists,False,False
36490211000001100,Losartan,Losartan 50mg tablets (Xiromed) 28 tablet 2 x 14 tablets (product),Losartan Potassium,28.0,50 mg,Angiotensin-II Receptor Antagonists,False,False
5536811000001104,Losartan,Losartan 50mg tablets 10 tablet (product),Losartan Potassium,10.0,50 mg,Angiotensin-II Receptor Antagonists,False,False
1234911000001107,Losartan,Losartan 50mg tablets 28 tablet (product),Losartan Potassium,28.0,50 mg,Angiotensin-II Receptor Antagonists,False,False
5536511000001102,Losartan,Losartan 50mg tablets 30 tablet (product),Losartan Potassium,30.0,50 mg,Angiotensin-II Receptor Antagonists,False,False
13109011000001105,Losartan,Losartan 50mg tablets 56 tablet (product),Losartan Potassium,56.0,50 mg,Angiotensin-II Receptor Antagonists,False,False
21037011000001105,Losartan,Losartan 50mg tablets 84 tablet (product),Losartan Potassium,84.0,50 mg,Angiotensin-II Receptor Antagonists,False,False
14159411000001106,Losartan,Losartan 50mg/5ml oral solution (product),Losartan Potassium,,50 mg/5 ml,Angiotensin-II Receptor Antagonists,False,False
14084811000001106,Losartan,Losartan 50mg/5ml oral solution (Special Order) (product),Losartan Potassium,,50 mg/5 ml,Angiotensin-II Receptor Antagonists,False,False
14084911000001101,Losartan,Losartan 50mg/5ml oral solution (Special Order) 1 ml (product),Losartan Potassium,,50 mg/5 ml,Angiotensin-II Receptor Antagonists,False,False
14084711000001103,Losartan,Losartan 50mg/5ml oral solution 1 ml (product),Losartan Potassium,,50 mg/5 ml,Angiotensin-II Receptor Antagonists,False,False
24438311000001107,Losartan,Losartan 50mg/5ml oral suspension (Drug Tariff Special Order) 150 ml (product),Losartan Potassium,,50 mg/5 ml,Angiotensin-II Receptor Antagonists,False,False
14159511000001105,Losartan,Losartan 50mg/5ml oral suspension (product),Losartan Potassium,,50 mg/5 ml,Angiotensin-II Receptor Antagonists,False,False
14085511000001109,Losartan,Losartan 50mg/5ml oral suspension (Special Order) (product),Losartan Potassium,,50 mg/5 ml,Angiotensin-II Receptor Antagonists,False,False
14085611000001108,Losartan,Losartan 50mg/5ml oral suspension (Special Order) 1 ml (product),Losartan Potassium,,50 mg/5 ml,Angiotensin-II Receptor Antagonists,False,False
14085411000001105,Losartan,Losartan 50mg/5ml oral suspension 1 ml (product),Losartan Potassium,,50 mg/5 ml,Angiotensin-II Receptor Antagonists,False,False
24438211000001104,Losartan,Losartan 50mg/5ml oral suspension 150 ml (product),Losartan Potassium,,50 mg/5 ml,Angiotensin-II Receptor Antagonists,False,False
10113501000001104,Losartan Pot,LOSARTAN POTASSIUM 12.5mg tablets (product),Losartan Potassium,,12.5 mg,Angiotensin-II Receptor Antagonists,False,False
10381801000001106,Losartan Pot,LOSARTAN POTASSIUM 2.5mg/mL oral suspension,Losartan Potassium,,5 mg/mL,Angiotensin-II Receptor Antagonists,False,False
2405301000001103,Losartan,Losartan potassium 25mg tablet - product,Losartan Potassium,,25 mg,Angiotensin-II Receptor Antagonists,False,False
2405401000001106,Losartan,Losartan potassium 50mg tablet - product,Losartan Potassium,,50 mg,Angiotensin-II Receptor Antagonists,False,False
9752201000001107,Losartan Pot,LOSARTAN POTASSIUM+HYDROCHLOROTHIAZIDE 100mg/12.5mg tablets (product),Losartan Potassium,,100 mg,Angiotensin-II Receptor Antagonists,False,True
8655301000001101,Losartan,Losartan potassium+hydrochlorothiazide 100mg/25mg tablet (product),Losartan Potassium,,100 mg,Angiotensin-II Receptor Antagonists,False,True
2962801000001101,Losartan,Losartan potassium+hydrochlorothiazide 50mg/12.5mg tablet - product,Losartan Potassium,,50 mg,Angiotensin-II Receptor Antagonists,False,True
12170801000001105,Macitentan,MACITENTAN,Macitentan,,,Vasodilator Antihypertensive Drugs,False,False
23712611000001104,Macitentan,Macitentan (product),Macitentan,,,Vasodilator Antihypertensive Drugs,False,False
23676511000001104,Macitentan,Macitentan (substance),Macitentan,,,Vasodilator Antihypertensive Drugs,False,False
12171001000001108,Macitentan,MACITENTAN 10mg tablets,Macitentan,,10 mg,Vasodilator Antihypertensive Drugs,False,False
23707811000001104,Macitentan,Macitentan 10mg tablets (product),Macitentan,,10 mg,Vasodilator Antihypertensive Drugs,False,False
23705611000001105,Macitentan,Macitentan 10mg tablets 30 tablet (product),Macitentan,30.0,10 mg,Vasodilator Antihypertensive Drugs,False,False
2665901000001104,Medomet,Medomet (qualifier value),Methyldopa,,,Centrally-Acting Antihypertensive Drugs,False,False
595901000001105,Medomet,Medomet 250mg capsule,Methyldopa,,250 mg,Centrally-Acting Antihypertensive Drugs,False,False
92501000001109,Medomet,Medomet 250mg tablet,Methyldopa,,250 mg,Centrally-Acting Antihypertensive Drugs,False,False
170201000001109,Medomet,Medomet 500mg tablet,Methyldopa,,500 mg,Centrally-Acting Antihypertensive Drugs,False,False
2667201000001100,Metalpha,Metalpha (qualifier value),Methyldopa,,,Centrally-Acting Antihypertensive Drugs,False,False
247201000001109,Metalpha,Metalpha 250mg tablet,Methyldopa,,250 mg,Centrally-Acting Antihypertensive Drugs,False,False
735501000001109,Metalpha,Metalpha 500mg tablet,Methyldopa,,500 mg,Centrally-Acting Antihypertensive Drugs,False,False
23801000001109,Methyldopa,Methyldopa 125mg tablet - product,Methyldopa,,125 mg,Centrally-Acting Antihypertensive Drugs,False,False
589511000001103,Methyldopa,Methyldopa 125mg tablets (A A H Pharmaceuticals Ltd) (product),Methyldopa,,125 mg,Centrally-Acting Antihypertensive Drugs,False,False
1367511000001109,Methyldopa,Methyldopa 125mg tablets (A A H Pharmaceuticals Ltd) 56 tablet 4 x 14 tablets (product),Methyldopa,56.0,125 mg,Centrally-Acting Antihypertensive Drugs,False,False
88511000001109,Methyldopa,Methyldopa 125mg tablets (Alpharma Limited) (product),Methyldopa,,125 mg,Centrally-Acting Antihypertensive Drugs,False,False
1367611000001108,Methyldopa,Methyldopa 125mg tablets (Alpharma Limited) 56 tablet 4 x 14 tablets (product),Methyldopa,56.0,125 mg,Centrally-Acting Antihypertensive Drugs,False,False
36567111000001102,Methyldopa,Methyldopa 125mg tablets (Bristol Laboratories Ltd) (product),Methyldopa,,125 mg,Centrally-Acting Antihypertensive Drugs,False,False
36567211000001108,Methyldopa,Methyldopa 125mg tablets (Bristol Laboratories Ltd) 56 tablet 4 x 14 tablets (product),Methyldopa,56.0,125 mg,Centrally-Acting Antihypertensive Drugs,False,False
35995011000001103,Methyldopa,Methyldopa 125mg tablets (Ennogen Pharma Ltd) (product),Methyldopa,,125 mg,Centrally-Acting Antihypertensive Drugs,False,False
35995111000001102,Methyldopa,Methyldopa 125mg tablets (Ennogen Pharma Ltd) 56 tablet (product),Methyldopa,56.0,125 mg,Centrally-Acting Antihypertensive Drugs,False,False
257411000001108,Methyldopa,Methyldopa 125mg tablets (Generics (UK) Ltd) (product),Methyldopa,,125 mg,Centrally-Acting Antihypertensive Drugs,False,False
1755311000001101,Methyldopa,Methyldopa 125mg tablets (Generics (UK) Ltd) 250 tablet (product),Methyldopa,250.0,125 mg,Centrally-Acting Antihypertensive Drugs,False,False
218911000001109,Methyldopa,Methyldopa 125mg tablets (Kent Pharmaceuticals Ltd) (product),Methyldopa,,125 mg,Centrally-Acting Antihypertensive Drugs,False,False
1367811000001107,Methyldopa,Methyldopa 125mg tablets (Kent Pharmaceuticals Ltd) 56 tablet 4 x 14 tablets (product),Methyldopa,56.0,125 mg,Centrally-Acting Antihypertensive Drugs,False,False
29919111000001106,Methyldopa,Methyldopa 125mg tablets (Sigma Pharmaceuticals Plc) (product),Methyldopa,,125 mg,Centrally-Acting Antihypertensive Drugs,False,False
29919211000001100,Methyldopa,Methyldopa 125mg tablets (Sigma Pharmaceuticals Plc) 56 tablet (product),Methyldopa,56.0,125 mg,Centrally-Acting Antihypertensive Drugs,False,False
879311000001104,Methyldopa,Methyldopa 125mg tablets (The Boots Company) (product),Methyldopa,,125 mg,Centrally-Acting Antihypertensive Drugs,False,False
1367711000001104,Methyldopa,Methyldopa 125mg tablets (The Boots Company) 56 tablet (product),Methyldopa,56.0,125 mg,Centrally-Acting Antihypertensive Drugs,False,False
281011000001102,Methyldopa,Methyldopa 125mg tablets (Unichem Plc) (product),Methyldopa,,125 mg,Centrally-Acting Antihypertensive Drugs,False,False
1368011000001100,Methyldopa,Methyldopa 125mg tablets (Unichem Plc) 250 tablet (product),Methyldopa,250.0,125 mg,Centrally-Acting Antihypertensive Drugs,False,False
1367911000001102,Methyldopa,Methyldopa 125mg tablets (Unichem Plc) 56 tablet 4 x 14 tablets (product),Methyldopa,56.0,125 mg,Centrally-Acting Antihypertensive Drugs,False,False
1020311000001106,Methyldopa,Methyldopa 125mg tablets 250 tablet (product),Methyldopa,250.0,125 mg,Centrally-Acting Antihypertensive Drugs,False,False
1298911000001108,Methyldopa,Methyldopa 125mg tablets 56 tablet (product),Methyldopa,56.0,125 mg,Centrally-Acting Antihypertensive Drugs,False,False
12911911000001101,Methyldopa,Methyldopa 125mg/5ml oral solution (product),Methyldopa,,125 mg/5 ml,Centrally-Acting Antihypertensive Drugs,False,False
12909611000001105,Methyldopa,Methyldopa 125mg/5ml oral solution (Special Order) (product),Methyldopa,,125 mg/5 ml,Centrally-Acting Antihypertensive Drugs,False,False
12909711000001101,Methyldopa,Methyldopa 125mg/5ml oral solution (Special Order) 1 ml (product),Methyldopa,,125 mg/5 ml,Centrally-Acting Antihypertensive Drugs,False,False
12909411000001107,Methyldopa,Methyldopa 125mg/5ml oral solution 1 ml (product),Methyldopa,,125 mg/5 ml,Centrally-Acting Antihypertensive Drugs,False,False
12912011000001108,Methyldopa,Methyldopa 125mg/5ml oral suspension (product),Methyldopa,,125 mg/5 ml,Centrally-Acting Antihypertensive Drugs,False,False
12909111000001102,Methyldopa,Methyldopa 125mg/5ml oral suspension (Special Order) (product),Methyldopa,,125 mg/5 ml,Centrally-Acting Antihypertensive Drugs,False,False
12909211000001108,Methyldopa,Methyldopa 125mg/5ml oral suspension (Special Order) 1 ml (product),Methyldopa,,125 mg/5 ml,Centrally-Acting Antihypertensive Drugs,False,False
12909011000001103,Methyldopa,Methyldopa 125mg/5ml oral suspension 1 ml (product),Methyldopa,,125 mg/5 ml,Centrally-Acting Antihypertensive Drugs,False,False
736301000001108,Methyldopa,Methyldopa 250mg capsule - product,Methyldopa,,250 mg,Centrally-Acting Antihypertensive Drugs,False,False
94501000001103,Methyldopa,Methyldopa 250mg tablet - product,Methyldopa,,250 mg,Centrally-Acting Antihypertensive Drugs,False,False
233711000001108,Methyldopa,Methyldopa 250mg tablets (A A H Pharmaceuticals Ltd) (product),Methyldopa,,250 mg,Centrally-Acting Antihypertensive Drugs,False,False
1368711000001103,Methyldopa,Methyldopa 250mg tablets (A A H Pharmaceuticals Ltd) 56 tablet (product),Methyldopa,56.0,250 mg,Centrally-Acting Antihypertensive Drugs,False,False
874511000001106,Methyldopa,Methyldopa 250mg tablets (Alpharma Limited) (product),Methyldopa,,250 mg,Centrally-Acting Antihypertensive Drugs,False,False
1369211000001100,Methyldopa,Methyldopa 250mg tablets (Alpharma Limited) 56 tablet 4 x 14 tablets (product),Methyldopa,56.0,250 mg,Centrally-Acting Antihypertensive Drugs,False,False
24389711000001102,Methyldopa,Methyldopa 250mg tablets (Bristol Laboratories Ltd) (product),Methyldopa,,250 mg,Centrally-Acting Antihypertensive Drugs,False,False
24389811000001105,Methyldopa,Methyldopa 250mg tablets (Bristol Laboratories Ltd) 56 tablet (product),Methyldopa,56.0,250 mg,Centrally-Acting Antihypertensive Drugs,False,False
24382011000001106,Methyldopa,Methyldopa 250mg tablets (DE Pharmaceuticals) (product),Methyldopa,,250 mg,Centrally-Acting Antihypertensive Drugs,False,False
24382111000001107,Methyldopa,Methyldopa 250mg tablets (DE Pharmaceuticals) 56 tablet (product),Methyldopa,56.0,250 mg,Centrally-Acting Antihypertensive Drugs,False,False
35990511000001101,Methyldopa,Methyldopa 250mg tablets (Ennogen Pharma Ltd) (product),Methyldopa,,250 mg,Centrally-Acting Antihypertensive Drugs,False,False
35990611000001102,Methyldopa,Methyldopa 250mg tablets (Ennogen Pharma Ltd) 56 tablet (product),Methyldopa,56.0,250 mg,Centrally-Acting Antihypertensive Drugs,False,False
756211000001103,Methyldopa,Methyldopa 250mg tablets (Generics (UK) Ltd) (product),Methyldopa,,250 mg,Centrally-Acting Antihypertensive Drugs,False,False
1755511000001107,Methyldopa,Methyldopa 250mg tablets (Generics (UK) Ltd) 1000 tablet (product),Methyldopa,1000.0,250 mg,Centrally-Acting Antihypertensive Drugs,False,False
1755411000001108,Methyldopa,Methyldopa 250mg tablets (Generics (UK) Ltd) 500 tablet (product),Methyldopa,500.0,250 mg,Centrally-Acting Antihypertensive Drugs,False,False
20325311000001107,Methyldopa,Methyldopa 250mg tablets (Genesis Pharmaceuticals Ltd) (product),Methyldopa,,250 mg,Centrally-Acting Antihypertensive Drugs,False,False
20325411000001100,Methyldopa,Methyldopa 250mg tablets (Genesis Pharmaceuticals Ltd) 56 tablet (product),Methyldopa,56.0,250 mg,Centrally-Acting Antihypertensive Drugs,False,False
35841911000001104,Methyldopa,Methyldopa 250mg tablets (Intrapharm Laboratories Ltd) (product),Methyldopa,,250 mg,Centrally-Acting Antihypertensive Drugs,False,False
35842011000001106,Methyldopa,Methyldopa 250mg tablets (Intrapharm Laboratories Ltd) 56 tablet (product),Methyldopa,56.0,250 mg,Centrally-Acting Antihypertensive Drugs,False,False
136911000001102,Methyldopa,Methyldopa 250mg tablets (Kent Pharmaceuticals Ltd) (product),Methyldopa,,250 mg,Centrally-Acting Antihypertensive Drugs,False,False
1369511000001102,Methyldopa,Methyldopa 250mg tablets (Kent Pharmaceuticals Ltd) 56 tablet 4 x 14 tablets (product),Methyldopa,56.0,250 mg,Centrally-Acting Antihypertensive Drugs,False,False
30828611000001105,Methyldopa,Methyldopa 250mg tablets (Mawdsley-Brooks & Company Ltd) (product),Methyldopa,,250 mg,Centrally-Acting Antihypertensive Drugs,False,False
30828711000001101,Methyldopa,Methyldopa 250mg tablets (Mawdsley-Brooks & Company Ltd) 56 tablet (product),Methyldopa,56.0,250 mg,Centrally-Acting Antihypertensive Drugs,False,False
17940911000001101,Methyldopa,Methyldopa 250mg tablets (Phoenix Healthcare Distribution Ltd) (product),Methyldopa,,250 mg,Centrally-Acting Antihypertensive Drugs,False,False
17941011000001109,Methyldopa,Methyldopa 250mg tablets (Phoenix Healthcare Distribution Ltd) 56 tablet (product),Methyldopa,56.0,250 mg,Centrally-Acting Antihypertensive Drugs,False,False
17570211000001103,Methyldopa,Methyldopa 250mg tablets (PI) (Sigma Pharmaceuticals Plc) (product),Methyldopa,,250 mg,Centrally-Acting Antihypertensive Drugs,False,False
87911000001103,Methyldopa,Methyldopa 250mg tablets (Sandoz Ltd) (product),Methyldopa,,250 mg,Centrally-Acting Antihypertensive Drugs,False,False
1369911000001109,Methyldopa,Methyldopa 250mg tablets (Sandoz Ltd) 56 tablet 4 x 14 tablets (product),Methyldopa,56.0,250 mg,Centrally-Acting Antihypertensive Drugs,False,False
29919311000001108,Methyldopa,Methyldopa 250mg tablets (Sigma Pharmaceuticals Plc) (product),Methyldopa,,250 mg,Centrally-Acting Antihypertensive Drugs,False,False
29919411000001101,Methyldopa,Methyldopa 250mg tablets (Sigma Pharmaceuticals Plc) 56 tablet (product),Methyldopa,56.0,250 mg,Centrally-Acting Antihypertensive Drugs,False,False
17570311000001106,Methyldopa,Methyldopa 250mg tablets (Sigma Pharmaceuticals Plc) 60 tablet (product),Methyldopa,60.0,250 mg,Centrally-Acting Antihypertensive Drugs,False,False
17204211000001105,Methyldopa,Methyldopa 250mg tablets (Sovereign Medical Ltd) (product),Methyldopa,,250 mg,Centrally-Acting Antihypertensive Drugs,False,False
17204311000001102,Methyldopa,Methyldopa 250mg tablets (Sovereign Medical Ltd) 56 tablet 4 x 14 tablets (product),Methyldopa,56.0,250 mg,Centrally-Acting Antihypertensive Drugs,False,False
81911000001106,Methyldopa,Methyldopa 250mg tablets (The Boots Company) (product),Methyldopa,,250 mg,Centrally-Acting Antihypertensive Drugs,False,False
1369411000001101,Methyldopa,Methyldopa 250mg tablets (The Boots Company) 56 tablet (product),Methyldopa,56.0,250 mg,Centrally-Acting Antihypertensive Drugs,False,False
26780511000001107,Methyldopa,Methyldopa 250mg tablets (Tillomed Laboratories Ltd) (product),Methyldopa,,250 mg,Centrally-Acting Antihypertensive Drugs,False,False
26780711000001102,Methyldopa,Methyldopa 250mg tablets (Tillomed Laboratories Ltd) 56 tablet (product),Methyldopa,56.0,250 mg,Centrally-Acting Antihypertensive Drugs,False,False
587311000001104,Methyldopa,Methyldopa 250mg tablets (Unichem Plc) (product),Methyldopa,,250 mg,Centrally-Acting Antihypertensive Drugs,False,False
1370511000001100,Methyldopa,Methyldopa 250mg tablets (Unichem Plc) 56 tablet 4 x 14 tablets (product),Methyldopa,56.0,250 mg,Centrally-Acting Antihypertensive Drugs,False,False
23599111000001103,Methyldopa,Methyldopa 250mg tablets (Waymade Healthcare Plc) (product),Methyldopa,,250 mg,Centrally-Acting Antihypertensive Drugs,False,False
23599211000001109,Methyldopa,Methyldopa 250mg tablets (Waymade Healthcare Plc) 56 tablet (product),Methyldopa,56.0,250 mg,Centrally-Acting Antihypertensive Drugs,False,False
1059911000001100,Methyldopa,Methyldopa 250mg tablets 1000 tablet (product),Methyldopa,1000.0,250 mg,Centrally-Acting Antihypertensive Drugs,False,False
1177311000001102,Methyldopa,Methyldopa 250mg tablets 500 tablet (product),Methyldopa,500.0,250 mg,Centrally-Acting Antihypertensive Drugs,False,False
1260711000001106,Methyldopa,Methyldopa 250mg tablets 56 tablet (product),Methyldopa,56.0,250 mg,Centrally-Acting Antihypertensive Drugs,False,False
1123311000001105,Methyldopa,Methyldopa 250mg tablets 60 tablet (product),Methyldopa,60.0,250 mg,Centrally-Acting Antihypertensive Drugs,False,False
194801000001107,Methyldopa,Methyldopa 250mg/5mL oral suspension,Methyldopa,,250 mg/5 ml,Centrally-Acting Antihypertensive Drugs,False,False
8667311000001100,Methyldopa,Methyldopa 250mg/5ml oral suspension (product),Methyldopa,,250 mg/5 ml,Centrally-Acting Antihypertensive Drugs,False,False
8630311000001105,Methyldopa,Methyldopa 250mg/5ml oral suspension (Special Order) (product),Methyldopa,,250 mg/5 ml,Centrally-Acting Antihypertensive Drugs,False,False
8630411000001103,Methyldopa,Methyldopa 250mg/5ml oral suspension (Special Order) 1 ml (product),Methyldopa,,250 mg/5 ml,Centrally-Acting Antihypertensive Drugs,False,False
8630211000001102,Methyldopa,Methyldopa 250mg/5ml oral suspension 1 ml (product),Methyldopa,,250 mg/5 ml,Centrally-Acting Antihypertensive Drugs,False,False
172701000001102,Methyldopa,Methyldopa 500mg tablet - product,Methyldopa,,500 mg,Centrally-Acting Antihypertensive Drugs,False,False
351711000001100,Methyldopa,Methyldopa 500mg tablets (A A H Pharmaceuticals Ltd) (product),Methyldopa,,500 mg,Centrally-Acting Antihypertensive Drugs,False,False
1371111000001103,Methyldopa,Methyldopa 500mg tablets (A A H Pharmaceuticals Ltd) 56 tablet 4 x 14 tablets (product),Methyldopa,56.0,500 mg,Centrally-Acting Antihypertensive Drugs,False,False
113311000001103,Methyldopa,Methyldopa 500mg tablets (Alpharma Limited) (product),Methyldopa,,500 mg,Centrally-Acting Antihypertensive Drugs,False,False
1371511000001107,Methyldopa,Methyldopa 500mg tablets (Alpharma Limited) 56 tablet 4 x 14 tablets (product),Methyldopa,56.0,500 mg,Centrally-Acting Antihypertensive Drugs,False,False
24389911000001100,Methyldopa,Methyldopa 500mg tablets (Bristol Laboratories Ltd) (product),Methyldopa,,500 mg,Centrally-Acting Antihypertensive Drugs,False,False
24390011000001108,Methyldopa,Methyldopa 500mg tablets (Bristol Laboratories Ltd) 56 tablet (product),Methyldopa,56.0,500 mg,Centrally-Acting Antihypertensive Drugs,False,False
133811000001103,Methyldopa,Methyldopa 500mg tablets (C P Pharmaceuticals Ltd) (product),Methyldopa,,500 mg,Centrally-Acting Antihypertensive Drugs,False,False
1372411000001103,Methyldopa,Methyldopa 500mg tablets (C P Pharmaceuticals Ltd) 56 tablet 4 x 14 tablets (product),Methyldopa,56.0,500 mg,Centrally-Acting Antihypertensive Drugs,False,False
24382211000001101,Methyldopa,Methyldopa 500mg tablets (DE Pharmaceuticals) (product),Methyldopa,,500 mg,Centrally-Acting Antihypertensive Drugs,False,False
24382311000001109,Methyldopa,Methyldopa 500mg tablets (DE Pharmaceuticals) 56 tablet (product),Methyldopa,56.0,500 mg,Centrally-Acting Antihypertensive Drugs,False,False
35995211000001108,Methyldopa,Methyldopa 500mg tablets (Ennogen Pharma Ltd) (product),Methyldopa,,500 mg,Centrally-Acting Antihypertensive Drugs,False,False
35995411000001107,Methyldopa,Methyldopa 500mg tablets (Ennogen Pharma Ltd) 56 tablet (product),Methyldopa,56.0,500 mg,Centrally-Acting Antihypertensive Drugs,False,False
3962911000001103,Methyldopa,Methyldopa 500mg tablets (Generics (UK) Ltd) (product),Methyldopa,,500 mg,Centrally-Acting Antihypertensive Drugs,False,False
3963111000001107,Methyldopa,Methyldopa 500mg tablets (Generics (UK) Ltd) 500 tablet (product),Methyldopa,500.0,500 mg,Centrally-Acting Antihypertensive Drugs,False,False
20325511000001101,Methyldopa,Methyldopa 500mg tablets (Genesis Pharmaceuticals Ltd) (product),Methyldopa,,500 mg,Centrally-Acting Antihypertensive Drugs,False,False
20325611000001102,Methyldopa,Methyldopa 500mg tablets (Genesis Pharmaceuticals Ltd) 56 tablet (product),Methyldopa,56.0,500 mg,Centrally-Acting Antihypertensive Drugs,False,False
35842411000001102,Methyldopa,Methyldopa 500mg tablets (Intrapharm Laboratories Ltd) (product),Methyldopa,,500 mg,Centrally-Acting Antihypertensive Drugs,False,False
35842811000001100,Methyldopa,Methyldopa 500mg tablets (Intrapharm Laboratories Ltd) 56 tablet (product),Methyldopa,56.0,500 mg,Centrally-Acting Antihypertensive Drugs,False,False
708511000001106,Methyldopa,Methyldopa 500mg tablets (Kent Pharmaceuticals Ltd) (product),Methyldopa,,500 mg,Centrally-Acting Antihypertensive Drugs,False,False
1372811000001101,Methyldopa,Methyldopa 500mg tablets (Kent Pharmaceuticals Ltd) 56 tablet 4 x 14 tablets (product),Methyldopa,56.0,500 mg,Centrally-Acting Antihypertensive Drugs,False,False
30829011000001108,Methyldopa,Methyldopa 500mg tablets (Mawdsley-Brooks & Company Ltd) (product),Methyldopa,,500 mg,Centrally-Acting Antihypertensive Drugs,False,False
30829211000001103,Methyldopa,Methyldopa 500mg tablets (Mawdsley-Brooks & Company Ltd) 56 tablet (product),Methyldopa,56.0,500 mg,Centrally-Acting Antihypertensive Drugs,False,False
17941111000001105,Methyldopa,Methyldopa 500mg tablets (Phoenix Healthcare Distribution Ltd) (product),Methyldopa,,500 mg,Centrally-Acting Antihypertensive Drugs,False,False
17941211000001104,Methyldopa,Methyldopa 500mg tablets (Phoenix Healthcare Distribution Ltd) 56 tablet (product),Methyldopa,56.0,500 mg,Centrally-Acting Antihypertensive Drugs,False,False
17570411000001104,Methyldopa,Methyldopa 500mg tablets (PI) (Sigma Pharmaceuticals Plc) (product),Methyldopa,,500 mg,Centrally-Acting Antihypertensive Drugs,False,False
813211000001100,Methyldopa,Methyldopa 500mg tablets (Sandoz Ltd) (product),Methyldopa,,500 mg,Centrally-Acting Antihypertensive Drugs,False,False
1373311000001100,Methyldopa,Methyldopa 500mg tablets (Sandoz Ltd) 56 tablet 4 x 14 tablets (product),Methyldopa,56.0,500 mg,Centrally-Acting Antihypertensive Drugs,False,False
29919511000001102,Methyldopa,Methyldopa 500mg tablets (Sigma Pharmaceuticals Plc) (product),Methyldopa,,500 mg,Centrally-Acting Antihypertensive Drugs,False,False
29919611000001103,Methyldopa,Methyldopa 500mg tablets (Sigma Pharmaceuticals Plc) 56 tablet (product),Methyldopa,56.0,500 mg,Centrally-Acting Antihypertensive Drugs,False,False
17570611000001101,Methyldopa,Methyldopa 500mg tablets (Sigma Pharmaceuticals Plc) 60 tablet (product),Methyldopa,60.0,500 mg,Centrally-Acting Antihypertensive Drugs,False,False
17204411000001109,Methyldopa,Methyldopa 500mg tablets (Sovereign Medical Ltd) (product),Methyldopa,,500 mg,Centrally-Acting Antihypertensive Drugs,False,False
17204511000001108,Methyldopa,Methyldopa 500mg tablets (Sovereign Medical Ltd) 56 tablet 4 x 14 tablets (product),Methyldopa,56.0,500 mg,Centrally-Acting Antihypertensive Drugs,False,False
802911000001100,Methyldopa,Methyldopa 500mg tablets (The Boots Company) (product),Methyldopa,,500 mg,Centrally-Acting Antihypertensive Drugs,False,False
1372011000001107,Methyldopa,Methyldopa 500mg tablets (The Boots Company) 56 tablet (product),Methyldopa,56.0,500 mg,Centrally-Acting Antihypertensive Drugs,False,False
26780911000001100,Methyldopa,Methyldopa 500mg tablets (Tillomed Laboratories Ltd) (product),Methyldopa,,500 mg,Centrally-Acting Antihypertensive Drugs,False,False
26781211000001103,Methyldopa,Methyldopa 500mg tablets (Tillomed Laboratories Ltd) 56 tablet (product),Methyldopa,56.0,500 mg,Centrally-Acting Antihypertensive Drugs,False,False
639111000001107,Methyldopa,Methyldopa 500mg tablets (Unichem Plc) (product),Methyldopa,,500 mg,Centrally-Acting Antihypertensive Drugs,False,False
1374011000001101,Methyldopa,Methyldopa 500mg tablets (Unichem Plc) 56 tablet 4 x 14 tablets (product),Methyldopa,56.0,500 mg,Centrally-Acting Antihypertensive Drugs,False,False
23599311000001101,Methyldopa,Methyldopa 500mg tablets (Waymade Healthcare Plc) (product),Methyldopa,,500 mg,Centrally-Acting Antihypertensive Drugs,False,False
23599411000001108,Methyldopa,Methyldopa 500mg tablets (Waymade Healthcare Plc) 56 tablet (product),Methyldopa,56.0,500 mg,Centrally-Acting Antihypertensive Drugs,False,False
1224011000001106,Methyldopa,Methyldopa 500mg tablets 30 tablet (product),Methyldopa,30.0,500 mg,Centrally-Acting Antihypertensive Drugs,False,False
3962711000001100,Methyldopa,Methyldopa 500mg tablets 500 tablet (product),Methyldopa,500.0,500 mg,Centrally-Acting Antihypertensive Drugs,False,False
979911000001106,Methyldopa,Methyldopa 500mg tablets 56 tablet (product),Methyldopa,56.0,500 mg,Centrally-Acting Antihypertensive Drugs,False,False
17570511000001100,Methyldopa,Methyldopa 500mg tablets 60 tablet (product),Methyldopa,60.0,500 mg,Centrally-Acting Antihypertensive Drugs,False,False
8667411000001107,Methyldopa,Methyldopa 500mg/5ml oral suspension (product),Methyldopa,,500 mg/5 ml,Centrally-Acting Antihypertensive Drugs,False,False
8630611000001100,Methyldopa,Methyldopa 500mg/5ml oral suspension (Special Order) (product),Methyldopa,,500 mg/5 ml,Centrally-Acting Antihypertensive Drugs,False,False
8630811000001101,Methyldopa,Methyldopa 500mg/5ml oral suspension (Special Order) 1 ml (product),Methyldopa,,500 mg/5 ml,Centrally-Acting Antihypertensive Drugs,False,False
8630511000001104,Methyldopa,Methyldopa 500mg/5ml oral suspension 1 ml (product),Methyldopa,,500 mg/5 ml,Centrally-Acting Antihypertensive Drugs,False,False
12912111000001109,Methyldopa,Methyldopa 50mg/5ml oral solution (product),Methyldopa,,50 mg/5 ml,Centrally-Acting Antihypertensive Drugs,False,False
12910211000001104,Methyldopa,Methyldopa 50mg/5ml oral solution (Special Order) (product),Methyldopa,,50 mg/5 ml,Centrally-Acting Antihypertensive Drugs,False,False
12910311000001107,Methyldopa,Methyldopa 50mg/5ml oral solution (Special Order) 1 ml (product),Methyldopa,,50 mg/5 ml,Centrally-Acting Antihypertensive Drugs,False,False
12910111000001105,Methyldopa,Methyldopa 50mg/5ml oral solution 1 ml (product),Methyldopa,,50 mg/5 ml,Centrally-Acting Antihypertensive Drugs,False,False
12912211000001103,Methyldopa,Methyldopa 50mg/5ml oral suspension (product),Methyldopa,,50 mg/5 ml,Centrally-Acting Antihypertensive Drugs,False,False
12909911000001104,Methyldopa,Methyldopa 50mg/5ml oral suspension (Special Order) (product),Methyldopa,,50 mg/5 ml,Centrally-Acting Antihypertensive Drugs,False,False
12910011000001109,Methyldopa,Methyldopa 50mg/5ml oral suspension (Special Order) 1 ml (product),Methyldopa,,50 mg/5 ml,Centrally-Acting Antihypertensive Drugs,False,False
12909811000001109,Methyldopa,Methyldopa 50mg/5ml oral suspension 1 ml (product),Methyldopa,,50 mg/5 ml,Centrally-Acting Antihypertensive Drugs,False,False
12912311000001106,Methyldopa,Methyldopa 60mg/5ml oral solution (product),Methyldopa,,60 mg/5 ml,Centrally-Acting Antihypertensive Drugs,False,False
12910811000001103,Methyldopa,Methyldopa 60mg/5ml oral solution (Special Order) (product),Methyldopa,,60 mg/5 ml,Centrally-Acting Antihypertensive Drugs,False,False
12910911000001108,Methyldopa,Methyldopa 60mg/5ml oral solution (Special Order) 1 ml (product),Methyldopa,,60 mg/5 ml,Centrally-Acting Antihypertensive Drugs,False,False
12910711000001106,Methyldopa,Methyldopa 60mg/5ml oral solution 1 ml (product),Methyldopa,,60 mg/5 ml,Centrally-Acting Antihypertensive Drugs,False,False
12912411000001104,Methyldopa,Methyldopa 60mg/5ml oral suspension (product),Methyldopa,,60 mg/5 ml,Centrally-Acting Antihypertensive Drugs,False,False
12910511000001101,Methyldopa,Methyldopa 60mg/5ml oral suspension (Special Order) (product),Methyldopa,,60 mg/5 ml,Centrally-Acting Antihypertensive Drugs,False,False
12910611000001102,Methyldopa,Methyldopa 60mg/5ml oral suspension (Special Order) 1 ml (product),Methyldopa,,60 mg/5 ml,Centrally-Acting Antihypertensive Drugs,False,False
12910411000001100,Methyldopa,Methyldopa 60mg/5ml oral suspension 1 ml (product),Methyldopa,,60 mg/5 ml,Centrally-Acting Antihypertensive Drugs,False,False
244701000001109,Methyldopa,Methyldopa+hydrochlorothiazide 250mg/15mg tablet,Methyldopa,,250 mg,Centrally-Acting Antihypertensive Drugs,False,True
69801000001104,Methyldopa,Methyldopate hydrochloride 250mg/5mL injection,Methyldopa,,250 mg/5 ml,Centrally-Acting Antihypertensive Drugs,False,False
792701000001104,Metirosine,Metirosine 250mg capsule - product,Metirosine,,250 mg,Alpha-Adrenoceptor Blocking Drugs,False,False
19932111000001105,Metirosine,Metirosine 250mg capsules 100 capsule (product),Metirosine,,250 mg,Alpha-Adrenoceptor Blocking Drugs,False,False
9492201000001106,Micardis,Micardis (product),Telmisartan,,,Angiotensin-II Receptor Antagonists,False,False
3609801000001103,Micardis,Micardis (qualifier value),Telmisartan,,,Angiotensin-II Receptor Antagonists,False,False
9745901000001108,Micardis,Micardis (qualifier value),Telmisartan,,,Angiotensin-II Receptor Antagonists,False,False
3844301000001108,Micardis,Micardis 20mg tablet,Telmisartan,,20 mg,Angiotensin-II Receptor Antagonists,False,False
648711000001100,Micardis,Micardis 20mg tablets (Boehringer Ingelheim Ltd) (product),Telmisartan,,20 mg,Angiotensin-II Receptor Antagonists,False,False
2153611000001102,Micardis,Micardis 20mg tablets (Boehringer Ingelheim Ltd) 28 tablet 4 x 7 tablets (product),Telmisartan,28.0,20 mg,Angiotensin-II Receptor Antagonists,False,False
13931111000001103,Micardis,Micardis 20mg tablets (Doncaster Pharmaceuticals Ltd) (product),Telmisartan,,20 mg,Angiotensin-II Receptor Antagonists,False,False
13931211000001109,Micardis,Micardis 20mg tablets (Doncaster Pharmaceuticals Ltd) 28 tablet (product),Telmisartan,28.0,20 mg,Angiotensin-II Receptor Antagonists,False,False
16206511000001101,Micardis,Micardis 20mg tablets (Lexon (UK) Ltd) (product),Telmisartan,,20 mg,Angiotensin-II Receptor Antagonists,False,False
16206611000001102,Micardis,Micardis 20mg tablets (Lexon (UK) Ltd) 28 tablet (product),Telmisartan,28.0,20 mg,Angiotensin-II Receptor Antagonists,False,False
16555011000001104,Micardis,Micardis 20mg tablets (Mawdsley-Brooks & Company Ltd) (product),Telmisartan,,20 mg,Angiotensin-II Receptor Antagonists,False,False
16555111000001103,Micardis,Micardis 20mg tablets (Mawdsley-Brooks & Company Ltd) 28 tablet (product),Telmisartan,28.0,20 mg,Angiotensin-II Receptor Antagonists,False,False
17582211000001106,Micardis,Micardis 20mg tablets (Necessity Supplies Ltd) (product),Telmisartan,,20 mg,Angiotensin-II Receptor Antagonists,False,False
17582411000001105,Micardis,Micardis 20mg tablets (Necessity Supplies Ltd) 28 tablet (product),Telmisartan,28.0,20 mg,Angiotensin-II Receptor Antagonists,False,False
10491611000001102,Micardis,Micardis 20mg tablets (PI) (Dowelhurst Ltd) (product),Telmisartan,,20 mg,Angiotensin-II Receptor Antagonists,False,False
10491711000001106,Micardis,Micardis 20mg tablets (PI) (Dowelhurst Ltd) 28 tablet (product),Telmisartan,28.0,20 mg,Angiotensin-II Receptor Antagonists,False,False
10540711000001102,Micardis,Micardis 20mg tablets (PI) (Waymade Ltd) (product),Telmisartan,,20 mg,Angiotensin-II Receptor Antagonists,False,False
10540811000001105,Micardis,Micardis 20mg tablets (PI) (Waymade Ltd) 28 tablet (product),Telmisartan,28.0,20 mg,Angiotensin-II Receptor Antagonists,False,False
14710311000001109,Micardis,Micardis 20mg tablets (Sigma Pharmaceuticals Plc) (product),Telmisartan,,20 mg,Angiotensin-II Receptor Antagonists,False,False
14710411000001102,Micardis,Micardis 20mg tablets (Sigma Pharmaceuticals Plc) 28 tablet (product),Telmisartan,28.0,20 mg,Angiotensin-II Receptor Antagonists,False,False
3609601000001102,Micardis,Micardis 40mg tablet,Telmisartan,,40 mg,Angiotensin-II Receptor Antagonists,False,False
924911000001106,Micardis,Micardis 40mg tablets (Boehringer Ingelheim Ltd) (product),Telmisartan,,40 mg,Angiotensin-II Receptor Antagonists,False,False
1494811000001105,Micardis,Micardis 40mg tablets (Boehringer Ingelheim Ltd) 28 tablet 4 x 7 tablets (product),Telmisartan,28.0,40 mg,Angiotensin-II Receptor Antagonists,False,False
13931311000001101,Micardis,Micardis 40mg tablets (Doncaster Pharmaceuticals Ltd) (product),Telmisartan,,40 mg,Angiotensin-II Receptor Antagonists,False,False
13931511000001107,Micardis,Micardis 40mg tablets (Doncaster Pharmaceuticals Ltd) 28 tablet (product),Telmisartan,28.0,40 mg,Angiotensin-II Receptor Antagonists,False,False
16555211000001109,Micardis,Micardis 40mg tablets (Mawdsley-Brooks & Company Ltd) (product),Telmisartan,,40 mg,Angiotensin-II Receptor Antagonists,False,False
16555311000001101,Micardis,Micardis 40mg tablets (Mawdsley-Brooks & Company Ltd) 28 tablet (product),Telmisartan,28.0,40 mg,Angiotensin-II Receptor Antagonists,False,False
17582911000001102,Micardis,Micardis 40mg tablets (Necessity Supplies Ltd) (product),Telmisartan,,40 mg,Angiotensin-II Receptor Antagonists,False,False
17583011000001105,Micardis,Micardis 40mg tablets (Necessity Supplies Ltd) 28 tablet (product),Telmisartan,28.0,40 mg,Angiotensin-II Receptor Antagonists,False,False
10492011000001101,Micardis,Micardis 40mg tablets (PI) (Dowelhurst Ltd) (product),Telmisartan,,40 mg,Angiotensin-II Receptor Antagonists,False,False
10492211000001106,Micardis,Micardis 40mg tablets (PI) (Dowelhurst Ltd) 28 tablet (product),Telmisartan,28.0,40 mg,Angiotensin-II Receptor Antagonists,False,False
5387411000001107,Micardis,Micardis 40mg tablets (PI) (Waymade Ltd) (product),Telmisartan,,40 mg,Angiotensin-II Receptor Antagonists,False,False
5387511000001106,Micardis,Micardis 40mg tablets (PI) (Waymade Ltd) 28 tablet 4 x 7 tablets (product),Telmisartan,28.0,40 mg,Angiotensin-II Receptor Antagonists,False,False
14710511000001103,Micardis,Micardis 40mg tablets (Sigma Pharmaceuticals Plc) (product),Telmisartan,,40 mg,Angiotensin-II Receptor Antagonists,False,False
14710611000001104,Micardis,Micardis 40mg tablets (Sigma Pharmaceuticals Plc) 28 tablet (product),Telmisartan,28.0,40 mg,Angiotensin-II Receptor Antagonists,False,False
3609701000001107,Micardis,Micardis 80mg tablet,Telmisartan,,80 mg,Angiotensin-II Receptor Antagonists,False,False
527411000001102,Micardis,Micardis 80mg tablets (Boehringer Ingelheim Ltd) (product),Telmisartan,,80 mg,Angiotensin-II Receptor Antagonists,False,False
1495211000001105,Micardis,Micardis 80mg tablets (Boehringer Ingelheim Ltd) 28 tablet 4 x 7 tablets (product),Telmisartan,28.0,80 mg,Angiotensin-II Receptor Antagonists,False,False
13931711000001102,Micardis,Micardis 80mg tablets (Doncaster Pharmaceuticals Ltd) (product),Telmisartan,,80 mg,Angiotensin-II Receptor Antagonists,False,False
13931811000001105,Micardis,Micardis 80mg tablets (Doncaster Pharmaceuticals Ltd) 28 tablet (product),Telmisartan,28.0,80 mg,Angiotensin-II Receptor Antagonists,False,False
16555411000001108,Micardis,Micardis 80mg tablets (Mawdsley-Brooks & Company Ltd) (product),Telmisartan,,80 mg,Angiotensin-II Receptor Antagonists,False,False
16555511000001107,Micardis,Micardis 80mg tablets (Mawdsley-Brooks & Company Ltd) 28 tablet (product),Telmisartan,28.0,80 mg,Angiotensin-II Receptor Antagonists,False,False
17583311000001108,Micardis,Micardis 80mg tablets (Necessity Supplies Ltd) (product),Telmisartan,,80 mg,Angiotensin-II Receptor Antagonists,False,False
17583511000001102,Micardis,Micardis 80mg tablets (Necessity Supplies Ltd) 28 tablet (product),Telmisartan,28.0,80 mg,Angiotensin-II Receptor Antagonists,False,False
10492411000001105,Micardis,Micardis 80mg tablets (PI) (Dowelhurst Ltd) (product),Telmisartan,,80 mg,Angiotensin-II Receptor Antagonists,False,False
10492711000001104,Micardis,Micardis 80mg tablets (PI) (Dowelhurst Ltd) 28 tablet (product),Telmisartan,28.0,80 mg,Angiotensin-II Receptor Antagonists,False,False
5387811000001109,Micardis,Micardis 80mg tablets (PI) (Waymade Ltd) (product),Telmisartan,,80 mg,Angiotensin-II Receptor Antagonists,False,False
5388111000001101,Micardis,Micardis 80mg tablets (PI) (Waymade Ltd) 28 tablet 4 x 7 tablets (product),Telmisartan,28.0,80 mg,Angiotensin-II Receptor Antagonists,False,False
14710811000001100,Micardis,Micardis 80mg tablets (Sigma Pharmaceuticals Plc) (product),Telmisartan,,80 mg,Angiotensin-II Receptor Antagonists,False,False
14710911000001105,Micardis,Micardis 80mg tablets (Sigma Pharmaceuticals Plc) 28 tablet (product),Telmisartan,28.0,80 mg,Angiotensin-II Receptor Antagonists,False,False
9462201000001109,Micardis,MicardisPlus (product),Telmisartan,,,Angiotensin-II Receptor Antagonists,False,False
4264801000001103,Micardis,MicardisPlus (qualifier value),Telmisartan,,,Angiotensin-II Receptor Antagonists,False,False
3806311000001109,Micardis,MicardisPlus 40/12.5mg tablets (Boehringer Ingelheim Ltd) (product),Telmisartan,,12.5 mg,Angiotensin-II Receptor Antagonists,False,False
3806411000001102,Micardis,MicardisPlus 40/12.5mg tablets (Boehringer Ingelheim Ltd) 28 tablet 4 x 7 tablets (product),Telmisartan,28.0,12.5 mg,Angiotensin-II Receptor Antagonists,False,False
4218201000001107,Micardis,MicardisPlus 40mg/12.5mg tablet,Telmisartan,,40 mg,Angiotensin-II Receptor Antagonists,False,False
16554611000001105,Micardis,MicardisPlus 40mg/12.5mg tablets (Mawdsley-Brooks & Company Ltd) (product),Telmisartan,,40 mg,Angiotensin-II Receptor Antagonists,False,False
16554711000001101,Micardis,MicardisPlus 40mg/12.5mg tablets (Mawdsley-Brooks & Company Ltd) 28 tablet (product),Telmisartan,28.0,40 mg,Angiotensin-II Receptor Antagonists,False,False
29749811000001100,Micardis,MicardisPlus 40mg/12.5mg tablets (Waymade Healthcare Plc) (product),Telmisartan,,40 mg,Angiotensin-II Receptor Antagonists,False,False
29749911000001105,Micardis,MicardisPlus 40mg/12.5mg tablets (Waymade Healthcare Plc) 28 tablet (product),Telmisartan,28.0,40 mg,Angiotensin-II Receptor Antagonists,False,False
3806911000001105,Micardis,MicardisPlus 80/12.5mg tablets (Boehringer Ingelheim Ltd) (product),Telmisartan,,12.5 mg,Angiotensin-II Receptor Antagonists,False,False
3807111000001105,Micardis,MicardisPlus 80/12.5mg tablets (Boehringer Ingelheim Ltd) 28 tablet 4 x 7 tablets (product),Telmisartan,28.0,12.5 mg,Angiotensin-II Receptor Antagonists,False,False
13932011000001107,Micardis,MicardisPlus 80/12.5mg tablets (Doncaster Pharmaceuticals Ltd) (product),Telmisartan,,12.5 mg,Angiotensin-II Receptor Antagonists,False,False
13932211000001102,Micardis,MicardisPlus 80/12.5mg tablets (Doncaster Pharmaceuticals Ltd) 28 tablet (product),Telmisartan,28.0,12.5 mg,Angiotensin-II Receptor Antagonists,False,False
10540911000001100,Micardis,MicardisPlus 80/12.5mg tablets (PI) (Waymade Ltd) (product),Telmisartan,,12.5 mg,Angiotensin-II Receptor Antagonists,False,False
10541011000001108,Micardis,MicardisPlus 80/12.5mg tablets (PI) (Waymade Ltd) 28 tablet (product),Telmisartan,28.0,12.5 mg,Angiotensin-II Receptor Antagonists,False,False
14710111000001107,Micardis,MicardisPlus 80/12.5mg tablets (Sigma Pharmaceuticals Plc) (product),Telmisartan,,12.5 mg,Angiotensin-II Receptor Antagonists,False,False
14710211000001101,Micardis,MicardisPlus 80/12.5mg tablets (Sigma Pharmaceuticals Plc) 28 tablet (product),Telmisartan,28.0,12.5 mg,Angiotensin-II Receptor Antagonists,False,False
9739201000001104,Micardis,MicardisPlus 80/25 (product),Telmisartan,,,Angiotensin-II Receptor Antagonists,False,False
13719711000001103,Micardis,MicardisPlus 80/25mg tablets (Boehringer Ingelheim Ltd) (product),Telmisartan,,25 mg,Angiotensin-II Receptor Antagonists,False,False
13725711000001107,Micardis,MicardisPlus 80/25mg tablets (Boehringer Ingelheim Ltd) 28 tablet 4 x 7 tablets (product),Telmisartan,28.0,25 mg,Angiotensin-II Receptor Antagonists,False,False
4218301000001103,Micardis,MicardisPlus 80mg/12.5mg tablet,Telmisartan,,80 mg,Angiotensin-II Receptor Antagonists,False,False
16206711000001106,Micardis,MicardisPlus 80mg/12.5mg tablets (Lexon (UK) Ltd) (product),Telmisartan,,80 mg,Angiotensin-II Receptor Antagonists,False,False
16206811000001103,Micardis,MicardisPlus 80mg/12.5mg tablets (Lexon (UK) Ltd) 28 tablet (product),Telmisartan,28.0,80 mg,Angiotensin-II Receptor Antagonists,False,False
16554811000001109,Micardis,MicardisPlus 80mg/12.5mg tablets (Mawdsley-Brooks & Company Ltd) (product),Telmisartan,,80 mg,Angiotensin-II Receptor Antagonists,False,False
16554911000001104,Micardis,MicardisPlus 80mg/12.5mg tablets (Mawdsley-Brooks & Company Ltd) 28 tablet (product),Telmisartan,28.0,80 mg,Angiotensin-II Receptor Antagonists,False,False
17583711000001107,Micardis,MicardisPlus 80mg/12.5mg tablets (Necessity Supplies Ltd) (product),Telmisartan,,80 mg,Angiotensin-II Receptor Antagonists,False,False
17583911000001109,Micardis,MicardisPlus 80mg/12.5mg tablets (Necessity Supplies Ltd) 28 tablet (product),Telmisartan,28.0,80 mg,Angiotensin-II Receptor Antagonists,False,False
18893411000001107,Micardis,MicardisPlus 80mg/25mg tablets (Mawdsley-Brooks & Company Ltd) (product),Telmisartan,,80 mg,Angiotensin-II Receptor Antagonists,False,False
18893611000001105,Micardis,MicardisPlus 80mg/25mg tablets (Mawdsley-Brooks & Company Ltd) 28 tablet (product),Telmisartan,28.0,80 mg,Angiotensin-II Receptor Antagonists,False,False
9908501000001106,Micardis,MICARDISPLUS 80mg/25mg tablets (product),Telmisartan,,80 mg,Angiotensin-II Receptor Antagonists,False,False
27881811000001101,Minipress,Minipress 2mg tablets (Imported (Australia)) (product),Prazosin Hydrochloride,,2 mg,Alpha-Adrenoceptor Blocking Drugs,False,False
27881911000001106,Minipress,Minipress 2mg tablets (Imported (Australia)) 100 tablet (product),Prazosin Hydrochloride,100.0,2 mg,Alpha-Adrenoceptor Blocking Drugs,False,False
20280811000001105,Minipress,Minipress 5mg tablets (Imported (Australia)) (product),Prazosin Hydrochloride,,5 mg,Alpha-Adrenoceptor Blocking Drugs,False,False
20280911000001100,Minipress,Minipress 5mg tablets (Imported (Australia)) 100 tablet (product),Prazosin Hydrochloride,100.0,5 mg,Alpha-Adrenoceptor Blocking Drugs,False,False
3677011000001107,Minoxidil,Minoxidil (substance),Minoxidil,,,Vasodilator Antihypertensive Drugs,False,False
527201000001103,Minoxidil,Minoxidil 10mg tablet - product,Minoxidil,,10 mg,Vasodilator Antihypertensive Drugs,False,False
19695711000001106,Minoxidil,Minoxidil 10mg tablets 30 tablet (product),Minoxidil,30.0,10 mg,Vasodilator Antihypertensive Drugs,False,False
14329411000001100,Minoxidil,Minoxidil 10mg tablets 40 tablet (product),Minoxidil,40.0,10 mg,Vasodilator Antihypertensive Drugs,False,False
3666611000001109,Minoxidil,Minoxidil 10mg tablets 60 tablet (product),Minoxidil,60.0,10 mg,Vasodilator Antihypertensive Drugs,False,False
11472511000001105,Minoxidil,Minoxidil 2% gel (product),Minoxidil,,,Vasodilator Antihypertensive Drugs,False,False
11465311000001103,Minoxidil,Minoxidil 2% gel 60 ml (product),Minoxidil,,,Vasodilator Antihypertensive Drugs,False,False
13232201000001100,Minoxidil,Minoxidil 2% solution (product),Minoxidil,,,Vasodilator Antihypertensive Drugs,False,False
36036211000001103,Minoxidil,Minoxidil 2% solution (product),Minoxidil,,,Vasodilator Antihypertensive Drugs,False,False
4662611000001106,Minoxidil,Minoxidil 2% solution 60 ml (product),Minoxidil,,,Vasodilator Antihypertensive Drugs,False,False
386901000001100,Minoxidil,Minoxidil 2.5mg tablet - product,Minoxidil,,2.5 mg,Vasodilator Antihypertensive Drugs,False,False
3666911000001103,Minoxidil,Minoxidil 2.5mg tablets 60 tablet (product),Minoxidil,60.0,2.5 mg,Vasodilator Antihypertensive Drugs,False,False
139101000001106,Minoxidil,Minoxidil 20mg/mL topical liquid - product,Minoxidil,,20 mg/mL,Vasodilator Antihypertensive Drugs,False,False
11042301000001109,Minoxidil,MINOXIDIL 5% cutaneous foam,Minoxidil,,,Vasodilator Antihypertensive Drugs,False,False
35855411000001107,Minoxidil,Minoxidil 5% foam 120 gram (product),Minoxidil,,,Vasodilator Antihypertensive Drugs,False,False
18550511000001108,Minoxidil,Minoxidil 5% foam 180 gram (product),Minoxidil,,,Vasodilator Antihypertensive Drugs,False,False
18550411000001109,Minoxidil,Minoxidil 5% foam 60 gram (product),Minoxidil,,,Vasodilator Antihypertensive Drugs,False,False
13232301000001109,Minoxidil,Minoxidil 5% solution (product),Minoxidil,,,Vasodilator Antihypertensive Drugs,False,False
36036311000001106,Minoxidil,Minoxidil 5% solution (product),Minoxidil,,,Vasodilator Antihypertensive Drugs,False,False
4664811000001104,Minoxidil,Minoxidil 5% solution 180 ml (product),Minoxidil,,,Vasodilator Antihypertensive Drugs,False,False
4662911000001100,Minoxidil,Minoxidil 5% solution 60 ml (product),Minoxidil,,,Vasodilator Antihypertensive Drugs,False,False
2804201000001103,Minoxidil,Minoxidil 50mg/mL topical liquid - product,Minoxidil,,50 mg/mL,Vasodilator Antihypertensive Drugs,False,False
457101000001104,Minoxidil,Minoxidil 5mg tablet - product,Minoxidil,,5 mg,Vasodilator Antihypertensive Drugs,False,False
5554611000001108,Minoxidil,Minoxidil 5mg tablets 30 tablet (product),Minoxidil,30.0,5 mg,Vasodilator Antihypertensive Drugs,False,False
14330011000001103,Minoxidil,Minoxidil 5mg tablets 40 tablet (product),Minoxidil,40.0,5 mg,Vasodilator Antihypertensive Drugs,False,False
3666311000001104,Minoxidil,Minoxidil 5mg tablets 60 tablet (product),Minoxidil,60.0,5 mg,Vasodilator Antihypertensive Drugs,False,False
10823011000001107,Minoxidil,Minoxidil powder (Fagron GmbH & Co. KG) (product),Minoxidil,,,Vasodilator Antihypertensive Drugs,False,False
10823111000001108,Minoxidil,Minoxidil powder (Fagron GmbH & Co. KG) 10 gram (product),Minoxidil,,,Vasodilator Antihypertensive Drugs,False,False
10822811000001109,Minoxidil,Minoxidil powder (product),Minoxidil,,,Vasodilator Antihypertensive Drugs,False,False
10822911000001104,Minoxidil,Minoxidil powder 10 gram (product),Minoxidil,,,Vasodilator Antihypertensive Drugs,False,False
3570611000001107,Moxonidine,Moxonidine (substance),Moxonidine,,,Centrally-Acting Antihypertensive Drugs,False,False
8936111000001107,Moxonidine,Moxonidine 200microgram tablets (A A H Pharmaceuticals Ltd) (product),Moxonidine,,,Centrally-Acting Antihypertensive Drugs,False,False
8938311000001108,Moxonidine,Moxonidine 200microgram tablets (A A H Pharmaceuticals Ltd) 28 tablet (product),Moxonidine,28.0,,Centrally-Acting Antihypertensive Drugs,False,False
8264711000001105,Moxonidine,Moxonidine 200microgram tablets (Alpharma Limited) (product),Moxonidine,,,Centrally-Acting Antihypertensive Drugs,False,False
8264811000001102,Moxonidine,Moxonidine 200microgram tablets (Alpharma Limited) 28 tablet 2 x 14 tablets (product),Moxonidine,28.0,,Centrally-Acting Antihypertensive Drugs,False,False
8390411000001102,Moxonidine,Moxonidine 200microgram tablets (Approved Prescription Services) (product),Moxonidine,,,Centrally-Acting Antihypertensive Drugs,False,False
8390811000001100,Moxonidine,Moxonidine 200microgram tablets (Approved Prescription Services) 28 tablet 2 x 14 tablets (product),Moxonidine,28.0,,Centrally-Acting Antihypertensive Drugs,False,False
24404511000001102,Moxonidine,Moxonidine 200microgram tablets (DE Pharmaceuticals) (product),Moxonidine,,,Centrally-Acting Antihypertensive Drugs,False,False
24404611000001103,Moxonidine,Moxonidine 200microgram tablets (DE Pharmaceuticals) 28 tablet (product),Moxonidine,28.0,,Centrally-Acting Antihypertensive Drugs,False,False
10301611000001108,Moxonidine,Moxonidine 200microgram tablets (Focus Pharmaceuticals Ltd) (product),Moxonidine,,,Centrally-Acting Antihypertensive Drugs,False,False
10301711000001104,Moxonidine,Moxonidine 200microgram tablets (Focus Pharmaceuticals Ltd) 28 tablet (product),Moxonidine,28.0,,Centrally-Acting Antihypertensive Drugs,False,False
8171411000001109,Moxonidine,Moxonidine 200microgram tablets (Generics (UK) Ltd) (product),Moxonidine,,,Centrally-Acting Antihypertensive Drugs,False,False
8171611000001107,Moxonidine,Moxonidine 200microgram tablets (Generics (UK) Ltd) 28 tablet 2 x 14 tablets (product),Moxonidine,28.0,,Centrally-Acting Antihypertensive Drugs,False,False
8714411000001105,Moxonidine,Moxonidine 200microgram tablets (Genus Pharmaceuticals) (product),Moxonidine,,,Centrally-Acting Antihypertensive Drugs,False,False
8714711000001104,Moxonidine,Moxonidine 200microgram tablets (Genus Pharmaceuticals) 28 tablet 2 x 14 tablets (product),Moxonidine,28.0,,Centrally-Acting Antihypertensive Drugs,False,False
9298811000001105,Moxonidine,Moxonidine 200microgram tablets (IVAX Pharmaceuticals UK Ltd) (product),Moxonidine,,,Centrally-Acting Antihypertensive Drugs,False,False
9298911000001100,Moxonidine,Moxonidine 200microgram tablets (IVAX Pharmaceuticals UK Ltd) 28 tablet (product),Moxonidine,28.0,,Centrally-Acting Antihypertensive Drugs,False,False
9034911000001108,Moxonidine,Moxonidine 200microgram tablets (Kent Pharmaceuticals Ltd) (product),Moxonidine,,,Centrally-Acting Antihypertensive Drugs,False,False
9035011000001108,Moxonidine,Moxonidine 200microgram tablets (Kent Pharmaceuticals Ltd) 28 tablet 2 x 14 tablets (product),Moxonidine,28.0,,Centrally-Acting Antihypertensive Drugs,False,False
30834511000001101,Moxonidine,Moxonidine 200microgram tablets (Mawdsley-Brooks & Company Ltd) (product),Moxonidine,,,Centrally-Acting Antihypertensive Drugs,False,False
30834711000001106,Moxonidine,Moxonidine 200microgram tablets (Mawdsley-Brooks & Company Ltd) 28 tablet (product),Moxonidine,28.0,,Centrally-Acting Antihypertensive Drugs,False,False
17944211000001102,Moxonidine,Moxonidine 200microgram tablets (Phoenix Healthcare Distribution Ltd) (product),Moxonidine,,,Centrally-Acting Antihypertensive Drugs,False,False
17944611000001100,Moxonidine,Moxonidine 200microgram tablets (Phoenix Healthcare Distribution Ltd) 28 tablet (product),Moxonidine,28.0,,Centrally-Acting Antihypertensive Drugs,False,False
5499411000001106,Moxonidine,Moxonidine 200microgram tablets (PI) (Dowelhurst Ltd) (product),Moxonidine,,,Centrally-Acting Antihypertensive Drugs,False,False
5499511000001105,Moxonidine,Moxonidine 200microgram tablets (PI) (Dowelhurst Ltd) 30 tablet 3 x 10 tablets (product),Moxonidine,30.0,,Centrally-Acting Antihypertensive Drugs,False,False
5499611000001109,Moxonidine,Moxonidine 200microgram tablets (PI) (Dowelhurst Ltd) 60 tablet 6 x 10 tablets (product),Moxonidine,60.0,,Centrally-Acting Antihypertensive Drugs,False,False
9411711000001107,Moxonidine,Moxonidine 200microgram tablets (Pliva Pharma Ltd) (product),Moxonidine,,,Centrally-Acting Antihypertensive Drugs,False,False
9411911000001109,Moxonidine,Moxonidine 200microgram tablets (Pliva Pharma Ltd) 28 tablet 4 x 7 tablets (product),Moxonidine,28.0,,Centrally-Acting Antihypertensive Drugs,False,False
8098911000001106,Moxonidine,Moxonidine 200microgram tablets (Sandoz Ltd) (product),Moxonidine,,,Centrally-Acting Antihypertensive Drugs,False,False
8099011000001102,Moxonidine,Moxonidine 200microgram tablets (Sandoz Ltd) 28 tablet 2 x 14 tablets (product),Moxonidine,28.0,,Centrally-Acting Antihypertensive Drugs,False,False
15235711000001107,Moxonidine,Moxonidine 200microgram tablets (Sigma Pharmaceuticals Plc) (product),Moxonidine,,,Centrally-Acting Antihypertensive Drugs,False,False
15235811000001104,Moxonidine,Moxonidine 200microgram tablets (Sigma Pharmaceuticals Plc) 28 tablet (product),Moxonidine,28.0,,Centrally-Acting Antihypertensive Drugs,False,False
13759711000001105,Moxonidine,Moxonidine 200microgram tablets (Tillomed Laboratories Ltd) (product),Moxonidine,,,Centrally-Acting Antihypertensive Drugs,False,False
13759811000001102,Moxonidine,Moxonidine 200microgram tablets (Tillomed Laboratories Ltd) 28 tablet (product),Moxonidine,28.0,,Centrally-Acting Antihypertensive Drugs,False,False
8096111000001109,Moxonidine,Moxonidine 200microgram tablets (Unichem Plc) (product),Moxonidine,,,Centrally-Acting Antihypertensive Drugs,False,False
8096211000001103,Moxonidine,Moxonidine 200microgram tablets (Unichem Plc) 28 tablet (product),Moxonidine,28.0,,Centrally-Acting Antihypertensive Drugs,False,False
21808011000001104,Moxonidine,Moxonidine 200microgram tablets (Waymade Healthcare Plc) (product),Moxonidine,,,Centrally-Acting Antihypertensive Drugs,False,False
21808111000001103,Moxonidine,Moxonidine 200microgram tablets (Waymade Healthcare Plc) 28 tablet (product),Moxonidine,28.0,,Centrally-Acting Antihypertensive Drugs,False,False
9040711000001101,Moxonidine,Moxonidine 200microgram tablets (Winthrop Pharmaceuticals UK Ltd) (product),Moxonidine,,,Centrally-Acting Antihypertensive Drugs,False,False
9040811000001109,Moxonidine,Moxonidine 200microgram tablets (Winthrop Pharmaceuticals UK Ltd) 28 tablet 4 x 7 tablets (product),Moxonidine,28.0,,Centrally-Acting Antihypertensive Drugs,False,False
1159711000001108,Moxonidine,Moxonidine 200microgram tablets 28 tablet (product),Moxonidine,28.0,,Centrally-Acting Antihypertensive Drugs,False,False
5499111000001101,Moxonidine,Moxonidine 200microgram tablets 30 tablet (product),Moxonidine,30.0,,Centrally-Acting Antihypertensive Drugs,False,False
5499311000001104,Moxonidine,Moxonidine 200microgram tablets 60 tablet (product),Moxonidine,60.0,,Centrally-Acting Antihypertensive Drugs,False,False
2848401000001102,Moxonidine,Moxonidine 200micrograms tablet - product,Moxonidine,,,Centrally-Acting Antihypertensive Drugs,False,False
8938511000001102,Moxonidine,Moxonidine 300microgram tablets (A A H Pharmaceuticals Ltd) (product),Moxonidine,,,Centrally-Acting Antihypertensive Drugs,False,False
8938611000001103,Moxonidine,Moxonidine 300microgram tablets (A A H Pharmaceuticals Ltd) 28 tablet (product),Moxonidine,28.0,,Centrally-Acting Antihypertensive Drugs,False,False
8265011000001107,Moxonidine,Moxonidine 300microgram tablets (Alpharma Limited) (product),Moxonidine,,,Centrally-Acting Antihypertensive Drugs,False,False
8265211000001102,Moxonidine,Moxonidine 300microgram tablets (Alpharma Limited) 28 tablet 2 x 14 tablets (product),Moxonidine,28.0,,Centrally-Acting Antihypertensive Drugs,False,False
8392411000001101,Moxonidine,Moxonidine 300microgram tablets (Approved Prescription Services) (product),Moxonidine,,,Centrally-Acting Antihypertensive Drugs,False,False
8392711000001107,Moxonidine,Moxonidine 300microgram tablets (Approved Prescription Services) 28 tablet 2 x 14 tablets (product),Moxonidine,28.0,,Centrally-Acting Antihypertensive Drugs,False,False
24404711000001107,Moxonidine,Moxonidine 300microgram tablets (DE Pharmaceuticals) (product),Moxonidine,,,Centrally-Acting Antihypertensive Drugs,False,False
24404911000001109,Moxonidine,Moxonidine 300microgram tablets (DE Pharmaceuticals) 28 tablet (product),Moxonidine,28.0,,Centrally-Acting Antihypertensive Drugs,False,False
10301411000001105,Moxonidine,Moxonidine 300microgram tablets (Focus Pharmaceuticals Ltd) (product),Moxonidine,,,Centrally-Acting Antihypertensive Drugs,False,False
10301511000001109,Moxonidine,Moxonidine 300microgram tablets (Focus Pharmaceuticals Ltd) 28 tablet (product),Moxonidine,28.0,,Centrally-Acting Antihypertensive Drugs,False,False
8171811000001106,Moxonidine,Moxonidine 300microgram tablets (Generics (UK) Ltd) (product),Moxonidine,,,Centrally-Acting Antihypertensive Drugs,False,False
8171911000001101,Moxonidine,Moxonidine 300microgram tablets (Generics (UK) Ltd) 28 tablet 2 x 14 tablets (product),Moxonidine,28.0,,Centrally-Acting Antihypertensive Drugs,False,False
8714911000001102,Moxonidine,Moxonidine 300microgram tablets (Genus Pharmaceuticals) (product),Moxonidine,,,Centrally-Acting Antihypertensive Drugs,False,False
8715111000001101,Moxonidine,Moxonidine 300microgram tablets (Genus Pharmaceuticals) 28 tablet 2 x 14 tablets (product),Moxonidine,28.0,,Centrally-Acting Antihypertensive Drugs,False,False
9299011000001109,Moxonidine,Moxonidine 300microgram tablets (IVAX Pharmaceuticals UK Ltd) (product),Moxonidine,,,Centrally-Acting Antihypertensive Drugs,False,False
9299111000001105,Moxonidine,Moxonidine 300microgram tablets (IVAX Pharmaceuticals UK Ltd) 28 tablet (product),Moxonidine,28.0,,Centrally-Acting Antihypertensive Drugs,False,False
9035111000001109,Moxonidine,Moxonidine 300microgram tablets (Kent Pharmaceuticals Ltd) (product),Moxonidine,,,Centrally-Acting Antihypertensive Drugs,False,False
9035211000001103,Moxonidine,Moxonidine 300microgram tablets (Kent Pharmaceuticals Ltd) 28 tablet 2 x 14 tablets (product),Moxonidine,28.0,,Centrally-Acting Antihypertensive Drugs,False,False
30834811000001103,Moxonidine,Moxonidine 300microgram tablets (Mawdsley-Brooks & Company Ltd) (product),Moxonidine,,,Centrally-Acting Antihypertensive Drugs,False,False
30834911000001108,Moxonidine,Moxonidine 300microgram tablets (Mawdsley-Brooks & Company Ltd) 28 tablet (product),Moxonidine,28.0,,Centrally-Acting Antihypertensive Drugs,False,False
17944411000001103,Moxonidine,Moxonidine 300microgram tablets (Phoenix Healthcare Distribution Ltd) (product),Moxonidine,,,Centrally-Acting Antihypertensive Drugs,False,False
17944711000001109,Moxonidine,Moxonidine 300microgram tablets (Phoenix Healthcare Distribution Ltd) 28 tablet (product),Moxonidine,28.0,,Centrally-Acting Antihypertensive Drugs,False,False
9412011000001102,Moxonidine,Moxonidine 300microgram tablets (Pliva Pharma Ltd) (product),Moxonidine,,,Centrally-Acting Antihypertensive Drugs,False,False
9412211000001107,Moxonidine,Moxonidine 300microgram tablets (Pliva Pharma Ltd) 28 tablet 4 x 7 tablets (product),Moxonidine,28.0,,Centrally-Acting Antihypertensive Drugs,False,False
3521411000001101,Moxonidine,Moxonidine 300microgram tablets (product),Moxonidine,,,Centrally-Acting Antihypertensive Drugs,False,False
8099111000001101,Moxonidine,Moxonidine 300microgram tablets (Sandoz Ltd) (product),Moxonidine,,,Centrally-Acting Antihypertensive Drugs,False,False
8099211000001107,Moxonidine,Moxonidine 300microgram tablets (Sandoz Ltd) 28 tablet 2 x 14 tablets (product),Moxonidine,28.0,,Centrally-Acting Antihypertensive Drugs,False,False
15235511000001102,Moxonidine,Moxonidine 300microgram tablets (Sigma Pharmaceuticals Plc) (product),Moxonidine,,,Centrally-Acting Antihypertensive Drugs,False,False
15235611000001103,Moxonidine,Moxonidine 300microgram tablets (Sigma Pharmaceuticals Plc) 28 tablet (product),Moxonidine,28.0,,Centrally-Acting Antihypertensive Drugs,False,False
13759911000001107,Moxonidine,Moxonidine 300microgram tablets (Tillomed Laboratories Ltd) (product),Moxonidine,,,Centrally-Acting Antihypertensive Drugs,False,False
13760011000001109,Moxonidine,Moxonidine 300microgram tablets (Tillomed Laboratories Ltd) 28 tablet (product),Moxonidine,28.0,,Centrally-Acting Antihypertensive Drugs,False,False
9034111000001105,Moxonidine,Moxonidine 300microgram tablets (Unichem Plc) (product),Moxonidine,,,Centrally-Acting Antihypertensive Drugs,False,False
9034411000001100,Moxonidine,Moxonidine 300microgram tablets (Unichem Plc) 28 tablet 2 x 14 tablets (product),Moxonidine,28.0,,Centrally-Acting Antihypertensive Drugs,False,False
21808211000001109,Moxonidine,Moxonidine 300microgram tablets (Waymade Healthcare Plc) (product),Moxonidine,,,Centrally-Acting Antihypertensive Drugs,False,False
21808311000001101,Moxonidine,Moxonidine 300microgram tablets (Waymade Healthcare Plc) 28 tablet (product),Moxonidine,28.0,,Centrally-Acting Antihypertensive Drugs,False,False
9040911000001104,Moxonidine,Moxonidine 300microgram tablets (Winthrop Pharmaceuticals UK Ltd) (product),Moxonidine,,,Centrally-Acting Antihypertensive Drugs,False,False
9041011000001107,Moxonidine,Moxonidine 300microgram tablets (Winthrop Pharmaceuticals UK Ltd) 28 tablet 4 x 7 tablets (product),Moxonidine,28.0,,Centrally-Acting Antihypertensive Drugs,False,False
952311000001104,Moxonidine,Moxonidine 300microgram tablets 28 tablet (product),Moxonidine,28.0,,Centrally-Acting Antihypertensive Drugs,False,False
8938711000001107,Moxonidine,Moxonidine 400microgram tablets (A A H Pharmaceuticals Ltd) (product),Moxonidine,,,Centrally-Acting Antihypertensive Drugs,False,False
8938811000001104,Moxonidine,Moxonidine 400microgram tablets (A A H Pharmaceuticals Ltd) 28 tablet (product),Moxonidine,28.0,,Centrally-Acting Antihypertensive Drugs,False,False
8265311000001105,Moxonidine,Moxonidine 400microgram tablets (Alpharma Limited) (product),Moxonidine,,,Centrally-Acting Antihypertensive Drugs,False,False
8265511000001104,Moxonidine,Moxonidine 400microgram tablets (Alpharma Limited) 28 tablet 2 x 14 tablets (product),Moxonidine,28.0,,Centrally-Acting Antihypertensive Drugs,False,False
8392911000001109,Moxonidine,Moxonidine 400microgram tablets (Approved Prescription Services) (product),Moxonidine,,,Centrally-Acting Antihypertensive Drugs,False,False
8393511000001109,Moxonidine,Moxonidine 400microgram tablets (Approved Prescription Services) 28 tablet 2 x 14 tablets (product),Moxonidine,28.0,,Centrally-Acting Antihypertensive Drugs,False,False
24405111000001105,Moxonidine,Moxonidine 400microgram tablets (DE Pharmaceuticals) (product),Moxonidine,,,Centrally-Acting Antihypertensive Drugs,False,False
24405211000001104,Moxonidine,Moxonidine 400microgram tablets (DE Pharmaceuticals) 28 tablet (product),Moxonidine,28.0,,Centrally-Acting Antihypertensive Drugs,False,False
10301211000001106,Moxonidine,Moxonidine 400microgram tablets (Focus Pharmaceuticals Ltd) (product),Moxonidine,,,Centrally-Acting Antihypertensive Drugs,False,False
10301311000001103,Moxonidine,Moxonidine 400microgram tablets (Focus Pharmaceuticals Ltd) 28 tablet (product),Moxonidine,28.0,,Centrally-Acting Antihypertensive Drugs,False,False
8172111000001109,Moxonidine,Moxonidine 400microgram tablets (Generics (UK) Ltd) (product),Moxonidine,,,Centrally-Acting Antihypertensive Drugs,False,False
8172211000001103,Moxonidine,Moxonidine 400microgram tablets (Generics (UK) Ltd) 28 tablet 2 x 14 tablets (product),Moxonidine,28.0,,Centrally-Acting Antihypertensive Drugs,False,False
8715211000001107,Moxonidine,Moxonidine 400microgram tablets (Genus Pharmaceuticals) (product),Moxonidine,,,Centrally-Acting Antihypertensive Drugs,False,False
8715411000001106,Moxonidine,Moxonidine 400microgram tablets (Genus Pharmaceuticals) 28 tablet 2 x 14 tablets (product),Moxonidine,28.0,,Centrally-Acting Antihypertensive Drugs,False,False
9299211000001104,Moxonidine,Moxonidine 400microgram tablets (IVAX Pharmaceuticals UK Ltd) (product),Moxonidine,,,Centrally-Acting Antihypertensive Drugs,False,False
9299311000001107,Moxonidine,Moxonidine 400microgram tablets (IVAX Pharmaceuticals UK Ltd) 28 tablet (product),Moxonidine,28.0,,Centrally-Acting Antihypertensive Drugs,False,False
9035311000001106,Moxonidine,Moxonidine 400microgram tablets (Kent Pharmaceuticals Ltd) (product),Moxonidine,,,Centrally-Acting Antihypertensive Drugs,False,False
9035411000001104,Moxonidine,Moxonidine 400microgram tablets (Kent Pharmaceuticals Ltd) 28 tablet 2 x 14 tablets (product),Moxonidine,28.0,,Centrally-Acting Antihypertensive Drugs,False,False
30835111000001109,Moxonidine,Moxonidine 400microgram tablets (Mawdsley-Brooks & Company Ltd) (product),Moxonidine,,,Centrally-Acting Antihypertensive Drugs,False,False
30835211000001103,Moxonidine,Moxonidine 400microgram tablets (Mawdsley-Brooks & Company Ltd) 28 tablet (product),Moxonidine,28.0,,Centrally-Acting Antihypertensive Drugs,False,False
17944511000001104,Moxonidine,Moxonidine 400microgram tablets (Phoenix Healthcare Distribution Ltd) (product),Moxonidine,,,Centrally-Acting Antihypertensive Drugs,False,False
17944811000001101,Moxonidine,Moxonidine 400microgram tablets (Phoenix Healthcare Distribution Ltd) 28 tablet (product),Moxonidine,28.0,,Centrally-Acting Antihypertensive Drugs,False,False
5501811000001101,Moxonidine,Moxonidine 400microgram tablets (PI) (Dowelhurst Ltd) (product),Moxonidine,,,Centrally-Acting Antihypertensive Drugs,False,False
5501911000001106,Moxonidine,Moxonidine 400microgram tablets (PI) (Dowelhurst Ltd) 30 tablet 3 x 10 tablets (product),Moxonidine,30.0,,Centrally-Acting Antihypertensive Drugs,False,False
5502011000001104,Moxonidine,Moxonidine 400microgram tablets (PI) (Dowelhurst Ltd) 60 tablet 6 x 10 tablets (product),Moxonidine,60.0,,Centrally-Acting Antihypertensive Drugs,False,False
9412311000001104,Moxonidine,Moxonidine 400microgram tablets (Pliva Pharma Ltd) (product),Moxonidine,,,Centrally-Acting Antihypertensive Drugs,False,False
9412411000001106,Moxonidine,Moxonidine 400microgram tablets (Pliva Pharma Ltd) 28 tablet 4 x 7 tablets (product),Moxonidine,28.0,,Centrally-Acting Antihypertensive Drugs,False,False
8099411000001106,Moxonidine,Moxonidine 400microgram tablets (Sandoz Ltd) (product),Moxonidine,,,Centrally-Acting Antihypertensive Drugs,False,False
8099611000001109,Moxonidine,Moxonidine 400microgram tablets (Sandoz Ltd) 28 tablet 2 x 14 tablets (product),Moxonidine,28.0,,Centrally-Acting Antihypertensive Drugs,False,False
15235911000001109,Moxonidine,Moxonidine 400microgram tablets (Sigma Pharmaceuticals Plc) (product),Moxonidine,,,Centrally-Acting Antihypertensive Drugs,False,False
15236011000001101,Moxonidine,Moxonidine 400microgram tablets (Sigma Pharmaceuticals Plc) 28 tablet (product),Moxonidine,28.0,,Centrally-Acting Antihypertensive Drugs,False,False
13760111000001105,Moxonidine,Moxonidine 400microgram tablets (Tillomed Laboratories Ltd) (product),Moxonidine,,,Centrally-Acting Antihypertensive Drugs,False,False
13760211000001104,Moxonidine,Moxonidine 400microgram tablets (Tillomed Laboratories Ltd) 28 tablet (product),Moxonidine,28.0,,Centrally-Acting Antihypertensive Drugs,False,False
8096311000001106,Moxonidine,Moxonidine 400microgram tablets (Unichem Plc) (product),Moxonidine,,,Centrally-Acting Antihypertensive Drugs,False,False
8096411000001104,Moxonidine,Moxonidine 400microgram tablets (Unichem Plc) 28 tablet (product),Moxonidine,28.0,,Centrally-Acting Antihypertensive Drugs,False,False
21808411000001108,Moxonidine,Moxonidine 400microgram tablets (Waymade Healthcare Plc) (product),Moxonidine,,,Centrally-Acting Antihypertensive Drugs,False,False
21808511000001107,Moxonidine,Moxonidine 400microgram tablets (Waymade Healthcare Plc) 28 tablet (product),Moxonidine,28.0,,Centrally-Acting Antihypertensive Drugs,False,False
9041111000001108,Moxonidine,Moxonidine 400microgram tablets (Winthrop Pharmaceuticals UK Ltd) (product),Moxonidine,,,Centrally-Acting Antihypertensive Drugs,False,False
9041211000001102,Moxonidine,Moxonidine 400microgram tablets (Winthrop Pharmaceuticals UK Ltd) 28 tablet 4 x 7 tablets (product),Moxonidine,28.0,,Centrally-Acting Antihypertensive Drugs,False,False
1284911000001100,Moxonidine,Moxonidine 400microgram tablets 28 tablet (product),Moxonidine,28.0,,Centrally-Acting Antihypertensive Drugs,False,False
5501111000001108,Moxonidine,Moxonidine 400microgram tablets 30 tablet (product),Moxonidine,30.0,,Centrally-Acting Antihypertensive Drugs,False,False
5501311000001105,Moxonidine,Moxonidine 400microgram tablets 60 tablet (product),Moxonidine,60.0,,Centrally-Acting Antihypertensive Drugs,False,False
2848501000001103,Moxonidine,Moxonidine 400micrograms tablet - product,Moxonidine,,,Centrally-Acting Antihypertensive Drugs,False,False
11980601000001101,Noyada,Noyada (product),Captopril,,,Angiotensin-Converting Enzyme Inhibitors,False,False
12170401000001108,Noyada,NOYADA 25mg/5mL oral solution,Captopril,,25 mg/5 ml,Angiotensin-Converting Enzyme Inhibitors,False,False
23681711000001107,Noyada,Noyada 25mg/5ml oral solution (Martindale Pharmaceuticals Ltd) (product),Captopril,,25 mg/5 ml,Angiotensin-Converting Enzyme Inhibitors,False,False
23681811000001104,Noyada,Noyada 25mg/5ml oral solution (Martindale Pharmaceuticals Ltd) 100 ml (product),Captopril,,25 mg/5 ml,Angiotensin-Converting Enzyme Inhibitors,False,False
12170201000001109,Noyada,NOYADA 5mg/5mL oral solution,Captopril,,5 mg/5 ml,Angiotensin-Converting Enzyme Inhibitors,False,False
23682011000001102,Noyada,Noyada 5mg/5ml oral solution (Martindale Pharmaceuticals Ltd) (product),Captopril,,5 mg/5 ml,Angiotensin-Converting Enzyme Inhibitors,False,False
23682111000001101,Noyada,Noyada 5mg/5ml oral solution (Martindale Pharmaceuticals Ltd) 100 ml (product),Captopril,,5 mg/5 ml,Angiotensin-Converting Enzyme Inhibitors,False,False
9286401000001106,Odrik,Odrik (product),Trandolapril,,,Angiotensin-Converting Enzyme Inhibitors,False,False
2744401000001109,Odrik,Odrik (qualifier value),Trandolapril,,,Angiotensin-Converting Enzyme Inhibitors,False,False
597501000001107,Odrik,Odrik 1mg capsule,Trandolapril,,1 mg,Angiotensin-Converting Enzyme Inhibitors,False,False
432911000001102,Odrik,Odrik 1mg capsules (Aventis Pharma) (product),Trandolapril,,1 mg,Angiotensin-Converting Enzyme Inhibitors,False,False
1341411000001109,Odrik,Odrik 1mg capsules (Aventis Pharma) 28 capsule 4 x 7 capsules (product),Trandolapril,,1 mg,Angiotensin-Converting Enzyme Inhibitors,False,False
667801000001103,Odrik,Odrik 2mg capsule,Trandolapril,,2 mg,Angiotensin-Converting Enzyme Inhibitors,False,False
140511000001108,Odrik,Odrik 2mg capsules (Aventis Pharma) (product),Trandolapril,,2 mg,Angiotensin-Converting Enzyme Inhibitors,False,False
1342011000001108,Odrik,Odrik 2mg capsules (Aventis Pharma) 28 capsule 4 x 7 capsules (product),Trandolapril,,2 mg,Angiotensin-Converting Enzyme Inhibitors,False,False
227511000001106,Odrik,Odrik 500microgram capsules (Aventis Pharma) (product),Trandolapril,,,Angiotensin-Converting Enzyme Inhibitors,False,False
1340711000001106,Odrik,Odrik 500microgram capsules (Aventis Pharma) 28 capsule 4 x 7 capsules (product),Trandolapril,,,Angiotensin-Converting Enzyme Inhibitors,False,False
9179011000001104,Odrik,Odrik 500microgram capsules (Aventis Pharma) 28 capsule 4 x 7 capsules (product),Trandolapril,,,Angiotensin-Converting Enzyme Inhibitors,False,False
527801000001102,Odrik,Odrik 500micrograms capsule,Trandolapril,,,Angiotensin-Converting Enzyme Inhibitors,False,False
4311301000001101,Olmesartan,Olmesartan (product),Olmesartan,,,Angiotensin-II Receptor Antagonists,False,False
8813901000001103,Olmesartan,Olmesartan + hydrochlorothiazide 20mg/12.5mg tablet (product),Olmesartan,,20 mg,Angiotensin-II Receptor Antagonists,False,True
8813801000001109,Olmesartan,Olmesartan + hydrochlorothiazide 20mg/25mg tablet (product),Olmesartan,,20 mg,Angiotensin-II Receptor Antagonists,False,True
4640811000001104,Olmesartan,Olmesartan medoxomil (substance),Olmesartan,,,Angiotensin-II Receptor Antagonists,False,False
4449301000001104,Olmesartan,Olmesartan medoxomil 10mg tablet (product),Olmesartan,,10 mg,Angiotensin-II Receptor Antagonists,False,False
34188411000001109,Olmesartan,Olmesartan medoxomil 10mg tablets (A A H Pharmaceuticals Ltd) (product),Olmesartan,,10 mg,Angiotensin-II Receptor Antagonists,False,False
34188511000001108,Olmesartan,Olmesartan medoxomil 10mg tablets (A A H Pharmaceuticals Ltd) 28 tablet (product),Olmesartan,28.0,10 mg,Angiotensin-II Receptor Antagonists,False,False
34969911000001108,Olmesartan,Olmesartan medoxomil 10mg tablets (Accord Healthcare Ltd) (product),Olmesartan,,10 mg,Angiotensin-II Receptor Antagonists,False,False
34970111000001108,Olmesartan,Olmesartan medoxomil 10mg tablets (Accord Healthcare Ltd) 28 tablet (product),Olmesartan,28.0,10 mg,Angiotensin-II Receptor Antagonists,False,False
34176111000001109,Olmesartan,Olmesartan medoxomil 10mg tablets (Actavis UK Ltd) (product),Olmesartan,,10 mg,Angiotensin-II Receptor Antagonists,False,False
34176211000001103,Olmesartan,Olmesartan medoxomil 10mg tablets (Actavis UK Ltd) 28 tablet 2 x 14 tablets (product),Olmesartan,28.0,10 mg,Angiotensin-II Receptor Antagonists,False,False
34196511000001106,Olmesartan,Olmesartan medoxomil 10mg tablets (Alliance Healthcare (Distribution) Ltd) (product),Olmesartan,,10 mg,Angiotensin-II Receptor Antagonists,False,False
34196611000001105,Olmesartan,Olmesartan medoxomil 10mg tablets (Alliance Healthcare (Distribution) Ltd) 28 tablet (product),Olmesartan,28.0,10 mg,Angiotensin-II Receptor Antagonists,False,False
36765711000001108,Olmesartan,Olmesartan medoxomil 10mg tablets (Macleods Pharma UK Ltd) (product),Olmesartan,,10 mg,Angiotensin-II Receptor Antagonists,False,False
36765811000001100,Olmesartan,Olmesartan medoxomil 10mg tablets (Macleods Pharma UK Ltd) 28 tablet (product),Olmesartan,28.0,10 mg,Angiotensin-II Receptor Antagonists,False,False
34586111000001107,Olmesartan,Olmesartan medoxomil 10mg tablets (Milpharm Ltd) (product),Olmesartan,,10 mg,Angiotensin-II Receptor Antagonists,False,False
34586211000001101,Olmesartan,Olmesartan medoxomil 10mg tablets (Milpharm Ltd) 28 tablet (product),Olmesartan,28.0,10 mg,Angiotensin-II Receptor Antagonists,False,False
36890911000001101,Olmesartan,Olmesartan medoxomil 10mg tablets (Mylan) (product),Olmesartan,,10 mg,Angiotensin-II Receptor Antagonists,False,False
36891011000001109,Olmesartan,Olmesartan medoxomil 10mg tablets (Mylan) 28 tablet 4 x 7 tablets (product),Olmesartan,28.0,10 mg,Angiotensin-II Receptor Antagonists,False,False
4637611000001100,Olmesartan,Olmesartan medoxomil 10mg tablets (product),Olmesartan,,10 mg,Angiotensin-II Receptor Antagonists,False,False
34087611000001104,Olmesartan,Olmesartan medoxomil 10mg tablets (Teva UK Ltd) (product),Olmesartan,,10 mg,Angiotensin-II Receptor Antagonists,False,False
34087711000001108,Olmesartan,Olmesartan medoxomil 10mg tablets (Teva UK Ltd) 28 tablet 4 x 7 tablets (product),Olmesartan,28.0,10 mg,Angiotensin-II Receptor Antagonists,False,False
36869611000001104,Olmesartan,Olmesartan medoxomil 10mg tablets (Torrent Pharma (UK) Ltd) (product),Olmesartan,,10 mg,Angiotensin-II Receptor Antagonists,False,False
36869811000001100,Olmesartan,Olmesartan medoxomil 10mg tablets (Torrent Pharma (UK) Ltd) 28 tablet (product),Olmesartan,28.0,10 mg,Angiotensin-II Receptor Antagonists,False,False
4623911000001104,Olmesartan,Olmesartan medoxomil 10mg tablets 28 tablet (product),Olmesartan,28.0,10 mg,Angiotensin-II Receptor Antagonists,False,False
17614311000001102,Olmesartan,Olmesartan medoxomil 10mg tablets 30 tablet (product),Olmesartan,30.0,10 mg,Angiotensin-II Receptor Antagonists,False,False
14680611000001107,Olmesartan,Olmesartan medoxomil 10mg/5ml oral solution (product),Olmesartan,,10 mg/5 ml,Angiotensin-II Receptor Antagonists,False,False
14645911000001104,Olmesartan,Olmesartan medoxomil 10mg/5ml oral solution (Special Order) (product),Olmesartan,,10 mg/5 ml,Angiotensin-II Receptor Antagonists,False,False
14646011000001107,Olmesartan,Olmesartan medoxomil 10mg/5ml oral solution (Special Order) 1 ml (product),Olmesartan,,10 mg/5 ml,Angiotensin-II Receptor Antagonists,False,False
14645811000001109,Olmesartan,Olmesartan medoxomil 10mg/5ml oral solution 1 ml (product),Olmesartan,,10 mg/5 ml,Angiotensin-II Receptor Antagonists,False,False
14680711000001103,Olmesartan,Olmesartan medoxomil 10mg/5ml oral suspension (product),Olmesartan,,10 mg/5 ml,Angiotensin-II Receptor Antagonists,False,False
14646911000001106,Olmesartan,Olmesartan medoxomil 10mg/5ml oral suspension (Special Order) (product),Olmesartan,,10 mg/5 ml,Angiotensin-II Receptor Antagonists,False,False
14647011000001105,Olmesartan,Olmesartan medoxomil 10mg/5ml oral suspension (Special Order) 1 ml (product),Olmesartan,,10 mg/5 ml,Angiotensin-II Receptor Antagonists,False,False
14646711000001109,Olmesartan,Olmesartan medoxomil 10mg/5ml oral suspension 1 ml (product),Olmesartan,,10 mg/5 ml,Angiotensin-II Receptor Antagonists,False,False
15773111000001104,Olmesartan,Olmesartan medoxomil 20mg / Amlodipine 5mg tablets 28 tablet (product),Olmesartan,28.0,20 mg,Angiotensin-II Receptor Antagonists,True,False
10261411000001102,Olmesartan,Olmesartan medoxomil 20mg / Hydrochlorothiazide 12.5mg tablets 28 tablet (product),Olmesartan,28.0,20 mg,Angiotensin-II Receptor Antagonists,False,True
10270711000001105,Olmesartan,Olmesartan medoxomil 20mg / Hydrochlorothiazide 25mg tablets (product),Olmesartan,,20 mg,Angiotensin-II Receptor Antagonists,False,True
10261711000001108,Olmesartan,Olmesartan medoxomil 20mg / Hydrochlorothiazide 25mg tablets 28 tablet (product),Olmesartan,28.0,20 mg,Angiotensin-II Receptor Antagonists,False,True
4393701000001100,Olmesartan,Olmesartan medoxomil 20mg tablet (product),Olmesartan,,20 mg,Angiotensin-II Receptor Antagonists,False,False
34188611000001107,Olmesartan,Olmesartan medoxomil 20mg tablets (A A H Pharmaceuticals Ltd) (product),Olmesartan,,20 mg,Angiotensin-II Receptor Antagonists,False,False
34188811000001106,Olmesartan,Olmesartan medoxomil 20mg tablets (A A H Pharmaceuticals Ltd) 28 tablet (product),Olmesartan,28.0,20 mg,Angiotensin-II Receptor Antagonists,False,False
34970211000001102,Olmesartan,Olmesartan medoxomil 20mg tablets (Accord Healthcare Ltd) (product),Olmesartan,,20 mg,Angiotensin-II Receptor Antagonists,False,False
34970311000001105,Olmesartan,Olmesartan medoxomil 20mg tablets (Accord Healthcare Ltd) 28 tablet (product),Olmesartan,28.0,20 mg,Angiotensin-II Receptor Antagonists,False,False
34176311000001106,Olmesartan,Olmesartan medoxomil 20mg tablets (Actavis UK Ltd) (product),Olmesartan,,20 mg,Angiotensin-II Receptor Antagonists,False,False
34176411000001104,Olmesartan,Olmesartan medoxomil 20mg tablets (Actavis UK Ltd) 28 tablet 2 x 14 tablets (product),Olmesartan,28.0,20 mg,Angiotensin-II Receptor Antagonists,False,False
34196711000001101,Olmesartan,Olmesartan medoxomil 20mg tablets (Alliance Healthcare (Distribution) Ltd) (product),Olmesartan,,20 mg,Angiotensin-II Receptor Antagonists,False,False
34196811000001109,Olmesartan,Olmesartan medoxomil 20mg tablets (Alliance Healthcare (Distribution) Ltd) 28 tablet (product),Olmesartan,28.0,20 mg,Angiotensin-II Receptor Antagonists,False,False
36765911000001105,Olmesartan,Olmesartan medoxomil 20mg tablets (Macleods Pharma UK Ltd) (product),Olmesartan,,20 mg,Angiotensin-II Receptor Antagonists,False,False
36766011000001102,Olmesartan,Olmesartan medoxomil 20mg tablets (Macleods Pharma UK Ltd) 28 tablet (product),Olmesartan,28.0,20 mg,Angiotensin-II Receptor Antagonists,False,False
34586311000001109,Olmesartan,Olmesartan medoxomil 20mg tablets (Milpharm Ltd) (product),Olmesartan,,20 mg,Angiotensin-II Receptor Antagonists,False,False
34586411000001102,Olmesartan,Olmesartan medoxomil 20mg tablets (Milpharm Ltd) 28 tablet (product),Olmesartan,28.0,20 mg,Angiotensin-II Receptor Antagonists,False,False
36891111000001105,Olmesartan,Olmesartan medoxomil 20mg tablets (Mylan) (product),Olmesartan,,20 mg,Angiotensin-II Receptor Antagonists,False,False
36891211000001104,Olmesartan,Olmesartan medoxomil 20mg tablets (Mylan) 28 tablet 4 x 7 tablets (product),Olmesartan,28.0,20 mg,Angiotensin-II Receptor Antagonists,False,False
4637711000001109,Olmesartan,Olmesartan medoxomil 20mg tablets (product),Olmesartan,,20 mg,Angiotensin-II Receptor Antagonists,False,False
34087211000001101,Olmesartan,Olmesartan medoxomil 20mg tablets (Teva UK Ltd) (product),Olmesartan,,20 mg,Angiotensin-II Receptor Antagonists,False,False
34087311000001109,Olmesartan,Olmesartan medoxomil 20mg tablets (Teva UK Ltd) 28 tablet 4 x 7 tablets (product),Olmesartan,28.0,20 mg,Angiotensin-II Receptor Antagonists,False,False
36869911000001105,Olmesartan,Olmesartan medoxomil 20mg tablets (Torrent Pharma (UK) Ltd) (product),Olmesartan,,20 mg,Angiotensin-II Receptor Antagonists,False,False
36870011000001109,Olmesartan,Olmesartan medoxomil 20mg tablets (Torrent Pharma (UK) Ltd) 28 tablet (product),Olmesartan,28.0,20 mg,Angiotensin-II Receptor Antagonists,False,False
4624211000001106,Olmesartan,Olmesartan medoxomil 20mg tablets 28 tablet (product),Olmesartan,28.0,20 mg,Angiotensin-II Receptor Antagonists,False,False
21204311000001103,Olmesartan,Olmesartan medoxomil 20mg tablets 30 tablet (product),Olmesartan,30.0,20 mg,Angiotensin-II Receptor Antagonists,False,False
15772511000001101,Olmesartan,Olmesartan medoxomil 40mg / Amlodipine 10mg tablets 28 tablet (product),Olmesartan,28.0,40 mg,Angiotensin-II Receptor Antagonists,True,False
15772811000001103,Olmesartan,Olmesartan medoxomil 40mg / Amlodipine 5mg tablets 28 tablet (product),Olmesartan,28.0,40 mg,Angiotensin-II Receptor Antagonists,True,False
17220811000001107,Olmesartan,Olmesartan medoxomil 40mg / Hydrochlorothiazide 12.5mg tablets 28 tablet (product),Olmesartan,28.0,40 mg,Angiotensin-II Receptor Antagonists,False,True
4311401000001109,Olmesartan,Olmesartan medoxomil 40mg tablet (product),Olmesartan,,40 mg,Angiotensin-II Receptor Antagonists,False,False
34188911000001101,Olmesartan,Olmesartan medoxomil 40mg tablets (A A H Pharmaceuticals Ltd) (product),Olmesartan,,40 mg,Angiotensin-II Receptor Antagonists,False,False
34189111000001106,Olmesartan,Olmesartan medoxomil 40mg tablets (A A H Pharmaceuticals Ltd) 28 tablet (product),Olmesartan,28.0,40 mg,Angiotensin-II Receptor Antagonists,False,False
35847611000001101,Olmesartan,Olmesartan medoxomil 40mg tablets (Accord Healthcare Ltd) (product),Olmesartan,,40 mg,Angiotensin-II Receptor Antagonists,False,False
35847711000001105,Olmesartan,Olmesartan medoxomil 40mg tablets (Accord Healthcare Ltd) 28 tablet (product),Olmesartan,28.0,40 mg,Angiotensin-II Receptor Antagonists,False,False
34176511000001100,Olmesartan,Olmesartan medoxomil 40mg tablets (Actavis UK Ltd) (product),Olmesartan,,40 mg,Angiotensin-II Receptor Antagonists,False,False
34176611000001101,Olmesartan,Olmesartan medoxomil 40mg tablets (Actavis UK Ltd) 28 tablet 2 x 14 tablets (product),Olmesartan,28.0,40 mg,Angiotensin-II Receptor Antagonists,False,False
34196911000001104,Olmesartan,Olmesartan medoxomil 40mg tablets (Alliance Healthcare (Distribution) Ltd) (product),Olmesartan,,40 mg,Angiotensin-II Receptor Antagonists,False,False
34197011000001100,Olmesartan,Olmesartan medoxomil 40mg tablets (Alliance Healthcare (Distribution) Ltd) 28 tablet (product),Olmesartan,28.0,40 mg,Angiotensin-II Receptor Antagonists,False,False
36766111000001101,Olmesartan,Olmesartan medoxomil 40mg tablets (Macleods Pharma UK Ltd) (product),Olmesartan,,40 mg,Angiotensin-II Receptor Antagonists,False,False
36766411000001106,Olmesartan,Olmesartan medoxomil 40mg tablets (Macleods Pharma UK Ltd) 28 tablet (product),Olmesartan,28.0,40 mg,Angiotensin-II Receptor Antagonists,False,False
34586511000001103,Olmesartan,Olmesartan medoxomil 40mg tablets (Milpharm Ltd) (product),Olmesartan,,40 mg,Angiotensin-II Receptor Antagonists,False,False
34586611000001104,Olmesartan,Olmesartan medoxomil 40mg tablets (Milpharm Ltd) 28 tablet (product),Olmesartan,28.0,40 mg,Angiotensin-II Receptor Antagonists,False,False
36891411000001100,Olmesartan,Olmesartan medoxomil 40mg tablets (Mylan) (product),Olmesartan,,40 mg,Angiotensin-II Receptor Antagonists,False,False
36891711000001106,Olmesartan,Olmesartan medoxomil 40mg tablets (Mylan) 28 tablet 4 x 7 tablets (product),Olmesartan,28.0,40 mg,Angiotensin-II Receptor Antagonists,False,False
4638411000001104,Olmesartan,Olmesartan medoxomil 40mg tablets (product),Olmesartan,,40 mg,Angiotensin-II Receptor Antagonists,False,False
34087411000001102,Olmesartan,Olmesartan medoxomil 40mg tablets (Teva UK Ltd) (product),Olmesartan,,40 mg,Angiotensin-II Receptor Antagonists,False,False
34087511000001103,Olmesartan,Olmesartan medoxomil 40mg tablets (Teva UK Ltd) 28 tablet 4 x 7 tablets (product),Olmesartan,28.0,40 mg,Angiotensin-II Receptor Antagonists,False,False
36870211000001104,Olmesartan,Olmesartan medoxomil 40mg tablets (Torrent Pharma (UK) Ltd) (product),Olmesartan,,40 mg,Angiotensin-II Receptor Antagonists,False,False
36870411000001100,Olmesartan,Olmesartan medoxomil 40mg tablets (Torrent Pharma (UK) Ltd) 28 tablet (product),Olmesartan,28.0,40 mg,Angiotensin-II Receptor Antagonists,False,False
4624511000001109,Olmesartan,Olmesartan medoxomil 40mg tablets 28 tablet (product),Olmesartan,28.0,40 mg,Angiotensin-II Receptor Antagonists,False,False
17614711000001103,Olmesartan,Olmesartan medoxomil 40mg tablets 30 tablet (product),Olmesartan,30.0,40 mg,Angiotensin-II Receptor Antagonists,False,False
10382501000001104,Olmesartan,OLMESARTAN MEDOXOMIL+AMLODIPINE 20mg/5mg tablets,Olmesartan,,20 mg,Angiotensin-II Receptor Antagonists,True,False
10382301000001106,Olmesartan,OLMESARTAN MEDOXOMIL+AMLODIPINE 40mg/10mg tablets,Olmesartan,,40 mg,Angiotensin-II Receptor Antagonists,True,False
10382401000001103,Olmesartan,OLMESARTAN MEDOXOMIL+AMLODIPINE 40mg/5mg tablets,Olmesartan,,40 mg,Angiotensin-II Receptor Antagonists,True,False
10381901000001100,Olmesartan,OLMESARTAN+AMLODIPINE,Olmesartan,,,Angiotensin-II Receptor Antagonists,True,False
11112601000001104,Olmesartan,OLMESARTAN+AMLODIPINE+HYDROCHLOROTHIAZIDE,Olmesartan,,,Angiotensin-II Receptor Antagonists,True,True
10746601000001105,Olmesartan,OLMESARTAN+HYDROCHLOROTHIAZIDE 40mg/12.5mg tablets,Olmesartan,,40 mg,Angiotensin-II Receptor Antagonists,False,True
9288001000001102,Olmetec,Olmetec (product),Olmesartan,,,Angiotensin-II Receptor Antagonists,False,False
4321101000001105,Olmetec,Olmetec (qualifier value),Olmesartan,,,Angiotensin-II Receptor Antagonists,False,False
11376001000001108,Olmetec,Olmetec (qualifier value),Olmesartan,,,Angiotensin-II Receptor Antagonists,False,False
4393801000001109,Olmetec,Olmetec 10mg tablet (product),Olmesartan,,10 mg,Angiotensin-II Receptor Antagonists,False,False
13941811000001109,Olmetec,Olmetec 10mg tablets (Doncaster Pharmaceuticals Ltd) (product),Olmesartan,,10 mg,Angiotensin-II Receptor Antagonists,False,False
13941911000001104,Olmetec,Olmetec 10mg tablets (Doncaster Pharmaceuticals Ltd) 28 tablet (product),Olmesartan,28.0,10 mg,Angiotensin-II Receptor Antagonists,False,False
19618511000001108,Olmetec,Olmetec 10mg tablets (Doncaster Pharmaceuticals Ltd) 30 tablet (product),Olmesartan,30.0,10 mg,Angiotensin-II Receptor Antagonists,False,False
13183811000001100,Olmetec,Olmetec 10mg tablets (Dowelhurst Ltd) (product),Olmesartan,,10 mg,Angiotensin-II Receptor Antagonists,False,False
13184011000001108,Olmetec,Olmetec 10mg tablets (Dowelhurst Ltd) 28 tablet (product),Olmesartan,28.0,10 mg,Angiotensin-II Receptor Antagonists,False,False
16217211000001100,Olmetec,Olmetec 10mg tablets (Lexon (UK) Ltd) (product),Olmesartan,,10 mg,Angiotensin-II Receptor Antagonists,False,False
16217311000001108,Olmetec,Olmetec 10mg tablets (Lexon (UK) Ltd) 28 tablet (product),Olmesartan,28.0,10 mg,Angiotensin-II Receptor Antagonists,False,False
19858111000001101,Olmetec,Olmetec 10mg tablets (Lexon (UK) Ltd) 30 tablet (product),Olmesartan,30.0,10 mg,Angiotensin-II Receptor Antagonists,False,False
17342211000001100,Olmetec,Olmetec 10mg tablets (Mawdsley-Brooks & Company Ltd) (product),Olmesartan,,10 mg,Angiotensin-II Receptor Antagonists,False,False
17342311000001108,Olmetec,Olmetec 10mg tablets (Mawdsley-Brooks & Company Ltd) 28 tablet (product),Olmesartan,28.0,10 mg,Angiotensin-II Receptor Antagonists,False,False
18481811000001102,Olmetec,Olmetec 10mg tablets (Mawdsley-Brooks & Company Ltd) 30 tablet (product),Olmesartan,30.0,10 mg,Angiotensin-II Receptor Antagonists,False,False
17614411000001109,Olmetec,Olmetec 10mg tablets (Necessity Supplies Ltd) (product),Olmesartan,,10 mg,Angiotensin-II Receptor Antagonists,False,False
17614511000001108,Olmetec,Olmetec 10mg tablets (Necessity Supplies Ltd) 30 tablet (product),Olmesartan,30.0,10 mg,Angiotensin-II Receptor Antagonists,False,False
10856811000001106,Olmetec,Olmetec 10mg tablets (PI) (Waymade Ltd) (product),Olmesartan,,10 mg,Angiotensin-II Receptor Antagonists,False,False
10856911000001101,Olmetec,Olmetec 10mg tablets (PI) (Waymade Ltd) 28 tablet (product),Olmesartan,28.0,10 mg,Angiotensin-II Receptor Antagonists,False,False
4624011000001101,Olmetec,Olmetec 10mg tablets (Sankyo Pharma UK) (product),Olmesartan,,10 mg,Angiotensin-II Receptor Antagonists,False,False
4624111000001100,Olmetec,Olmetec 10mg tablets (Sankyo Pharma UK) 28 tablet 2 x 14 tablets (product),Olmesartan,28.0,10 mg,Angiotensin-II Receptor Antagonists,False,False
14668311000001102,Olmetec,Olmetec 10mg tablets (Sigma Pharmaceuticals Plc) (product),Olmesartan,,10 mg,Angiotensin-II Receptor Antagonists,False,False
14668611000001107,Olmetec,Olmetec 10mg tablets (Sigma Pharmaceuticals Plc) 28 tablet (product),Olmesartan,28.0,10 mg,Angiotensin-II Receptor Antagonists,False,False
19697111000001101,Olmetec,Olmetec 10mg tablets (Sigma Pharmaceuticals Plc) 30 tablet (product),Olmesartan,30.0,10 mg,Angiotensin-II Receptor Antagonists,False,False
18488711000001100,Olmetec,Olmetec 10mg tablets (Waymade Healthcare Plc) 30 tablet (product),Olmesartan,30.0,10 mg,Angiotensin-II Receptor Antagonists,False,False
4393901000001103,Olmetec,Olmetec 20mg tablet (product),Olmesartan,,20 mg,Angiotensin-II Receptor Antagonists,False,False
13942011000001106,Olmetec,Olmetec 20mg tablets (Doncaster Pharmaceuticals Ltd) (product),Olmesartan,,20 mg,Angiotensin-II Receptor Antagonists,False,False
13942111000001107,Olmetec,Olmetec 20mg tablets (Doncaster Pharmaceuticals Ltd) 28 tablet (product),Olmesartan,28.0,20 mg,Angiotensin-II Receptor Antagonists,False,False
13184311000001106,Olmetec,Olmetec 20mg tablets (Dowelhurst Ltd) (product),Olmesartan,,20 mg,Angiotensin-II Receptor Antagonists,False,False
13184511000001100,Olmetec,Olmetec 20mg tablets (Dowelhurst Ltd) 28 tablet (product),Olmesartan,28.0,20 mg,Angiotensin-II Receptor Antagonists,False,False
16217411000001101,Olmetec,Olmetec 20mg tablets (Lexon (UK) Ltd) (product),Olmesartan,,20 mg,Angiotensin-II Receptor Antagonists,False,False
16217511000001102,Olmetec,Olmetec 20mg tablets (Lexon (UK) Ltd) 28 tablet (product),Olmesartan,28.0,20 mg,Angiotensin-II Receptor Antagonists,False,False
17342411000001101,Olmetec,Olmetec 20mg tablets (Mawdsley-Brooks & Company Ltd) (product),Olmesartan,,20 mg,Angiotensin-II Receptor Antagonists,False,False
17342511000001102,Olmetec,Olmetec 20mg tablets (Mawdsley-Brooks & Company Ltd) 28 tablet (product),Olmesartan,28.0,20 mg,Angiotensin-II Receptor Antagonists,False,False
10857011000001102,Olmetec,Olmetec 20mg tablets (PI) (Waymade Ltd) (product),Olmesartan,,20 mg,Angiotensin-II Receptor Antagonists,False,False
10857111000001101,Olmetec,Olmetec 20mg tablets (PI) (Waymade Ltd) 28 tablet (product),Olmesartan,28.0,20 mg,Angiotensin-II Receptor Antagonists,False,False
4624311000001103,Olmetec,Olmetec 20mg tablets (Sankyo Pharma UK) (product),Olmesartan,,20 mg,Angiotensin-II Receptor Antagonists,False,False
4624411000001105,Olmetec,Olmetec 20mg tablets (Sankyo Pharma UK) 28 tablet 2 x 14 tablets (product),Olmesartan,28.0,20 mg,Angiotensin-II Receptor Antagonists,False,False
14668811000001106,Olmetec,Olmetec 20mg tablets (Sigma Pharmaceuticals Plc) (product),Olmesartan,,20 mg,Angiotensin-II Receptor Antagonists,False,False
14669011000001105,Olmetec,Olmetec 20mg tablets (Sigma Pharmaceuticals Plc) 28 tablet (product),Olmesartan,28.0,20 mg,Angiotensin-II Receptor Antagonists,False,False
21204411000001105,Olmetec,Olmetec 20mg tablets (Waymade Healthcare Plc) 30 tablet (product),Olmesartan,30.0,20 mg,Angiotensin-II Receptor Antagonists,False,False
4444001000001103,Olmetec,Olmetec 40mg tablet (product),Olmesartan,,40 mg,Angiotensin-II Receptor Antagonists,False,False
13942211000001101,Olmetec,Olmetec 40mg tablets (Doncaster Pharmaceuticals Ltd) (product),Olmesartan,,40 mg,Angiotensin-II Receptor Antagonists,False,False
13942311000001109,Olmetec,Olmetec 40mg tablets (Doncaster Pharmaceuticals Ltd) 28 tablet (product),Olmesartan,28.0,40 mg,Angiotensin-II Receptor Antagonists,False,False
19618611000001107,Olmetec,Olmetec 40mg tablets (Doncaster Pharmaceuticals Ltd) 30 tablet (product),Olmesartan,30.0,40 mg,Angiotensin-II Receptor Antagonists,False,False
13184911000001107,Olmetec,Olmetec 40mg tablets (Dowelhurst Ltd) (product),Olmesartan,,40 mg,Angiotensin-II Receptor Antagonists,False,False
13185011000001107,Olmetec,Olmetec 40mg tablets (Dowelhurst Ltd) 28 tablet (product),Olmesartan,28.0,40 mg,Angiotensin-II Receptor Antagonists,False,False
16217611000001103,Olmetec,Olmetec 40mg tablets (Lexon (UK) Ltd) (product),Olmesartan,,40 mg,Angiotensin-II Receptor Antagonists,False,False
16217711000001107,Olmetec,Olmetec 40mg tablets (Lexon (UK) Ltd) 28 tablet (product),Olmesartan,28.0,40 mg,Angiotensin-II Receptor Antagonists,False,False
19858211000001107,Olmetec,Olmetec 40mg tablets (Lexon (UK) Ltd) 30 tablet (product),Olmesartan,30.0,40 mg,Angiotensin-II Receptor Antagonists,False,False
17342611000001103,Olmetec,Olmetec 40mg tablets (Mawdsley-Brooks & Company Ltd) (product),Olmesartan,,40 mg,Angiotensin-II Receptor Antagonists,False,False
17342711000001107,Olmetec,Olmetec 40mg tablets (Mawdsley-Brooks & Company Ltd) 28 tablet (product),Olmesartan,28.0,40 mg,Angiotensin-II Receptor Antagonists,False,False
18481411000001104,Olmetec,Olmetec 40mg tablets (Mawdsley-Brooks & Company Ltd) 30 tablet (product),Olmesartan,30.0,40 mg,Angiotensin-II Receptor Antagonists,False,False
17614911000001101,Olmetec,Olmetec 40mg tablets (Necessity Supplies Ltd) (product),Olmesartan,,40 mg,Angiotensin-II Receptor Antagonists,False,False
17615011000001101,Olmetec,Olmetec 40mg tablets (Necessity Supplies Ltd) 30 tablet (product),Olmesartan,30.0,40 mg,Angiotensin-II Receptor Antagonists,False,False
10857311000001104,Olmetec,Olmetec 40mg tablets (PI) (Waymade Ltd) (product),Olmesartan,,40 mg,Angiotensin-II Receptor Antagonists,False,False
10857411000001106,Olmetec,Olmetec 40mg tablets (PI) (Waymade Ltd) 28 tablet (product),Olmesartan,28.0,40 mg,Angiotensin-II Receptor Antagonists,False,False
4624611000001108,Olmetec,Olmetec 40mg tablets (Sankyo Pharma UK) (product),Olmesartan,,40 mg,Angiotensin-II Receptor Antagonists,False,False
4624711000001104,Olmetec,Olmetec 40mg tablets (Sankyo Pharma UK) 28 tablet 2 x 14 tablets (product),Olmesartan,28.0,40 mg,Angiotensin-II Receptor Antagonists,False,False
14669211000001100,Olmetec,Olmetec 40mg tablets (Sigma Pharmaceuticals Plc) (product),Olmesartan,,40 mg,Angiotensin-II Receptor Antagonists,False,False
14669411000001101,Olmetec,Olmetec 40mg tablets (Sigma Pharmaceuticals Plc) 28 tablet (product),Olmesartan,28.0,40 mg,Angiotensin-II Receptor Antagonists,False,False
18488811000001108,Olmetec,Olmetec 40mg tablets (Waymade Healthcare Plc) 30 tablet (product),Olmesartan,30.0,40 mg,Angiotensin-II Receptor Antagonists,False,False
9288101000001101,Olmetec,Olmetec Plus (product),Olmesartan,,,Angiotensin-II Receptor Antagonists,False,False
8812401000001102,Olmetec,Olmetec Plus (qualifier value),Olmesartan,,,Angiotensin-II Receptor Antagonists,False,False
8821301000001106,Olmetec,Olmetec Plus 20mg/12.5mg tablet (product),Olmesartan,,20 mg,Angiotensin-II Receptor Antagonists,False,False
10261511000001103,Olmetec,Olmetec Plus 20mg/12.5mg tablets (Sankyo Pharma UK) (product),Olmesartan,,20 mg,Angiotensin-II Receptor Antagonists,False,False
10261611000001104,Olmetec,Olmetec Plus 20mg/12.5mg tablets (Sankyo Pharma UK) 28 tablet (product),Olmesartan,28.0,20 mg,Angiotensin-II Receptor Antagonists,False,False
20562311000001107,Olmetec,Olmetec Plus 20mg/12.5mg tablets (Waymade Healthcare Plc) (product),Olmesartan,,20 mg,Angiotensin-II Receptor Antagonists,False,False
20562411000001100,Olmetec,Olmetec Plus 20mg/12.5mg tablets (Waymade Healthcare Plc) 28 tablet (product),Olmesartan,28.0,20 mg,Angiotensin-II Receptor Antagonists,False,False
8821401000001103,Olmetec,Olmetec Plus 20mg/25mg tablet (product),Olmesartan,,20 mg,Angiotensin-II Receptor Antagonists,False,False
18603611000001100,Olmetec,Olmetec Plus 20mg/25mg tablets (Doncaster Pharmaceuticals Ltd) (product),Olmesartan,,20 mg,Angiotensin-II Receptor Antagonists,False,False
18603811000001101,Olmetec,Olmetec Plus 20mg/25mg tablets (Doncaster Pharmaceuticals Ltd) 28 tablet (product),Olmesartan,28.0,20 mg,Angiotensin-II Receptor Antagonists,False,False
18482211000001105,Olmetec,Olmetec Plus 20mg/25mg tablets (Mawdsley-Brooks & Company Ltd) (product),Olmesartan,,20 mg,Angiotensin-II Receptor Antagonists,False,False
18482311000001102,Olmetec,Olmetec Plus 20mg/25mg tablets (Mawdsley-Brooks & Company Ltd) 28 tablet (product),Olmesartan,28.0,20 mg,Angiotensin-II Receptor Antagonists,False,False
10261811000001100,Olmetec,Olmetec Plus 20mg/25mg tablets (Sankyo Pharma UK) (product),Olmesartan,,20 mg,Angiotensin-II Receptor Antagonists,False,False
10261911000001105,Olmetec,Olmetec Plus 20mg/25mg tablets (Sankyo Pharma UK) 28 tablet (product),Olmesartan,28.0,20 mg,Angiotensin-II Receptor Antagonists,False,False
10746501000001106,Olmetec,OLMETEC PLUS 40mg/12.5mg tablets,Olmesartan,,40 mg,Angiotensin-II Receptor Antagonists,False,False
17220911000001102,Olmetec,Olmetec Plus 40mg/12.5mg tablets (Daiichi Sankyo UK Ltd) (product),Olmesartan,,40 mg,Angiotensin-II Receptor Antagonists,False,False
17221011000001105,Olmetec,Olmetec Plus 40mg/12.5mg tablets (Daiichi Sankyo UK Ltd) 28 tablet (product),Olmesartan,28.0,40 mg,Angiotensin-II Receptor Antagonists,False,False
11980801000001102,Opsumit,Opsumit (product),Macitentan,,,Vasodilator Antihypertensive Drugs,False,False
12170901000001104,Opsumit,OPSUMIT 10mg tablets,Macitentan,,10 mg,Vasodilator Antihypertensive Drugs,False,False
23705711000001101,Opsumit,Opsumit 10mg tablets (Actelion Pharmaceuticals UK Ltd) (product),Macitentan,,10 mg,Vasodilator Antihypertensive Drugs,False,False
23705811000001109,Opsumit,Opsumit 10mg tablets (Actelion Pharmaceuticals UK Ltd) 30 tablet 2 x 15 tablets (product),Macitentan,30.0,10 mg,Vasodilator Antihypertensive Drugs,False,False
9295501000001101,Oxandosin,Oxandosin XL (product),Doxazosin Mesilate,,,Alpha-Adrenoceptor Blocking Drugs,False,False
9043301000001109,Oxandosin,OXANDOSIN XL 4mg m/r tablets,Doxazosin Mesilate,,4 mg,Alpha-Adrenoceptor Blocking Drugs,False,False
11812211000001105,Oxandosin,Oxandosin XL 4mg tablets (Ratiopharm UK Ltd) (product),Doxazosin Mesilate,,4 mg,Alpha-Adrenoceptor Blocking Drugs,False,False
11812311000001102,Oxandosin,Oxandosin XL 4mg tablets (Ratiopharm UK Ltd) 28 tablet 2 x 14 tablets (product),Doxazosin Mesilate,28.0,4 mg,Alpha-Adrenoceptor Blocking Drugs,False,False
9302201000001103,Perdix,Perdix (product),Moexipril Hydrochloride,,,Angiotensin-Converting Enzyme Inhibitors,False,False
2767301000001100,Perdix,Perdix (qualifier value),Moexipril Hydrochloride,,,Angiotensin-Converting Enzyme Inhibitors,False,False
2571101000001104,Perdix,Perdix 15mg tablet,Moexipril Hydrochloride,,15 mg,Angiotensin-Converting Enzyme Inhibitors,False,False
4040311000001101,Perdix,Perdix 15mg tablets (Schwarz Pharma Ltd) (product),Moexipril Hydrochloride,,15 mg,Angiotensin-Converting Enzyme Inhibitors,False,False
4040411000001108,Perdix,Perdix 15mg tablets (Schwarz Pharma Ltd) 28 tablet 2 x 14 tablets (product),Moexipril Hydrochloride,28.0,15 mg,Angiotensin-Converting Enzyme Inhibitors,False,False
2571001000001100,Perdix,Perdix 7.5mg tablet,Moexipril Hydrochloride,,7.5 mg,Angiotensin-Converting Enzyme Inhibitors,False,False
4041111000001109,Perdix,Perdix 7.5mg tablets (Schwarz Pharma Ltd) (product),Moexipril Hydrochloride,,7.5 mg,Angiotensin-Converting Enzyme Inhibitors,False,False
4041311000001106,Perdix,Perdix 7.5mg tablets (Schwarz Pharma Ltd) 28 tablet 2 x 14 tablets (product),Moexipril Hydrochloride,28.0,7.5 mg,Angiotensin-Converting Enzyme Inhibitors,False,False
13011211000001107,Perindopril,Perindopril 1mg/5ml oral solution (product),Perindopril,,1 mg/5 ml,Angiotensin-Converting Enzyme Inhibitors,False,False
12996511000001103,Perindopril,Perindopril 1mg/5ml oral solution (Special Order) (product),Perindopril,,1 mg/5 ml,Angiotensin-Converting Enzyme Inhibitors,False,False
12996711000001108,Perindopril,Perindopril 1mg/5ml oral solution (Special Order) 1 ml (product),Perindopril,,1 mg/5 ml,Angiotensin-Converting Enzyme Inhibitors,False,False
12996411000001102,Perindopril,Perindopril 1mg/5ml oral solution 1 ml (product),Perindopril,,1 mg/5 ml,Angiotensin-Converting Enzyme Inhibitors,False,False
13011311000001104,Perindopril,Perindopril 1mg/5ml oral suspension (product),Perindopril,,1 mg/5 ml,Angiotensin-Converting Enzyme Inhibitors,False,False
12995911000001103,Perindopril,Perindopril 1mg/5ml oral suspension (Special Order) (product),Perindopril,,1 mg/5 ml,Angiotensin-Converting Enzyme Inhibitors,False,False
12996211000001101,Perindopril,Perindopril 1mg/5ml oral suspension (Special Order) 1 ml (product),Perindopril,,1 mg/5 ml,Angiotensin-Converting Enzyme Inhibitors,False,False
12995611000001109,Perindopril,Perindopril 1mg/5ml oral suspension 1 ml (product),Perindopril,,1 mg/5 ml,Angiotensin-Converting Enzyme Inhibitors,False,False
16075011000001104,Perindopril,Perindopril 2mg oral powder sachets (product),Perindopril,,2 mg,Angiotensin-Converting Enzyme Inhibitors,False,False
16046711000001106,Perindopril,Perindopril 2mg oral powder sachets (Special Order) (product),Perindopril,,2 mg,Angiotensin-Converting Enzyme Inhibitors,False,False
16047011000001107,Perindopril,Perindopril 2mg oral powder sachets (Special Order) 1 sachet (product),Perindopril,,2 mg,Angiotensin-Converting Enzyme Inhibitors,False,False
16046311000001107,Perindopril,Perindopril 2mg oral powder sachets 1 sachet (product),Perindopril,,2 mg,Angiotensin-Converting Enzyme Inhibitors,False,False
10828511000001108,Perindopril,Perindopril 2mg tablets (A A H Pharmaceuticals Ltd) (product),Perindopril,,2 mg,Angiotensin-Converting Enzyme Inhibitors,False,False
10828611000001107,Perindopril,Perindopril 2mg tablets (A A H Pharmaceuticals Ltd) 30 tablet 3 x 10 tablets (product),Perindopril,30.0,2 mg,Angiotensin-Converting Enzyme Inhibitors,False,False
12498511000001100,Perindopril,Perindopril 2mg tablets (Actavis UK Ltd) (product),Perindopril,,2 mg,Angiotensin-Converting Enzyme Inhibitors,False,False
12498611000001101,Perindopril,Perindopril 2mg tablets (Actavis UK Ltd) 30 tablet 3 x 10 tablets (product),Perindopril,30.0,2 mg,Angiotensin-Converting Enzyme Inhibitors,False,False
13239011000001101,Perindopril,Perindopril 2mg tablets (Dowelhurst Ltd) (product),Perindopril,,2 mg,Angiotensin-Converting Enzyme Inhibitors,False,False
13239211000001106,Perindopril,Perindopril 2mg tablets (Dowelhurst Ltd) 30 tablet (product),Perindopril,30.0,2 mg,Angiotensin-Converting Enzyme Inhibitors,False,False
10742711000001102,Perindopril,Perindopril 2mg tablets (Kent Pharmaceuticals Ltd) (product),Perindopril,,2 mg,Angiotensin-Converting Enzyme Inhibitors,False,False
10743111000001109,Perindopril,Perindopril 2mg tablets (Kent Pharmaceuticals Ltd) 30 tablet 3 x 10 tablets (product),Perindopril,30.0,2 mg,Angiotensin-Converting Enzyme Inhibitors,False,False
11879711000001104,Perindopril,Perindopril 2mg tablets (Teva UK Ltd) (product),Perindopril,,2 mg,Angiotensin-Converting Enzyme Inhibitors,False,False
11879811000001107,Perindopril,Perindopril 2mg tablets (Teva UK Ltd) 30 tablet (product),Perindopril,30.0,2 mg,Angiotensin-Converting Enzyme Inhibitors,False,False
12060711000001101,Perindopril,Perindopril 2mg tablets (UniChem Ltd) (product),Perindopril,,2 mg,Angiotensin-Converting Enzyme Inhibitors,False,False
12060911000001104,Perindopril,Perindopril 2mg tablets (UniChem Ltd) 30 tablet (product),Perindopril,30.0,2 mg,Angiotensin-Converting Enzyme Inhibitors,False,False
5534911000001101,Perindopril,Perindopril 2mg tablets 100 tablet (product),Perindopril,100.0,2 mg,Angiotensin-Converting Enzyme Inhibitors,False,False
5534711000001103,Perindopril,Perindopril 2mg tablets 14 tablet (product),Perindopril,14.0,2 mg,Angiotensin-Converting Enzyme Inhibitors,False,False
5534811000001106,Perindopril,Perindopril 2mg tablets 28 tablet (product),Perindopril,28.0,2 mg,Angiotensin-Converting Enzyme Inhibitors,False,False
993111000001102,Perindopril,Perindopril 2mg tablets 30 tablet (product),Perindopril,30.0,2 mg,Angiotensin-Converting Enzyme Inhibitors,False,False
5351711000001104,Perindopril,Perindopril 2mg tablets 50 tablet (product),Perindopril,50.0,2 mg,Angiotensin-Converting Enzyme Inhibitors,False,False
8671211000001106,Perindopril,Perindopril 2mg/5ml oral suspension (product),Perindopril,,2 mg/5 ml,Angiotensin-Converting Enzyme Inhibitors,False,False
8646211000001104,Perindopril,Perindopril 2mg/5ml oral suspension (Special Order) (product),Perindopril,,2 mg/5 ml,Angiotensin-Converting Enzyme Inhibitors,False,False
8646411000001100,Perindopril,Perindopril 2mg/5ml oral suspension (Special Order) 1 ml (product),Perindopril,,2 mg/5 ml,Angiotensin-Converting Enzyme Inhibitors,False,False
8646011000001109,Perindopril,Perindopril 2mg/5ml oral suspension 1 ml (product),Perindopril,,2 mg/5 ml,Angiotensin-Converting Enzyme Inhibitors,False,False
3437611000001100,Perindopril,Perindopril 4mg / Indapamide 1.25mg tablets (product),Perindopril,,4 mg,Angiotensin-Converting Enzyme Inhibitors,False,True
955611000001100,Perindopril,Perindopril 4mg / Indapamide 1.25mg tablets 30 tablet (product),Perindopril,30.0,4 mg,Angiotensin-Converting Enzyme Inhibitors,False,True
10828711000001103,Perindopril,Perindopril 4mg tablets (A A H Pharmaceuticals Ltd) (product),Perindopril,,4 mg,Angiotensin-Converting Enzyme Inhibitors,False,False
10828811000001106,Perindopril,Perindopril 4mg tablets (A A H Pharmaceuticals Ltd) 30 tablet 3 x 10 tablets (product),Perindopril,30.0,4 mg,Angiotensin-Converting Enzyme Inhibitors,False,False
12498711000001105,Perindopril,Perindopril 4mg tablets (Actavis UK Ltd) (product),Perindopril,,4 mg,Angiotensin-Converting Enzyme Inhibitors,False,False
12498811000001102,Perindopril,Perindopril 4mg tablets (Actavis UK Ltd) 30 tablet 3 x 10 tablets (product),Perindopril,30.0,4 mg,Angiotensin-Converting Enzyme Inhibitors,False,False
10743211000001103,Perindopril,Perindopril 4mg tablets (Kent Pharmaceuticals Ltd) (product),Perindopril,,4 mg,Angiotensin-Converting Enzyme Inhibitors,False,False
10743311000001106,Perindopril,Perindopril 4mg tablets (Kent Pharmaceuticals Ltd) 30 tablet 3 x 10 tablets (product),Perindopril,30.0,4 mg,Angiotensin-Converting Enzyme Inhibitors,False,False
5457211000001107,Perindopril,Perindopril 4mg tablets (PI) (Dowelhurst Ltd) (product),Perindopril,,4 mg,Angiotensin-Converting Enzyme Inhibitors,False,False
5457311000001104,Perindopril,Perindopril 4mg tablets (PI) (Dowelhurst Ltd) 30 tablet (product),Perindopril,30.0,4 mg,Angiotensin-Converting Enzyme Inhibitors,False,False
11879911000001102,Perindopril,Perindopril 4mg tablets (Teva UK Ltd) (product),Perindopril,,4 mg,Angiotensin-Converting Enzyme Inhibitors,False,False
11880011000001101,Perindopril,Perindopril 4mg tablets (Teva UK Ltd) 30 tablet (product),Perindopril,30.0,4 mg,Angiotensin-Converting Enzyme Inhibitors,False,False
12061211000001102,Perindopril,Perindopril 4mg tablets (UniChem Ltd) (product),Perindopril,,4 mg,Angiotensin-Converting Enzyme Inhibitors,False,False
12061311000001105,Perindopril,Perindopril 4mg tablets (UniChem Ltd) 30 tablet (product),Perindopril,30.0,4 mg,Angiotensin-Converting Enzyme Inhibitors,False,False
5538111000001105,Perindopril,Perindopril 4mg tablets 100 tablet (product),Perindopril,100.0,4 mg,Angiotensin-Converting Enzyme Inhibitors,False,False
1096511000001105,Perindopril,Perindopril 4mg tablets 30 tablet (product),Perindopril,30.0,4 mg,Angiotensin-Converting Enzyme Inhibitors,False,False
5537411000001104,Perindopril,Perindopril 4mg tablets 50 tablet (product),Perindopril,50.0,4 mg,Angiotensin-Converting Enzyme Inhibitors,False,False
8671311000001103,Perindopril,Perindopril 4mg/5ml oral suspension (product),Perindopril,,4 mg/5 ml,Angiotensin-Converting Enzyme Inhibitors,False,False
8647111000001108,Perindopril,Perindopril 4mg/5ml oral suspension (Special Order) (product),Perindopril,,4 mg/5 ml,Angiotensin-Converting Enzyme Inhibitors,False,False
8647311000001105,Perindopril,Perindopril 4mg/5ml oral suspension (Special Order) 1 ml (product),Perindopril,,4 mg/5 ml,Angiotensin-Converting Enzyme Inhibitors,False,False
8646911000001108,Perindopril,Perindopril 4mg/5ml oral suspension 1 ml (product),Perindopril,,4 mg/5 ml,Angiotensin-Converting Enzyme Inhibitors,False,False
10829111000001106,Perindopril,Perindopril 8mg tablets (A A H Pharmaceuticals Ltd) (product),Perindopril,,8 mg,Angiotensin-Converting Enzyme Inhibitors,False,False
10829211000001100,Perindopril,Perindopril 8mg tablets (A A H Pharmaceuticals Ltd) 30 tablet 3 x 10 tablets (product),Perindopril,30.0,8 mg,Angiotensin-Converting Enzyme Inhibitors,False,False
12498911000001107,Perindopril,Perindopril 8mg tablets (Actavis UK Ltd) (product),Perindopril,,8 mg,Angiotensin-Converting Enzyme Inhibitors,False,False
12499011000001103,Perindopril,Perindopril 8mg tablets (Actavis UK Ltd) 30 tablet 3 x 10 tablets (product),Perindopril,30.0,8 mg,Angiotensin-Converting Enzyme Inhibitors,False,False
13239611000001108,Perindopril,Perindopril 8mg tablets (Dowelhurst Ltd) (product),Perindopril,,8 mg,Angiotensin-Converting Enzyme Inhibitors,False,False
13239711000001104,Perindopril,Perindopril 8mg tablets (Dowelhurst Ltd) 30 tablet (product),Perindopril,30.0,8 mg,Angiotensin-Converting Enzyme Inhibitors,False,False
11925111000001106,Perindopril,Perindopril 8mg tablets (Kent Pharmaceuticals Ltd) (product),Perindopril,,8 mg,Angiotensin-Converting Enzyme Inhibitors,False,False
11925211000001100,Perindopril,Perindopril 8mg tablets (Kent Pharmaceuticals Ltd) 30 tablet 2 x 15 tablets (product),Perindopril,30.0,8 mg,Angiotensin-Converting Enzyme Inhibitors,False,False
3805811000001108,Perindopril,Perindopril 8mg tablets (product),Perindopril,,8 mg,Angiotensin-Converting Enzyme Inhibitors,False,False
11880111000001100,Perindopril,Perindopril 8mg tablets (Teva UK Ltd) (product),Perindopril,,8 mg,Angiotensin-Converting Enzyme Inhibitors,False,False
11880211000001106,Perindopril,Perindopril 8mg tablets (Teva UK Ltd) 30 tablet 3 x 10 tablets (product),Perindopril,30.0,8 mg,Angiotensin-Converting Enzyme Inhibitors,False,False
12061411000001103,Perindopril,Perindopril 8mg tablets (UniChem Ltd) (product),Perindopril,,8 mg,Angiotensin-Converting Enzyme Inhibitors,False,False
12061511000001104,Perindopril,Perindopril 8mg tablets (UniChem Ltd) 30 tablet (product),Perindopril,30.0,8 mg,Angiotensin-Converting Enzyme Inhibitors,False,False
3803611000001105,Perindopril,Perindopril 8mg tablets 30 tablet (product),Perindopril,30.0,8 mg,Angiotensin-Converting Enzyme Inhibitors,False,False
14057311000001102,Perindopril,Perindopril 8mg/5ml oral solution (product),Perindopril,,8 mg/5 ml,Angiotensin-Converting Enzyme Inhibitors,False,False
14032211000001108,Perindopril,Perindopril 8mg/5ml oral solution (Special Order) (product),Perindopril,,8 mg/5 ml,Angiotensin-Converting Enzyme Inhibitors,False,False
14032311000001100,Perindopril,Perindopril 8mg/5ml oral solution (Special Order) 1 ml (product),Perindopril,,8 mg/5 ml,Angiotensin-Converting Enzyme Inhibitors,False,False
14032111000001102,Perindopril,Perindopril 8mg/5ml oral solution 1 ml (product),Perindopril,,8 mg/5 ml,Angiotensin-Converting Enzyme Inhibitors,False,False
14057411000001109,Perindopril,Perindopril 8mg/5ml oral suspension (product),Perindopril,,8 mg/5 ml,Angiotensin-Converting Enzyme Inhibitors,False,False
14032511000001106,Perindopril,Perindopril 8mg/5ml oral suspension (Special Order) (product),Perindopril,,8 mg/5 ml,Angiotensin-Converting Enzyme Inhibitors,False,False
14032611000001105,Perindopril,Perindopril 8mg/5ml oral suspension (Special Order) 1 ml (product),Perindopril,,8 mg/5 ml,Angiotensin-Converting Enzyme Inhibitors,False,False
14032411000001107,Perindopril,Perindopril 8mg/5ml oral suspension 1 ml (product),Perindopril,,8 mg/5 ml,Angiotensin-Converting Enzyme Inhibitors,False,False
22209111000001100,Perindopril,Perindopril arginine (product),Perindopril,,,Angiotensin-Converting Enzyme Inhibitors,False,False
9752101000001100,Perindopril,PERINDOPRIL ARGININE (product),Perindopril,,,Angiotensin-Converting Enzyme Inhibitors,False,False
13304211000001107,Perindopril,Perindopril arginine (substance),Perindopril,,,Angiotensin-Converting Enzyme Inhibitors,False,False
22209311000001103,Perindopril,Perindopril arginine + Indapamide (product),Perindopril,,,Angiotensin-Converting Enzyme Inhibitors,False,True
13454111000001103,Perindopril,Perindopril arginine 10mg tablets (product),Perindopril,,10 mg,Angiotensin-Converting Enzyme Inhibitors,False,False
9808401000001100,Perindopril,PERINDOPRIL ARGININE 10mg tablets (product),Perindopril,,10 mg,Angiotensin-Converting Enzyme Inhibitors,False,False
13444511000001105,Perindopril,Perindopril arginine 10mg tablets 30 tablet (product),Perindopril,30.0,10 mg,Angiotensin-Converting Enzyme Inhibitors,False,False
13454211000001109,Perindopril,Perindopril arginine 2.5mg tablets (product),Perindopril,,2.5 mg,Angiotensin-Converting Enzyme Inhibitors,False,False
9808201000001104,Perindopril,PERINDOPRIL ARGININE 2.5mg tablets (product),Perindopril,,2.5 mg,Angiotensin-Converting Enzyme Inhibitors,False,False
13445111000001102,Perindopril,Perindopril arginine 2.5mg tablets 30 tablet (product),Perindopril,30.0,2.5 mg,Angiotensin-Converting Enzyme Inhibitors,False,False
13454311000001101,Perindopril,Perindopril arginine 5mg / Indapamide 1.25mg tablets (product),Perindopril,,5 mg,Angiotensin-Converting Enzyme Inhibitors,False,True
13444211000001107,Perindopril,Perindopril arginine 5mg / Indapamide 1.25mg tablets 30 tablet (product),Perindopril,30.0,5 mg,Angiotensin-Converting Enzyme Inhibitors,False,True
13454411000001108,Perindopril,Perindopril arginine 5mg tablets (product),Perindopril,,5 mg,Angiotensin-Converting Enzyme Inhibitors,False,False
9808301000001108,Perindopril,PERINDOPRIL ARGININE 5mg tablets (product),Perindopril,,5 mg,Angiotensin-Converting Enzyme Inhibitors,False,False
13444811000001108,Perindopril,Perindopril arginine 5mg tablets 30 tablet (product),Perindopril,30.0,5 mg,Angiotensin-Converting Enzyme Inhibitors,False,False
9808501000001101,Perindopril,PERINDOPRIL ARGININE+INDAPAMIDE 5mg/1.25mg tablets (product),Perindopril,,5 mg,Angiotensin-Converting Enzyme Inhibitors,False,True
22209011000001101,Perindopril,Perindopril erbumine (product),Perindopril,,,Angiotensin-Converting Enzyme Inhibitors,False,False
23983911000001106,Perindopril,Perindopril erbumine + Amlodipine (product),Perindopril,,,Angiotensin-Converting Enzyme Inhibitors,True,False
22209411000001105,Perindopril,Perindopril erbumine + Indapamide (product),Perindopril,,,Angiotensin-Converting Enzyme Inhibitors,False,True
602801000001102,Perindopril,Perindopril erbumine 2mg tablet - product,Perindopril,,2 mg,Angiotensin-Converting Enzyme Inhibitors,False,False
20638811000001103,Perindopril,Perindopril erbumine 2mg tablets (A A H Pharmaceuticals Ltd) 56 tablet 2 x 28 tablets (product),Perindopril,56.0,2 mg,Angiotensin-Converting Enzyme Inhibitors,False,False
21295411000001108,Perindopril,Perindopril erbumine 2mg tablets (Accord Healthcare Ltd) (product),Perindopril,,2 mg,Angiotensin-Converting Enzyme Inhibitors,False,False
21295711000001102,Perindopril,Perindopril erbumine 2mg tablets (Accord Healthcare Ltd) 30 tablet (product),Perindopril,30.0,2 mg,Angiotensin-Converting Enzyme Inhibitors,False,False
20971611000001109,Perindopril,Perindopril erbumine 2mg tablets (Alliance Healthcare (Distribution) Ltd) 56 tablet 2 x 28 tablets (product),Perindopril,56.0,2 mg,Angiotensin-Converting Enzyme Inhibitors,False,False
13767611000001103,Perindopril,Perindopril erbumine 2mg tablets (Apotex Europe Ltd) (product),Perindopril,,2 mg,Angiotensin-Converting Enzyme Inhibitors,False,False
13767711000001107,Perindopril,Perindopril erbumine 2mg tablets (Apotex Europe Ltd) 30 tablet 3 x 10 tablets (product),Perindopril,30.0,2 mg,Angiotensin-Converting Enzyme Inhibitors,False,False
22378611000001102,Perindopril,Perindopril erbumine 2mg tablets (Aurobindo Pharma Ltd) (product),Perindopril,,2 mg,Angiotensin-Converting Enzyme Inhibitors,False,False
22378711000001106,Perindopril,Perindopril erbumine 2mg tablets (Aurobindo Pharma Ltd) 30 tablet 3 x 10 tablets (product),Perindopril,30.0,2 mg,Angiotensin-Converting Enzyme Inhibitors,False,False
14126011000001109,Perindopril,Perindopril erbumine 2mg tablets (Consilient Health Ltd) (product),Perindopril,,2 mg,Angiotensin-Converting Enzyme Inhibitors,False,False
14126211000001104,Perindopril,Perindopril erbumine 2mg tablets (Consilient Health Ltd) 30 tablet (product),Perindopril,30.0,2 mg,Angiotensin-Converting Enzyme Inhibitors,False,False
30075311000001109,Perindopril,Perindopril erbumine 2mg tablets (DE Pharmaceuticals) (product),Perindopril,,2 mg,Angiotensin-Converting Enzyme Inhibitors,False,False
30075411000001102,Perindopril,Perindopril erbumine 2mg tablets (DE Pharmaceuticals) 30 tablet (product),Perindopril,30.0,2 mg,Angiotensin-Converting Enzyme Inhibitors,False,False
16631411000001104,Perindopril,Perindopril erbumine 2mg tablets (Generics (UK) Ltd) (product),Perindopril,,2 mg,Angiotensin-Converting Enzyme Inhibitors,False,False
16631511000001100,Perindopril,Perindopril erbumine 2mg tablets (Generics (UK) Ltd) 30 tablet 3 x 10 tablets (product),Perindopril,30.0,2 mg,Angiotensin-Converting Enzyme Inhibitors,False,False
15639011000001109,Perindopril,Perindopril erbumine 2mg tablets (Glenmark Generics (Europe) Ltd) (product),Perindopril,,2 mg,Angiotensin-Converting Enzyme Inhibitors,False,False
15639111000001105,Perindopril,Perindopril erbumine 2mg tablets (Glenmark Generics (Europe) Ltd) 30 tablet 3 x 10 tablets (product),Perindopril,30.0,2 mg,Angiotensin-Converting Enzyme Inhibitors,False,False
19689911000001106,Perindopril,Perindopril erbumine 2mg tablets (Glenmark Generics (Europe) Ltd) 56 tablet 2 x 28 tablets (product),Perindopril,56.0,2 mg,Angiotensin-Converting Enzyme Inhibitors,False,False
19689711000001109,Perindopril,Perindopril erbumine 2mg tablets (Glenmark Generics (Europe) Ltd) 60 tablet 6 x 10 tablets (product),Perindopril,60.0,2 mg,Angiotensin-Converting Enzyme Inhibitors,False,False
37126511000001107,Perindopril,Perindopril erbumine 2mg tablets (Mawdsley-Brooks & Company Ltd) (product),Perindopril,,2 mg,Angiotensin-Converting Enzyme Inhibitors,False,False
37126611000001106,Perindopril,Perindopril erbumine 2mg tablets (Mawdsley-Brooks & Company Ltd) 30 tablet (product),Perindopril,30.0,2 mg,Angiotensin-Converting Enzyme Inhibitors,False,False
17955511000001101,Perindopril,Perindopril erbumine 2mg tablets (Phoenix Healthcare Distribution Ltd) (product),Perindopril,,2 mg,Angiotensin-Converting Enzyme Inhibitors,False,False
17955611000001102,Perindopril,Perindopril erbumine 2mg tablets (Phoenix Healthcare Distribution Ltd) 30 tablet (product),Perindopril,30.0,2 mg,Angiotensin-Converting Enzyme Inhibitors,False,False
16213611000001106,Perindopril,Perindopril erbumine 2mg tablets (Ranbaxy (UK) Ltd) (product),Perindopril,,2 mg,Angiotensin-Converting Enzyme Inhibitors,False,False
16213711000001102,Perindopril,Perindopril erbumine 2mg tablets (Ranbaxy (UK) Ltd) 30 tablet 3 x 10 tablets (product),Perindopril,30.0,2 mg,Angiotensin-Converting Enzyme Inhibitors,False,False
13651711000001102,Perindopril,Perindopril erbumine 2mg tablets (Sandoz Ltd) (product),Perindopril,,2 mg,Angiotensin-Converting Enzyme Inhibitors,False,False
13651911000001100,Perindopril,Perindopril erbumine 2mg tablets (Sandoz Ltd) 30 tablet 3 x 10 tablets (product),Perindopril,30.0,2 mg,Angiotensin-Converting Enzyme Inhibitors,False,False
15156311000001100,Perindopril,Perindopril erbumine 2mg tablets (Sigma Pharmaceuticals Plc) (product),Perindopril,,2 mg,Angiotensin-Converting Enzyme Inhibitors,False,False
15156511000001106,Perindopril,Perindopril erbumine 2mg tablets (Sigma Pharmaceuticals Plc) 30 tablet (product),Perindopril,30.0,2 mg,Angiotensin-Converting Enzyme Inhibitors,False,False
18426311000001107,Perindopril,Perindopril erbumine 2mg tablets (Somex Pharma) (product),Perindopril,,2 mg,Angiotensin-Converting Enzyme Inhibitors,False,False
18426411000001100,Perindopril,Perindopril erbumine 2mg tablets (Somex Pharma) 30 tablet 3 x 10 tablets (product),Perindopril,30.0,2 mg,Angiotensin-Converting Enzyme Inhibitors,False,False
26782611000001107,Perindopril,Perindopril erbumine 2mg tablets (Tillomed Laboratories Ltd) (product),Perindopril,,2 mg,Angiotensin-Converting Enzyme Inhibitors,False,False
26782811000001106,Perindopril,Perindopril erbumine 2mg tablets (Tillomed Laboratories Ltd) 30 tablet (product),Perindopril,30.0,2 mg,Angiotensin-Converting Enzyme Inhibitors,False,False
36838711000001105,Perindopril,Perindopril erbumine 2mg tablets (Torrent Pharma (UK) Ltd) (product),Perindopril,,2 mg,Angiotensin-Converting Enzyme Inhibitors,False,False
36838911000001107,Perindopril,Perindopril erbumine 2mg tablets (Torrent Pharma (UK) Ltd) 30 tablet (product),Perindopril,30.0,2 mg,Angiotensin-Converting Enzyme Inhibitors,False,False
21845111000001102,Perindopril,Perindopril erbumine 2mg tablets (Waymade Healthcare Plc) (product),Perindopril,,2 mg,Angiotensin-Converting Enzyme Inhibitors,False,False
21845211000001108,Perindopril,Perindopril erbumine 2mg tablets (Waymade Healthcare Plc) 30 tablet (product),Perindopril,30.0,2 mg,Angiotensin-Converting Enzyme Inhibitors,False,False
21845311000001100,Perindopril,Perindopril erbumine 2mg tablets (Waymade Healthcare Plc) 56 tablet (product),Perindopril,56.0,2 mg,Angiotensin-Converting Enzyme Inhibitors,False,False
19689811000001101,Perindopril,Perindopril erbumine 2mg tablets 56 tablet (product),Perindopril,56.0,2 mg,Angiotensin-Converting Enzyme Inhibitors,False,False
19689611000001100,Perindopril,Perindopril erbumine 2mg tablets 60 tablet (product),Perindopril,60.0,2 mg,Angiotensin-Converting Enzyme Inhibitors,False,False
32880611000001107,Perindopril,Perindopril erbumine 3mg/5ml oral solution (product),Perindopril,,3 mg/5 ml,Angiotensin-Converting Enzyme Inhibitors,False,False
32875411000001106,Perindopril,Perindopril erbumine 3mg/5ml oral solution (Special Order) (product),Perindopril,,3 mg/5 ml,Angiotensin-Converting Enzyme Inhibitors,False,False
32875611000001109,Perindopril,Perindopril erbumine 3mg/5ml oral solution (Special Order) 1 ml (product),Perindopril,,3 mg/5 ml,Angiotensin-Converting Enzyme Inhibitors,False,False
32875311000001104,Perindopril,Perindopril erbumine 3mg/5ml oral solution 1 ml (product),Perindopril,,3 mg/5 ml,Angiotensin-Converting Enzyme Inhibitors,False,False
24618911000001101,Perindopril,Perindopril erbumine 4mg / Amlodipine 10mg tablets (A A H Pharmaceuticals Ltd) (product),Perindopril,,4 mg,Angiotensin-Converting Enzyme Inhibitors,True,False
24619011000001105,Perindopril,Perindopril erbumine 4mg / Amlodipine 10mg tablets (A A H Pharmaceuticals Ltd) 30 tablet 3 x 10 tablets (product),Perindopril,30.0,4 mg,Angiotensin-Converting Enzyme Inhibitors,True,False
24603311000001108,Perindopril,Perindopril erbumine 4mg / Amlodipine 10mg tablets (Alliance Healthcare (Distribution) Ltd) (product),Perindopril,,4 mg,Angiotensin-Converting Enzyme Inhibitors,True,False
24603411000001101,Perindopril,Perindopril erbumine 4mg / Amlodipine 10mg tablets (Alliance Healthcare (Distribution) Ltd) 30 tablet 3 x 10 tablets (product),Perindopril,30.0,4 mg,Angiotensin-Converting Enzyme Inhibitors,True,False
23972111000001105,Perindopril,Perindopril erbumine 4mg / Amlodipine 10mg tablets (Consilient Health Ltd) (product),Perindopril,,4 mg,Angiotensin-Converting Enzyme Inhibitors,True,False
23972211000001104,Perindopril,Perindopril erbumine 4mg / Amlodipine 10mg tablets (Consilient Health Ltd) 30 tablet 3 x 10 tablets (product),Perindopril,30.0,4 mg,Angiotensin-Converting Enzyme Inhibitors,True,False
23984911000001108,Perindopril,Perindopril erbumine 4mg / Amlodipine 10mg tablets (product),Perindopril,,4 mg,Angiotensin-Converting Enzyme Inhibitors,True,False
23972011000001109,Perindopril,Perindopril erbumine 4mg / Amlodipine 10mg tablets 30 tablet (product),Perindopril,30.0,4 mg,Angiotensin-Converting Enzyme Inhibitors,True,False
24618711000001103,Perindopril,Perindopril erbumine 4mg / Amlodipine 5mg tablets (A A H Pharmaceuticals Ltd) (product),Perindopril,,4 mg,Angiotensin-Converting Enzyme Inhibitors,True,False
24618811000001106,Perindopril,Perindopril erbumine 4mg / Amlodipine 5mg tablets (A A H Pharmaceuticals Ltd) 30 tablet 3 x 10 tablets (product),Perindopril,30.0,4 mg,Angiotensin-Converting Enzyme Inhibitors,True,False
24603111000001106,Perindopril,Perindopril erbumine 4mg / Amlodipine 5mg tablets (Alliance Healthcare (Distribution) Ltd) (product),Perindopril,,4 mg,Angiotensin-Converting Enzyme Inhibitors,True,False
24603211000001100,Perindopril,Perindopril erbumine 4mg / Amlodipine 5mg tablets (Alliance Healthcare (Distribution) Ltd) 30 tablet 3 x 10 tablets (product),Perindopril,30.0,4 mg,Angiotensin-Converting Enzyme Inhibitors,True,False
23971811000001107,Perindopril,Perindopril erbumine 4mg / Amlodipine 5mg tablets (Consilient Health Ltd) (product),Perindopril,,4 mg,Angiotensin-Converting Enzyme Inhibitors,True,False
23971911000001102,Perindopril,Perindopril erbumine 4mg / Amlodipine 5mg tablets (Consilient Health Ltd) 30 tablet 3 x 10 tablets (product),Perindopril,30.0,4 mg,Angiotensin-Converting Enzyme Inhibitors,True,False
23985011000001108,Perindopril,Perindopril erbumine 4mg / Amlodipine 5mg tablets (product),Perindopril,,4 mg,Angiotensin-Converting Enzyme Inhibitors,True,False
23971711000001104,Perindopril,Perindopril erbumine 4mg / Amlodipine 5mg tablets 30 tablet (product),Perindopril,30.0,4 mg,Angiotensin-Converting Enzyme Inhibitors,True,False
18311211000001107,Perindopril,Perindopril erbumine 4mg / Indapamide 1.25mg tablets (A A H Pharmaceuticals Ltd) (product),Perindopril,,4 mg,Angiotensin-Converting Enzyme Inhibitors,False,True
18311311000001104,Perindopril,Perindopril erbumine 4mg / Indapamide 1.25mg tablets (A A H Pharmaceuticals Ltd) 30 tablet 3 x 10 tablets (product),Perindopril,30.0,4 mg,Angiotensin-Converting Enzyme Inhibitors,False,True
16641511000001101,Perindopril,Perindopril erbumine 4mg / Indapamide 1.25mg tablets (Alliance Healthcare (Distribution) Ltd) (product),Perindopril,,4 mg,Angiotensin-Converting Enzyme Inhibitors,False,True
16641611000001102,Perindopril,Perindopril erbumine 4mg / Indapamide 1.25mg tablets (Alliance Healthcare (Distribution) Ltd) 30 tablet 3 x 10 tablets (product),Perindopril,30.0,4 mg,Angiotensin-Converting Enzyme Inhibitors,False,True
16083211000001102,Perindopril,Perindopril erbumine 4mg / Indapamide 1.25mg tablets (Ratiopharm UK Ltd) (product),Perindopril,,4 mg,Angiotensin-Converting Enzyme Inhibitors,False,True
16083411000001103,Perindopril,Perindopril erbumine 4mg / Indapamide 1.25mg tablets (Ratiopharm UK Ltd) 30 tablet 3 x 10 tablets (product),Perindopril,30.0,4 mg,Angiotensin-Converting Enzyme Inhibitors,False,True
673501000001104,Perindopril,Perindopril erbumine 4mg tablet - product,Perindopril,,4 mg,Angiotensin-Converting Enzyme Inhibitors,False,False
20501211000001107,Perindopril,Perindopril erbumine 4mg tablets (A A H Pharmaceuticals Ltd) 56 tablet 2 x 28 tablets (product),Perindopril,56.0,4 mg,Angiotensin-Converting Enzyme Inhibitors,False,False
21296211000001103,Perindopril,Perindopril erbumine 4mg tablets (Accord Healthcare Ltd) (product),Perindopril,,4 mg,Angiotensin-Converting Enzyme Inhibitors,False,False
21296411000001104,Perindopril,Perindopril erbumine 4mg tablets (Accord Healthcare Ltd) 30 tablet (product),Perindopril,30.0,4 mg,Angiotensin-Converting Enzyme Inhibitors,False,False
20971711000001100,Perindopril,Perindopril erbumine 4mg tablets (Alliance Healthcare (Distribution) Ltd) 56 tablet 2 x 28 tablets (product),Perindopril,56.0,4 mg,Angiotensin-Converting Enzyme Inhibitors,False,False
13767811000001104,Perindopril,Perindopril erbumine 4mg tablets (Apotex Europe Ltd) (product),Perindopril,,4 mg,Angiotensin-Converting Enzyme Inhibitors,False,False
13767911000001109,Perindopril,Perindopril erbumine 4mg tablets (Apotex Europe Ltd) 30 tablet 3 x 10 tablets (product),Perindopril,30.0,4 mg,Angiotensin-Converting Enzyme Inhibitors,False,False
22378411000001100,Perindopril,Perindopril erbumine 4mg tablets (Aurobindo Pharma Ltd) (product),Perindopril,,4 mg,Angiotensin-Converting Enzyme Inhibitors,False,False
22378511000001101,Perindopril,Perindopril erbumine 4mg tablets (Aurobindo Pharma Ltd) 30 tablet 3 x 10 tablets (product),Perindopril,30.0,4 mg,Angiotensin-Converting Enzyme Inhibitors,False,False
14126311000001107,Perindopril,Perindopril erbumine 4mg tablets (Consilient Health Ltd) (product),Perindopril,,4 mg,Angiotensin-Converting Enzyme Inhibitors,False,False
14126811000001103,Perindopril,Perindopril erbumine 4mg tablets (Consilient Health Ltd) 30 tablet (product),Perindopril,30.0,4 mg,Angiotensin-Converting Enzyme Inhibitors,False,False
30075511000001103,Perindopril,Perindopril erbumine 4mg tablets (DE Pharmaceuticals) (product),Perindopril,,4 mg,Angiotensin-Converting Enzyme Inhibitors,False,False
30075611000001104,Perindopril,Perindopril erbumine 4mg tablets (DE Pharmaceuticals) 30 tablet (product),Perindopril,30.0,4 mg,Angiotensin-Converting Enzyme Inhibitors,False,False
16631211000001103,Perindopril,Perindopril erbumine 4mg tablets (Generics (UK) Ltd) (product),Perindopril,,4 mg,Angiotensin-Converting Enzyme Inhibitors,False,False
16631311000001106,Perindopril,Perindopril erbumine 4mg tablets (Generics (UK) Ltd) 30 tablet 3 x 10 tablets (product),Perindopril,30.0,4 mg,Angiotensin-Converting Enzyme Inhibitors,False,False
15639211000001104,Perindopril,Perindopril erbumine 4mg tablets (Glenmark Generics (Europe) Ltd) (product),Perindopril,,4 mg,Angiotensin-Converting Enzyme Inhibitors,False,False
15639411000001100,Perindopril,Perindopril erbumine 4mg tablets (Glenmark Generics (Europe) Ltd) 30 tablet 3 x 10 tablets (product),Perindopril,30.0,4 mg,Angiotensin-Converting Enzyme Inhibitors,False,False
19689511000001104,Perindopril,Perindopril erbumine 4mg tablets (Glenmark Generics (Europe) Ltd) 56 tablet 2 x 28 tablets (product),Perindopril,56.0,4 mg,Angiotensin-Converting Enzyme Inhibitors,False,False
19689311000001105,Perindopril,Perindopril erbumine 4mg tablets (Glenmark Generics (Europe) Ltd) 60 tablet 6 x 10 tablets (product),Perindopril,60.0,4 mg,Angiotensin-Converting Enzyme Inhibitors,False,False
30856611000001105,Perindopril,Perindopril erbumine 4mg tablets (Mawdsley-Brooks & Company Ltd) (product),Perindopril,,4 mg,Angiotensin-Converting Enzyme Inhibitors,False,False
30856711000001101,Perindopril,Perindopril erbumine 4mg tablets (Mawdsley-Brooks & Company Ltd) 30 tablet (product),Perindopril,30.0,4 mg,Angiotensin-Converting Enzyme Inhibitors,False,False
17955711000001106,Perindopril,Perindopril erbumine 4mg tablets (Phoenix Healthcare Distribution Ltd) (product),Perindopril,,4 mg,Angiotensin-Converting Enzyme Inhibitors,False,False
17955811000001103,Perindopril,Perindopril erbumine 4mg tablets (Phoenix Healthcare Distribution Ltd) 30 tablet (product),Perindopril,30.0,4 mg,Angiotensin-Converting Enzyme Inhibitors,False,False
16213911000001100,Perindopril,Perindopril erbumine 4mg tablets (Ranbaxy (UK) Ltd) (product),Perindopril,,4 mg,Angiotensin-Converting Enzyme Inhibitors,False,False
16214011000001102,Perindopril,Perindopril erbumine 4mg tablets (Ranbaxy (UK) Ltd) 30 tablet 3 x 10 tablets (product),Perindopril,30.0,4 mg,Angiotensin-Converting Enzyme Inhibitors,False,False
13652011000001107,Perindopril,Perindopril erbumine 4mg tablets (Sandoz Ltd) (product),Perindopril,,4 mg,Angiotensin-Converting Enzyme Inhibitors,False,False
13652111000001108,Perindopril,Perindopril erbumine 4mg tablets (Sandoz Ltd) 30 tablet 3 x 10 tablets (product),Perindopril,30.0,4 mg,Angiotensin-Converting Enzyme Inhibitors,False,False
15156711000001101,Perindopril,Perindopril erbumine 4mg tablets (Sigma Pharmaceuticals Plc) (product),Perindopril,,4 mg,Angiotensin-Converting Enzyme Inhibitors,False,False
15156911000001104,Perindopril,Perindopril erbumine 4mg tablets (Sigma Pharmaceuticals Plc) 30 tablet (product),Perindopril,30.0,4 mg,Angiotensin-Converting Enzyme Inhibitors,False,False
18426911000001108,Perindopril,Perindopril erbumine 4mg tablets (Somex Pharma) (product),Perindopril,,4 mg,Angiotensin-Converting Enzyme Inhibitors,False,False
18427711000001109,Perindopril,Perindopril erbumine 4mg tablets (Somex Pharma) 30 tablet 3 x 10 tablets (product),Perindopril,30.0,4 mg,Angiotensin-Converting Enzyme Inhibitors,False,False
26783111000001105,Perindopril,Perindopril erbumine 4mg tablets (Tillomed Laboratories Ltd) (product),Perindopril,,4 mg,Angiotensin-Converting Enzyme Inhibitors,False,False
26783211000001104,Perindopril,Perindopril erbumine 4mg tablets (Tillomed Laboratories Ltd) 30 tablet (product),Perindopril,30.0,4 mg,Angiotensin-Converting Enzyme Inhibitors,False,False
36839011000001103,Perindopril,Perindopril erbumine 4mg tablets (Torrent Pharma (UK) Ltd) (product),Perindopril,,4 mg,Angiotensin-Converting Enzyme Inhibitors,False,False
36839211000001108,Perindopril,Perindopril erbumine 4mg tablets (Torrent Pharma (UK) Ltd) 30 tablet (product),Perindopril,30.0,4 mg,Angiotensin-Converting Enzyme Inhibitors,False,False
21845411000001107,Perindopril,Perindopril erbumine 4mg tablets (Waymade Healthcare Plc) (product),Perindopril,,4 mg,Angiotensin-Converting Enzyme Inhibitors,False,False
21845511000001106,Perindopril,Perindopril erbumine 4mg tablets (Waymade Healthcare Plc) 30 tablet (product),Perindopril,30.0,4 mg,Angiotensin-Converting Enzyme Inhibitors,False,False
21845611000001105,Perindopril,Perindopril erbumine 4mg tablets (Waymade Healthcare Plc) 56 tablet (product),Perindopril,56.0,4 mg,Angiotensin-Converting Enzyme Inhibitors,False,False
19689411000001103,Perindopril,Perindopril erbumine 4mg tablets 56 tablet (product),Perindopril,56.0,4 mg,Angiotensin-Converting Enzyme Inhibitors,False,False
19689211000001102,Perindopril,Perindopril erbumine 4mg tablets 60 tablet (product),Perindopril,60.0,4 mg,Angiotensin-Converting Enzyme Inhibitors,False,False
23395011000001104,Perindopril,Perindopril erbumine 4mg/5ml oral solution (Drug Tariff Special Order) (product),Perindopril,,4 mg/5 ml,Angiotensin-Converting Enzyme Inhibitors,False,False
23395211000001109,Perindopril,Perindopril erbumine 4mg/5ml oral solution (Drug Tariff Special Order) 1 ml (product),Perindopril,,4 mg/5 ml,Angiotensin-Converting Enzyme Inhibitors,False,False
23395111000001103,Perindopril,Perindopril erbumine 4mg/5ml oral solution (Drug Tariff Special Order) 150 ml (product),Perindopril,,4 mg/5 ml,Angiotensin-Converting Enzyme Inhibitors,False,False
23471511000001106,Perindopril,Perindopril erbumine 4mg/5ml oral solution (product),Perindopril,,4 mg/5 ml,Angiotensin-Converting Enzyme Inhibitors,False,False
23394811000001109,Perindopril,Perindopril erbumine 4mg/5ml oral solution 1 ml (product),Perindopril,,4 mg/5 ml,Angiotensin-Converting Enzyme Inhibitors,False,False
23394911000001104,Perindopril,Perindopril erbumine 4mg/5ml oral solution 150 ml (product),Perindopril,,4 mg/5 ml,Angiotensin-Converting Enzyme Inhibitors,False,False
23395411000001108,Perindopril,Perindopril erbumine 4mg/5ml oral suspension (Drug Tariff Special Order) 100 ml (product),Perindopril,,4 mg/5 ml,Angiotensin-Converting Enzyme Inhibitors,False,False
23395311000001101,Perindopril,Perindopril erbumine 4mg/5ml oral suspension 100 ml (product),Perindopril,,4 mg/5 ml,Angiotensin-Converting Enzyme Inhibitors,False,False
24619311000001108,Perindopril,Perindopril erbumine 8mg / Amlodipine 10mg tablets (A A H Pharmaceuticals Ltd) (product),Perindopril,,8 mg,Angiotensin-Converting Enzyme Inhibitors,True,False
24619411000001101,Perindopril,Perindopril erbumine 8mg / Amlodipine 10mg tablets (A A H Pharmaceuticals Ltd) 30 tablet 3 x 10 tablets (product),Perindopril,30.0,8 mg,Angiotensin-Converting Enzyme Inhibitors,True,False
24603711000001107,Perindopril,Perindopril erbumine 8mg / Amlodipine 10mg tablets (Alliance Healthcare (Distribution) Ltd) (product),Perindopril,,8 mg,Angiotensin-Converting Enzyme Inhibitors,True,False
24603811000001104,Perindopril,Perindopril erbumine 8mg / Amlodipine 10mg tablets (Alliance Healthcare (Distribution) Ltd) 30 tablet 3 x 10 tablets (product),Perindopril,30.0,8 mg,Angiotensin-Converting Enzyme Inhibitors,True,False
23972411000001100,Perindopril,Perindopril erbumine 8mg / Amlodipine 10mg tablets (Consilient Health Ltd) (product),Perindopril,,8 mg,Angiotensin-Converting Enzyme Inhibitors,True,False
23972511000001101,Perindopril,Perindopril erbumine 8mg / Amlodipine 10mg tablets (Consilient Health Ltd) 30 tablet 3 x 10 tablets (product),Perindopril,30.0,8 mg,Angiotensin-Converting Enzyme Inhibitors,True,False
23985111000001109,Perindopril,Perindopril erbumine 8mg / Amlodipine 10mg tablets (product),Perindopril,,8 mg,Angiotensin-Converting Enzyme Inhibitors,True,False
23972311000001107,Perindopril,Perindopril erbumine 8mg / Amlodipine 10mg tablets 30 tablet (product),Perindopril,30.0,8 mg,Angiotensin-Converting Enzyme Inhibitors,True,False
24619111000001106,Perindopril,Perindopril erbumine 8mg / Amlodipine 5mg tablets (A A H Pharmaceuticals Ltd) (product),Perindopril,,8 mg,Angiotensin-Converting Enzyme Inhibitors,True,False
24619211000001100,Perindopril,Perindopril erbumine 8mg / Amlodipine 5mg tablets (A A H Pharmaceuticals Ltd) 30 tablet 3 x 10 tablets (product),Perindopril,30.0,8 mg,Angiotensin-Converting Enzyme Inhibitors,True,False
24603511000001102,Perindopril,Perindopril erbumine 8mg / Amlodipine 5mg tablets (Alliance Healthcare (Distribution) Ltd) (product),Perindopril,,8 mg,Angiotensin-Converting Enzyme Inhibitors,True,False
24603611000001103,Perindopril,Perindopril erbumine 8mg / Amlodipine 5mg tablets (Alliance Healthcare (Distribution) Ltd) 30 tablet 3 x 10 tablets (product),Perindopril,30.0,8 mg,Angiotensin-Converting Enzyme Inhibitors,True,False
23972711000001106,Perindopril,Perindopril erbumine 8mg / Amlodipine 5mg tablets (Consilient Health Ltd) (product),Perindopril,,8 mg,Angiotensin-Converting Enzyme Inhibitors,True,False
23972811000001103,Perindopril,Perindopril erbumine 8mg / Amlodipine 5mg tablets (Consilient Health Ltd) 30 tablet 3 x 10 tablets (product),Perindopril,30.0,8 mg,Angiotensin-Converting Enzyme Inhibitors,True,False
23985211000001103,Perindopril,Perindopril erbumine 8mg / Amlodipine 5mg tablets (product),Perindopril,,8 mg,Angiotensin-Converting Enzyme Inhibitors,True,False
23972611000001102,Perindopril,Perindopril erbumine 8mg / Amlodipine 5mg tablets 30 tablet (product),Perindopril,30.0,8 mg,Angiotensin-Converting Enzyme Inhibitors,True,False
4218001000001101,Perindopril,Perindopril erbumine 8mg tablet - product,Perindopril,,8 mg,Angiotensin-Converting Enzyme Inhibitors,False,False
20501311000001104,Perindopril,Perindopril erbumine 8mg tablets (A A H Pharmaceuticals Ltd) 56 tablet 2 x 28 tablets (product),Perindopril,56.0,8 mg,Angiotensin-Converting Enzyme Inhibitors,False,False
20168911000001102,Perindopril,Perindopril erbumine 8mg tablets (Accord Healthcare Ltd) (product),Perindopril,,8 mg,Angiotensin-Converting Enzyme Inhibitors,False,False
21296511000001100,Perindopril,Perindopril erbumine 8mg tablets (Accord Healthcare Ltd) (product),Perindopril,,8 mg,Angiotensin-Converting Enzyme Inhibitors,False,False
20169111000001107,Perindopril,Perindopril erbumine 8mg tablets (Accord Healthcare Ltd) 28 tablet (product),Perindopril,28.0,8 mg,Angiotensin-Converting Enzyme Inhibitors,False,False
21296711000001105,Perindopril,Perindopril erbumine 8mg tablets (Accord Healthcare Ltd) 30 tablet (product),Perindopril,30.0,8 mg,Angiotensin-Converting Enzyme Inhibitors,False,False
20971811000001108,Perindopril,Perindopril erbumine 8mg tablets (Alliance Healthcare (Distribution) Ltd) 56 tablet 2 x 28 tablets (product),Perindopril,56.0,8 mg,Angiotensin-Converting Enzyme Inhibitors,False,False
13768011000001106,Perindopril,Perindopril erbumine 8mg tablets (Apotex Europe Ltd) (product),Perindopril,,8 mg,Angiotensin-Converting Enzyme Inhibitors,False,False
13768111000001107,Perindopril,Perindopril erbumine 8mg tablets (Apotex Europe Ltd) 30 tablet 3 x 10 tablets (product),Perindopril,30.0,8 mg,Angiotensin-Converting Enzyme Inhibitors,False,False
22378211000001104,Perindopril,Perindopril erbumine 8mg tablets (Aurobindo Pharma Ltd) (product),Perindopril,,8 mg,Angiotensin-Converting Enzyme Inhibitors,False,False
22378311000001107,Perindopril,Perindopril erbumine 8mg tablets (Aurobindo Pharma Ltd) 30 tablet 3 x 10 tablets (product),Perindopril,30.0,8 mg,Angiotensin-Converting Enzyme Inhibitors,False,False
17218111000001108,Perindopril,Perindopril erbumine 8mg tablets (Consilient Health Ltd) (product),Perindopril,,8 mg,Angiotensin-Converting Enzyme Inhibitors,False,False
17218211000001102,Perindopril,Perindopril erbumine 8mg tablets (Consilient Health Ltd) 30 tablet 3 x 10 tablets (product),Perindopril,30.0,8 mg,Angiotensin-Converting Enzyme Inhibitors,False,False
30075711000001108,Perindopril,Perindopril erbumine 8mg tablets (DE Pharmaceuticals) (product),Perindopril,,8 mg,Angiotensin-Converting Enzyme Inhibitors,False,False
30075811000001100,Perindopril,Perindopril erbumine 8mg tablets (DE Pharmaceuticals) 30 tablet (product),Perindopril,30.0,8 mg,Angiotensin-Converting Enzyme Inhibitors,False,False
16631011000001108,Perindopril,Perindopril erbumine 8mg tablets (Generics (UK) Ltd) (product),Perindopril,,8 mg,Angiotensin-Converting Enzyme Inhibitors,False,False
16631111000001109,Perindopril,Perindopril erbumine 8mg tablets (Generics (UK) Ltd) 30 tablet 3 x 10 tablets (product),Perindopril,30.0,8 mg,Angiotensin-Converting Enzyme Inhibitors,False,False
15639611000001102,Perindopril,Perindopril erbumine 8mg tablets (Glenmark Generics (Europe) Ltd) (product),Perindopril,,8 mg,Angiotensin-Converting Enzyme Inhibitors,False,False
15639711000001106,Perindopril,Perindopril erbumine 8mg tablets (Glenmark Generics (Europe) Ltd) 30 tablet 3 x 10 tablets (product),Perindopril,30.0,8 mg,Angiotensin-Converting Enzyme Inhibitors,False,False
19690311000001100,Perindopril,Perindopril erbumine 8mg tablets (Glenmark Generics (Europe) Ltd) 56 tablet 2 x 28 tablets (product),Perindopril,56.0,8 mg,Angiotensin-Converting Enzyme Inhibitors,False,False
19690111000001102,Perindopril,Perindopril erbumine 8mg tablets (Glenmark Generics (Europe) Ltd) 60 tablet 6 x 10 tablets (product),Perindopril,60.0,8 mg,Angiotensin-Converting Enzyme Inhibitors,False,False
30856811000001109,Perindopril,Perindopril erbumine 8mg tablets (Mawdsley-Brooks & Company Ltd) (product),Perindopril,,8 mg,Angiotensin-Converting Enzyme Inhibitors,False,False
30856911000001104,Perindopril,Perindopril erbumine 8mg tablets (Mawdsley-Brooks & Company Ltd) 30 tablet (product),Perindopril,30.0,8 mg,Angiotensin-Converting Enzyme Inhibitors,False,False
17955911000001108,Perindopril,Perindopril erbumine 8mg tablets (Phoenix Healthcare Distribution Ltd) (product),Perindopril,,8 mg,Angiotensin-Converting Enzyme Inhibitors,False,False
17956011000001100,Perindopril,Perindopril erbumine 8mg tablets (Phoenix Healthcare Distribution Ltd) 30 tablet (product),Perindopril,30.0,8 mg,Angiotensin-Converting Enzyme Inhibitors,False,False
20104111000001105,Perindopril,Perindopril erbumine 8mg tablets (Ranbaxy (UK) Ltd) (product),Perindopril,,8 mg,Angiotensin-Converting Enzyme Inhibitors,False,False
20104311000001107,Perindopril,Perindopril erbumine 8mg tablets (Ranbaxy (UK) Ltd) 30 tablet 3 x 10 tablets (product),Perindopril,30.0,8 mg,Angiotensin-Converting Enzyme Inhibitors,False,False
20319211000001109,Perindopril,Perindopril erbumine 8mg tablets (Sandoz Ltd) (product),Perindopril,,8 mg,Angiotensin-Converting Enzyme Inhibitors,False,False
20319311000001101,Perindopril,Perindopril erbumine 8mg tablets (Sandoz Ltd) 30 tablet (product),Perindopril,30.0,8 mg,Angiotensin-Converting Enzyme Inhibitors,False,False
15157111000001104,Perindopril,Perindopril erbumine 8mg tablets (Sigma Pharmaceuticals Plc) (product),Perindopril,,8 mg,Angiotensin-Converting Enzyme Inhibitors,False,False
15157311000001102,Perindopril,Perindopril erbumine 8mg tablets (Sigma Pharmaceuticals Plc) 30 tablet (product),Perindopril,30.0,8 mg,Angiotensin-Converting Enzyme Inhibitors,False,False
18428311000001106,Perindopril,Perindopril erbumine 8mg tablets (Somex Pharma) (product),Perindopril,,8 mg,Angiotensin-Converting Enzyme Inhibitors,False,False
18428411000001104,Perindopril,Perindopril erbumine 8mg tablets (Somex Pharma) 30 tablet 3 x 10 tablets (product),Perindopril,30.0,8 mg,Angiotensin-Converting Enzyme Inhibitors,False,False
26783411000001100,Perindopril,Perindopril erbumine 8mg tablets (Tillomed Laboratories Ltd) (product),Perindopril,,8 mg,Angiotensin-Converting Enzyme Inhibitors,False,False
26783611000001102,Perindopril,Perindopril erbumine 8mg tablets (Tillomed Laboratories Ltd) 30 tablet (product),Perindopril,30.0,8 mg,Angiotensin-Converting Enzyme Inhibitors,False,False
36839511000001106,Perindopril,Perindopril erbumine 8mg tablets (Torrent Pharma (UK) Ltd) (product),Perindopril,,8 mg,Angiotensin-Converting Enzyme Inhibitors,False,False
36839611000001105,Perindopril,Perindopril erbumine 8mg tablets (Torrent Pharma (UK) Ltd) 30 tablet (product),Perindopril,30.0,8 mg,Angiotensin-Converting Enzyme Inhibitors,False,False
21845711000001101,Perindopril,Perindopril erbumine 8mg tablets (Waymade Healthcare Plc) (product),Perindopril,,8 mg,Angiotensin-Converting Enzyme Inhibitors,False,False
21845811000001109,Perindopril,Perindopril erbumine 8mg tablets (Waymade Healthcare Plc) 30 tablet (product),Perindopril,30.0,8 mg,Angiotensin-Converting Enzyme Inhibitors,False,False
21845911000001104,Perindopril,Perindopril erbumine 8mg tablets (Waymade Healthcare Plc) 56 tablet (product),Perindopril,56.0,8 mg,Angiotensin-Converting Enzyme Inhibitors,False,False
20169011000001106,Perindopril,Perindopril erbumine 8mg tablets 28 tablet (product),Perindopril,28.0,8 mg,Angiotensin-Converting Enzyme Inhibitors,False,False
19690211000001108,Perindopril,Perindopril erbumine 8mg tablets 56 tablet (product),Perindopril,56.0,8 mg,Angiotensin-Converting Enzyme Inhibitors,False,False
19690011000001103,Perindopril,Perindopril erbumine 8mg tablets 60 tablet (product),Perindopril,60.0,8 mg,Angiotensin-Converting Enzyme Inhibitors,False,False
22209211000001106,Perindopril,Perindopril tosilate (product),Perindopril,,,Angiotensin-Converting Enzyme Inhibitors,False,False
21733611000001109,Perindopril,Perindopril tosilate (substance),Perindopril,,,Angiotensin-Converting Enzyme Inhibitors,False,False
22209511000001109,Perindopril,Perindopril tosilate + Indapamide (product),Perindopril,,,Angiotensin-Converting Enzyme Inhibitors,False,True
21927711000001100,Perindopril,Perindopril tosilate 10mg tablets (A A H Pharmaceuticals Ltd) (product),Perindopril,,10 mg,Angiotensin-Converting Enzyme Inhibitors,False,False
21927811000001108,Perindopril,Perindopril tosilate 10mg tablets (A A H Pharmaceuticals Ltd) 30 tablet 3 x 10 tablets (product),Perindopril,30.0,10 mg,Angiotensin-Converting Enzyme Inhibitors,False,False
21939811000001102,Perindopril,Perindopril tosilate 10mg tablets (product),Perindopril,,10 mg,Angiotensin-Converting Enzyme Inhibitors,False,False
29983711000001106,Perindopril,Perindopril tosilate 10mg tablets (Sigma Pharmaceuticals Plc) (product),Perindopril,,10 mg,Angiotensin-Converting Enzyme Inhibitors,False,False
29983811000001103,Perindopril,Perindopril tosilate 10mg tablets (Sigma Pharmaceuticals Plc) 30 tablet (product),Perindopril,30.0,10 mg,Angiotensin-Converting Enzyme Inhibitors,False,False
21912711000001108,Perindopril,Perindopril tosilate 10mg tablets (Teva UK Ltd) (product),Perindopril,,10 mg,Angiotensin-Converting Enzyme Inhibitors,False,False
21912811000001100,Perindopril,Perindopril tosilate 10mg tablets (Teva UK Ltd) 30 tablet 3 x 10 tablets (product),Perindopril,30.0,10 mg,Angiotensin-Converting Enzyme Inhibitors,False,False
21912611000001104,Perindopril,Perindopril tosilate 10mg tablets 30 tablet (product),Perindopril,30.0,10 mg,Angiotensin-Converting Enzyme Inhibitors,False,False
21927111000001101,Perindopril,Perindopril tosilate 2.5mg tablets (A A H Pharmaceuticals Ltd) (product),Perindopril,,2.5 mg,Angiotensin-Converting Enzyme Inhibitors,False,False
21927311000001104,Perindopril,Perindopril tosilate 2.5mg tablets (A A H Pharmaceuticals Ltd) 30 tablet 3 x 10 tablets (product),Perindopril,30.0,2.5 mg,Angiotensin-Converting Enzyme Inhibitors,False,False
21939911000001107,Perindopril,Perindopril tosilate 2.5mg tablets (product),Perindopril,,2.5 mg,Angiotensin-Converting Enzyme Inhibitors,False,False
29983911000001108,Perindopril,Perindopril tosilate 2.5mg tablets (Sigma Pharmaceuticals Plc) (product),Perindopril,,2.5 mg,Angiotensin-Converting Enzyme Inhibitors,False,False
29984011000001106,Perindopril,Perindopril tosilate 2.5mg tablets (Sigma Pharmaceuticals Plc) 30 tablet (product),Perindopril,30.0,2.5 mg,Angiotensin-Converting Enzyme Inhibitors,False,False
21912111000001107,Perindopril,Perindopril tosilate 2.5mg tablets (Teva UK Ltd) (product),Perindopril,,2.5 mg,Angiotensin-Converting Enzyme Inhibitors,False,False
21912211000001101,Perindopril,Perindopril tosilate 2.5mg tablets (Teva UK Ltd) 30 tablet 3 x 10 tablets (product),Perindopril,30.0,2.5 mg,Angiotensin-Converting Enzyme Inhibitors,False,False
21912011000001106,Perindopril,Perindopril tosilate 2.5mg tablets 30 tablet (product),Perindopril,30.0,2.5 mg,Angiotensin-Converting Enzyme Inhibitors,False,False
21927911000001103,Perindopril,Perindopril tosilate 5mg / Indapamide 1.25mg tablets (A A H Pharmaceuticals Ltd) (product),Perindopril,,5 mg,Angiotensin-Converting Enzyme Inhibitors,False,True
21928011000001101,Perindopril,Perindopril tosilate 5mg / Indapamide 1.25mg tablets (A A H Pharmaceuticals Ltd) 30 tablet 3 x 10 tablets (product),Perindopril,30.0,5 mg,Angiotensin-Converting Enzyme Inhibitors,False,True
21940011000001101,Perindopril,Perindopril tosilate 5mg / Indapamide 1.25mg tablets (product),Perindopril,,5 mg,Angiotensin-Converting Enzyme Inhibitors,False,True
21911811000001109,Perindopril,Perindopril tosilate 5mg / Indapamide 1.25mg tablets (Teva UK Ltd) (product),Perindopril,,5 mg,Angiotensin-Converting Enzyme Inhibitors,False,True
21911911000001104,Perindopril,Perindopril tosilate 5mg / Indapamide 1.25mg tablets (Teva UK Ltd) 30 tablet 3 x 10 tablets (product),Perindopril,30.0,5 mg,Angiotensin-Converting Enzyme Inhibitors,False,True
21911711000001101,Perindopril,Perindopril tosilate 5mg / Indapamide 1.25mg tablets 30 tablet (product),Perindopril,30.0,5 mg,Angiotensin-Converting Enzyme Inhibitors,False,True
21927511000001105,Perindopril,Perindopril tosilate 5mg tablets (A A H Pharmaceuticals Ltd) (product),Perindopril,,5 mg,Angiotensin-Converting Enzyme Inhibitors,False,False
21927611000001109,Perindopril,Perindopril tosilate 5mg tablets (A A H Pharmaceuticals Ltd) 30 tablet 3 x 10 tablets (product),Perindopril,30.0,5 mg,Angiotensin-Converting Enzyme Inhibitors,False,False
21940111000001100,Perindopril,Perindopril tosilate 5mg tablets (product),Perindopril,,5 mg,Angiotensin-Converting Enzyme Inhibitors,False,False
29984111000001107,Perindopril,Perindopril tosilate 5mg tablets (Sigma Pharmaceuticals Plc) (product),Perindopril,,5 mg,Angiotensin-Converting Enzyme Inhibitors,False,False
29984211000001101,Perindopril,Perindopril tosilate 5mg tablets (Sigma Pharmaceuticals Plc) 30 tablet (product),Perindopril,30.0,5 mg,Angiotensin-Converting Enzyme Inhibitors,False,False
21912411000001102,Perindopril,Perindopril tosilate 5mg tablets (Teva UK Ltd) (product),Perindopril,,5 mg,Angiotensin-Converting Enzyme Inhibitors,False,False
21912511000001103,Perindopril,Perindopril tosilate 5mg tablets (Teva UK Ltd) 30 tablet 3 x 10 tablets (product),Perindopril,30.0,5 mg,Angiotensin-Converting Enzyme Inhibitors,False,False
21912311000001109,Perindopril,Perindopril tosilate 5mg tablets 30 tablet (product),Perindopril,30.0,5 mg,Angiotensin-Converting Enzyme Inhibitors,False,False
30995411000001103,Tenex,PharmaClinix Lightenex Bright cream (Ambe Ltd) (product),Guanfacine Hydrochloride,,,Centrally-Acting Antihypertensive Drugs,False,False
30995711000001109,Tenex,PharmaClinix Lightenex Bright cream (Ambe Ltd) 50 ml (product),Guanfacine Hydrochloride,,,Centrally-Acting Antihypertensive Drugs,False,False
9304801000001109,Physiotens,Physiotens (product),Moxonidine,,,Centrally-Acting Antihypertensive Drugs,False,False
2848801000001100,Physiotens,Physiotens (qualifier value),Moxonidine,,,Centrally-Acting Antihypertensive Drugs,False,False
21406211000001100,Physiotens,Physiotens 200microgram tablets (Actavis UK Ltd) (product),Moxonidine,,,Centrally-Acting Antihypertensive Drugs,False,False
21406911000001109,Physiotens,Physiotens 200microgram tablets (Actavis UK Ltd) 28 tablet 2 x 14 tablets (product),Moxonidine,28.0,,Centrally-Acting Antihypertensive Drugs,False,False
13945411000001105,Physiotens,Physiotens 200microgram tablets (Doncaster Pharmaceuticals Ltd) (product),Moxonidine,,,Centrally-Acting Antihypertensive Drugs,False,False
13945511000001109,Physiotens,Physiotens 200microgram tablets (Doncaster Pharmaceuticals Ltd) 28 tablet (product),Moxonidine,28.0,,Centrally-Acting Antihypertensive Drugs,False,False
17619311000001101,Physiotens,Physiotens 200microgram tablets (Necessity Supplies Ltd) (product),Moxonidine,,,Centrally-Acting Antihypertensive Drugs,False,False
17619511000001107,Physiotens,Physiotens 200microgram tablets (Necessity Supplies Ltd) 28 tablet (product),Moxonidine,28.0,,Centrally-Acting Antihypertensive Drugs,False,False
5574611000001105,Physiotens,Physiotens 200microgram tablets (PI) (Dowelhurst Ltd) (product),Moxonidine,,,Centrally-Acting Antihypertensive Drugs,False,False
5574711000001101,Physiotens,Physiotens 200microgram tablets (PI) (Dowelhurst Ltd) 28 tablet 2 x 14 tablets (product),Moxonidine,28.0,,Centrally-Acting Antihypertensive Drugs,False,False
5400511000001100,Physiotens,Physiotens 200microgram tablets (PI) (Waymade Ltd) (product),Moxonidine,,,Centrally-Acting Antihypertensive Drugs,False,False
5400611000001101,Physiotens,Physiotens 200microgram tablets (PI) (Waymade Ltd) 28 tablet 2 x 14 tablets (product),Moxonidine,28.0,,Centrally-Acting Antihypertensive Drugs,False,False
14712211000001100,Physiotens,Physiotens 200microgram tablets (Sigma Pharmaceuticals Plc) (product),Moxonidine,,,Centrally-Acting Antihypertensive Drugs,False,False
14712511000001102,Physiotens,Physiotens 200microgram tablets (Sigma Pharmaceuticals Plc) 28 tablet (product),Moxonidine,28.0,,Centrally-Acting Antihypertensive Drugs,False,False
41111000001102,Physiotens,Physiotens 200microgram tablets (Solvay Healthcare Ltd) (product),Moxonidine,,,Centrally-Acting Antihypertensive Drugs,False,False
1375011000001102,Physiotens,Physiotens 200microgram tablets (Solvay Healthcare Ltd) 28 tablet 2 x 14 tablets (product),Moxonidine,28.0,,Centrally-Acting Antihypertensive Drugs,False,False
2848601000001104,Physiotens,Physiotens 200micrograms tablet,Moxonidine,,,Centrally-Acting Antihypertensive Drugs,False,False
21407711000001105,Physiotens,Physiotens 300microgram tablets (Actavis UK Ltd) (product),Moxonidine,,,Centrally-Acting Antihypertensive Drugs,False,False
21407911000001107,Physiotens,Physiotens 300microgram tablets (Actavis UK Ltd) 28 tablet 2 x 14 tablets (product),Moxonidine,28.0,,Centrally-Acting Antihypertensive Drugs,False,False
14713511000001109,Physiotens,Physiotens 300microgram tablets (Sigma Pharmaceuticals Plc) (product),Moxonidine,,,Centrally-Acting Antihypertensive Drugs,False,False
14713711000001104,Physiotens,Physiotens 300microgram tablets (Sigma Pharmaceuticals Plc) 28 tablet (product),Moxonidine,28.0,,Centrally-Acting Antihypertensive Drugs,False,False
522011000001109,Physiotens,Physiotens 300microgram tablets (Solvay Healthcare Ltd) (product),Moxonidine,,,Centrally-Acting Antihypertensive Drugs,False,False
1376911000001105,Physiotens,Physiotens 300microgram tablets (Solvay Healthcare Ltd) 28 tablet 2 x 14 tablets (product),Moxonidine,28.0,,Centrally-Acting Antihypertensive Drugs,False,False
21279411000001100,Physiotens,Physiotens 300microgram tablets (Waymade Healthcare Plc) (product),Moxonidine,,,Centrally-Acting Antihypertensive Drugs,False,False
21279511000001101,Physiotens,Physiotens 300microgram tablets (Waymade Healthcare Plc) 28 tablet (product),Moxonidine,28.0,,Centrally-Acting Antihypertensive Drugs,False,False
3979401000001106,Physiotens,Physiotens 300micrograms tablet,Moxonidine,,,Centrally-Acting Antihypertensive Drugs,False,False
21408211000001104,Physiotens,Physiotens 400microgram tablets (Actavis UK Ltd) (product),Moxonidine,,,Centrally-Acting Antihypertensive Drugs,False,False
21408411000001100,Physiotens,Physiotens 400microgram tablets (Actavis UK Ltd) 28 tablet 2 x 14 tablets (product),Moxonidine,28.0,,Centrally-Acting Antihypertensive Drugs,False,False
13945611000001108,Physiotens,Physiotens 400microgram tablets (Doncaster Pharmaceuticals Ltd) (product),Moxonidine,,,Centrally-Acting Antihypertensive Drugs,False,False
13945711000001104,Physiotens,Physiotens 400microgram tablets (Doncaster Pharmaceuticals Ltd) 28 tablet (product),Moxonidine,28.0,,Centrally-Acting Antihypertensive Drugs,False,False
18157511000001104,Physiotens,Physiotens 400microgram tablets (Mawdsley-Brooks & Company Ltd) (product),Moxonidine,,,Centrally-Acting Antihypertensive Drugs,False,False
18157611000001100,Physiotens,Physiotens 400microgram tablets (Mawdsley-Brooks & Company Ltd) 28 tablet (product),Moxonidine,28.0,,Centrally-Acting Antihypertensive Drugs,False,False
17619711000001102,Physiotens,Physiotens 400microgram tablets (Necessity Supplies Ltd) (product),Moxonidine,,,Centrally-Acting Antihypertensive Drugs,False,False
17619811000001105,Physiotens,Physiotens 400microgram tablets (Necessity Supplies Ltd) 28 tablet (product),Moxonidine,28.0,,Centrally-Acting Antihypertensive Drugs,False,False
5574211000001108,Physiotens,Physiotens 400microgram tablets (PI) (Dowelhurst Ltd) (product),Moxonidine,,,Centrally-Acting Antihypertensive Drugs,False,False
5574311000001100,Physiotens,Physiotens 400microgram tablets (PI) (Dowelhurst Ltd) 28 tablet 2 x 14 tablets (product),Moxonidine,28.0,,Centrally-Acting Antihypertensive Drugs,False,False
5400711000001105,Physiotens,Physiotens 400microgram tablets (PI) (Waymade Ltd) (product),Moxonidine,,,Centrally-Acting Antihypertensive Drugs,False,False
5400811000001102,Physiotens,Physiotens 400microgram tablets (PI) (Waymade Ltd) 28 tablet 2 x 14 tablets (product),Moxonidine,28.0,,Centrally-Acting Antihypertensive Drugs,False,False
14714211000001109,Physiotens,Physiotens 400microgram tablets (Sigma Pharmaceuticals Plc) (product),Moxonidine,,,Centrally-Acting Antihypertensive Drugs,False,False
14714311000001101,Physiotens,Physiotens 400microgram tablets (Sigma Pharmaceuticals Plc) 28 tablet (product),Moxonidine,28.0,,Centrally-Acting Antihypertensive Drugs,False,False
142811000001107,Physiotens,Physiotens 400microgram tablets (Solvay Healthcare Ltd) (product),Moxonidine,,,Centrally-Acting Antihypertensive Drugs,False,False
1377611000001102,Physiotens,Physiotens 400microgram tablets (Solvay Healthcare Ltd) 28 tablet 2 x 14 tablets (product),Moxonidine,28.0,,Centrally-Acting Antihypertensive Drugs,False,False
2848701000001109,Physiotens,Physiotens 400micrograms tablet,Moxonidine,,,Centrally-Acting Antihypertensive Drugs,False,False
9308801000001100,Pralenal,Pralenal (product),Enalapril Maleate,,,Angiotensin-Converting Enzyme Inhibitors,False,False
3660201000001108,Pralenal,Pralenal (qualifier value),Enalapril Maleate,,,Angiotensin-Converting Enzyme Inhibitors,False,False
761411000001101,Pralenal,Pralenal 10 tablets (Opus Pharmaceuticals) (product),Enalapril Maleate,10.0,,Angiotensin-Converting Enzyme Inhibitors,False,False
1441511000001102,Pralenal,Pralenal 10 tablets (Opus Pharmaceuticals) 28 tablet 4 x 7 tablets (product),Enalapril Maleate,10.0,,Angiotensin-Converting Enzyme Inhibitors,False,False
3660001000001102,Pralenal,Pralenal 10mg tablet,Enalapril Maleate,,10 mg,Angiotensin-Converting Enzyme Inhibitors,False,False
448611000001106,Pralenal,Pralenal 2.5 tablets (Opus Pharmaceuticals) (product),Enalapril Maleate,5.0,,Angiotensin-Converting Enzyme Inhibitors,False,False
1357511000001104,Pralenal,Pralenal 2.5 tablets (Opus Pharmaceuticals) 28 tablet 4 x 7 tablets (product),Enalapril Maleate,5.0,,Angiotensin-Converting Enzyme Inhibitors,False,False
3659801000001105,Pralenal,Pralenal 2.5mg tablet,Enalapril Maleate,,2.5 mg,Angiotensin-Converting Enzyme Inhibitors,False,False
508511000001105,Pralenal,Pralenal 20 tablets (Opus Pharmaceuticals) (product),Enalapril Maleate,20.0,,Angiotensin-Converting Enzyme Inhibitors,False,False
1431311000001107,Pralenal,Pralenal 20 tablets (Opus Pharmaceuticals) 28 tablet 4 x 7 tablets (product),Enalapril Maleate,20.0,,Angiotensin-Converting Enzyme Inhibitors,False,False
3660101000001101,Pralenal,Pralenal 20mg tablet,Enalapril Maleate,,20 mg,Angiotensin-Converting Enzyme Inhibitors,False,False
578511000001100,Pralenal,Pralenal 5 tablets (Opus Pharmaceuticals) (product),Enalapril Maleate,5.0,,Angiotensin-Converting Enzyme Inhibitors,False,False
1452311000001102,Pralenal,Pralenal 5 tablets (Opus Pharmaceuticals) 28 tablet 4 x 7 tablets (product),Enalapril Maleate,5.0,,Angiotensin-Converting Enzyme Inhibitors,False,False
3659901000001104,Pralenal,Pralenal 5mg tablet,Enalapril Maleate,,5 mg,Angiotensin-Converting Enzyme Inhibitors,False,False
10050911000001100,Thelin,Propantheline (product),Sitaxentan Sodium,,,Vasodilator Antihypertensive Drugs,False,False
13150311000001105,Thelin,Propantheline bromide 10mg/5ml oral solution (product),Sitaxentan Sodium,,10 mg/5 ml,Vasodilator Antihypertensive Drugs,False,False
13146211000001103,Thelin,Propantheline bromide 10mg/5ml oral solution (Special Order) (product),Sitaxentan Sodium,,10 mg/5 ml,Vasodilator Antihypertensive Drugs,False,False
13146311000001106,Thelin,Propantheline bromide 10mg/5ml oral solution (Special Order) 1 ml (product),Sitaxentan Sodium,,10 mg/5 ml,Vasodilator Antihypertensive Drugs,False,False
13146011000001108,Thelin,Propantheline bromide 10mg/5ml oral solution 1 ml (product),Sitaxentan Sodium,,10 mg/5 ml,Vasodilator Antihypertensive Drugs,False,False
396401000001108,Thelin,Propantheline bromide 15mg tablet - product,Sitaxentan Sodium,,15 mg,Vasodilator Antihypertensive Drugs,False,False
21013011000001107,Thelin,Propantheline bromide 15mg tablets (Imported (United States)) (product),Sitaxentan Sodium,,15 mg,Vasodilator Antihypertensive Drugs,False,False
21013111000001108,Thelin,Propantheline bromide 15mg tablets (Imported (United States)) 100 tablet (product),Sitaxentan Sodium,100.0,15 mg,Vasodilator Antihypertensive Drugs,False,False
21012911000001104,Thelin,Propantheline bromide 15mg tablets 100 tablet (product),Sitaxentan Sodium,100.0,15 mg,Vasodilator Antihypertensive Drugs,False,False
1180711000001106,Thelin,Propantheline bromide 15mg tablets 112 tablet (product),Sitaxentan Sodium,112.0,15 mg,Vasodilator Antihypertensive Drugs,False,False
8672311000001107,Thelin,Propantheline bromide 15mg/5ml oral solution (product),Sitaxentan Sodium,,15 mg/5 ml,Vasodilator Antihypertensive Drugs,False,False
8652311000001105,Thelin,Propantheline bromide 15mg/5ml oral solution (Special Order) (product),Sitaxentan Sodium,,15 mg/5 ml,Vasodilator Antihypertensive Drugs,False,False
8652411000001103,Thelin,Propantheline bromide 15mg/5ml oral solution (Special Order) 1 ml (product),Sitaxentan Sodium,,15 mg/5 ml,Vasodilator Antihypertensive Drugs,False,False
8652111000001108,Thelin,Propantheline bromide 15mg/5ml oral solution 1 ml (product),Sitaxentan Sodium,,15 mg/5 ml,Vasodilator Antihypertensive Drugs,False,False
8672411000001100,Thelin,Propantheline bromide 15mg/5ml oral suspension (product),Sitaxentan Sodium,,15 mg/5 ml,Vasodilator Antihypertensive Drugs,False,False
8652611000001100,Thelin,Propantheline bromide 15mg/5ml oral suspension (Special Order) (product),Sitaxentan Sodium,,15 mg/5 ml,Vasodilator Antihypertensive Drugs,False,False
8652811000001101,Thelin,Propantheline bromide 15mg/5ml oral suspension (Special Order) 1 ml (product),Sitaxentan Sodium,,15 mg/5 ml,Vasodilator Antihypertensive Drugs,False,False
8652511000001104,Thelin,Propantheline bromide 15mg/5ml oral suspension 1 ml (product),Sitaxentan Sodium,,15 mg/5 ml,Vasodilator Antihypertensive Drugs,False,False
13150411000001103,Thelin,Propantheline bromide 2.5mg/5ml oral solution (product),Sitaxentan Sodium,,5 mg/5 ml,Vasodilator Antihypertensive Drugs,False,False
13146511000001100,Thelin,Propantheline bromide 2.5mg/5ml oral solution (Special Order) (product),Sitaxentan Sodium,,5 mg/5 ml,Vasodilator Antihypertensive Drugs,False,False
13146611000001101,Thelin,Propantheline bromide 2.5mg/5ml oral solution (Special Order) 1 ml (product),Sitaxentan Sodium,,5 mg/5 ml,Vasodilator Antihypertensive Drugs,False,False
13146411000001104,Thelin,Propantheline bromide 2.5mg/5ml oral solution 1 ml (product),Sitaxentan Sodium,,5 mg/5 ml,Vasodilator Antihypertensive Drugs,False,False
13150511000001104,Thelin,Propantheline bromide 30mg/5ml oral solution (product),Sitaxentan Sodium,,30 mg/5 ml,Vasodilator Antihypertensive Drugs,False,False
13147011000001106,Thelin,Propantheline bromide 30mg/5ml oral solution (Special Order) (product),Sitaxentan Sodium,,30 mg/5 ml,Vasodilator Antihypertensive Drugs,False,False
13147511000001103,Thelin,Propantheline bromide 30mg/5ml oral solution (Special Order) 1 ml (product),Sitaxentan Sodium,,30 mg/5 ml,Vasodilator Antihypertensive Drugs,False,False
13146811000001102,Thelin,Propantheline bromide 30mg/5ml oral solution 1 ml (product),Sitaxentan Sodium,,30 mg/5 ml,Vasodilator Antihypertensive Drugs,False,False
13150611000001100,Thelin,Propantheline bromide 5mg/5ml oral solution (product),Sitaxentan Sodium,,5 mg/5 ml,Vasodilator Antihypertensive Drugs,False,False
13149311000001104,Thelin,Propantheline bromide 5mg/5ml oral solution (Special Order) (product),Sitaxentan Sodium,,5 mg/5 ml,Vasodilator Antihypertensive Drugs,False,False
13149411000001106,Thelin,Propantheline bromide 5mg/5ml oral solution (Special Order) 1 ml (product),Sitaxentan Sodium,,5 mg/5 ml,Vasodilator Antihypertensive Drugs,False,False
13148911000001106,Thelin,Propantheline bromide 5mg/5ml oral solution 1 ml (product),Sitaxentan Sodium,,5 mg/5 ml,Vasodilator Antihypertensive Drugs,False,False
13150711000001109,Thelin,Propantheline bromide 6.25mg/5ml oral solution (product),Sitaxentan Sodium,,25 mg/5 ml,Vasodilator Antihypertensive Drugs,False,False
13150211000001102,Thelin,Propantheline bromide 6.25mg/5ml oral solution (Special Order) (product),Sitaxentan Sodium,,25 mg/5 ml,Vasodilator Antihypertensive Drugs,False,False
13150811000001101,Thelin,Propantheline bromide 6.25mg/5ml oral solution (Special Order) 1 ml (product),Sitaxentan Sodium,,25 mg/5 ml,Vasodilator Antihypertensive Drugs,False,False
13149811000001108,Thelin,Propantheline bromide 6.25mg/5ml oral solution 1 ml (product),Sitaxentan Sodium,,25 mg/5 ml,Vasodilator Antihypertensive Drugs,False,False
13161611000001100,Thelin,Propantheline bromide 6.4mg/5ml oral solution (product),Sitaxentan Sodium,,4 mg/5 ml,Vasodilator Antihypertensive Drugs,False,False
13151111000001102,Thelin,Propantheline bromide 6.4mg/5ml oral solution (Special Order) (product),Sitaxentan Sodium,,4 mg/5 ml,Vasodilator Antihypertensive Drugs,False,False
13151211000001108,Thelin,Propantheline bromide 6.4mg/5ml oral solution (Special Order) 1 ml (product),Sitaxentan Sodium,,4 mg/5 ml,Vasodilator Antihypertensive Drugs,False,False
13151011000001103,Thelin,Propantheline bromide 6.4mg/5ml oral solution 1 ml (product),Sitaxentan Sodium,,4 mg/5 ml,Vasodilator Antihypertensive Drugs,False,False
8672511000001101,Thelin,Propantheline bromide 7.5mg/5ml oral solution (product),Sitaxentan Sodium,,5 mg/5 ml,Vasodilator Antihypertensive Drugs,False,False
8653411000001107,Thelin,Propantheline bromide 7.5mg/5ml oral solution (Special Order) (product),Sitaxentan Sodium,,5 mg/5 ml,Vasodilator Antihypertensive Drugs,False,False
8653711000001101,Thelin,Propantheline bromide 7.5mg/5ml oral solution (Special Order) 1 ml (product),Sitaxentan Sodium,,5 mg/5 ml,Vasodilator Antihypertensive Drugs,False,False
8653211000001108,Thelin,Propantheline bromide 7.5mg/5ml oral solution 1 ml (product),Sitaxentan Sodium,,5 mg/5 ml,Vasodilator Antihypertensive Drugs,False,False
8672611000001102,Thelin,Propantheline bromide 7.5mg/5ml oral suspension (product),Sitaxentan Sodium,,5 mg/5 ml,Vasodilator Antihypertensive Drugs,False,False
8655111000001101,Thelin,Propantheline bromide 7.5mg/5ml oral suspension (Special Order) (product),Sitaxentan Sodium,,5 mg/5 ml,Vasodilator Antihypertensive Drugs,False,False
8655311000001104,Thelin,Propantheline bromide 7.5mg/5ml oral suspension (Special Order) 1 ml (product),Sitaxentan Sodium,,5 mg/5 ml,Vasodilator Antihypertensive Drugs,False,False
8654511000001109,Thelin,Propantheline bromide 7.5mg/5ml oral suspension 1 ml (product),Sitaxentan Sodium,,5 mg/5 ml,Vasodilator Antihypertensive Drugs,False,False
9318901000001109,Quinil,Quinil (product),Quinapril Hydrochloride,,,Angiotensin-Converting Enzyme Inhibitors,False,False
8719401000001107,Quinil,Quinil (qualifier value),Quinapril Hydrochloride,,,Angiotensin-Converting Enzyme Inhibitors,False,False
8655001000001104,Quinil,Quinil 10mg tablet,Quinapril Hydrochloride,,10 mg,Angiotensin-Converting Enzyme Inhibitors,False,False
9208111000001100,Quinil,Quinil 10mg tablets (Tillomed Laboratories) (product),Quinapril Hydrochloride,,10 mg,Angiotensin-Converting Enzyme Inhibitors,False,False
9208211000001106,Quinil,Quinil 10mg tablets (Tillomed Laboratories) 28 tablet 2 x 14 tablets (product),Quinapril Hydrochloride,28.0,10 mg,Angiotensin-Converting Enzyme Inhibitors,False,False
8655101000001103,Quinil,Quinil 20mg tablet,Quinapril Hydrochloride,,20 mg,Angiotensin-Converting Enzyme Inhibitors,False,False
9208411000001105,Quinil,Quinil 20mg tablets (Tillomed Laboratories) (product),Quinapril Hydrochloride,,20 mg,Angiotensin-Converting Enzyme Inhibitors,False,False
9208611000001108,Quinil,Quinil 20mg tablets (Tillomed Laboratories) 28 tablet 2 x 14 tablets (product),Quinapril Hydrochloride,28.0,20 mg,Angiotensin-Converting Enzyme Inhibitors,False,False
8655201000001105,Quinil,Quinil 40mg tablet,Quinapril Hydrochloride,,40 mg,Angiotensin-Converting Enzyme Inhibitors,False,False
9208711000001104,Quinil,Quinil 40mg tablets (Tillomed Laboratories) (product),Quinapril Hydrochloride,,40 mg,Angiotensin-Converting Enzyme Inhibitors,False,False
9208811000001107,Quinil,Quinil 40mg tablets (Tillomed Laboratories) 28 tablet 4 x 7 tablets (product),Quinapril Hydrochloride,28.0,40 mg,Angiotensin-Converting Enzyme Inhibitors,False,False
8654901000001104,Quinil,Quinil 5mg tablet,Quinapril Hydrochloride,,5 mg,Angiotensin-Converting Enzyme Inhibitors,False,False
9207711000001100,Quinil,Quinil 5mg tablets (Tillomed Laboratories) (product),Quinapril Hydrochloride,,5 mg,Angiotensin-Converting Enzyme Inhibitors,False,False
9207811000001108,Quinil,Quinil 5mg tablets (Tillomed Laboratories) 28 tablet 2 x 14 tablets (product),Quinapril Hydrochloride,28.0,5 mg,Angiotensin-Converting Enzyme Inhibitors,False,False
3540611000001106,Ramipril,Ramipril (substance),Ramipril,,,Angiotensin-Converting Enzyme Inhibitors,False,False
176601000001108,Ramipril,Ramipril 1.25mg capsule - product,Ramipril,,1.25 mg,Angiotensin-Converting Enzyme Inhibitors,False,False
5873711000001102,Ramipril,Ramipril 1.25mg capsules (A A H Pharmaceuticals Ltd) (product),Ramipril,,1.25 mg,Angiotensin-Converting Enzyme Inhibitors,False,False
5874811000001108,Ramipril,Ramipril 1.25mg capsules (A A H Pharmaceuticals Ltd) 28 capsule 4 x 7 capsules (product),Ramipril,,1.25 mg,Angiotensin-Converting Enzyme Inhibitors,False,False
9806011000001108,Ramipril,Ramipril 1.25mg capsules (Almus Pharmaceutical Ltd) (product),Ramipril,,1.25 mg,Angiotensin-Converting Enzyme Inhibitors,False,False
9806211000001103,Ramipril,Ramipril 1.25mg capsules (Almus Pharmaceutical Ltd) 28 capsule 2 x 14 capsules (product),Ramipril,,1.25 mg,Angiotensin-Converting Enzyme Inhibitors,False,False
8266111000001102,Ramipril,Ramipril 1.25mg capsules (Alpharma Limited) (product),Ramipril,,1.25 mg,Angiotensin-Converting Enzyme Inhibitors,False,False
8266311000001100,Ramipril,Ramipril 1.25mg capsules (Alpharma Limited) 28 capsule 4 x 7 capsules (product),Ramipril,,1.25 mg,Angiotensin-Converting Enzyme Inhibitors,False,False
5587511000001109,Ramipril,Ramipril 1.25mg capsules (Approved Prescription Services) (product),Ramipril,,1.25 mg,Angiotensin-Converting Enzyme Inhibitors,False,False
5587911000001102,Ramipril,Ramipril 1.25mg capsules (Approved Prescription Services) 28 capsule 2 x 14 capsules (product),Ramipril,,1.25 mg,Angiotensin-Converting Enzyme Inhibitors,False,False
10412011000001100,Ramipril,Ramipril 1.25mg capsules (Arrow Generics Ltd) (product),Ramipril,,1.25 mg,Angiotensin-Converting Enzyme Inhibitors,False,False
10412111000001104,Ramipril,Ramipril 1.25mg capsules (Arrow Generics Ltd) 28 capsule (product),Ramipril,,1.25 mg,Angiotensin-Converting Enzyme Inhibitors,False,False
16064611000001104,Ramipril,Ramipril 1.25mg capsules (Bristol Laboratories Ltd) (product),Ramipril,,1.25 mg,Angiotensin-Converting Enzyme Inhibitors,False,False
16064711000001108,Ramipril,Ramipril 1.25mg capsules (Bristol Laboratories Ltd) 28 capsule 2 x 14 capsules (product),Ramipril,,1.25 mg,Angiotensin-Converting Enzyme Inhibitors,False,False
32496811000001101,Ramipril,Ramipril 1.25mg capsules (Brown & Burk UK Ltd) (product),Ramipril,,1.25 mg,Angiotensin-Converting Enzyme Inhibitors,False,False
32496911000001106,Ramipril,Ramipril 1.25mg capsules (Brown & Burk UK Ltd) 28 capsule 2 x 14 capsules (product),Ramipril,,1.25 mg,Angiotensin-Converting Enzyme Inhibitors,False,False
30086611000001104,Ramipril,Ramipril 1.25mg capsules (DE Pharmaceuticals) (product),Ramipril,,1.25 mg,Angiotensin-Converting Enzyme Inhibitors,False,False
30086711000001108,Ramipril,Ramipril 1.25mg capsules (DE Pharmaceuticals) 28 capsule (product),Ramipril,,1.25 mg,Angiotensin-Converting Enzyme Inhibitors,False,False
28779611000001102,Ramipril,Ramipril 1.25mg capsules (Ennogen Pharma Ltd) (product),Ramipril,,1.25 mg,Angiotensin-Converting Enzyme Inhibitors,False,False
28779711000001106,Ramipril,Ramipril 1.25mg capsules (Ennogen Pharma Ltd) 28 capsule (product),Ramipril,,1.25 mg,Angiotensin-Converting Enzyme Inhibitors,False,False
10297411000001107,Ramipril,Ramipril 1.25mg capsules (Focus Pharmaceuticals Ltd) (product),Ramipril,,1.25 mg,Angiotensin-Converting Enzyme Inhibitors,False,False
10297611000001105,Ramipril,Ramipril 1.25mg capsules (Focus Pharmaceuticals Ltd) 28 capsule (product),Ramipril,,1.25 mg,Angiotensin-Converting Enzyme Inhibitors,False,False
7432811000001105,Ramipril,Ramipril 1.25mg capsules (Generics (UK) Ltd) (product),Ramipril,,1.25 mg,Angiotensin-Converting Enzyme Inhibitors,False,False
7432911000001100,Ramipril,Ramipril 1.25mg capsules (Generics (UK) Ltd) 28 capsule 2 x 14 capsules (product),Ramipril,,1.25 mg,Angiotensin-Converting Enzyme Inhibitors,False,False
5632211000001108,Ramipril,Ramipril 1.25mg capsules (Kent Pharmaceuticals Ltd) (product),Ramipril,,1.25 mg,Angiotensin-Converting Enzyme Inhibitors,False,False
5632311000001100,Ramipril,Ramipril 1.25mg capsules (Kent Pharmaceuticals Ltd) 28 capsule 2 x 14 capsules (product),Ramipril,,1.25 mg,Angiotensin-Converting Enzyme Inhibitors,False,False
30865311000001101,Ramipril,Ramipril 1.25mg capsules (Mawdsley-Brooks & Company Ltd) (product),Ramipril,,1.25 mg,Angiotensin-Converting Enzyme Inhibitors,False,False
30866111000001109,Ramipril,Ramipril 1.25mg capsules (Mawdsley-Brooks & Company Ltd) 28 capsule (product),Ramipril,,1.25 mg,Angiotensin-Converting Enzyme Inhibitors,False,False
17920711000001100,Ramipril,Ramipril 1.25mg capsules (Phoenix Healthcare Distribution Ltd) (product),Ramipril,,1.25 mg,Angiotensin-Converting Enzyme Inhibitors,False,False
17920811000001108,Ramipril,Ramipril 1.25mg capsules (Phoenix Healthcare Distribution Ltd) 28 capsule (product),Ramipril,,1.25 mg,Angiotensin-Converting Enzyme Inhibitors,False,False
5515111000001107,Ramipril,Ramipril 1.25mg capsules (PI) (Dowelhurst Ltd) (product),Ramipril,,1.25 mg,Angiotensin-Converting Enzyme Inhibitors,False,False
5515211000001101,Ramipril,Ramipril 1.25mg capsules (PI) (Dowelhurst Ltd) 28 capsule 2 x 14 capsules (product),Ramipril,,1.25 mg,Angiotensin-Converting Enzyme Inhibitors,False,False
7816611000001107,Ramipril,Ramipril 1.25mg capsules (Ranbaxy (UK) Ltd) (product),Ramipril,,1.25 mg,Angiotensin-Converting Enzyme Inhibitors,False,False
7816911000001101,Ramipril,Ramipril 1.25mg capsules (Ranbaxy (UK) Ltd) 28 capsule 4 x 7 capsules (product),Ramipril,,1.25 mg,Angiotensin-Converting Enzyme Inhibitors,False,False
5623311000001108,Ramipril,Ramipril 1.25mg capsules (Sandoz Ltd) (product),Ramipril,,1.25 mg,Angiotensin-Converting Enzyme Inhibitors,False,False
5623411000001101,Ramipril,Ramipril 1.25mg capsules (Sandoz Ltd) 28 capsule 2 x 14 capsules (product),Ramipril,,1.25 mg,Angiotensin-Converting Enzyme Inhibitors,False,False
15181211000001108,Ramipril,Ramipril 1.25mg capsules (Sigma Pharmaceuticals Plc) (product),Ramipril,,1.25 mg,Angiotensin-Converting Enzyme Inhibitors,False,False
15181511000001106,Ramipril,Ramipril 1.25mg capsules (Sigma Pharmaceuticals Plc) 28 capsule (product),Ramipril,,1.25 mg,Angiotensin-Converting Enzyme Inhibitors,False,False
7338611000001103,Ramipril,Ramipril 1.25mg capsules (Sterwin Medicines) (product),Ramipril,,1.25 mg,Angiotensin-Converting Enzyme Inhibitors,False,False
7338711000001107,Ramipril,Ramipril 1.25mg capsules (Sterwin Medicines) 28 capsule 2 x 14 capsules (product),Ramipril,,1.25 mg,Angiotensin-Converting Enzyme Inhibitors,False,False
5919811000001106,Ramipril,Ramipril 1.25mg capsules (Unichem Plc) (product),Ramipril,,1.25 mg,Angiotensin-Converting Enzyme Inhibitors,False,False
5920111000001103,Ramipril,Ramipril 1.25mg capsules (Unichem Plc) 28 capsule (product),Ramipril,,1.25 mg,Angiotensin-Converting Enzyme Inhibitors,False,False
21877711000001106,Ramipril,Ramipril 1.25mg capsules (Waymade Healthcare Plc) (product),Ramipril,,1.25 mg,Angiotensin-Converting Enzyme Inhibitors,False,False
21877811000001103,Ramipril,Ramipril 1.25mg capsules (Waymade Healthcare Plc) 28 capsule (product),Ramipril,,1.25 mg,Angiotensin-Converting Enzyme Inhibitors,False,False
34747211000001107,Ramipril,Ramipril 1.25mg capsules (Wockhardt UK Ltd) (product),Ramipril,,1.25 mg,Angiotensin-Converting Enzyme Inhibitors,False,False
34747311000001104,Ramipril,Ramipril 1.25mg capsules (Wockhardt UK Ltd) 28 capsule 4 x 7 capsules (product),Ramipril,,1.25 mg,Angiotensin-Converting Enzyme Inhibitors,False,False
996911000001105,Ramipril,Ramipril 1.25mg capsules 28 capsule (product),Ramipril,,1.25 mg,Angiotensin-Converting Enzyme Inhibitors,False,False
4393201000001108,Ramipril,Ramipril 1.25mg tablet (product),Ramipril,,1.25 mg,Angiotensin-Converting Enzyme Inhibitors,False,False
5881111000001106,Ramipril,Ramipril 1.25mg tablets (A A H Pharmaceuticals Ltd) (product),Ramipril,,1.25 mg,Angiotensin-Converting Enzyme Inhibitors,False,False
5883911000001105,Ramipril,Ramipril 1.25mg tablets (A A H Pharmaceuticals Ltd) 28 tablet 2 x 14 tablets (product),Ramipril,28.0,1.25 mg,Angiotensin-Converting Enzyme Inhibitors,False,False
19834511000001104,Ramipril,Ramipril 1.25mg tablets (APC Pharmaceuticals & Chemicals (Europe) Ltd) (product),Ramipril,,1.25 mg,Angiotensin-Converting Enzyme Inhibitors,False,False
19834611000001100,Ramipril,Ramipril 1.25mg tablets (APC Pharmaceuticals & Chemicals (Europe) Ltd) 28 tablet 2 x 14 tablets (product),Ramipril,28.0,1.25 mg,Angiotensin-Converting Enzyme Inhibitors,False,False
5590011000001101,Ramipril,Ramipril 1.25mg tablets (Approved Prescription Services) (product),Ramipril,,1.25 mg,Angiotensin-Converting Enzyme Inhibitors,False,False
5590311000001103,Ramipril,Ramipril 1.25mg tablets (Approved Prescription Services) 28 tablet (product),Ramipril,28.0,1.25 mg,Angiotensin-Converting Enzyme Inhibitors,False,False
30087611000001102,Ramipril,Ramipril 1.25mg tablets (DE Pharmaceuticals) (product),Ramipril,,1.25 mg,Angiotensin-Converting Enzyme Inhibitors,False,False
30087711000001106,Ramipril,Ramipril 1.25mg tablets (DE Pharmaceuticals) 28 tablet (product),Ramipril,28.0,1.25 mg,Angiotensin-Converting Enzyme Inhibitors,False,False
13254011000001103,Ramipril,Ramipril 1.25mg tablets (Dowelhurst Ltd) (product),Ramipril,,1.25 mg,Angiotensin-Converting Enzyme Inhibitors,False,False
13254111000001102,Ramipril,Ramipril 1.25mg tablets (Dowelhurst Ltd) 28 tablet (product),Ramipril,28.0,1.25 mg,Angiotensin-Converting Enzyme Inhibitors,False,False
5630211000001107,Ramipril,Ramipril 1.25mg tablets (Generics (UK) Ltd) (product),Ramipril,,1.25 mg,Angiotensin-Converting Enzyme Inhibitors,False,False
5630411000001106,Ramipril,Ramipril 1.25mg tablets (Generics (UK) Ltd) 28 tablet (product),Ramipril,28.0,1.25 mg,Angiotensin-Converting Enzyme Inhibitors,False,False
5710811000001107,Ramipril,Ramipril 1.25mg tablets (IVAX Pharmaceuticals UK Ltd) (product),Ramipril,,1.25 mg,Angiotensin-Converting Enzyme Inhibitors,False,False
5711511000001102,Ramipril,Ramipril 1.25mg tablets (IVAX Pharmaceuticals UK Ltd) 28 tablet 2 x 14 tablets (product),Ramipril,28.0,1.25 mg,Angiotensin-Converting Enzyme Inhibitors,False,False
7562211000001109,Ramipril,Ramipril 1.25mg tablets (Kent Pharmaceuticals Ltd) (product),Ramipril,,1.25 mg,Angiotensin-Converting Enzyme Inhibitors,False,False
7562311000001101,Ramipril,Ramipril 1.25mg tablets (Kent Pharmaceuticals Ltd) 28 tablet 2 x 14 tablets (product),Ramipril,28.0,1.25 mg,Angiotensin-Converting Enzyme Inhibitors,False,False
37137811000001109,Ramipril,Ramipril 1.25mg tablets (Mawdsley-Brooks & Company Ltd) (product),Ramipril,,1.25 mg,Angiotensin-Converting Enzyme Inhibitors,False,False
37137911000001104,Ramipril,Ramipril 1.25mg tablets (Mawdsley-Brooks & Company Ltd) 28 tablet (product),Ramipril,28.0,1.25 mg,Angiotensin-Converting Enzyme Inhibitors,False,False
10441011000001101,Ramipril,Ramipril 1.25mg tablets (Niche Generics Ltd) (product),Ramipril,,1.25 mg,Angiotensin-Converting Enzyme Inhibitors,False,False
10441111000001100,Ramipril,Ramipril 1.25mg tablets (Niche Generics Ltd) 28 tablet (product),Ramipril,28.0,1.25 mg,Angiotensin-Converting Enzyme Inhibitors,False,False
17921611000001104,Ramipril,Ramipril 1.25mg tablets (Phoenix Healthcare Distribution Ltd) (product),Ramipril,,1.25 mg,Angiotensin-Converting Enzyme Inhibitors,False,False
17921911000001105,Ramipril,Ramipril 1.25mg tablets (Phoenix Healthcare Distribution Ltd) 28 tablet (product),Ramipril,28.0,1.25 mg,Angiotensin-Converting Enzyme Inhibitors,False,False
11413411000001105,Ramipril,Ramipril 1.25mg tablets (Pliva Pharma Ltd) (product),Ramipril,,1.25 mg,Angiotensin-Converting Enzyme Inhibitors,False,False
11413511000001109,Ramipril,Ramipril 1.25mg tablets (Pliva Pharma Ltd) 28 tablet 2 x 14 tablets (product),Ramipril,28.0,1.25 mg,Angiotensin-Converting Enzyme Inhibitors,False,False
5014811000001104,Ramipril,Ramipril 1.25mg tablets (product),Ramipril,,1.25 mg,Angiotensin-Converting Enzyme Inhibitors,False,False
5625611000001104,Ramipril,Ramipril 1.25mg tablets (Ranbaxy (UK) Ltd) (product),Ramipril,,1.25 mg,Angiotensin-Converting Enzyme Inhibitors,False,False
5625711000001108,Ramipril,Ramipril 1.25mg tablets (Ranbaxy (UK) Ltd) 28 tablet 2 x 14 tablets (product),Ramipril,28.0,1.25 mg,Angiotensin-Converting Enzyme Inhibitors,False,False
11533411000001106,Ramipril,Ramipril 1.25mg tablets (Sandoz Ltd) (product),Ramipril,,1.25 mg,Angiotensin-Converting Enzyme Inhibitors,False,False
11533511000001105,Ramipril,Ramipril 1.25mg tablets (Sandoz Ltd) 28 tablet (product),Ramipril,28.0,1.25 mg,Angiotensin-Converting Enzyme Inhibitors,False,False
15181811000001109,Ramipril,Ramipril 1.25mg tablets (Sigma Pharmaceuticals Plc) (product),Ramipril,,1.25 mg,Angiotensin-Converting Enzyme Inhibitors,False,False
15182011000001106,Ramipril,Ramipril 1.25mg tablets (Sigma Pharmaceuticals Plc) 28 tablet (product),Ramipril,28.0,1.25 mg,Angiotensin-Converting Enzyme Inhibitors,False,False
7338811000001104,Ramipril,Ramipril 1.25mg tablets (Sterwin Medicines) (product),Ramipril,,1.25 mg,Angiotensin-Converting Enzyme Inhibitors,False,False
7338911000001109,Ramipril,Ramipril 1.25mg tablets (Sterwin Medicines) 28 tablet 2 x 14 tablets (product),Ramipril,28.0,1.25 mg,Angiotensin-Converting Enzyme Inhibitors,False,False
13761711000001103,Ramipril,Ramipril 1.25mg tablets (Tillomed Laboratories Ltd) (product),Ramipril,,1.25 mg,Angiotensin-Converting Enzyme Inhibitors,False,False
13761811000001106,Ramipril,Ramipril 1.25mg tablets (Tillomed Laboratories Ltd) 28 tablet (product),Ramipril,28.0,1.25 mg,Angiotensin-Converting Enzyme Inhibitors,False,False
36834211000001109,Ramipril,Ramipril 1.25mg tablets (Torrent Pharma (UK) Ltd) (product),Ramipril,,1.25 mg,Angiotensin-Converting Enzyme Inhibitors,False,False
36834311000001101,Ramipril,Ramipril 1.25mg tablets (Torrent Pharma (UK) Ltd) 28 tablet (product),Ramipril,28.0,1.25 mg,Angiotensin-Converting Enzyme Inhibitors,False,False
5927411000001107,Ramipril,Ramipril 1.25mg tablets (Unichem Plc) (product),Ramipril,,1.25 mg,Angiotensin-Converting Enzyme Inhibitors,False,False
5927511000001106,Ramipril,Ramipril 1.25mg tablets (Unichem Plc) 28 tablet (product),Ramipril,28.0,1.25 mg,Angiotensin-Converting Enzyme Inhibitors,False,False
21878711000001107,Ramipril,Ramipril 1.25mg tablets (Waymade Healthcare Plc) (product),Ramipril,,1.25 mg,Angiotensin-Converting Enzyme Inhibitors,False,False
21878811000001104,Ramipril,Ramipril 1.25mg tablets (Waymade Healthcare Plc) 28 tablet (product),Ramipril,28.0,1.25 mg,Angiotensin-Converting Enzyme Inhibitors,False,False
5010411000001107,Ramipril,Ramipril 1.25mg tablets 28 tablet (product),Ramipril,28.0,1.25 mg,Angiotensin-Converting Enzyme Inhibitors,False,False
8720211000001109,Ramipril,Ramipril 1.25mg/5ml oral solution (product),Ramipril,,25 mg/5 ml,Angiotensin-Converting Enzyme Inhibitors,False,False
8694311000001106,Ramipril,Ramipril 1.25mg/5ml oral solution (Special Order) (product),Ramipril,,25 mg/5 ml,Angiotensin-Converting Enzyme Inhibitors,False,False
8694711000001105,Ramipril,Ramipril 1.25mg/5ml oral solution (Special Order) 1 ml (product),Ramipril,,25 mg/5 ml,Angiotensin-Converting Enzyme Inhibitors,False,False
8694211000001103,Ramipril,Ramipril 1.25mg/5ml oral solution 1 ml (product),Ramipril,,25 mg/5 ml,Angiotensin-Converting Enzyme Inhibitors,False,False
8720311000001101,Ramipril,Ramipril 1.25mg/5ml oral suspension (product),Ramipril,,25 mg/5 ml,Angiotensin-Converting Enzyme Inhibitors,False,False
8695511000001104,Ramipril,Ramipril 1.25mg/5ml oral suspension (Special Order) (product),Ramipril,,25 mg/5 ml,Angiotensin-Converting Enzyme Inhibitors,False,False
8695711000001109,Ramipril,Ramipril 1.25mg/5ml oral suspension (Special Order) 1 ml (product),Ramipril,,25 mg/5 ml,Angiotensin-Converting Enzyme Inhibitors,False,False
8695411000001103,Ramipril,Ramipril 1.25mg/5ml oral suspension 1 ml (product),Ramipril,,25 mg/5 ml,Angiotensin-Converting Enzyme Inhibitors,False,False
3516301000001109,Ramipril,Ramipril 10mg capsule - product,Ramipril,,10 mg,Angiotensin-Converting Enzyme Inhibitors,False,False
5880511000001109,Ramipril,Ramipril 10mg capsules (A A H Pharmaceuticals Ltd) (product),Ramipril,,10 mg,Angiotensin-Converting Enzyme Inhibitors,False,False
5881011000001105,Ramipril,Ramipril 10mg capsules (A A H Pharmaceuticals Ltd) 28 capsule 4 x 7 capsules (product),Ramipril,,10 mg,Angiotensin-Converting Enzyme Inhibitors,False,False
11408211000001100,Ramipril,Ramipril 10mg capsules (Almus Pharmaceuticals Ltd) (product),Ramipril,,10 mg,Angiotensin-Converting Enzyme Inhibitors,False,False
11408311000001108,Ramipril,Ramipril 10mg capsules (Almus Pharmaceuticals Ltd) 28 capsule 2 x 14 capsules (product),Ramipril,,10 mg,Angiotensin-Converting Enzyme Inhibitors,False,False
8267511000001108,Ramipril,Ramipril 10mg capsules (Alpharma Limited) (product),Ramipril,,10 mg,Angiotensin-Converting Enzyme Inhibitors,False,False
8267611000001107,Ramipril,Ramipril 10mg capsules (Alpharma Limited) 28 capsule 4 x 7 capsules (product),Ramipril,,10 mg,Angiotensin-Converting Enzyme Inhibitors,False,False
5589711000001107,Ramipril,Ramipril 10mg capsules (Approved Prescription Services) (product),Ramipril,,10 mg,Angiotensin-Converting Enzyme Inhibitors,False,False
5589811000001104,Ramipril,Ramipril 10mg capsules (Approved Prescription Services) 28 capsule 2 x 14 capsules (product),Ramipril,,10 mg,Angiotensin-Converting Enzyme Inhibitors,False,False
10412711000001103,Ramipril,Ramipril 10mg capsules (Arrow Generics Ltd) (product),Ramipril,,10 mg,Angiotensin-Converting Enzyme Inhibitors,False,False
10412911000001101,Ramipril,Ramipril 10mg capsules (Arrow Generics Ltd) 28 capsule (product),Ramipril,,10 mg,Angiotensin-Converting Enzyme Inhibitors,False,False
16065411000001101,Ramipril,Ramipril 10mg capsules (Bristol Laboratories Ltd) (product),Ramipril,,10 mg,Angiotensin-Converting Enzyme Inhibitors,False,False
16065511000001102,Ramipril,Ramipril 10mg capsules (Bristol Laboratories Ltd) 28 capsule 2 x 14 capsules (product),Ramipril,,10 mg,Angiotensin-Converting Enzyme Inhibitors,False,False
32497411000001101,Ramipril,Ramipril 10mg capsules (Brown & Burk UK Ltd) (product),Ramipril,,10 mg,Angiotensin-Converting Enzyme Inhibitors,False,False
32497511000001102,Ramipril,Ramipril 10mg capsules (Brown & Burk UK Ltd) 28 capsule 2 x 14 capsules (product),Ramipril,,10 mg,Angiotensin-Converting Enzyme Inhibitors,False,False
30087411000001100,Ramipril,Ramipril 10mg capsules (DE Pharmaceuticals) (product),Ramipril,,10 mg,Angiotensin-Converting Enzyme Inhibitors,False,False
30087511000001101,Ramipril,Ramipril 10mg capsules (DE Pharmaceuticals) 28 capsule (product),Ramipril,,10 mg,Angiotensin-Converting Enzyme Inhibitors,False,False
13253411000001109,Ramipril,Ramipril 10mg capsules (Dowelhurst Ltd) (product),Ramipril,,10 mg,Angiotensin-Converting Enzyme Inhibitors,False,False
13253511000001108,Ramipril,Ramipril 10mg capsules (Dowelhurst Ltd) 28 capsule (product),Ramipril,,10 mg,Angiotensin-Converting Enzyme Inhibitors,False,False
28780211000001104,Ramipril,Ramipril 10mg capsules (Ennogen Pharma Ltd) (product),Ramipril,,10 mg,Angiotensin-Converting Enzyme Inhibitors,False,False
28780311000001107,Ramipril,Ramipril 10mg capsules (Ennogen Pharma Ltd) 28 capsule (product),Ramipril,,10 mg,Angiotensin-Converting Enzyme Inhibitors,False,False
10297111000001102,Ramipril,Ramipril 10mg capsules (Focus Pharmaceuticals Ltd) (product),Ramipril,,10 mg,Angiotensin-Converting Enzyme Inhibitors,False,False
10297211000001108,Ramipril,Ramipril 10mg capsules (Focus Pharmaceuticals Ltd) 28 capsule (product),Ramipril,,10 mg,Angiotensin-Converting Enzyme Inhibitors,False,False
7433511000001100,Ramipril,Ramipril 10mg capsules (Generics (UK) Ltd) (product),Ramipril,,10 mg,Angiotensin-Converting Enzyme Inhibitors,False,False
7433711000001105,Ramipril,Ramipril 10mg capsules (Generics (UK) Ltd) 28 capsule 2 x 14 capsules (product),Ramipril,,10 mg,Angiotensin-Converting Enzyme Inhibitors,False,False
5629611000001101,Ramipril,Ramipril 10mg capsules (Genus Pharmaceuticals) (product),Ramipril,,10 mg,Angiotensin-Converting Enzyme Inhibitors,False,False
5629711000001105,Ramipril,Ramipril 10mg capsules (Genus Pharmaceuticals) 28 capsule 2 x 14 capsules (product),Ramipril,,10 mg,Angiotensin-Converting Enzyme Inhibitors,False,False
5632811000001109,Ramipril,Ramipril 10mg capsules (Kent Pharmaceuticals Ltd) (product),Ramipril,,10 mg,Angiotensin-Converting Enzyme Inhibitors,False,False
5632911000001104,Ramipril,Ramipril 10mg capsules (Kent Pharmaceuticals Ltd) 28 capsule (product),Ramipril,,10 mg,Angiotensin-Converting Enzyme Inhibitors,False,False
30867211000001101,Ramipril,Ramipril 10mg capsules (Mawdsley-Brooks & Company Ltd) (product),Ramipril,,10 mg,Angiotensin-Converting Enzyme Inhibitors,False,False
30867411000001102,Ramipril,Ramipril 10mg capsules (Mawdsley-Brooks & Company Ltd) 28 capsule (product),Ramipril,,10 mg,Angiotensin-Converting Enzyme Inhibitors,False,False
17921311000001109,Ramipril,Ramipril 10mg capsules (Phoenix Healthcare Distribution Ltd) (product),Ramipril,,10 mg,Angiotensin-Converting Enzyme Inhibitors,False,False
17921411000001102,Ramipril,Ramipril 10mg capsules (Phoenix Healthcare Distribution Ltd) 28 capsule (product),Ramipril,,10 mg,Angiotensin-Converting Enzyme Inhibitors,False,False
7818511000001109,Ramipril,Ramipril 10mg capsules (Ranbaxy (UK) Ltd) (product),Ramipril,,10 mg,Angiotensin-Converting Enzyme Inhibitors,False,False
7818611000001108,Ramipril,Ramipril 10mg capsules (Ranbaxy (UK) Ltd) 28 capsule 4 x 7 capsules (product),Ramipril,,10 mg,Angiotensin-Converting Enzyme Inhibitors,False,False
5624611000001100,Ramipril,Ramipril 10mg capsules (Sandoz Ltd) (product),Ramipril,,10 mg,Angiotensin-Converting Enzyme Inhibitors,False,False
5624711000001109,Ramipril,Ramipril 10mg capsules (Sandoz Ltd) 28 capsule 2 x 14 capsules (product),Ramipril,,10 mg,Angiotensin-Converting Enzyme Inhibitors,False,False
15182211000001101,Ramipril,Ramipril 10mg capsules (Sigma Pharmaceuticals Plc) (product),Ramipril,,10 mg,Angiotensin-Converting Enzyme Inhibitors,False,False
15182511000001103,Ramipril,Ramipril 10mg capsules (Sigma Pharmaceuticals Plc) 28 capsule (product),Ramipril,,10 mg,Angiotensin-Converting Enzyme Inhibitors,False,False
5631611000001104,Ramipril,Ramipril 10mg capsules (Sterwin Medicines) (product),Ramipril,,10 mg,Angiotensin-Converting Enzyme Inhibitors,False,False
5631711000001108,Ramipril,Ramipril 10mg capsules (Sterwin Medicines) 28 capsule 4 x 7 capsules (product),Ramipril,,10 mg,Angiotensin-Converting Enzyme Inhibitors,False,False
5925111000001106,Ramipril,Ramipril 10mg capsules (Unichem Plc) (product),Ramipril,,10 mg,Angiotensin-Converting Enzyme Inhibitors,False,False
5925511000001102,Ramipril,Ramipril 10mg capsules (Unichem Plc) 28 capsule (product),Ramipril,,10 mg,Angiotensin-Converting Enzyme Inhibitors,False,False
21878311000001108,Ramipril,Ramipril 10mg capsules (Waymade Healthcare Plc) (product),Ramipril,,10 mg,Angiotensin-Converting Enzyme Inhibitors,False,False
21878411000001101,Ramipril,Ramipril 10mg capsules (Waymade Healthcare Plc) 28 capsule (product),Ramipril,,10 mg,Angiotensin-Converting Enzyme Inhibitors,False,False
34747811000001108,Ramipril,Ramipril 10mg capsules (Wockhardt UK Ltd) (product),Ramipril,,10 mg,Angiotensin-Converting Enzyme Inhibitors,False,False
34747911000001103,Ramipril,Ramipril 10mg capsules (Wockhardt UK Ltd) 28 capsule 2 x 14 capsules (product),Ramipril,,10 mg,Angiotensin-Converting Enzyme Inhibitors,False,False
1069111000001107,Ramipril,Ramipril 10mg capsules 28 capsule (product),Ramipril,,10 mg,Angiotensin-Converting Enzyme Inhibitors,False,False
3039911000001107,Ramipril,Ramipril 10mg capsules 7 capsule (product),Ramipril,,10 mg,Angiotensin-Converting Enzyme Inhibitors,False,False
4311001000001104,Ramipril,Ramipril 10mg tablet (product),Ramipril,,10 mg,Angiotensin-Converting Enzyme Inhibitors,False,False
5885911000001106,Ramipril,Ramipril 10mg tablets (A A H Pharmaceuticals Ltd) (product),Ramipril,,10 mg,Angiotensin-Converting Enzyme Inhibitors,False,False
5886211000001108,Ramipril,Ramipril 10mg tablets (A A H Pharmaceuticals Ltd) 28 tablet 2 x 14 tablets (product),Ramipril,28.0,10 mg,Angiotensin-Converting Enzyme Inhibitors,False,False
10721411000001100,Ramipril,Ramipril 10mg tablets (Actavis UK Ltd) (product),Ramipril,,10 mg,Angiotensin-Converting Enzyme Inhibitors,False,False
10721611000001102,Ramipril,Ramipril 10mg tablets (Actavis UK Ltd) 28 tablet 4 x 7 tablets (product),Ramipril,28.0,10 mg,Angiotensin-Converting Enzyme Inhibitors,False,False
19835111000001107,Ramipril,Ramipril 10mg tablets (APC Pharmaceuticals & Chemicals (Europe) Ltd) (product),Ramipril,,10 mg,Angiotensin-Converting Enzyme Inhibitors,False,False
19835211000001101,Ramipril,Ramipril 10mg tablets (APC Pharmaceuticals & Chemicals (Europe) Ltd) 28 tablet 2 x 14 tablets (product),Ramipril,28.0,10 mg,Angiotensin-Converting Enzyme Inhibitors,False,False
5591911000001109,Ramipril,Ramipril 10mg tablets (Approved Prescription Services) (product),Ramipril,,10 mg,Angiotensin-Converting Enzyme Inhibitors,False,False
5592011000001102,Ramipril,Ramipril 10mg tablets (Approved Prescription Services) 28 tablet (product),Ramipril,28.0,10 mg,Angiotensin-Converting Enzyme Inhibitors,False,False
35180111000001106,Ramipril,Ramipril 10mg tablets (Aurobindo Pharma Ltd) (product),Ramipril,,10 mg,Angiotensin-Converting Enzyme Inhibitors,False,False
35180211000001100,Ramipril,Ramipril 10mg tablets (Aurobindo Pharma Ltd) 28 tablet (product),Ramipril,28.0,10 mg,Angiotensin-Converting Enzyme Inhibitors,False,False
30088211000001100,Ramipril,Ramipril 10mg tablets (DE Pharmaceuticals) (product),Ramipril,,10 mg,Angiotensin-Converting Enzyme Inhibitors,False,False
30088311000001108,Ramipril,Ramipril 10mg tablets (DE Pharmaceuticals) 28 tablet (product),Ramipril,28.0,10 mg,Angiotensin-Converting Enzyme Inhibitors,False,False
13254211000001108,Ramipril,Ramipril 10mg tablets (Dowelhurst Ltd) (product),Ramipril,,10 mg,Angiotensin-Converting Enzyme Inhibitors,False,False
13254311000001100,Ramipril,Ramipril 10mg tablets (Dowelhurst Ltd) 28 tablet (product),Ramipril,28.0,10 mg,Angiotensin-Converting Enzyme Inhibitors,False,False
5631011000001106,Ramipril,Ramipril 10mg tablets (Generics (UK) Ltd) (product),Ramipril,,10 mg,Angiotensin-Converting Enzyme Inhibitors,False,False
5631111000001107,Ramipril,Ramipril 10mg tablets (Generics (UK) Ltd) 28 tablet (product),Ramipril,28.0,10 mg,Angiotensin-Converting Enzyme Inhibitors,False,False
5716011000001103,Ramipril,Ramipril 10mg tablets (IVAX Pharmaceuticals UK Ltd) (product),Ramipril,,10 mg,Angiotensin-Converting Enzyme Inhibitors,False,False
5716411000001107,Ramipril,Ramipril 10mg tablets (IVAX Pharmaceuticals UK Ltd) 28 tablet 2 x 14 tablets (product),Ramipril,28.0,10 mg,Angiotensin-Converting Enzyme Inhibitors,False,False
7562811000001105,Ramipril,Ramipril 10mg tablets (Kent Pharmaceuticals Ltd) (product),Ramipril,,10 mg,Angiotensin-Converting Enzyme Inhibitors,False,False
7562911000001100,Ramipril,Ramipril 10mg tablets (Kent Pharmaceuticals Ltd) 28 tablet 2 x 14 tablets (product),Ramipril,28.0,10 mg,Angiotensin-Converting Enzyme Inhibitors,False,False
30867911000001105,Ramipril,Ramipril 10mg tablets (Mawdsley-Brooks & Company Ltd) (product),Ramipril,,10 mg,Angiotensin-Converting Enzyme Inhibitors,False,False
30868011000001107,Ramipril,Ramipril 10mg tablets (Mawdsley-Brooks & Company Ltd) 28 tablet (product),Ramipril,28.0,10 mg,Angiotensin-Converting Enzyme Inhibitors,False,False
10441211000001106,Ramipril,Ramipril 10mg tablets (Niche Generics Ltd) (product),Ramipril,,10 mg,Angiotensin-Converting Enzyme Inhibitors,False,False
10441311000001103,Ramipril,Ramipril 10mg tablets (Niche Generics Ltd) 28 tablet (product),Ramipril,28.0,10 mg,Angiotensin-Converting Enzyme Inhibitors,False,False
20005711000001100,Ramipril,Ramipril 10mg tablets (Pfizer Ltd) (product),Ramipril,,10 mg,Angiotensin-Converting Enzyme Inhibitors,False,False
20005811000001108,Ramipril,Ramipril 10mg tablets (Pfizer Ltd) 28 tablet 2 x14 tablets (product),Ramipril,28.0,10 mg,Angiotensin-Converting Enzyme Inhibitors,False,False
17922811000001109,Ramipril,Ramipril 10mg tablets (Phoenix Healthcare Distribution Ltd) (product),Ramipril,,10 mg,Angiotensin-Converting Enzyme Inhibitors,False,False
17923011000001107,Ramipril,Ramipril 10mg tablets (Phoenix Healthcare Distribution Ltd) 28 tablet (product),Ramipril,28.0,10 mg,Angiotensin-Converting Enzyme Inhibitors,False,False
11413611000001108,Ramipril,Ramipril 10mg tablets (Pliva Pharma Ltd) (product),Ramipril,,10 mg,Angiotensin-Converting Enzyme Inhibitors,False,False
11413711000001104,Ramipril,Ramipril 10mg tablets (Pliva Pharma Ltd) 28 tablet 2 x 14 tablets (product),Ramipril,28.0,10 mg,Angiotensin-Converting Enzyme Inhibitors,False,False
5014911000001109,Ramipril,Ramipril 10mg tablets (product),Ramipril,,10 mg,Angiotensin-Converting Enzyme Inhibitors,False,False
5626211000001107,Ramipril,Ramipril 10mg tablets (Ranbaxy (UK) Ltd) (product),Ramipril,,10 mg,Angiotensin-Converting Enzyme Inhibitors,False,False
5626311000001104,Ramipril,Ramipril 10mg tablets (Ranbaxy (UK) Ltd) 28 tablet 2 x 14 tablets (product),Ramipril,28.0,10 mg,Angiotensin-Converting Enzyme Inhibitors,False,False
11534011000001100,Ramipril,Ramipril 10mg tablets (Sandoz Ltd) (product),Ramipril,,10 mg,Angiotensin-Converting Enzyme Inhibitors,False,False
11534111000001104,Ramipril,Ramipril 10mg tablets (Sandoz Ltd) 28 tablet (product),Ramipril,28.0,10 mg,Angiotensin-Converting Enzyme Inhibitors,False,False
15182711000001108,Ramipril,Ramipril 10mg tablets (Sigma Pharmaceuticals Plc) (product),Ramipril,,10 mg,Angiotensin-Converting Enzyme Inhibitors,False,False
15183011000001102,Ramipril,Ramipril 10mg tablets (Sigma Pharmaceuticals Plc) 28 tablet (product),Ramipril,28.0,10 mg,Angiotensin-Converting Enzyme Inhibitors,False,False
7339411000001109,Ramipril,Ramipril 10mg tablets (Sterwin Medicines) (product),Ramipril,,10 mg,Angiotensin-Converting Enzyme Inhibitors,False,False
7339511000001108,Ramipril,Ramipril 10mg tablets (Sterwin Medicines) 28 tablet 2 x 14 tablets (product),Ramipril,28.0,10 mg,Angiotensin-Converting Enzyme Inhibitors,False,False
13762311000001106,Ramipril,Ramipril 10mg tablets (Tillomed Laboratories Ltd) (product),Ramipril,,10 mg,Angiotensin-Converting Enzyme Inhibitors,False,False
13762411000001104,Ramipril,Ramipril 10mg tablets (Tillomed Laboratories Ltd) 28 tablet (product),Ramipril,28.0,10 mg,Angiotensin-Converting Enzyme Inhibitors,False,False
36835211000001105,Ramipril,Ramipril 10mg tablets (Torrent Pharma (UK) Ltd) (product),Ramipril,,10 mg,Angiotensin-Converting Enzyme Inhibitors,False,False
36835311000001102,Ramipril,Ramipril 10mg tablets (Torrent Pharma (UK) Ltd) 28 tablet (product),Ramipril,28.0,10 mg,Angiotensin-Converting Enzyme Inhibitors,False,False
5937511000001108,Ramipril,Ramipril 10mg tablets (Unichem Plc) (product),Ramipril,,10 mg,Angiotensin-Converting Enzyme Inhibitors,False,False
5938711000001102,Ramipril,Ramipril 10mg tablets (Unichem Plc) 28 tablet (product),Ramipril,28.0,10 mg,Angiotensin-Converting Enzyme Inhibitors,False,False
21879411000001109,Ramipril,Ramipril 10mg tablets (Waymade Healthcare Plc) (product),Ramipril,,10 mg,Angiotensin-Converting Enzyme Inhibitors,False,False
21879511000001108,Ramipril,Ramipril 10mg tablets (Waymade Healthcare Plc) 28 tablet (product),Ramipril,28.0,10 mg,Angiotensin-Converting Enzyme Inhibitors,False,False
33764911000001101,Ramipril,Ramipril 10mg tablets 10 tablet (product),Ramipril,10.0,10 mg,Angiotensin-Converting Enzyme Inhibitors,False,False
5011311000001105,Ramipril,Ramipril 10mg tablets 28 tablet (product),Ramipril,28.0,10 mg,Angiotensin-Converting Enzyme Inhibitors,False,False
13601211000001102,Ramipril,Ramipril 10mg tablets 7 tablet (product),Ramipril,7.0,10 mg,Angiotensin-Converting Enzyme Inhibitors,False,False
8720411000001108,Ramipril,Ramipril 10mg/5ml oral solution (product),Ramipril,,10 mg/5 ml,Angiotensin-Converting Enzyme Inhibitors,False,False
8693211000001101,Ramipril,Ramipril 10mg/5ml oral solution (Special Order) (product),Ramipril,,10 mg/5 ml,Angiotensin-Converting Enzyme Inhibitors,False,False
8693411000001102,Ramipril,Ramipril 10mg/5ml oral solution (Special Order) 1 ml (product),Ramipril,,10 mg/5 ml,Angiotensin-Converting Enzyme Inhibitors,False,False
8693011000001106,Ramipril,Ramipril 10mg/5ml oral solution 1 ml (product),Ramipril,,10 mg/5 ml,Angiotensin-Converting Enzyme Inhibitors,False,False
8720511000001107,Ramipril,Ramipril 10mg/5ml oral suspension (product),Ramipril,,10 mg/5 ml,Angiotensin-Converting Enzyme Inhibitors,False,False
8693711000001108,Ramipril,Ramipril 10mg/5ml oral suspension (Special Order) (product),Ramipril,,10 mg/5 ml,Angiotensin-Converting Enzyme Inhibitors,False,False
8693811000001100,Ramipril,Ramipril 10mg/5ml oral suspension (Special Order) 1 ml (product),Ramipril,,10 mg/5 ml,Angiotensin-Converting Enzyme Inhibitors,False,False
8693611000001104,Ramipril,Ramipril 10mg/5ml oral suspension 1 ml (product),Ramipril,,10 mg/5 ml,Angiotensin-Converting Enzyme Inhibitors,False,False
248401000001107,Ramipril,Ramipril 2.5mg capsule - product,Ramipril,,2.5 mg,Angiotensin-Converting Enzyme Inhibitors,False,False
5875911000001104,Ramipril,Ramipril 2.5mg capsules (A A H Pharmaceuticals Ltd) (product),Ramipril,,2.5 mg,Angiotensin-Converting Enzyme Inhibitors,False,False
5876411000001103,Ramipril,Ramipril 2.5mg capsules (A A H Pharmaceuticals Ltd) 28 capsule 4 x 7 capsules (product),Ramipril,,2.5 mg,Angiotensin-Converting Enzyme Inhibitors,False,False
9805611000001106,Ramipril,Ramipril 2.5mg capsules (Almus Pharmaceutical Ltd) (product),Ramipril,,2.5 mg,Angiotensin-Converting Enzyme Inhibitors,False,False
9805811000001105,Ramipril,Ramipril 2.5mg capsules (Almus Pharmaceutical Ltd) 28 capsule 2 x 14 capsules (product),Ramipril,,2.5 mg,Angiotensin-Converting Enzyme Inhibitors,False,False
8266411000001107,Ramipril,Ramipril 2.5mg capsules (Alpharma Limited) (product),Ramipril,,2.5 mg,Angiotensin-Converting Enzyme Inhibitors,False,False
8266711000001101,Ramipril,Ramipril 2.5mg capsules (Alpharma Limited) 28 capsule 4 x 7 capsules (product),Ramipril,,2.5 mg,Angiotensin-Converting Enzyme Inhibitors,False,False
5588011000001100,Ramipril,Ramipril 2.5mg capsules (Approved Prescription Services) (product),Ramipril,,2.5 mg,Angiotensin-Converting Enzyme Inhibitors,False,False
5588311000001102,Ramipril,Ramipril 2.5mg capsules (Approved Prescription Services) 28 capsule 2 x 14 capsules (product),Ramipril,,2.5 mg,Angiotensin-Converting Enzyme Inhibitors,False,False
10412211000001105,Ramipril,Ramipril 2.5mg capsules (Arrow Generics Ltd) (product),Ramipril,,2.5 mg,Angiotensin-Converting Enzyme Inhibitors,False,False
10412311000001102,Ramipril,Ramipril 2.5mg capsules (Arrow Generics Ltd) 28 capsule (product),Ramipril,,2.5 mg,Angiotensin-Converting Enzyme Inhibitors,False,False
16064811000001100,Ramipril,Ramipril 2.5mg capsules (Bristol Laboratories Ltd) (product),Ramipril,,2.5 mg,Angiotensin-Converting Enzyme Inhibitors,False,False
16064911000001105,Ramipril,Ramipril 2.5mg capsules (Bristol Laboratories Ltd) 28 capsule 2 x 14 capsules (product),Ramipril,,2.5 mg,Angiotensin-Converting Enzyme Inhibitors,False,False
32497011000001105,Ramipril,Ramipril 2.5mg capsules (Brown & Burk UK Ltd) (product),Ramipril,,2.5 mg,Angiotensin-Converting Enzyme Inhibitors,False,False
32497111000001106,Ramipril,Ramipril 2.5mg capsules (Brown & Burk UK Ltd) 28 capsule 2 x 14 capsules (product),Ramipril,,2.5 mg,Angiotensin-Converting Enzyme Inhibitors,False,False
30086811000001100,Ramipril,Ramipril 2.5mg capsules (DE Pharmaceuticals) (product),Ramipril,,2.5 mg,Angiotensin-Converting Enzyme Inhibitors,False,False
30086911000001105,Ramipril,Ramipril 2.5mg capsules (DE Pharmaceuticals) 28 capsule (product),Ramipril,,2.5 mg,Angiotensin-Converting Enzyme Inhibitors,False,False
13253611000001107,Ramipril,Ramipril 2.5mg capsules (Dowelhurst Ltd) (product),Ramipril,,2.5 mg,Angiotensin-Converting Enzyme Inhibitors,False,False
13253711000001103,Ramipril,Ramipril 2.5mg capsules (Dowelhurst Ltd) 28 capsule (product),Ramipril,,2.5 mg,Angiotensin-Converting Enzyme Inhibitors,False,False
28779811000001103,Ramipril,Ramipril 2.5mg capsules (Ennogen Pharma Ltd) (product),Ramipril,,2.5 mg,Angiotensin-Converting Enzyme Inhibitors,False,False
28779911000001108,Ramipril,Ramipril 2.5mg capsules (Ennogen Pharma Ltd) 28 capsule (product),Ramipril,,2.5 mg,Angiotensin-Converting Enzyme Inhibitors,False,False
10296711000001104,Ramipril,Ramipril 2.5mg capsules (Focus Pharmaceuticals Ltd) (product),Ramipril,,2.5 mg,Angiotensin-Converting Enzyme Inhibitors,False,False
10296811000001107,Ramipril,Ramipril 2.5mg capsules (Focus Pharmaceuticals Ltd) 28 capsule (product),Ramipril,,2.5 mg,Angiotensin-Converting Enzyme Inhibitors,False,False
7433011000001108,Ramipril,Ramipril 2.5mg capsules (Generics (UK) Ltd) (product),Ramipril,,2.5 mg,Angiotensin-Converting Enzyme Inhibitors,False,False
7433111000001109,Ramipril,Ramipril 2.5mg capsules (Generics (UK) Ltd) 28 capsule 2 x 14 capsules (product),Ramipril,,2.5 mg,Angiotensin-Converting Enzyme Inhibitors,False,False
5628711000001101,Ramipril,Ramipril 2.5mg capsules (Genus Pharmaceuticals) (product),Ramipril,,2.5 mg,Angiotensin-Converting Enzyme Inhibitors,False,False
5637511000001109,Ramipril,Ramipril 2.5mg capsules (Genus Pharmaceuticals) 28 capsule 2 x 14 capsules (product),Ramipril,,2.5 mg,Angiotensin-Converting Enzyme Inhibitors,False,False
5632411000001107,Ramipril,Ramipril 2.5mg capsules (Kent Pharmaceuticals Ltd) (product),Ramipril,,2.5 mg,Angiotensin-Converting Enzyme Inhibitors,False,False
5632511000001106,Ramipril,Ramipril 2.5mg capsules (Kent Pharmaceuticals Ltd) 28 capsule (product),Ramipril,,2.5 mg,Angiotensin-Converting Enzyme Inhibitors,False,False
30866311000001106,Ramipril,Ramipril 2.5mg capsules (Mawdsley-Brooks & Company Ltd) (product),Ramipril,,2.5 mg,Angiotensin-Converting Enzyme Inhibitors,False,False
30866511000001100,Ramipril,Ramipril 2.5mg capsules (Mawdsley-Brooks & Company Ltd) 28 capsule (product),Ramipril,,2.5 mg,Angiotensin-Converting Enzyme Inhibitors,False,False
17920911000001103,Ramipril,Ramipril 2.5mg capsules (Phoenix Healthcare Distribution Ltd) (product),Ramipril,,2.5 mg,Angiotensin-Converting Enzyme Inhibitors,False,False
17921011000001106,Ramipril,Ramipril 2.5mg capsules (Phoenix Healthcare Distribution Ltd) 28 capsule (product),Ramipril,,2.5 mg,Angiotensin-Converting Enzyme Inhibitors,False,False
7817811000001108,Ramipril,Ramipril 2.5mg capsules (Ranbaxy (UK) Ltd) (product),Ramipril,,2.5 mg,Angiotensin-Converting Enzyme Inhibitors,False,False
7818011000001101,Ramipril,Ramipril 2.5mg capsules (Ranbaxy (UK) Ltd) 28 capsule 4 x 7 capsules (product),Ramipril,,2.5 mg,Angiotensin-Converting Enzyme Inhibitors,False,False
5623511000001102,Ramipril,Ramipril 2.5mg capsules (Sandoz Ltd) (product),Ramipril,,2.5 mg,Angiotensin-Converting Enzyme Inhibitors,False,False
5623611000001103,Ramipril,Ramipril 2.5mg capsules (Sandoz Ltd) 28 capsule 2 x 14 capsules (product),Ramipril,,2.5 mg,Angiotensin-Converting Enzyme Inhibitors,False,False
15183111000001101,Ramipril,Ramipril 2.5mg capsules (Sigma Pharmaceuticals Plc) (product),Ramipril,,2.5 mg,Angiotensin-Converting Enzyme Inhibitors,False,False
15183311000001104,Ramipril,Ramipril 2.5mg capsules (Sigma Pharmaceuticals Plc) 28 capsule (product),Ramipril,,2.5 mg,Angiotensin-Converting Enzyme Inhibitors,False,False
5631211000001101,Ramipril,Ramipril 2.5mg capsules (Sterwin Medicines) (product),Ramipril,,2.5 mg,Angiotensin-Converting Enzyme Inhibitors,False,False
5631311000001109,Ramipril,Ramipril 2.5mg capsules (Sterwin Medicines) 28 capsule 4 x 7 capsules (product),Ramipril,,2.5 mg,Angiotensin-Converting Enzyme Inhibitors,False,False
5921211000001103,Ramipril,Ramipril 2.5mg capsules (Unichem Plc) (product),Ramipril,,2.5 mg,Angiotensin-Converting Enzyme Inhibitors,False,False
5922011000001100,Ramipril,Ramipril 2.5mg capsules (Unichem Plc) 28 capsule (product),Ramipril,,2.5 mg,Angiotensin-Converting Enzyme Inhibitors,False,False
21877911000001108,Ramipril,Ramipril 2.5mg capsules (Waymade Healthcare Plc) (product),Ramipril,,2.5 mg,Angiotensin-Converting Enzyme Inhibitors,False,False
21878011000001105,Ramipril,Ramipril 2.5mg capsules (Waymade Healthcare Plc) 28 capsule (product),Ramipril,,2.5 mg,Angiotensin-Converting Enzyme Inhibitors,False,False
34747411000001106,Ramipril,Ramipril 2.5mg capsules (Wockhardt UK Ltd) (product),Ramipril,,2.5 mg,Angiotensin-Converting Enzyme Inhibitors,False,False
34747511000001105,Ramipril,Ramipril 2.5mg capsules (Wockhardt UK Ltd) 28 capsule 2 x 14 capsules (product),Ramipril,,2.5 mg,Angiotensin-Converting Enzyme Inhibitors,False,False
1100011000001108,Ramipril,Ramipril 2.5mg capsules 28 capsule (product),Ramipril,,2.5 mg,Angiotensin-Converting Enzyme Inhibitors,False,False
1208511000001104,Ramipril,Ramipril 2.5mg capsules 7 capsule (product),Ramipril,,2.5 mg,Angiotensin-Converting Enzyme Inhibitors,False,False
4443901000001101,Ramipril,Ramipril 2.5mg tablet (product),Ramipril,,2.5 mg,Angiotensin-Converting Enzyme Inhibitors,False,False
5884511000001100,Ramipril,Ramipril 2.5mg tablets (A A H Pharmaceuticals Ltd) (product),Ramipril,,2.5 mg,Angiotensin-Converting Enzyme Inhibitors,False,False
5884911000001107,Ramipril,Ramipril 2.5mg tablets (A A H Pharmaceuticals Ltd) 28 tablet 2 x 14 tablets (product),Ramipril,28.0,2.5 mg,Angiotensin-Converting Enzyme Inhibitors,False,False
10720911000001101,Ramipril,Ramipril 2.5mg tablets (Actavis UK Ltd) (product),Ramipril,,2.5 mg,Angiotensin-Converting Enzyme Inhibitors,False,False
10721011000001109,Ramipril,Ramipril 2.5mg tablets (Actavis UK Ltd) 28 tablet 4 x 7 tablets (product),Ramipril,28.0,2.5 mg,Angiotensin-Converting Enzyme Inhibitors,False,False
19834711000001109,Ramipril,Ramipril 2.5mg tablets (APC Pharmaceuticals & Chemicals (Europe) Ltd) (product),Ramipril,,2.5 mg,Angiotensin-Converting Enzyme Inhibitors,False,False
19834811000001101,Ramipril,Ramipril 2.5mg tablets (APC Pharmaceuticals & Chemicals (Europe) Ltd) 28 tablet 2 x 14 tablets (product),Ramipril,28.0,2.5 mg,Angiotensin-Converting Enzyme Inhibitors,False,False
5590811000001107,Ramipril,Ramipril 2.5mg tablets (Approved Prescription Services) (product),Ramipril,,2.5 mg,Angiotensin-Converting Enzyme Inhibitors,False,False
5591011000001105,Ramipril,Ramipril 2.5mg tablets (Approved Prescription Services) 28 tablet (product),Ramipril,28.0,2.5 mg,Angiotensin-Converting Enzyme Inhibitors,False,False
30087811000001103,Ramipril,Ramipril 2.5mg tablets (DE Pharmaceuticals) (product),Ramipril,,2.5 mg,Angiotensin-Converting Enzyme Inhibitors,False,False
30087911000001108,Ramipril,Ramipril 2.5mg tablets (DE Pharmaceuticals) 28 tablet (product),Ramipril,28.0,2.5 mg,Angiotensin-Converting Enzyme Inhibitors,False,False
13254411000001107,Ramipril,Ramipril 2.5mg tablets (Dowelhurst Ltd) (product),Ramipril,,2.5 mg,Angiotensin-Converting Enzyme Inhibitors,False,False
13254511000001106,Ramipril,Ramipril 2.5mg tablets (Dowelhurst Ltd) 28 tablet (product),Ramipril,28.0,2.5 mg,Angiotensin-Converting Enzyme Inhibitors,False,False
5630511000001105,Ramipril,Ramipril 2.5mg tablets (Generics (UK) Ltd) (product),Ramipril,,2.5 mg,Angiotensin-Converting Enzyme Inhibitors,False,False
5630711000001100,Ramipril,Ramipril 2.5mg tablets (Generics (UK) Ltd) 28 tablet (product),Ramipril,28.0,2.5 mg,Angiotensin-Converting Enzyme Inhibitors,False,False
5712111000001101,Ramipril,Ramipril 2.5mg tablets (IVAX Pharmaceuticals UK Ltd) (product),Ramipril,,2.5 mg,Angiotensin-Converting Enzyme Inhibitors,False,False
5714511000001100,Ramipril,Ramipril 2.5mg tablets (IVAX Pharmaceuticals UK Ltd) 28 tablet 2 x 14 tablets (product),Ramipril,28.0,2.5 mg,Angiotensin-Converting Enzyme Inhibitors,False,False
7562411000001108,Ramipril,Ramipril 2.5mg tablets (Kent Pharmaceuticals Ltd) (product),Ramipril,,2.5 mg,Angiotensin-Converting Enzyme Inhibitors,False,False
7562511000001107,Ramipril,Ramipril 2.5mg tablets (Kent Pharmaceuticals Ltd) 28 tablet 2 x 14 tablets (product),Ramipril,28.0,2.5 mg,Angiotensin-Converting Enzyme Inhibitors,False,False
30867511000001103,Ramipril,Ramipril 2.5mg tablets (Mawdsley-Brooks & Company Ltd) (product),Ramipril,,2.5 mg,Angiotensin-Converting Enzyme Inhibitors,False,False
30867611000001104,Ramipril,Ramipril 2.5mg tablets (Mawdsley-Brooks & Company Ltd) 28 tablet (product),Ramipril,28.0,2.5 mg,Angiotensin-Converting Enzyme Inhibitors,False,False
10441411000001105,Ramipril,Ramipril 2.5mg tablets (Niche Generics Ltd) (product),Ramipril,,2.5 mg,Angiotensin-Converting Enzyme Inhibitors,False,False
10441511000001109,Ramipril,Ramipril 2.5mg tablets (Niche Generics Ltd) 28 tablet (product),Ramipril,28.0,2.5 mg,Angiotensin-Converting Enzyme Inhibitors,False,False
17922011000001103,Ramipril,Ramipril 2.5mg tablets (Phoenix Healthcare Distribution Ltd) (product),Ramipril,,2.5 mg,Angiotensin-Converting Enzyme Inhibitors,False,False
17922211000001108,Ramipril,Ramipril 2.5mg tablets (Phoenix Healthcare Distribution Ltd) 28 tablet (product),Ramipril,28.0,2.5 mg,Angiotensin-Converting Enzyme Inhibitors,False,False
11413811000001107,Ramipril,Ramipril 2.5mg tablets (Pliva Pharma Ltd) (product),Ramipril,,2.5 mg,Angiotensin-Converting Enzyme Inhibitors,False,False
11413911000001102,Ramipril,Ramipril 2.5mg tablets (Pliva Pharma Ltd) 28 tablet 2 x 14 tablets (product),Ramipril,28.0,2.5 mg,Angiotensin-Converting Enzyme Inhibitors,False,False
5015011000001109,Ramipril,Ramipril 2.5mg tablets (product),Ramipril,,2.5 mg,Angiotensin-Converting Enzyme Inhibitors,False,False
5625811000001100,Ramipril,Ramipril 2.5mg tablets (Ranbaxy (UK) Ltd) (product),Ramipril,,2.5 mg,Angiotensin-Converting Enzyme Inhibitors,False,False
5625911000001105,Ramipril,Ramipril 2.5mg tablets (Ranbaxy (UK) Ltd) 28 tablet 2 x 14 tablets (product),Ramipril,28.0,2.5 mg,Angiotensin-Converting Enzyme Inhibitors,False,False
11533611000001109,Ramipril,Ramipril 2.5mg tablets (Sandoz Ltd) (product),Ramipril,,2.5 mg,Angiotensin-Converting Enzyme Inhibitors,False,False
11533711000001100,Ramipril,Ramipril 2.5mg tablets (Sandoz Ltd) 28 tablet (product),Ramipril,28.0,2.5 mg,Angiotensin-Converting Enzyme Inhibitors,False,False
15183611000001109,Ramipril,Ramipril 2.5mg tablets (Sigma Pharmaceuticals Plc) (product),Ramipril,,2.5 mg,Angiotensin-Converting Enzyme Inhibitors,False,False
15183711000001100,Ramipril,Ramipril 2.5mg tablets (Sigma Pharmaceuticals Plc) 28 tablet (product),Ramipril,28.0,2.5 mg,Angiotensin-Converting Enzyme Inhibitors,False,False
7339011000001100,Ramipril,Ramipril 2.5mg tablets (Sterwin Medicines) (product),Ramipril,,2.5 mg,Angiotensin-Converting Enzyme Inhibitors,False,False
7339111000001104,Ramipril,Ramipril 2.5mg tablets (Sterwin Medicines) 28 tablet 2 x 14 tablets (product),Ramipril,28.0,2.5 mg,Angiotensin-Converting Enzyme Inhibitors,False,False
13761911000001101,Ramipril,Ramipril 2.5mg tablets (Tillomed Laboratories Ltd) (product),Ramipril,,2.5 mg,Angiotensin-Converting Enzyme Inhibitors,False,False
13762011000001108,Ramipril,Ramipril 2.5mg tablets (Tillomed Laboratories Ltd) 28 tablet (product),Ramipril,28.0,2.5 mg,Angiotensin-Converting Enzyme Inhibitors,False,False
36834411000001108,Ramipril,Ramipril 2.5mg tablets (Torrent Pharma (UK) Ltd) (product),Ramipril,,2.5 mg,Angiotensin-Converting Enzyme Inhibitors,False,False
36834511000001107,Ramipril,Ramipril 2.5mg tablets (Torrent Pharma (UK) Ltd) 28 tablet (product),Ramipril,28.0,2.5 mg,Angiotensin-Converting Enzyme Inhibitors,False,False
5928111000001101,Ramipril,Ramipril 2.5mg tablets (Unichem Plc) (product),Ramipril,,2.5 mg,Angiotensin-Converting Enzyme Inhibitors,False,False
5928311000001104,Ramipril,Ramipril 2.5mg tablets (Unichem Plc) 28 tablet (product),Ramipril,28.0,2.5 mg,Angiotensin-Converting Enzyme Inhibitors,False,False
21878911000001109,Ramipril,Ramipril 2.5mg tablets (Waymade Healthcare Plc) (product),Ramipril,,2.5 mg,Angiotensin-Converting Enzyme Inhibitors,False,False
21879111000001104,Ramipril,Ramipril 2.5mg tablets (Waymade Healthcare Plc) 28 tablet (product),Ramipril,28.0,2.5 mg,Angiotensin-Converting Enzyme Inhibitors,False,False
33764111000001104,Ramipril,Ramipril 2.5mg tablets 10 tablet (product),Ramipril,10.0,2.5 mg,Angiotensin-Converting Enzyme Inhibitors,False,False
5010711000001101,Ramipril,Ramipril 2.5mg tablets 28 tablet (product),Ramipril,28.0,2.5 mg,Angiotensin-Converting Enzyme Inhibitors,False,False
13601011000001107,Ramipril,Ramipril 2.5mg tablets 7 tablet (product),Ramipril,7.0,2.5 mg,Angiotensin-Converting Enzyme Inhibitors,False,False
11390201000001106,Ramipril,RAMIPRIL 2.5mg/5mL oral solution,Ramipril,,5 mg/5 ml,Angiotensin-Converting Enzyme Inhibitors,False,False
19604511000001104,Ramipril,Ramipril 2.5mg/5ml oral solution (Drug Tariff Special Order) 150 ml (product),Ramipril,,5 mg/5 ml,Angiotensin-Converting Enzyme Inhibitors,False,False
8720611000001106,Ramipril,Ramipril 2.5mg/5ml oral solution (product),Ramipril,,5 mg/5 ml,Angiotensin-Converting Enzyme Inhibitors,False,False
8693311000001109,Ramipril,Ramipril 2.5mg/5ml oral solution (Special Order) (product),Ramipril,,5 mg/5 ml,Angiotensin-Converting Enzyme Inhibitors,False,False
8693511000001103,Ramipril,Ramipril 2.5mg/5ml oral solution (Special Order) 1 ml (product),Ramipril,,5 mg/5 ml,Angiotensin-Converting Enzyme Inhibitors,False,False
8693111000001107,Ramipril,Ramipril 2.5mg/5ml oral solution 1 ml (product),Ramipril,,5 mg/5 ml,Angiotensin-Converting Enzyme Inhibitors,False,False
19604411000001103,Ramipril,Ramipril 2.5mg/5ml oral solution 150 ml (product),Ramipril,,5 mg/5 ml,Angiotensin-Converting Enzyme Inhibitors,False,False
20007111000001105,Ramipril,Ramipril 2.5mg/5ml oral solution sugar free (A A H Pharmaceuticals Ltd) (product),Ramipril,,5 mg/5 ml,Angiotensin-Converting Enzyme Inhibitors,False,False
20007211000001104,Ramipril,Ramipril 2.5mg/5ml oral solution sugar free (A A H Pharmaceuticals Ltd) 150 ml (product),Ramipril,,5 mg/5 ml,Angiotensin-Converting Enzyme Inhibitors,False,False
20010511000001103,Ramipril,Ramipril 2.5mg/5ml oral solution sugar free (Alliance Healthcare (Distribution) Ltd) (product),Ramipril,,5 mg/5 ml,Angiotensin-Converting Enzyme Inhibitors,False,False
20010711000001108,Ramipril,Ramipril 2.5mg/5ml oral solution sugar free (Alliance Healthcare (Distribution) Ltd) 150 ml (product),Ramipril,,5 mg/5 ml,Angiotensin-Converting Enzyme Inhibitors,False,False
30087211000001104,Ramipril,Ramipril 2.5mg/5ml oral solution sugar free (DE Pharmaceuticals) (product),Ramipril,,5 mg/5 ml,Angiotensin-Converting Enzyme Inhibitors,False,False
30087311000001107,Ramipril,Ramipril 2.5mg/5ml oral solution sugar free (DE Pharmaceuticals) 150 ml (product),Ramipril,,5 mg/5 ml,Angiotensin-Converting Enzyme Inhibitors,False,False
13532511000001106,Ramipril,Ramipril 2.5mg/5ml oral solution sugar free (product),Ramipril,,5 mg/5 ml,Angiotensin-Converting Enzyme Inhibitors,False,False
19877111000001100,Ramipril,Ramipril 2.5mg/5ml oral solution sugar free (product),Ramipril,,5 mg/5 ml,Angiotensin-Converting Enzyme Inhibitors,False,False
19871011000001106,Ramipril,Ramipril 2.5mg/5ml oral solution sugar free (Rosemont Pharmaceuticals Ltd) (product),Ramipril,,5 mg/5 ml,Angiotensin-Converting Enzyme Inhibitors,False,False
19871111000001107,Ramipril,Ramipril 2.5mg/5ml oral solution sugar free (Rosemont Pharmaceuticals Ltd) 150 ml (product),Ramipril,,5 mg/5 ml,Angiotensin-Converting Enzyme Inhibitors,False,False
13524611000001100,Ramipril,Ramipril 2.5mg/5ml oral solution sugar free (Special Order) (product),Ramipril,,5 mg/5 ml,Angiotensin-Converting Enzyme Inhibitors,False,False
13524711000001109,Ramipril,Ramipril 2.5mg/5ml oral solution sugar free (Special Order) 1 ml (product),Ramipril,,5 mg/5 ml,Angiotensin-Converting Enzyme Inhibitors,False,False
21878511000001102,Ramipril,Ramipril 2.5mg/5ml oral solution sugar free (Waymade Healthcare Plc) (product),Ramipril,,5 mg/5 ml,Angiotensin-Converting Enzyme Inhibitors,False,False
21878611000001103,Ramipril,Ramipril 2.5mg/5ml oral solution sugar free (Waymade Healthcare Plc) 150 ml (product),Ramipril,,5 mg/5 ml,Angiotensin-Converting Enzyme Inhibitors,False,False
13524311000001105,Ramipril,Ramipril 2.5mg/5ml oral solution sugar free 1 ml (product),Ramipril,,5 mg/5 ml,Angiotensin-Converting Enzyme Inhibitors,False,False
19870711000001100,Ramipril,Ramipril 2.5mg/5ml oral solution sugar free 150 ml (product),Ramipril,,5 mg/5 ml,Angiotensin-Converting Enzyme Inhibitors,False,False
19604711000001109,Ramipril,Ramipril 2.5mg/5ml oral suspension (Drug Tariff Special Order) 100 ml (product),Ramipril,,5 mg/5 ml,Angiotensin-Converting Enzyme Inhibitors,False,False
8720711000001102,Ramipril,Ramipril 2.5mg/5ml oral suspension (product),Ramipril,,5 mg/5 ml,Angiotensin-Converting Enzyme Inhibitors,False,False
8694011000001108,Ramipril,Ramipril 2.5mg/5ml oral suspension (Special Order) (product),Ramipril,,5 mg/5 ml,Angiotensin-Converting Enzyme Inhibitors,False,False
8694111000001109,Ramipril,Ramipril 2.5mg/5ml oral suspension (Special Order) 1 ml (product),Ramipril,,5 mg/5 ml,Angiotensin-Converting Enzyme Inhibitors,False,False
8693911000001105,Ramipril,Ramipril 2.5mg/5ml oral suspension 1 ml (product),Ramipril,,5 mg/5 ml,Angiotensin-Converting Enzyme Inhibitors,False,False
19604611000001100,Ramipril,Ramipril 2.5mg/5ml oral suspension 100 ml (product),Ramipril,,5 mg/5 ml,Angiotensin-Converting Enzyme Inhibitors,False,False
10746301000001104,Ramipril,RAMIPRIL 2.5mg+5mg+10mg tablets titration pack,Ramipril,,2.5 mg,Angiotensin-Converting Enzyme Inhibitors,False,False
319001000001109,Ramipril,Ramipril 5mg capsule - product,Ramipril,,5 mg,Angiotensin-Converting Enzyme Inhibitors,False,False
5878511000001103,Ramipril,Ramipril 5mg capsules (A A H Pharmaceuticals Ltd) (product),Ramipril,,5 mg,Angiotensin-Converting Enzyme Inhibitors,False,False
5879911000001102,Ramipril,Ramipril 5mg capsules (A A H Pharmaceuticals Ltd) 28 capsule 4 x 7 capsules (product),Ramipril,,5 mg,Angiotensin-Converting Enzyme Inhibitors,False,False
11407911000001108,Ramipril,Ramipril 5mg capsules (Almus Pharmaceuticals Ltd) (product),Ramipril,,5 mg,Angiotensin-Converting Enzyme Inhibitors,False,False
11408111000001106,Ramipril,Ramipril 5mg capsules (Almus Pharmaceuticals Ltd) 28 capsule 2 x 14 capsules (product),Ramipril,,5 mg,Angiotensin-Converting Enzyme Inhibitors,False,False
8267111000001104,Ramipril,Ramipril 5mg capsules (Alpharma Limited) (product),Ramipril,,5 mg,Angiotensin-Converting Enzyme Inhibitors,False,False
8267311000001102,Ramipril,Ramipril 5mg capsules (Alpharma Limited) 28 capsule 4 x 7 capsules (product),Ramipril,,5 mg,Angiotensin-Converting Enzyme Inhibitors,False,False
5588511000001108,Ramipril,Ramipril 5mg capsules (Approved Prescription Services) (product),Ramipril,,5 mg,Angiotensin-Converting Enzyme Inhibitors,False,False
5589411000001101,Ramipril,Ramipril 5mg capsules (Approved Prescription Services) 28 capsule 2 x 14 capsules (product),Ramipril,,5 mg,Angiotensin-Converting Enzyme Inhibitors,False,False
10412411000001109,Ramipril,Ramipril 5mg capsules (Arrow Generics Ltd) (product),Ramipril,,5 mg,Angiotensin-Converting Enzyme Inhibitors,False,False
10412511000001108,Ramipril,Ramipril 5mg capsules (Arrow Generics Ltd) 28 capsule (product),Ramipril,,5 mg,Angiotensin-Converting Enzyme Inhibitors,False,False
16065011000001105,Ramipril,Ramipril 5mg capsules (Bristol Laboratories Ltd) (product),Ramipril,,5 mg,Angiotensin-Converting Enzyme Inhibitors,False,False
16065311000001108,Ramipril,Ramipril 5mg capsules (Bristol Laboratories Ltd) 28 capsule 2 x 14 capsules (product),Ramipril,,5 mg,Angiotensin-Converting Enzyme Inhibitors,False,False
32497211000001100,Ramipril,Ramipril 5mg capsules (Brown & Burk UK Ltd) (product),Ramipril,,5 mg,Angiotensin-Converting Enzyme Inhibitors,False,False
32497311000001108,Ramipril,Ramipril 5mg capsules (Brown & Burk UK Ltd) 28 capsule 2 x 14 capsules (product),Ramipril,,5 mg,Angiotensin-Converting Enzyme Inhibitors,False,False
30087011000001109,Ramipril,Ramipril 5mg capsules (DE Pharmaceuticals) (product),Ramipril,,5 mg,Angiotensin-Converting Enzyme Inhibitors,False,False
30087111000001105,Ramipril,Ramipril 5mg capsules (DE Pharmaceuticals) 28 capsule (product),Ramipril,,5 mg,Angiotensin-Converting Enzyme Inhibitors,False,False
13253811000001106,Ramipril,Ramipril 5mg capsules (Dowelhurst Ltd) (product),Ramipril,,5 mg,Angiotensin-Converting Enzyme Inhibitors,False,False
13253911000001101,Ramipril,Ramipril 5mg capsules (Dowelhurst Ltd) 28 capsule (product),Ramipril,,5 mg,Angiotensin-Converting Enzyme Inhibitors,False,False
28780011000001109,Ramipril,Ramipril 5mg capsules (Ennogen Pharma Ltd) (product),Ramipril,,5 mg,Angiotensin-Converting Enzyme Inhibitors,False,False
28780111000001105,Ramipril,Ramipril 5mg capsules (Ennogen Pharma Ltd) 28 capsule (product),Ramipril,,5 mg,Angiotensin-Converting Enzyme Inhibitors,False,False
10296511000001109,Ramipril,Ramipril 5mg capsules (Focus Pharmaceuticals Ltd) (product),Ramipril,,5 mg,Angiotensin-Converting Enzyme Inhibitors,False,False
10296611000001108,Ramipril,Ramipril 5mg capsules (Focus Pharmaceuticals Ltd) 28 capsule (product),Ramipril,,5 mg,Angiotensin-Converting Enzyme Inhibitors,False,False
7433211000001103,Ramipril,Ramipril 5mg capsules (Generics (UK) Ltd) (product),Ramipril,,5 mg,Angiotensin-Converting Enzyme Inhibitors,False,False
7433411000001104,Ramipril,Ramipril 5mg capsules (Generics (UK) Ltd) 28 capsule 2 x 14 capsules (product),Ramipril,,5 mg,Angiotensin-Converting Enzyme Inhibitors,False,False
5629311000001106,Ramipril,Ramipril 5mg capsules (Genus Pharmaceuticals) (product),Ramipril,,5 mg,Angiotensin-Converting Enzyme Inhibitors,False,False
5629411000001104,Ramipril,Ramipril 5mg capsules (Genus Pharmaceuticals) 28 capsule 2 x 14 capsules (product),Ramipril,,5 mg,Angiotensin-Converting Enzyme Inhibitors,False,False
5632611000001105,Ramipril,Ramipril 5mg capsules (Kent Pharmaceuticals Ltd) (product),Ramipril,,5 mg,Angiotensin-Converting Enzyme Inhibitors,False,False
5632711000001101,Ramipril,Ramipril 5mg capsules (Kent Pharmaceuticals Ltd) 28 capsule (product),Ramipril,,5 mg,Angiotensin-Converting Enzyme Inhibitors,False,False
30866711000001105,Ramipril,Ramipril 5mg capsules (Mawdsley-Brooks & Company Ltd) (product),Ramipril,,5 mg,Angiotensin-Converting Enzyme Inhibitors,False,False
30867011000001106,Ramipril,Ramipril 5mg capsules (Mawdsley-Brooks & Company Ltd) 28 capsule (product),Ramipril,,5 mg,Angiotensin-Converting Enzyme Inhibitors,False,False
17921111000001107,Ramipril,Ramipril 5mg capsules (Phoenix Healthcare Distribution Ltd) (product),Ramipril,,5 mg,Angiotensin-Converting Enzyme Inhibitors,False,False
17921211000001101,Ramipril,Ramipril 5mg capsules (Phoenix Healthcare Distribution Ltd) 28 capsule (product),Ramipril,,5 mg,Angiotensin-Converting Enzyme Inhibitors,False,False
7818311000001103,Ramipril,Ramipril 5mg capsules (Ranbaxy (UK) Ltd) (product),Ramipril,,5 mg,Angiotensin-Converting Enzyme Inhibitors,False,False
7818411000001105,Ramipril,Ramipril 5mg capsules (Ranbaxy (UK) Ltd) 28 capsule 4 x 7 capsules (product),Ramipril,,5 mg,Angiotensin-Converting Enzyme Inhibitors,False,False
5624411000001103,Ramipril,Ramipril 5mg capsules (Sandoz Ltd) (product),Ramipril,,5 mg,Angiotensin-Converting Enzyme Inhibitors,False,False
5624511000001104,Ramipril,Ramipril 5mg capsules (Sandoz Ltd) 28 capsule 2 x 14 capsules (product),Ramipril,,5 mg,Angiotensin-Converting Enzyme Inhibitors,False,False
15183911000001103,Ramipril,Ramipril 5mg capsules (Sigma Pharmaceuticals Plc) (product),Ramipril,,5 mg,Angiotensin-Converting Enzyme Inhibitors,False,False
15184111000001104,Ramipril,Ramipril 5mg capsules (Sigma Pharmaceuticals Plc) 28 capsule (product),Ramipril,,5 mg,Angiotensin-Converting Enzyme Inhibitors,False,False
5631411000001102,Ramipril,Ramipril 5mg capsules (Sterwin Medicines) (product),Ramipril,,5 mg,Angiotensin-Converting Enzyme Inhibitors,False,False
5631511000001103,Ramipril,Ramipril 5mg capsules (Sterwin Medicines) 28 capsule 4 x 7 capsules (product),Ramipril,,5 mg,Angiotensin-Converting Enzyme Inhibitors,False,False
5923011000001109,Ramipril,Ramipril 5mg capsules (Unichem Plc) (product),Ramipril,,5 mg,Angiotensin-Converting Enzyme Inhibitors,False,False
5924611000001104,Ramipril,Ramipril 5mg capsules (Unichem Plc) 28 capsule (product),Ramipril,,5 mg,Angiotensin-Converting Enzyme Inhibitors,False,False
21878111000001106,Ramipril,Ramipril 5mg capsules (Waymade Healthcare Plc) (product),Ramipril,,5 mg,Angiotensin-Converting Enzyme Inhibitors,False,False
21878211000001100,Ramipril,Ramipril 5mg capsules (Waymade Healthcare Plc) 28 capsule (product),Ramipril,,5 mg,Angiotensin-Converting Enzyme Inhibitors,False,False
34747611000001109,Ramipril,Ramipril 5mg capsules (Wockhardt UK Ltd) (product),Ramipril,,5 mg,Angiotensin-Converting Enzyme Inhibitors,False,False
34747711000001100,Ramipril,Ramipril 5mg capsules (Wockhardt UK Ltd) 28 capsule 2 x 14 capsules (product),Ramipril,,5 mg,Angiotensin-Converting Enzyme Inhibitors,False,False
1304911000001107,Ramipril,Ramipril 5mg capsules 21 capsule (product),Ramipril,,5 mg,Angiotensin-Converting Enzyme Inhibitors,False,False
975711000001107,Ramipril,Ramipril 5mg capsules 28 capsule (product),Ramipril,,5 mg,Angiotensin-Converting Enzyme Inhibitors,False,False
4393301000001104,Ramipril,Ramipril 5mg tablet (product),Ramipril,,5 mg,Angiotensin-Converting Enzyme Inhibitors,False,False
5885211000001102,Ramipril,Ramipril 5mg tablets (A A H Pharmaceuticals Ltd) (product),Ramipril,,5 mg,Angiotensin-Converting Enzyme Inhibitors,False,False
5885611000001100,Ramipril,Ramipril 5mg tablets (A A H Pharmaceuticals Ltd) 28 tablet 2 x 14 tablets (product),Ramipril,28.0,5 mg,Angiotensin-Converting Enzyme Inhibitors,False,False
10721111000001105,Ramipril,Ramipril 5mg tablets (Actavis UK Ltd) (product),Ramipril,,5 mg,Angiotensin-Converting Enzyme Inhibitors,False,False
10721211000001104,Ramipril,Ramipril 5mg tablets (Actavis UK Ltd) 28 tablet 4 x 7 tablets (product),Ramipril,28.0,5 mg,Angiotensin-Converting Enzyme Inhibitors,False,False
19834911000001106,Ramipril,Ramipril 5mg tablets (APC Pharmaceuticals & Chemicals (Europe) Ltd) (product),Ramipril,,5 mg,Angiotensin-Converting Enzyme Inhibitors,False,False
19835011000001106,Ramipril,Ramipril 5mg tablets (APC Pharmaceuticals & Chemicals (Europe) Ltd) 28 tablet 2 x 14 tablets (product),Ramipril,28.0,5 mg,Angiotensin-Converting Enzyme Inhibitors,False,False
5591311000001108,Ramipril,Ramipril 5mg tablets (Approved Prescription Services) (product),Ramipril,,5 mg,Angiotensin-Converting Enzyme Inhibitors,False,False
5591611000001103,Ramipril,Ramipril 5mg tablets (Approved Prescription Services) 28 tablet (product),Ramipril,28.0,5 mg,Angiotensin-Converting Enzyme Inhibitors,False,False
35179911000001109,Ramipril,Ramipril 5mg tablets (Aurobindo Pharma Ltd) (product),Ramipril,,5 mg,Angiotensin-Converting Enzyme Inhibitors,False,False
35180011000001105,Ramipril,Ramipril 5mg tablets (Aurobindo Pharma Ltd) 28 tablet (product),Ramipril,28.0,5 mg,Angiotensin-Converting Enzyme Inhibitors,False,False
30088011000001105,Ramipril,Ramipril 5mg tablets (DE Pharmaceuticals) (product),Ramipril,,5 mg,Angiotensin-Converting Enzyme Inhibitors,False,False
30088111000001106,Ramipril,Ramipril 5mg tablets (DE Pharmaceuticals) 28 tablet (product),Ramipril,28.0,5 mg,Angiotensin-Converting Enzyme Inhibitors,False,False
13254611000001105,Ramipril,Ramipril 5mg tablets (Dowelhurst Ltd) (product),Ramipril,,5 mg,Angiotensin-Converting Enzyme Inhibitors,False,False
13254711000001101,Ramipril,Ramipril 5mg tablets (Dowelhurst Ltd) 28 tablet (product),Ramipril,28.0,5 mg,Angiotensin-Converting Enzyme Inhibitors,False,False
5630811000001108,Ramipril,Ramipril 5mg tablets (Generics (UK) Ltd) (product),Ramipril,,5 mg,Angiotensin-Converting Enzyme Inhibitors,False,False
5630911000001103,Ramipril,Ramipril 5mg tablets (Generics (UK) Ltd) 28 tablet (product),Ramipril,28.0,5 mg,Angiotensin-Converting Enzyme Inhibitors,False,False
5715011000001107,Ramipril,Ramipril 5mg tablets (IVAX Pharmaceuticals UK Ltd) (product),Ramipril,,5 mg,Angiotensin-Converting Enzyme Inhibitors,False,False
5715511000001104,Ramipril,Ramipril 5mg tablets (IVAX Pharmaceuticals UK Ltd) 28 tablet 2 x 14 tablets (product),Ramipril,28.0,5 mg,Angiotensin-Converting Enzyme Inhibitors,False,False
7562611000001106,Ramipril,Ramipril 5mg tablets (Kent Pharmaceuticals Ltd) (product),Ramipril,,5 mg,Angiotensin-Converting Enzyme Inhibitors,False,False
7562711000001102,Ramipril,Ramipril 5mg tablets (Kent Pharmaceuticals Ltd) 28 tablet 2 x 14 tablets (product),Ramipril,28.0,5 mg,Angiotensin-Converting Enzyme Inhibitors,False,False
30867711000001108,Ramipril,Ramipril 5mg tablets (Mawdsley-Brooks & Company Ltd) (product),Ramipril,,5 mg,Angiotensin-Converting Enzyme Inhibitors,False,False
30867811000001100,Ramipril,Ramipril 5mg tablets (Mawdsley-Brooks & Company Ltd) 28 tablet (product),Ramipril,28.0,5 mg,Angiotensin-Converting Enzyme Inhibitors,False,False
10441611000001108,Ramipril,Ramipril 5mg tablets (Niche Generics Ltd) (product),Ramipril,,5 mg,Angiotensin-Converting Enzyme Inhibitors,False,False
10441711000001104,Ramipril,Ramipril 5mg tablets (Niche Generics Ltd) 28 tablet (product),Ramipril,28.0,5 mg,Angiotensin-Converting Enzyme Inhibitors,False,False
20005511000001105,Ramipril,Ramipril 5mg tablets (Pfizer Ltd) (product),Ramipril,,5 mg,Angiotensin-Converting Enzyme Inhibitors,False,False
20005611000001109,Ramipril,Ramipril 5mg tablets (Pfizer Ltd) 28 tablet 2 x 14 tablets (product),Ramipril,28.0,5 mg,Angiotensin-Converting Enzyme Inhibitors,False,False
17922411000001107,Ramipril,Ramipril 5mg tablets (Phoenix Healthcare Distribution Ltd) (product),Ramipril,,5 mg,Angiotensin-Converting Enzyme Inhibitors,False,False
17922611000001105,Ramipril,Ramipril 5mg tablets (Phoenix Healthcare Distribution Ltd) 28 tablet (product),Ramipril,28.0,5 mg,Angiotensin-Converting Enzyme Inhibitors,False,False
11414011000001104,Ramipril,Ramipril 5mg tablets (Pliva Pharma Ltd) (product),Ramipril,,5 mg,Angiotensin-Converting Enzyme Inhibitors,False,False
11414111000001103,Ramipril,Ramipril 5mg tablets (Pliva Pharma Ltd) 28 tablet 2 x 14 tablets (product),Ramipril,28.0,5 mg,Angiotensin-Converting Enzyme Inhibitors,False,False
5015111000001105,Ramipril,Ramipril 5mg tablets (product),Ramipril,,5 mg,Angiotensin-Converting Enzyme Inhibitors,False,False
5626011000001102,Ramipril,Ramipril 5mg tablets (Ranbaxy (UK) Ltd) (product),Ramipril,,5 mg,Angiotensin-Converting Enzyme Inhibitors,False,False
5626111000001101,Ramipril,Ramipril 5mg tablets (Ranbaxy (UK) Ltd) 28 tablet 2 x 14 tablets (product),Ramipril,28.0,5 mg,Angiotensin-Converting Enzyme Inhibitors,False,False
11533811000001108,Ramipril,Ramipril 5mg tablets (Sandoz Ltd) (product),Ramipril,,5 mg,Angiotensin-Converting Enzyme Inhibitors,False,False
11533911000001103,Ramipril,Ramipril 5mg tablets (Sandoz Ltd) 28 tablet (product),Ramipril,28.0,5 mg,Angiotensin-Converting Enzyme Inhibitors,False,False
15184311000001102,Ramipril,Ramipril 5mg tablets (Sigma Pharmaceuticals Plc) (product),Ramipril,,5 mg,Angiotensin-Converting Enzyme Inhibitors,False,False
15184511000001108,Ramipril,Ramipril 5mg tablets (Sigma Pharmaceuticals Plc) 28 tablet (product),Ramipril,28.0,5 mg,Angiotensin-Converting Enzyme Inhibitors,False,False
7339211000001105,Ramipril,Ramipril 5mg tablets (Sterwin Medicines) (product),Ramipril,,5 mg,Angiotensin-Converting Enzyme Inhibitors,False,False
7339311000001102,Ramipril,Ramipril 5mg tablets (Sterwin Medicines) 28 tablet 2 x 14 tablets (product),Ramipril,28.0,5 mg,Angiotensin-Converting Enzyme Inhibitors,False,False
13762111000001109,Ramipril,Ramipril 5mg tablets (Tillomed Laboratories Ltd) (product),Ramipril,,5 mg,Angiotensin-Converting Enzyme Inhibitors,False,False
13762211000001103,Ramipril,Ramipril 5mg tablets (Tillomed Laboratories Ltd) 28 tablet (product),Ramipril,28.0,5 mg,Angiotensin-Converting Enzyme Inhibitors,False,False
36834611000001106,Ramipril,Ramipril 5mg tablets (Torrent Pharma (UK) Ltd) (product),Ramipril,,5 mg,Angiotensin-Converting Enzyme Inhibitors,False,False
36834911000001100,Ramipril,Ramipril 5mg tablets (Torrent Pharma (UK) Ltd) 28 tablet (product),Ramipril,28.0,5 mg,Angiotensin-Converting Enzyme Inhibitors,False,False
5932311000001104,Ramipril,Ramipril 5mg tablets (Unichem Plc) (product),Ramipril,,5 mg,Angiotensin-Converting Enzyme Inhibitors,False,False
5936411000001107,Ramipril,Ramipril 5mg tablets (Unichem Plc) 28 tablet (product),Ramipril,28.0,5 mg,Angiotensin-Converting Enzyme Inhibitors,False,False
21879211000001105,Ramipril,Ramipril 5mg tablets (Waymade Healthcare Plc) (product),Ramipril,,5 mg,Angiotensin-Converting Enzyme Inhibitors,False,False
21879311000001102,Ramipril,Ramipril 5mg tablets (Waymade Healthcare Plc) 28 tablet (product),Ramipril,28.0,5 mg,Angiotensin-Converting Enzyme Inhibitors,False,False
13601111000001108,Ramipril,Ramipril 5mg tablets 21 tablet (product),Ramipril,21.0,5 mg,Angiotensin-Converting Enzyme Inhibitors,False,False
5011011000001107,Ramipril,Ramipril 5mg tablets 28 tablet (product),Ramipril,28.0,5 mg,Angiotensin-Converting Enzyme Inhibitors,False,False
33764711000001103,Ramipril,Ramipril 5mg tablets 30 tablet (product),Ramipril,30.0,5 mg,Angiotensin-Converting Enzyme Inhibitors,False,False
19604911000001106,Ramipril,Ramipril 5mg/5ml oral solution (Drug Tariff Special Order) 150 ml (product),Ramipril,,5 mg/5 ml,Angiotensin-Converting Enzyme Inhibitors,False,False
8720811000001105,Ramipril,Ramipril 5mg/5ml oral solution (product),Ramipril,,5 mg/5 ml,Angiotensin-Converting Enzyme Inhibitors,False,False
8694911000001107,Ramipril,Ramipril 5mg/5ml oral solution (Special Order) (product),Ramipril,,5 mg/5 ml,Angiotensin-Converting Enzyme Inhibitors,False,False
8695111000001108,Ramipril,Ramipril 5mg/5ml oral solution (Special Order) 1 ml (product),Ramipril,,5 mg/5 ml,Angiotensin-Converting Enzyme Inhibitors,False,False
8694511000001100,Ramipril,Ramipril 5mg/5ml oral solution 1 ml (product),Ramipril,,5 mg/5 ml,Angiotensin-Converting Enzyme Inhibitors,False,False
19604811000001101,Ramipril,Ramipril 5mg/5ml oral solution 150 ml (product),Ramipril,,5 mg/5 ml,Angiotensin-Converting Enzyme Inhibitors,False,False
19605111000001107,Ramipril,Ramipril 5mg/5ml oral suspension (Drug Tariff Special Order) 100 ml (product),Ramipril,,5 mg/5 ml,Angiotensin-Converting Enzyme Inhibitors,False,False
8720911000001100,Ramipril,Ramipril 5mg/5ml oral suspension (product),Ramipril,,5 mg/5 ml,Angiotensin-Converting Enzyme Inhibitors,False,False
8695811000001101,Ramipril,Ramipril 5mg/5ml oral suspension (Special Order) (product),Ramipril,,5 mg/5 ml,Angiotensin-Converting Enzyme Inhibitors,False,False
8695911000001106,Ramipril,Ramipril 5mg/5ml oral suspension (Special Order) 1 ml (product),Ramipril,,5 mg/5 ml,Angiotensin-Converting Enzyme Inhibitors,False,False
8695611000001100,Ramipril,Ramipril 5mg/5ml oral suspension 1 ml (product),Ramipril,,5 mg/5 ml,Angiotensin-Converting Enzyme Inhibitors,False,False
19605011000001106,Ramipril,Ramipril 5mg/5ml oral suspension 100 ml (product),Ramipril,,5 mg/5 ml,Angiotensin-Converting Enzyme Inhibitors,False,False
13013311000001103,Ramipril,Ramipril 750micrograms/5ml oral solution (product),Ramipril,,,Angiotensin-Converting Enzyme Inhibitors,False,False
12993511000001106,Ramipril,Ramipril 750micrograms/5ml oral solution (Special Order) (product),Ramipril,,,Angiotensin-Converting Enzyme Inhibitors,False,False
12993611000001105,Ramipril,Ramipril 750micrograms/5ml oral solution (Special Order) 1 ml (product),Ramipril,,,Angiotensin-Converting Enzyme Inhibitors,False,False
12993411000001107,Ramipril,Ramipril 750micrograms/5ml oral solution 1 ml (product),Ramipril,,,Angiotensin-Converting Enzyme Inhibitors,False,False
13013411000001105,Ramipril,Ramipril 750micrograms/5ml oral suspension (product),Ramipril,,,Angiotensin-Converting Enzyme Inhibitors,False,False
12992911000001106,Ramipril,Ramipril 750micrograms/5ml oral suspension (Special Order) (product),Ramipril,,,Angiotensin-Converting Enzyme Inhibitors,False,False
12993011000001103,Ramipril,Ramipril 750micrograms/5ml oral suspension (Special Order) 1 ml (product),Ramipril,,,Angiotensin-Converting Enzyme Inhibitors,False,False
12992811000001101,Ramipril,Ramipril 750micrograms/5ml oral suspension 1 ml (product),Ramipril,,,Angiotensin-Converting Enzyme Inhibitors,False,False
8595301000001101,Ranace,Ranace (qualifier value),Ramipril,,,Angiotensin-Converting Enzyme Inhibitors,False,False
8558201000001107,Ranace,Ranace 1.25mg capsule,Ramipril,,1.25 mg,Angiotensin-Converting Enzyme Inhibitors,False,False
8146411000001104,Ranace,Ranace 1.25mg capsules (Ranbaxy (UK) Ltd) (product),Ramipril,,1.25 mg,Angiotensin-Converting Enzyme Inhibitors,False,False
8146511000001100,Ranace,Ranace 1.25mg capsules (Ranbaxy (UK) Ltd) 28 capsule 2 x 14 capsules (product),Ramipril,,1.25 mg,Angiotensin-Converting Enzyme Inhibitors,False,False
8557901000001103,Ranace,Ranace 10mg capsule,Ramipril,,10 mg,Angiotensin-Converting Enzyme Inhibitors,False,False
8147011000001106,Ranace,Ranace 10mg capsules (Ranbaxy (UK) Ltd) (product),Ramipril,,10 mg,Angiotensin-Converting Enzyme Inhibitors,False,False
8147111000001107,Ranace,Ranace 10mg capsules (Ranbaxy (UK) Ltd) 28 capsule 2 x 14 capsules (product),Ramipril,,10 mg,Angiotensin-Converting Enzyme Inhibitors,False,False
8558101000001100,Ranace,Ranace 2.5mg capsule,Ramipril,,2.5 mg,Angiotensin-Converting Enzyme Inhibitors,False,False
8146611000001101,Ranace,Ranace 2.5mg capsules (Ranbaxy (UK) Ltd) (product),Ramipril,,2.5 mg,Angiotensin-Converting Enzyme Inhibitors,False,False
8146711000001105,Ranace,Ranace 2.5mg capsules (Ranbaxy (UK) Ltd) 28 capsule 2 x 14 capsules (product),Ramipril,,2.5 mg,Angiotensin-Converting Enzyme Inhibitors,False,False
8558001000001101,Ranace,Ranace 5mg capsule,Ramipril,,5 mg,Angiotensin-Converting Enzyme Inhibitors,False,False
8146811000001102,Ranace,Ranace 5mg capsules (Ranbaxy (UK) Ltd) (product),Ramipril,,5 mg,Angiotensin-Converting Enzyme Inhibitors,False,False
8146911000001107,Ranace,Ranace 5mg capsules (Ranbaxy (UK) Ltd) 28 capsule 2 x 14 capsules (product),Ramipril,,5 mg,Angiotensin-Converting Enzyme Inhibitors,False,False
10711701000001100,Raporsin,Raporsin XL (product),Doxazosin Mesilate,,,Alpha-Adrenoceptor Blocking Drugs,False,False
10995501000001103,Raporsin,RAPORSIN XL 4mg m/r tablets,Doxazosin Mesilate,,4 mg,Alpha-Adrenoceptor Blocking Drugs,False,False
18164911000001108,Raporsin,Raporsin XL 4mg tablets (Actavis UK Ltd) (product),Doxazosin Mesilate,,4 mg,Alpha-Adrenoceptor Blocking Drugs,False,False
18165011000001108,Raporsin,Raporsin XL 4mg tablets (Actavis UK Ltd) 28 tablet 2 x 14 tablets (product),Doxazosin Mesilate,28.0,4 mg,Alpha-Adrenoceptor Blocking Drugs,False,False
22380811000001105,Raporsin,Raporsin XL 4mg tablets (Arrow Generics Ltd) (product),Doxazosin Mesilate,,4 mg,Alpha-Adrenoceptor Blocking Drugs,False,False
22380911000001100,Raporsin,Raporsin XL 4mg tablets (Arrow Generics Ltd) 28 tablet (product),Doxazosin Mesilate,28.0,4 mg,Alpha-Adrenoceptor Blocking Drugs,False,False
9321901000001107,Rasilez,Rasilez (product),Aliskiren,,,Renin Inhibitors,False,False
18609111000001106,Rasilez,Rasilez 150mg tablets (Doncaster Pharmaceuticals Ltd) (product),Aliskiren,,150 mg,Renin Inhibitors,False,False
18609211000001100,Rasilez,Rasilez 150mg tablets (Doncaster Pharmaceuticals Ltd) 28 tablet (product),Aliskiren,28.0,150 mg,Renin Inhibitors,False,False
17427811000001105,Rasilez,Rasilez 150mg tablets (Mawdsley-Brooks & Company Ltd) (product),Aliskiren,,150 mg,Renin Inhibitors,False,False
17427911000001100,Rasilez,Rasilez 150mg tablets (Mawdsley-Brooks & Company Ltd) 28 tablet (product),Aliskiren,28.0,150 mg,Renin Inhibitors,False,False
11960911000001108,Rasilez,Rasilez 150mg tablets (Novartis Pharmaceuticals UK Ltd) (product),Aliskiren,,150 mg,Renin Inhibitors,False,False
11961011000001100,Rasilez,Rasilez 150mg tablets (Novartis Pharmaceuticals UK Ltd) 28 tablet 4 x 7 tablets (product),Aliskiren,28.0,150 mg,Renin Inhibitors,False,False
9183201000001101,Rasilez,RASILEZ 150mg tablets (product),Aliskiren,,150 mg,Renin Inhibitors,False,False
17590311000001101,Rasilez,Rasilez 150mg tablets (Sigma Pharmaceuticals Plc) (product),Aliskiren,,150 mg,Renin Inhibitors,False,False
17590411000001108,Rasilez,Rasilez 150mg tablets (Sigma Pharmaceuticals Plc) 28 tablet (product),Aliskiren,28.0,150 mg,Renin Inhibitors,False,False
14947311000001109,Rasilez,Rasilez 150mg tablets (Waymade Healthcare Plc) (product),Aliskiren,,150 mg,Renin Inhibitors,False,False
14947411000001102,Rasilez,Rasilez 150mg tablets (Waymade Healthcare Plc) 28 tablet (product),Aliskiren,28.0,150 mg,Renin Inhibitors,False,False
18144111000001101,Rasilez,Rasilez 150mg tablets (Waymade Healthcare Plc) 30 tablet (product),Aliskiren,30.0,150 mg,Renin Inhibitors,False,False
18609311000001108,Rasilez,Rasilez 300mg tablets (Doncaster Pharmaceuticals Ltd) (product),Aliskiren,,300 mg,Renin Inhibitors,False,False
18609411000001101,Rasilez,Rasilez 300mg tablets (Doncaster Pharmaceuticals Ltd) 28 tablet (product),Aliskiren,28.0,300 mg,Renin Inhibitors,False,False
18066211000001104,Rasilez,Rasilez 300mg tablets (Lexon (UK) Ltd) (product),Aliskiren,,300 mg,Renin Inhibitors,False,False
18066311000001107,Rasilez,Rasilez 300mg tablets (Lexon (UK) Ltd) 28 tablet (product),Aliskiren,28.0,300 mg,Renin Inhibitors,False,False
17428011000001103,Rasilez,Rasilez 300mg tablets (Mawdsley-Brooks & Company Ltd) (product),Aliskiren,,300 mg,Renin Inhibitors,False,False
17428111000001102,Rasilez,Rasilez 300mg tablets (Mawdsley-Brooks & Company Ltd) 28 tablet (product),Aliskiren,28.0,300 mg,Renin Inhibitors,False,False
18296911000001100,Rasilez,Rasilez 300mg tablets (Mawdsley-Brooks & Company Ltd) 30 tablet (product),Aliskiren,30.0,300 mg,Renin Inhibitors,False,False
11961711000001103,Rasilez,Rasilez 300mg tablets (Novartis Pharmaceuticals UK Ltd) (product),Aliskiren,,300 mg,Renin Inhibitors,False,False
11961811000001106,Rasilez,Rasilez 300mg tablets (Novartis Pharmaceuticals UK Ltd) 28 tablet 4 x 7 tablets (product),Aliskiren,28.0,300 mg,Renin Inhibitors,False,False
9183301000001105,Rasilez,RASILEZ 300mg tablets (product),Aliskiren,,300 mg,Renin Inhibitors,False,False
17884811000001100,Rasilez,Rasilez 300mg tablets (Sigma Pharmaceuticals Plc) (product),Aliskiren,,300 mg,Renin Inhibitors,False,False
17884911000001105,Rasilez,Rasilez 300mg tablets (Sigma Pharmaceuticals Plc) 28 tablet (product),Aliskiren,28.0,300 mg,Renin Inhibitors,False,False
17193511000001105,Rasilez,Rasilez 300mg tablets (Waymade Healthcare Plc) (product),Aliskiren,,300 mg,Renin Inhibitors,False,False
17193611000001109,Rasilez,Rasilez 300mg tablets (Waymade Healthcare Plc) 28 tablet (product),Aliskiren,28.0,300 mg,Renin Inhibitors,False,False
18144311000001104,Rasilez,Rasilez 300mg tablets (Waymade Healthcare Plc) 30 tablet (product),Aliskiren,30.0,300 mg,Renin Inhibitors,False,False
1928201000001106,Rautrax,Rautrax tablet,Reserpine And Rauwolfia Alkaloids,,,Centrally-Acting Antihypertensive Drugs,False,False
1927901000001102,Rauwiloid,Rauwiloid 2mg tablet,Reserpine And Rauwolfia Alkaloids,,2 mg,Centrally-Acting Antihypertensive Drugs,False,False
2746101000001106,Renitec,Renitec (qualifier value),Enalapril Maleate,,,Angiotensin-Converting Enzyme Inhibitors,False,False
538001000001108,Renitec,Renitec 5mg tablet,Enalapril Maleate,,5 mg,Angiotensin-Converting Enzyme Inhibitors,False,False
9326701000001103,Revatio,Revatio (product),Sildenafil(Vasodilator Antihypertensive),,,Vasodilator Antihypertensive Drugs,False,False
8810301000001106,Revatio,Revatio (qualifier value),Sildenafil(Vasodilator Antihypertensive),,,Vasodilator Antihypertensive Drugs,False,False
11068201000001108,Revatio,REVATIO 10mg/12.5mL solution for injection,Sildenafil(Vasodilator Antihypertensive),,10 mg,Vasodilator Antihypertensive Drugs,False,False
18759511000001104,Revatio,Revatio 10mg/12.5ml solution for injection vials (Pfizer Ltd) (product),Sildenafil(Vasodilator Antihypertensive),,10 mg,Vasodilator Antihypertensive Drugs,False,False
18759711000001109,Revatio,Revatio 10mg/12.5ml solution for injection vials (Pfizer Ltd) 1 vial (product),Sildenafil(Vasodilator Antihypertensive),,10 mg,Vasodilator Antihypertensive Drugs,False,False
11785301000001105,Revatio,REVATIO 10mg/mL oral suspension,Sildenafil(Vasodilator Antihypertensive),,10 mg/mL,Vasodilator Antihypertensive Drugs,False,False
21700211000001108,Revatio,Revatio 10mg/ml oral suspension (Pfizer Ltd) (product),Sildenafil(Vasodilator Antihypertensive),,10 mg/mL,Vasodilator Antihypertensive Drugs,False,False
21700311000001100,Revatio,Revatio 10mg/ml oral suspension (Pfizer Ltd) 112 ml (product),Sildenafil(Vasodilator Antihypertensive),,10 mg/mL,Vasodilator Antihypertensive Drugs,False,False
8815901000001102,Revatio,Revatio 20mg tablet (product),Sildenafil(Vasodilator Antihypertensive),,20 mg,Vasodilator Antihypertensive Drugs,False,False
10154511000001109,Revatio,Revatio 20mg tablets (Pfizer Ltd) (product),Sildenafil(Vasodilator Antihypertensive),,20 mg,Vasodilator Antihypertensive Drugs,False,False
10154611000001108,Revatio,Revatio 20mg tablets (Pfizer Ltd) 90 tablet 6 x 15 tablets (product),Sildenafil(Vasodilator Antihypertensive),90.0,20 mg,Vasodilator Antihypertensive Drugs,False,False
10564401000001106,Revatio,REVATIO 40mg/50mL solution for injection,Sildenafil(Vasodilator Antihypertensive),,40 mg/50 ml,Vasodilator Antihypertensive Drugs,False,False
16661111000001102,Revatio,Revatio 40mg/50ml solution for injection vials (Pfizer Ltd) (product),Sildenafil(Vasodilator Antihypertensive),,40 mg/50 ml,Vasodilator Antihypertensive Drugs,False,False
16661211000001108,Revatio,Revatio 40mg/50ml solution for injection vials (Pfizer Ltd) 1 vial (product),Sildenafil(Vasodilator Antihypertensive),,40 mg/50 ml,Vasodilator Antihypertensive Drugs,False,False
24406211000001105,Riociguat,Riociguat (product),Riociguat,,,Vasodilator Antihypertensive Drugs,False,False
24217011000001103,Riociguat,Riociguat (substance),Riociguat,,,Vasodilator Antihypertensive Drugs,False,False
24408311000001103,Riociguat,Riociguat 1.5mg tablets (product),Riociguat,,1.5 mg,Vasodilator Antihypertensive Drugs,False,False
24398711000001107,Riociguat,Riociguat 1.5mg tablets 42 tablet (product),Riociguat,42.0,1.5 mg,Vasodilator Antihypertensive Drugs,False,False
24398811000001104,Riociguat,Riociguat 1.5mg tablets 84 tablet (product),Riociguat,84.0,1.5 mg,Vasodilator Antihypertensive Drugs,False,False
24408411000001105,Riociguat,Riociguat 1mg tablets (product),Riociguat,,1 mg,Vasodilator Antihypertensive Drugs,False,False
24398211000001100,Riociguat,Riociguat 1mg tablets 42 tablet (product),Riociguat,42.0,1 mg,Vasodilator Antihypertensive Drugs,False,False
24398311000001108,Riociguat,Riociguat 1mg tablets 84 tablet (product),Riociguat,84.0,1 mg,Vasodilator Antihypertensive Drugs,False,False
24408511000001109,Riociguat,Riociguat 2.5mg tablets (product),Riociguat,,2.5 mg,Vasodilator Antihypertensive Drugs,False,False
24400211000001108,Riociguat,Riociguat 2.5mg tablets 42 tablet (product),Riociguat,42.0,2.5 mg,Vasodilator Antihypertensive Drugs,False,False
24400411000001107,Riociguat,Riociguat 2.5mg tablets 84 tablet (product),Riociguat,84.0,2.5 mg,Vasodilator Antihypertensive Drugs,False,False
24408611000001108,Riociguat,Riociguat 2mg tablets (product),Riociguat,,2 mg,Vasodilator Antihypertensive Drugs,False,False
24399511000001108,Riociguat,Riociguat 2mg tablets 42 tablet (product),Riociguat,42.0,2 mg,Vasodilator Antihypertensive Drugs,False,False
24399611000001107,Riociguat,Riociguat 2mg tablets 84 tablet (product),Riociguat,84.0,2 mg,Vasodilator Antihypertensive Drugs,False,False
24408711000001104,Riociguat,Riociguat 500microgram tablets (product),Riociguat,,,Vasodilator Antihypertensive Drugs,False,False
24397711000001106,Riociguat,Riociguat 500microgram tablets 42 tablet (product),Riociguat,42.0,,Vasodilator Antihypertensive Drugs,False,False
24397811000001103,Riociguat,Riociguat 500microgram tablets 84 tablet (product),Riociguat,84.0,,Vasodilator Antihypertensive Drugs,False,False
9331301000001108,Rogitine,Rogitine (product),Phentolamine Mesilate,,,Alpha-Adrenoceptor Blocking Drugs,False,False
2705401000001100,Rogitine,Rogitine (qualifier value),Phentolamine Mesilate,,,Alpha-Adrenoceptor Blocking Drugs,False,False
522701000001109,Rogitine,Rogitine 10mg/1mL injection,Phentolamine Mesilate,,10 mg/1 ml,Alpha-Adrenoceptor Blocking Drugs,False,False
4078811000001109,Rogitine,Rogitine 10mg/1ml solution for injection ampoules (Alliance Pharmaceuticals Ltd) (product),Phentolamine Mesilate,,10 mg/1 ml,Alpha-Adrenoceptor Blocking Drugs,False,False
4078911000001104,Rogitine,Rogitine 10mg/1ml solution for injection ampoules (Alliance Pharmaceuticals Ltd) 5 ampoule 5 x 1ml ampoules (product),Phentolamine Mesilate,,10 mg/1 ml,Alpha-Adrenoceptor Blocking Drugs,False,False
1928901000001101,Rogitine,Rogitine 50mg/5mL injection,Phentolamine Mesilate,,50 mg/5 ml,Alpha-Adrenoceptor Blocking Drugs,False,False
11473901000001108,Sabervel,Sabervel (product),Irbesartan,,,Angiotensin-II Receptor Antagonists,False,False
21522411000001103,Sabervel,Sabervel 150mg tablets (Aspire Pharma Ltd) (product),Irbesartan,,150 mg,Angiotensin-II Receptor Antagonists,False,False
21522511000001104,Sabervel,Sabervel 150mg tablets (Aspire Pharma Ltd) 28 tablet 2 x 14 tablets (product),Irbesartan,28.0,150 mg,Angiotensin-II Receptor Antagonists,False,False
21522611000001100,Sabervel,Sabervel 300mg tablets (Aspire Pharma Ltd) (product),Irbesartan,,300 mg,Angiotensin-II Receptor Antagonists,False,False
21522711000001109,Sabervel,Sabervel 300mg tablets (Aspire Pharma Ltd) 28 tablet 2 x 14 tablets (product),Irbesartan,28.0,300 mg,Angiotensin-II Receptor Antagonists,False,False
21522211000001102,Sabervel,Sabervel 75mg tablets (Aspire Pharma Ltd) (product),Irbesartan,,75 mg,Angiotensin-II Receptor Antagonists,False,False
21522311000001105,Sabervel,Sabervel 75mg tablets (Aspire Pharma Ltd) 28 tablet 2 x 14 tablets (product),Irbesartan,28.0,75 mg,Angiotensin-II Receptor Antagonists,False,False
31140011000001102,Valsartan,Sacubitril + Valsartan (product),Valsartan,,,Angiotensin-II Receptor Antagonists,False,False
31142011000001103,Valsartan,Sacubitril 24mg / Valsartan 26mg tablets (product),Valsartan,,24 mg,Angiotensin-II Receptor Antagonists,False,False
31136611000001105,Valsartan,Sacubitril 24mg / Valsartan 26mg tablets 28 tablet (product),Valsartan,28.0,24 mg,Angiotensin-II Receptor Antagonists,False,False
31142111000001102,Valsartan,Sacubitril 49mg / Valsartan 51mg tablets (product),Valsartan,,49 mg,Angiotensin-II Receptor Antagonists,False,False
31137511000001108,Valsartan,Sacubitril 49mg / Valsartan 51mg tablets 28 tablet (product),Valsartan,28.0,49 mg,Angiotensin-II Receptor Antagonists,False,False
31136311000001100,Valsartan,Sacubitril 49mg / Valsartan 51mg tablets 56 tablet (product),Valsartan,56.0,49 mg,Angiotensin-II Receptor Antagonists,False,False
31142211000001108,Valsartan,Sacubitril 97mg / Valsartan 103mg tablets (product),Valsartan,,97 mg,Angiotensin-II Receptor Antagonists,False,False
31137911000001101,Valsartan,Sacubitril 97mg / Valsartan 103mg tablets 56 tablet (product),Valsartan,56.0,97 mg,Angiotensin-II Receptor Antagonists,False,False
12921901000001106,Valsartan,SACUBITRIL+VALSARTAN,Valsartan,,,Angiotensin-II Receptor Antagonists,False,False
12922101000001102,Valsartan,SACUBITRIL+VALSARTAN 24mg/26mg tablets,Valsartan,,24 mg,Angiotensin-II Receptor Antagonists,False,False
12922301000001100,Valsartan,SACUBITRIL+VALSARTAN 49mg/51mg tablets,Valsartan,,49 mg,Angiotensin-II Receptor Antagonists,False,False
12922501000001107,Valsartan,SACUBITRIL+VALSARTAN 97mg/103mg tablets,Valsartan,,97 mg,Angiotensin-II Receptor Antagonists,False,False
1929101000001107,Seominal,Seominal tablet,Reserpine And Rauwolfia Alkaloids,,,Centrally-Acting Antihypertensive Drugs,False,False
860001000001101,Serpasil,Serpasil-Esidrex tablet,Reserpine And Rauwolfia Alkaloids,,,Centrally-Acting Antihypertensive Drugs,False,True
1928001000001100,Serpasil,Serpasil 100micrograms tablet,Reserpine And Rauwolfia Alkaloids,,,Centrally-Acting Antihypertensive Drugs,False,False
859801000001109,Serpasil,Serpasil 250micrograms tablet,Reserpine And Rauwolfia Alkaloids,,,Centrally-Acting Antihypertensive Drugs,False,False
10112101000001102,Sevikar,Sevikar (product),Olmesartan,,,Angiotensin-II Receptor Antagonists,False,False
10977401000001101,Sevikar,Sevikar (qualifier value),Olmesartan,,,Angiotensin-II Receptor Antagonists,False,False
10382001000001108,Sevikar,SEVIKAR 20mg/5mg tablets,Olmesartan,,20 mg,Angiotensin-II Receptor Antagonists,False,False
15773211000001105,Sevikar,Sevikar 20mg/5mg tablets (Daiichi Sankyo UK Ltd) (product),Olmesartan,,20 mg,Angiotensin-II Receptor Antagonists,False,False
15773311000001102,Sevikar,Sevikar 20mg/5mg tablets (Daiichi Sankyo UK Ltd) 28 tablet 2 x 14 tablets (product),Olmesartan,28.0,20 mg,Angiotensin-II Receptor Antagonists,False,False
10382201000001102,Sevikar,SEVIKAR 40mg/10mg tablets,Olmesartan,,40 mg,Angiotensin-II Receptor Antagonists,False,False
15772611000001102,Sevikar,Sevikar 40mg/10mg tablets (Daiichi Sankyo UK Ltd) (product),Olmesartan,,40 mg,Angiotensin-II Receptor Antagonists,False,False
15772711000001106,Sevikar,Sevikar 40mg/10mg tablets (Daiichi Sankyo UK Ltd) 28 tablet 2 x 14 tablets (product),Olmesartan,28.0,40 mg,Angiotensin-II Receptor Antagonists,False,False
10382101000001109,Sevikar,SEVIKAR 40mg/5mg tablets,Olmesartan,,40 mg,Angiotensin-II Receptor Antagonists,False,False
15772911000001108,Sevikar,Sevikar 40mg/5mg tablets (Daiichi Sankyo UK Ltd) (product),Olmesartan,,40 mg,Angiotensin-II Receptor Antagonists,False,False
15773011000001100,Sevikar,Sevikar 40mg/5mg tablets (Daiichi Sankyo UK Ltd) 28 tablet 2 x 14 tablets (product),Olmesartan,28.0,40 mg,Angiotensin-II Receptor Antagonists,False,False
10977201000001100,Sevikar,Sevikar HCT (product),Olmesartan,,,Angiotensin-II Receptor Antagonists,False,False
11112701000001109,Sevikar,SEVIKAR HCT 20mg/5mg/12.5mg tablets,Olmesartan,,20 mg,Angiotensin-II Receptor Antagonists,False,False
18986411000001108,Sevikar,Sevikar HCT 20mg/5mg/12.5mg tablets (Daiichi Sankyo UK Ltd) (product),Olmesartan,,20 mg,Angiotensin-II Receptor Antagonists,False,False
18986511000001107,Sevikar,Sevikar HCT 20mg/5mg/12.5mg tablets (Daiichi Sankyo UK Ltd) 28 tablet 2 x 14 tablets (product),Olmesartan,28.0,20 mg,Angiotensin-II Receptor Antagonists,False,False
11112901000001106,Sevikar,SEVIKAR HCT 40mg/10mg/12.5mg tablets,Olmesartan,,40 mg,Angiotensin-II Receptor Antagonists,False,False
18987011000001101,Sevikar,Sevikar HCT 40mg/10mg/12.5mg tablets (Daiichi Sankyo UK Ltd) (product),Olmesartan,,40 mg,Angiotensin-II Receptor Antagonists,False,False
18987111000001100,Sevikar,Sevikar HCT 40mg/10mg/12.5mg tablets (Daiichi Sankyo UK Ltd) 28 tablet 2 x 14 tablets (product),Olmesartan,28.0,40 mg,Angiotensin-II Receptor Antagonists,False,False
11113101000001101,Sevikar,SEVIKAR HCT 40mg/10mg/25mg tablets,Olmesartan,,40 mg,Angiotensin-II Receptor Antagonists,False,False
18987611000001108,Sevikar,Sevikar HCT 40mg/10mg/25mg tablets (Daiichi Sankyo UK Ltd) (product),Olmesartan,,40 mg,Angiotensin-II Receptor Antagonists,False,False
18987711000001104,Sevikar,Sevikar HCT 40mg/10mg/25mg tablets (Daiichi Sankyo UK Ltd) 28 tablet 2 x 14 tablets (product),Olmesartan,28.0,40 mg,Angiotensin-II Receptor Antagonists,False,False
11112801000001100,Sevikar,SEVIKAR HCT 40mg/5mg/12.5mg tablets,Olmesartan,,40 mg,Angiotensin-II Receptor Antagonists,False,False
18986711000001102,Sevikar,Sevikar HCT 40mg/5mg/12.5mg tablets (Daiichi Sankyo UK Ltd) (product),Olmesartan,,40 mg,Angiotensin-II Receptor Antagonists,False,False
18986811000001105,Sevikar,Sevikar HCT 40mg/5mg/12.5mg tablets (Daiichi Sankyo UK Ltd) 28 tablet 2 x 14 tablets (product),Olmesartan,28.0,40 mg,Angiotensin-II Receptor Antagonists,False,False
11113001000001102,Sevikar,SEVIKAR HCT 40mg/5mg/25mg tablets,Olmesartan,,40 mg,Angiotensin-II Receptor Antagonists,False,False
18987311000001103,Sevikar,Sevikar HCT 40mg/5mg/25mg tablets (Daiichi Sankyo UK Ltd) (product),Olmesartan,,40 mg,Angiotensin-II Receptor Antagonists,False,False
18987411000001105,Sevikar,Sevikar HCT 40mg/5mg/25mg tablets (Daiichi Sankyo UK Ltd) 28 tablet 2 x 14 tablets (product),Olmesartan,28.0,40 mg,Angiotensin-II Receptor Antagonists,False,False
9000501000001100,Sitaxentan Sod,SITAXENTAN SODIUM 100mg tablets (product),Sitaxentan Sodium,,100 mg,Vasodilator Antihypertensive Drugs,False,False
9342901000001103,Slocinx,Slocinx XL (product),Doxazosin Mesilate,,,Alpha-Adrenoceptor Blocking Drugs,False,False
8960001000001102,Slocinx,SLOCINX XL 4mg m/r tablets,Doxazosin Mesilate,,4 mg,Alpha-Adrenoceptor Blocking Drugs,False,False
11098311000001104,Slocinx,Slocinx XL 4mg tablets (Winthrop Pharmaceuticals UK Ltd) (product),Doxazosin Mesilate,,4 mg,Alpha-Adrenoceptor Blocking Drugs,False,False
11098411000001106,Slocinx,Slocinx XL 4mg tablets (Winthrop Pharmaceuticals UK Ltd) 28 tablet 4 x 7 tablets (product),Doxazosin Mesilate,28.0,4 mg,Alpha-Adrenoceptor Blocking Drugs,False,False
9349601000001102,Staril,Staril (product),Fosinopril Sodium,,,Angiotensin-Converting Enzyme Inhibitors,False,False
2713101000001107,Staril,Staril (qualifier value),Fosinopril Sodium,,,Angiotensin-Converting Enzyme Inhibitors,False,False
330601000001100,Staril,Staril 10mg tablet,Fosinopril Sodium,,10 mg,Angiotensin-Converting Enzyme Inhibitors,False,False
462511000001104,Staril,Staril 10mg tablets (Bristol-Myers Squibb Pharmaceuticals Limited) (product),Fosinopril Sodium,,10 mg,Angiotensin-Converting Enzyme Inhibitors,False,False
1354311000001101,Staril,Staril 10mg tablets (Bristol-Myers Squibb Pharmaceuticals Limited) 28 tablet 2 x 14 tablets (product),Fosinopril Sodium,28.0,10 mg,Angiotensin-Converting Enzyme Inhibitors,False,False
401001000001102,Staril,Staril 20mg tablet,Fosinopril Sodium,,20 mg,Angiotensin-Converting Enzyme Inhibitors,False,False
348111000001107,Staril,Staril 20mg tablets (Bristol-Myers Squibb Pharmaceuticals Limited) (product),Fosinopril Sodium,,20 mg,Angiotensin-Converting Enzyme Inhibitors,False,False
1354611000001106,Staril,Staril 20mg tablets (Bristol-Myers Squibb Pharmaceuticals Limited) 28 tablet 2 x 14 tablets (product),Fosinopril Sodium,28.0,20 mg,Angiotensin-Converting Enzyme Inhibitors,False,False
5543711000001104,Staril,Staril 20mg tablets (PI) (Dowelhurst Ltd) (product),Fosinopril Sodium,,20 mg,Angiotensin-Converting Enzyme Inhibitors,False,False
5543911000001102,Staril,Staril 20mg tablets (PI) (Dowelhurst Ltd) 28 tablet (product),Fosinopril Sodium,28.0,20 mg,Angiotensin-Converting Enzyme Inhibitors,False,False
13086401000001100,Stayveer,Stayveer (product),Bosentan,,,Vasodilator Antihypertensive Drugs,False,False
34889411000001105,Stayveer,Stayveer 125mg tablets (AMCo) (product),Bosentan,,125 mg,Vasodilator Antihypertensive Drugs,False,False
34889611000001108,Stayveer,Stayveer 125mg tablets (AMCo) 56 tablet 4 x 14 tablets (product),Bosentan,56.0,125 mg,Vasodilator Antihypertensive Drugs,False,False
34889211000001106,Stayveer,Stayveer 62.5mg tablets (AMCo) (product),Bosentan,,62.5 mg,Vasodilator Antihypertensive Drugs,False,False
34889311000001103,Stayveer,Stayveer 62.5mg tablets (AMCo) 56 tablet 4 x 14 tablets (product),Bosentan,56.0,62.5 mg,Vasodilator Antihypertensive Drugs,False,False
9360301000001107,Tanatril,Tanatril (product),Imidapril Hydrochloride,,,Angiotensin-Converting Enzyme Inhibitors,False,False
3528801000001108,Tanatril,Tanatril (qualifier value),Imidapril Hydrochloride,,,Angiotensin-Converting Enzyme Inhibitors,False,False
3540001000001101,Tanatril,Tanatril 10mg tablet,Imidapril Hydrochloride,,10 mg,Angiotensin-Converting Enzyme Inhibitors,False,False
680811000001102,Tanatril,Tanatril 10mg tablets (Trinity Pharmaceuticals Ltd) (product),Imidapril Hydrochloride,,10 mg,Angiotensin-Converting Enzyme Inhibitors,False,False
1398411000001106,Tanatril,Tanatril 10mg tablets (Trinity Pharmaceuticals Ltd) 28 tablet 4 x 7 tablets (product),Imidapril Hydrochloride,28.0,10 mg,Angiotensin-Converting Enzyme Inhibitors,False,False
3760801000001101,Tanatril,Tanatril 20mg tablet,Imidapril Hydrochloride,,20 mg,Angiotensin-Converting Enzyme Inhibitors,False,False
533511000001106,Tanatril,Tanatril 20mg tablets (Trinity Pharmaceuticals Ltd) (product),Imidapril Hydrochloride,,20 mg,Angiotensin-Converting Enzyme Inhibitors,False,False
2186111000001109,Tanatril,Tanatril 20mg tablets (Trinity Pharmaceuticals Ltd) 28 tablet 4 x 7 tablets (product),Imidapril Hydrochloride,28.0,20 mg,Angiotensin-Converting Enzyme Inhibitors,False,False
3528701000001104,Tanatril,Tanatril 5mg tablet,Imidapril Hydrochloride,,5 mg,Angiotensin-Converting Enzyme Inhibitors,False,False
16262411000001100,Tanatril,Tanatril 5mg tablets (Lexon (UK) Ltd) (product),Imidapril Hydrochloride,,5 mg,Angiotensin-Converting Enzyme Inhibitors,False,False
16262611000001102,Tanatril,Tanatril 5mg tablets (Lexon (UK) Ltd) 28 tablet (product),Imidapril Hydrochloride,28.0,5 mg,Angiotensin-Converting Enzyme Inhibitors,False,False
14623111000001101,Tanatril,Tanatril 5mg tablets (Sigma Pharmaceuticals Plc) (product),Imidapril Hydrochloride,,5 mg,Angiotensin-Converting Enzyme Inhibitors,False,False
14623311000001104,Tanatril,Tanatril 5mg tablets (Sigma Pharmaceuticals Plc) 28 tablet (product),Imidapril Hydrochloride,28.0,5 mg,Angiotensin-Converting Enzyme Inhibitors,False,False
797911000001103,Tanatril,Tanatril 5mg tablets (Trinity Pharmaceuticals Ltd) (product),Imidapril Hydrochloride,,5 mg,Angiotensin-Converting Enzyme Inhibitors,False,False
2179811000001104,Tanatril,Tanatril 5mg tablets (Trinity Pharmaceuticals Ltd) 28 tablet 4 x 7 tablets (product),Imidapril Hydrochloride,28.0,5 mg,Angiotensin-Converting Enzyme Inhibitors,False,False
9360901000001108,Tarka,Tarka (product),Trandolapril,,,Angiotensin-Converting Enzyme Inhibitors,False,False
3179701000001102,Tarka,Tarka (qualifier value),Trandolapril,,,Angiotensin-Converting Enzyme Inhibitors,False,False
3179601000001107,Tarka,Tarka 2mg/180mg m/r capsule,Trandolapril,,2 mg,Angiotensin-Converting Enzyme Inhibitors,False,False
3691211000001101,Tarka,Tarka modified-release capsules (Abbott Laboratories Ltd) (product),Trandolapril,,,Angiotensin-Converting Enzyme Inhibitors,False,False
3691411000001102,Tarka,Tarka modified-release capsules (Abbott Laboratories Ltd) 28 capsule (product),Trandolapril,,,Angiotensin-Converting Enzyme Inhibitors,False,False
16262711000001106,Tarka,Tarka modified-release capsules (Lexon (UK) Ltd) (product),Trandolapril,,,Angiotensin-Converting Enzyme Inhibitors,False,False
16262811000001103,Tarka,Tarka modified-release capsules (Lexon (UK) Ltd) 28 capsule (product),Trandolapril,,,Angiotensin-Converting Enzyme Inhibitors,False,False
5585711000001105,Tarka,Tarka modified-release capsules (PI) (Dowelhurst Ltd) (product),Trandolapril,,,Angiotensin-Converting Enzyme Inhibitors,False,False
5585811000001102,Tarka,Tarka modified-release capsules (PI) (Dowelhurst Ltd) 28 capsule 2 x 14 capsules (product),Trandolapril,,,Angiotensin-Converting Enzyme Inhibitors,False,False
14623711000001100,Tarka,Tarka modified-release capsules (Sigma Pharmaceuticals Plc) (product),Trandolapril,,,Angiotensin-Converting Enzyme Inhibitors,False,False
14623911000001103,Tarka,Tarka modified-release capsules (Sigma Pharmaceuticals Plc) 28 capsule (product),Trandolapril,,,Angiotensin-Converting Enzyme Inhibitors,False,False
3582711000001109,Telmisartan,Telmisartan (substance),Telmisartan,,,Angiotensin-II Receptor Antagonists,False,False
3844201000001104,Telmisartan,Telmisartan 20mg tablet - product,Telmisartan,,20 mg,Angiotensin-II Receptor Antagonists,False,False
23680611000001108,Telmisartan,Telmisartan 20mg tablets (A A H Pharmaceuticals Ltd) (product),Telmisartan,,20 mg,Angiotensin-II Receptor Antagonists,False,False
23680711000001104,Telmisartan,Telmisartan 20mg tablets (A A H Pharmaceuticals Ltd) 28 tablet (product),Telmisartan,28.0,20 mg,Angiotensin-II Receptor Antagonists,False,False
23669111000001107,Telmisartan,Telmisartan 20mg tablets (Actavis UK Ltd) (product),Telmisartan,,20 mg,Angiotensin-II Receptor Antagonists,False,False
23669211000001101,Telmisartan,Telmisartan 20mg tablets (Actavis UK Ltd) 28 tablet 2 x 14 tablets (product),Telmisartan,28.0,20 mg,Angiotensin-II Receptor Antagonists,False,False
23643511000001108,Telmisartan,Telmisartan 20mg tablets (Alliance Healthcare (Distribution) Ltd) (product),Telmisartan,,20 mg,Angiotensin-II Receptor Antagonists,False,False
23643611000001107,Telmisartan,Telmisartan 20mg tablets (Alliance Healthcare (Distribution) Ltd) 28 tablet 2 x 14 tablets (product),Telmisartan,28.0,20 mg,Angiotensin-II Receptor Antagonists,False,False
13988711000001104,Telmisartan,Telmisartan 20mg tablets (Doncaster Pharmaceuticals Ltd) (product),Telmisartan,,20 mg,Angiotensin-II Receptor Antagonists,False,False
13988911000001102,Telmisartan,Telmisartan 20mg tablets (Doncaster Pharmaceuticals Ltd) 28 tablet (product),Telmisartan,28.0,20 mg,Angiotensin-II Receptor Antagonists,False,False
16269411000001106,Telmisartan,Telmisartan 20mg tablets (Lexon (UK) Ltd) (product),Telmisartan,,20 mg,Angiotensin-II Receptor Antagonists,False,False
16269611000001109,Telmisartan,Telmisartan 20mg tablets (Lexon (UK) Ltd) 28 tablet (product),Telmisartan,28.0,20 mg,Angiotensin-II Receptor Antagonists,False,False
30890111000001109,Telmisartan,Telmisartan 20mg tablets (Mawdsley-Brooks & Company Ltd) (product),Telmisartan,,20 mg,Angiotensin-II Receptor Antagonists,False,False
30890311000001106,Telmisartan,Telmisartan 20mg tablets (Mawdsley-Brooks & Company Ltd) 28 tablet (product),Telmisartan,28.0,20 mg,Angiotensin-II Receptor Antagonists,False,False
33617211000001107,Telmisartan,Telmisartan 20mg tablets (Mylan Ltd) (product),Telmisartan,,20 mg,Angiotensin-II Receptor Antagonists,False,False
33617311000001104,Telmisartan,Telmisartan 20mg tablets (Mylan Ltd) 28 tablet (product),Telmisartan,28.0,20 mg,Angiotensin-II Receptor Antagonists,False,False
18197611000001105,Telmisartan,Telmisartan 20mg tablets (Necessity Supplies Ltd) (product),Telmisartan,,20 mg,Angiotensin-II Receptor Antagonists,False,False
18197711000001101,Telmisartan,Telmisartan 20mg tablets (Necessity Supplies Ltd) 28 tablet (product),Telmisartan,28.0,20 mg,Angiotensin-II Receptor Antagonists,False,False
10468111000001100,Telmisartan,Telmisartan 20mg tablets (PI) (Dowelhurst Ltd) (product),Telmisartan,,20 mg,Angiotensin-II Receptor Antagonists,False,False
10468211000001106,Telmisartan,Telmisartan 20mg tablets (PI) (Dowelhurst Ltd) 28 tablet (product),Telmisartan,28.0,20 mg,Angiotensin-II Receptor Antagonists,False,False
5416911000001108,Telmisartan,Telmisartan 20mg tablets (PI) (Waymade Ltd) (product),Telmisartan,,20 mg,Angiotensin-II Receptor Antagonists,False,False
5417111000001108,Telmisartan,Telmisartan 20mg tablets (PI) (Waymade Ltd) 28 tablet 4 x 7 tablets (product),Telmisartan,28.0,20 mg,Angiotensin-II Receptor Antagonists,False,False
24229311000001102,Telmisartan,Telmisartan 20mg tablets (Sandoz Ltd) (product),Telmisartan,,20 mg,Angiotensin-II Receptor Antagonists,False,False
24229411000001109,Telmisartan,Telmisartan 20mg tablets (Sandoz Ltd) 28 tablet 2 x 14 tablets (product),Telmisartan,28.0,20 mg,Angiotensin-II Receptor Antagonists,False,False
14625011000001101,Telmisartan,Telmisartan 20mg tablets (Sigma Pharmaceuticals Plc) (product),Telmisartan,,20 mg,Angiotensin-II Receptor Antagonists,False,False
14625111000001100,Telmisartan,Telmisartan 20mg tablets (Sigma Pharmaceuticals Plc) 28 tablet (product),Telmisartan,28.0,20 mg,Angiotensin-II Receptor Antagonists,False,False
23613311000001107,Telmisartan,Telmisartan 20mg tablets (Teva UK Ltd) (product),Telmisartan,,20 mg,Angiotensin-II Receptor Antagonists,False,False
23613411000001100,Telmisartan,Telmisartan 20mg tablets (Teva UK Ltd) 28 tablet 2 x 14 tablets (product),Telmisartan,28.0,20 mg,Angiotensin-II Receptor Antagonists,False,False
36829111000001104,Telmisartan,Telmisartan 20mg tablets (Torrent Pharma (UK) Ltd) (product),Telmisartan,,20 mg,Angiotensin-II Receptor Antagonists,False,False
36829411000001109,Telmisartan,Telmisartan 20mg tablets (Torrent Pharma (UK) Ltd) 28 tablet (product),Telmisartan,28.0,20 mg,Angiotensin-II Receptor Antagonists,False,False
36502011000001104,Telmisartan,Telmisartan 20mg tablets (Xiromed) (product),Telmisartan,,20 mg,Angiotensin-II Receptor Antagonists,False,False
36502111000001103,Telmisartan,Telmisartan 20mg tablets (Xiromed) 28 tablet 2 x 14 tablets (product),Telmisartan,28.0,20 mg,Angiotensin-II Receptor Antagonists,False,False
995411000001106,Telmisartan,Telmisartan 20mg tablets 28 tablet (product),Telmisartan,28.0,20 mg,Angiotensin-II Receptor Antagonists,False,False
24425911000001104,Telmisartan,Telmisartan 40mg / Hydrochlorothiazide 12.5mg tablets (A A H Pharmaceuticals Ltd) (product),Telmisartan,,40 mg,Angiotensin-II Receptor Antagonists,False,True
24426011000001107,Telmisartan,Telmisartan 40mg / Hydrochlorothiazide 12.5mg tablets (A A H Pharmaceuticals Ltd) 28 tablet 2 x 14 tablets (product),Telmisartan,28.0,40 mg,Angiotensin-II Receptor Antagonists,False,True
34941911000001100,Telmisartan,Telmisartan 40mg / Hydrochlorothiazide 12.5mg tablets (Accord Healthcare Ltd) (product),Telmisartan,,40 mg,Angiotensin-II Receptor Antagonists,False,True
34942011000001107,Telmisartan,Telmisartan 40mg / Hydrochlorothiazide 12.5mg tablets (Accord Healthcare Ltd) 28 tablet (product),Telmisartan,28.0,40 mg,Angiotensin-II Receptor Antagonists,False,True
3819011000001103,Telmisartan,Telmisartan 40mg / Hydrochlorothiazide 12.5mg tablets (product),Telmisartan,,40 mg,Angiotensin-II Receptor Antagonists,False,True
33974611000001109,Telmisartan,Telmisartan 40mg / Hydrochlorothiazide 12.5mg tablets (Somex Pharma) (product),Telmisartan,,40 mg,Angiotensin-II Receptor Antagonists,False,True
33974811000001108,Telmisartan,Telmisartan 40mg / Hydrochlorothiazide 12.5mg tablets (Somex Pharma) 28 tablet (product),Telmisartan,28.0,40 mg,Angiotensin-II Receptor Antagonists,False,True
3806111000001107,Telmisartan,Telmisartan 40mg / Hydrochlorothiazide 12.5mg tablets 28 tablet (product),Telmisartan,28.0,40 mg,Angiotensin-II Receptor Antagonists,False,True
3609401000001100,Telmisartan,Telmisartan 40mg tablet - product,Telmisartan,,40 mg,Angiotensin-II Receptor Antagonists,False,False
23680811000001107,Telmisartan,Telmisartan 40mg tablets (A A H Pharmaceuticals Ltd) (product),Telmisartan,,40 mg,Angiotensin-II Receptor Antagonists,False,False
23680911000001102,Telmisartan,Telmisartan 40mg tablets (A A H Pharmaceuticals Ltd) 28 tablet (product),Telmisartan,28.0,40 mg,Angiotensin-II Receptor Antagonists,False,False
23669311000001109,Telmisartan,Telmisartan 40mg tablets (Actavis UK Ltd) (product),Telmisartan,,40 mg,Angiotensin-II Receptor Antagonists,False,False
23669411000001102,Telmisartan,Telmisartan 40mg tablets (Actavis UK Ltd) 28 tablet 2 x 14 tablets (product),Telmisartan,28.0,40 mg,Angiotensin-II Receptor Antagonists,False,False
23643711000001103,Telmisartan,Telmisartan 40mg tablets (Alliance Healthcare (Distribution) Ltd) (product),Telmisartan,,40 mg,Angiotensin-II Receptor Antagonists,False,False
23643811000001106,Telmisartan,Telmisartan 40mg tablets (Alliance Healthcare (Distribution) Ltd) 28 tablet 2 x 14 tablets (product),Telmisartan,28.0,40 mg,Angiotensin-II Receptor Antagonists,False,False
13989111000001107,Telmisartan,Telmisartan 40mg tablets (Doncaster Pharmaceuticals Ltd) (product),Telmisartan,,40 mg,Angiotensin-II Receptor Antagonists,False,False
13989211000001101,Telmisartan,Telmisartan 40mg tablets (Doncaster Pharmaceuticals Ltd) 28 tablet (product),Telmisartan,28.0,40 mg,Angiotensin-II Receptor Antagonists,False,False
13208111000001102,Telmisartan,Telmisartan 40mg tablets (Dowelhurst Ltd) (product),Telmisartan,,40 mg,Angiotensin-II Receptor Antagonists,False,False
13208211000001108,Telmisartan,Telmisartan 40mg tablets (Dowelhurst Ltd) 28 tablet (product),Telmisartan,28.0,40 mg,Angiotensin-II Receptor Antagonists,False,False
16270011000001104,Telmisartan,Telmisartan 40mg tablets (Lexon (UK) Ltd) (product),Telmisartan,,40 mg,Angiotensin-II Receptor Antagonists,False,False
16270211000001109,Telmisartan,Telmisartan 40mg tablets (Lexon (UK) Ltd) 28 tablet (product),Telmisartan,28.0,40 mg,Angiotensin-II Receptor Antagonists,False,False
30890511000001100,Telmisartan,Telmisartan 40mg tablets (Mawdsley-Brooks & Company Ltd) (product),Telmisartan,,40 mg,Angiotensin-II Receptor Antagonists,False,False
30890711000001105,Telmisartan,Telmisartan 40mg tablets (Mawdsley-Brooks & Company Ltd) 28 tablet (product),Telmisartan,28.0,40 mg,Angiotensin-II Receptor Antagonists,False,False
33617011000001102,Telmisartan,Telmisartan 40mg tablets (Mylan Ltd) (product),Telmisartan,,40 mg,Angiotensin-II Receptor Antagonists,False,False
33617111000001101,Telmisartan,Telmisartan 40mg tablets (Mylan Ltd) 28 tablet (product),Telmisartan,28.0,40 mg,Angiotensin-II Receptor Antagonists,False,False
18197811000001109,Telmisartan,Telmisartan 40mg tablets (Necessity Supplies Ltd) (product),Telmisartan,,40 mg,Angiotensin-II Receptor Antagonists,False,False
18197911000001104,Telmisartan,Telmisartan 40mg tablets (Necessity Supplies Ltd) 28 tablet (product),Telmisartan,28.0,40 mg,Angiotensin-II Receptor Antagonists,False,False
17460511000001102,Telmisartan,Telmisartan 40mg tablets (PI) (Mawdsley-Brooks & Company Ltd) (product),Telmisartan,,40 mg,Angiotensin-II Receptor Antagonists,False,False
17460611000001103,Telmisartan,Telmisartan 40mg tablets (PI) (Mawdsley-Brooks & Company Ltd) 28 tablet (product),Telmisartan,28.0,40 mg,Angiotensin-II Receptor Antagonists,False,False
24229511000001108,Telmisartan,Telmisartan 40mg tablets (Sandoz Ltd) (product),Telmisartan,,40 mg,Angiotensin-II Receptor Antagonists,False,False
24229611000001107,Telmisartan,Telmisartan 40mg tablets (Sandoz Ltd) 28 tablet 2 x 14 tablets (product),Telmisartan,28.0,40 mg,Angiotensin-II Receptor Antagonists,False,False
14625211000001106,Telmisartan,Telmisartan 40mg tablets (Sigma Pharmaceuticals Plc) (product),Telmisartan,,40 mg,Angiotensin-II Receptor Antagonists,False,False
14625311000001103,Telmisartan,Telmisartan 40mg tablets (Sigma Pharmaceuticals Plc) 28 tablet (product),Telmisartan,28.0,40 mg,Angiotensin-II Receptor Antagonists,False,False
23613511000001101,Telmisartan,Telmisartan 40mg tablets (Teva UK Ltd) (product),Telmisartan,,40 mg,Angiotensin-II Receptor Antagonists,False,False
23613611000001102,Telmisartan,Telmisartan 40mg tablets (Teva UK Ltd) 28 tablet 2 x 14 tablets (product),Telmisartan,28.0,40 mg,Angiotensin-II Receptor Antagonists,False,False
36829311000001102,Telmisartan,Telmisartan 40mg tablets (Torrent Pharma (UK) Ltd) (product),Telmisartan,,40 mg,Angiotensin-II Receptor Antagonists,False,False
36831711000001100,Telmisartan,Telmisartan 40mg tablets (Torrent Pharma (UK) Ltd) 28 tablet (product),Telmisartan,28.0,40 mg,Angiotensin-II Receptor Antagonists,False,False
21504211000001104,Telmisartan,Telmisartan 40mg tablets (Waymade Healthcare Plc) 30 tablet (product),Telmisartan,30.0,40 mg,Angiotensin-II Receptor Antagonists,False,False
11261811000001105,Telmisartan,Telmisartan 40mg tablets (Waymade Ltd) (product),Telmisartan,,40 mg,Angiotensin-II Receptor Antagonists,False,False
11261911000001100,Telmisartan,Telmisartan 40mg tablets (Waymade Ltd) 28 tablet (product),Telmisartan,28.0,40 mg,Angiotensin-II Receptor Antagonists,False,False
36502211000001109,Telmisartan,Telmisartan 40mg tablets (Xiromed) (product),Telmisartan,,40 mg,Angiotensin-II Receptor Antagonists,False,False
36502311000001101,Telmisartan,Telmisartan 40mg tablets (Xiromed) 28 tablet 2 x 14 tablets (product),Telmisartan,28.0,40 mg,Angiotensin-II Receptor Antagonists,False,False
1102911000001106,Telmisartan,Telmisartan 40mg tablets 28 tablet (product),Telmisartan,28.0,40 mg,Angiotensin-II Receptor Antagonists,False,False
21504111000001105,Telmisartan,Telmisartan 40mg tablets 30 tablet (product),Telmisartan,30.0,40 mg,Angiotensin-II Receptor Antagonists,False,False
32880311000001102,Telmisartan,Telmisartan 40mg/5ml oral suspension (product),Telmisartan,,40 mg/5 ml,Angiotensin-II Receptor Antagonists,False,False
32874711000001104,Telmisartan,Telmisartan 40mg/5ml oral suspension (Special Order) (product),Telmisartan,,40 mg/5 ml,Angiotensin-II Receptor Antagonists,False,False
32874811000001107,Telmisartan,Telmisartan 40mg/5ml oral suspension (Special Order) 1 ml (product),Telmisartan,,40 mg/5 ml,Angiotensin-II Receptor Antagonists,False,False
32874611000001108,Telmisartan,Telmisartan 40mg/5ml oral suspension 1 ml (product),Telmisartan,,40 mg/5 ml,Angiotensin-II Receptor Antagonists,False,False
24426111000001108,Telmisartan,Telmisartan 80mg / Hydrochlorothiazide 12.5mg tablets (A A H Pharmaceuticals Ltd) (product),Telmisartan,,80 mg,Angiotensin-II Receptor Antagonists,False,True
24426211000001102,Telmisartan,Telmisartan 80mg / Hydrochlorothiazide 12.5mg tablets (A A H Pharmaceuticals Ltd) 28 tablet 2 x 14 tablets (product),Telmisartan,28.0,80 mg,Angiotensin-II Receptor Antagonists,False,True
35751111000001101,Telmisartan,Telmisartan 80mg / Hydrochlorothiazide 12.5mg tablets (Accord Healthcare Ltd) (product),Telmisartan,,80 mg,Angiotensin-II Receptor Antagonists,False,True
35751211000001107,Telmisartan,Telmisartan 80mg / Hydrochlorothiazide 12.5mg tablets (Accord Healthcare Ltd) 28 tablet (product),Telmisartan,28.0,80 mg,Angiotensin-II Receptor Antagonists,False,True
20027911000001102,Telmisartan,Telmisartan 80mg / Hydrochlorothiazide 12.5mg tablets (Lexon (UK) Ltd) (product),Telmisartan,,80 mg,Angiotensin-II Receptor Antagonists,False,True
20028011000001100,Telmisartan,Telmisartan 80mg / Hydrochlorothiazide 12.5mg tablets (Lexon (UK) Ltd) 28 tablet (product),Telmisartan,28.0,80 mg,Angiotensin-II Receptor Antagonists,False,True
3819111000001102,Telmisartan,Telmisartan 80mg / Hydrochlorothiazide 12.5mg tablets (product),Telmisartan,,80 mg,Angiotensin-II Receptor Antagonists,False,True
33975011000001103,Telmisartan,Telmisartan 80mg / Hydrochlorothiazide 12.5mg tablets (Somex Pharma) (product),Telmisartan,,80 mg,Angiotensin-II Receptor Antagonists,False,True
33975411000001107,Telmisartan,Telmisartan 80mg / Hydrochlorothiazide 12.5mg tablets (Somex Pharma) 28 tablet (product),Telmisartan,28.0,80 mg,Angiotensin-II Receptor Antagonists,False,True
24508611000001103,Telmisartan,Telmisartan 80mg / Hydrochlorothiazide 12.5mg tablets (Teva UK Ltd) (product),Telmisartan,,80 mg,Angiotensin-II Receptor Antagonists,False,True
24508711000001107,Telmisartan,Telmisartan 80mg / Hydrochlorothiazide 12.5mg tablets (Teva UK Ltd) 28 tablet 4 x 7 tablets (product),Telmisartan,28.0,80 mg,Angiotensin-II Receptor Antagonists,False,True
18672711000001105,Telmisartan,Telmisartan 80mg / Hydrochlorothiazide 12.5mg tablets (Waymade Healthcare Plc) (product),Telmisartan,,80 mg,Angiotensin-II Receptor Antagonists,False,True
18672811000001102,Telmisartan,Telmisartan 80mg / Hydrochlorothiazide 12.5mg tablets (Waymade Healthcare Plc) 28 tablet (product),Telmisartan,28.0,80 mg,Angiotensin-II Receptor Antagonists,False,True
3806611000001104,Telmisartan,Telmisartan 80mg / Hydrochlorothiazide 12.5mg tablets 28 tablet (product),Telmisartan,28.0,80 mg,Angiotensin-II Receptor Antagonists,False,True
24426311000001105,Telmisartan,Telmisartan 80mg / Hydrochlorothiazide 25mg tablets (A A H Pharmaceuticals Ltd) (product),Telmisartan,,80 mg,Angiotensin-II Receptor Antagonists,False,True
24426411000001103,Telmisartan,Telmisartan 80mg / Hydrochlorothiazide 25mg tablets (A A H Pharmaceuticals Ltd) 28 tablet 2 x 14 tablets (product),Telmisartan,28.0,80 mg,Angiotensin-II Receptor Antagonists,False,True
34942211000001102,Telmisartan,Telmisartan 80mg / Hydrochlorothiazide 25mg tablets (Accord Healthcare Ltd) (product),Telmisartan,,80 mg,Angiotensin-II Receptor Antagonists,False,True
34942311000001105,Telmisartan,Telmisartan 80mg / Hydrochlorothiazide 25mg tablets (Accord Healthcare Ltd) 28 tablet (product),Telmisartan,28.0,80 mg,Angiotensin-II Receptor Antagonists,False,True
36942111000001102,Telmisartan,Telmisartan 80mg / Hydrochlorothiazide 25mg tablets (Alliance Healthcare (Distribution) Ltd) (product),Telmisartan,,80 mg,Angiotensin-II Receptor Antagonists,False,True
36942211000001108,Telmisartan,Telmisartan 80mg / Hydrochlorothiazide 25mg tablets (Alliance Healthcare (Distribution) Ltd) 28 tablet (product),Telmisartan,28.0,80 mg,Angiotensin-II Receptor Antagonists,False,True
13731911000001109,Telmisartan,Telmisartan 80mg / Hydrochlorothiazide 25mg tablets (product),Telmisartan,,80 mg,Angiotensin-II Receptor Antagonists,False,True
33975511000001106,Telmisartan,Telmisartan 80mg / Hydrochlorothiazide 25mg tablets (Somex Pharma) (product),Telmisartan,,80 mg,Angiotensin-II Receptor Antagonists,False,True
33975711000001101,Telmisartan,Telmisartan 80mg / Hydrochlorothiazide 25mg tablets (Somex Pharma) 28 tablet (product),Telmisartan,28.0,80 mg,Angiotensin-II Receptor Antagonists,False,True
24508811000001104,Telmisartan,Telmisartan 80mg / Hydrochlorothiazide 25mg tablets (Teva UK Ltd) (product),Telmisartan,,80 mg,Angiotensin-II Receptor Antagonists,False,True
24508911000001109,Telmisartan,Telmisartan 80mg / Hydrochlorothiazide 25mg tablets (Teva UK Ltd) 28 tablet 4 x 7 tablets (product),Telmisartan,28.0,80 mg,Angiotensin-II Receptor Antagonists,False,True
13719611000001107,Telmisartan,Telmisartan 80mg / Hydrochlorothiazide 25mg tablets 28 tablet (product),Telmisartan,28.0,80 mg,Angiotensin-II Receptor Antagonists,False,True
3609501000001101,Telmisartan,Telmisartan 80mg tablet - product,Telmisartan,,80 mg,Angiotensin-II Receptor Antagonists,False,False
23681011000001105,Telmisartan,Telmisartan 80mg tablets (A A H Pharmaceuticals Ltd) (product),Telmisartan,,80 mg,Angiotensin-II Receptor Antagonists,False,False
23681111000001106,Telmisartan,Telmisartan 80mg tablets (A A H Pharmaceuticals Ltd) 28 tablet (product),Telmisartan,28.0,80 mg,Angiotensin-II Receptor Antagonists,False,False
23669511000001103,Telmisartan,Telmisartan 80mg tablets (Actavis UK Ltd) (product),Telmisartan,,80 mg,Angiotensin-II Receptor Antagonists,False,False
23669611000001104,Telmisartan,Telmisartan 80mg tablets (Actavis UK Ltd) 28 tablet 2 x 14 tablets (product),Telmisartan,28.0,80 mg,Angiotensin-II Receptor Antagonists,False,False
23643911000001101,Telmisartan,Telmisartan 80mg tablets (Alliance Healthcare (Distribution) Ltd) (product),Telmisartan,,80 mg,Angiotensin-II Receptor Antagonists,False,False
23644011000001103,Telmisartan,Telmisartan 80mg tablets (Alliance Healthcare (Distribution) Ltd) 28 tablet 2 x 14 tablets (product),Telmisartan,28.0,80 mg,Angiotensin-II Receptor Antagonists,False,False
18615811000001104,Telmisartan,Telmisartan 80mg tablets (Doncaster Pharmaceuticals Ltd) (product),Telmisartan,,80 mg,Angiotensin-II Receptor Antagonists,False,False
18615911000001109,Telmisartan,Telmisartan 80mg tablets (Doncaster Pharmaceuticals Ltd) 28 tablet (product),Telmisartan,28.0,80 mg,Angiotensin-II Receptor Antagonists,False,False
16270611000001106,Telmisartan,Telmisartan 80mg tablets (Lexon (UK) Ltd) (product),Telmisartan,,80 mg,Angiotensin-II Receptor Antagonists,False,False
16270811000001105,Telmisartan,Telmisartan 80mg tablets (Lexon (UK) Ltd) 28 tablet (product),Telmisartan,28.0,80 mg,Angiotensin-II Receptor Antagonists,False,False
17460711000001107,Telmisartan,Telmisartan 80mg tablets (Mawdsley-Brooks & Company Ltd) (product),Telmisartan,,80 mg,Angiotensin-II Receptor Antagonists,False,False
17460811000001104,Telmisartan,Telmisartan 80mg tablets (Mawdsley-Brooks & Company Ltd) 28 tablet (product),Telmisartan,28.0,80 mg,Angiotensin-II Receptor Antagonists,False,False
33616811000001106,Telmisartan,Telmisartan 80mg tablets (Mylan Ltd) (product),Telmisartan,,80 mg,Angiotensin-II Receptor Antagonists,False,False
33616911000001101,Telmisartan,Telmisartan 80mg tablets (Mylan Ltd) 28 tablet (product),Telmisartan,28.0,80 mg,Angiotensin-II Receptor Antagonists,False,False
18198011000001102,Telmisartan,Telmisartan 80mg tablets (Necessity Supplies Ltd) (product),Telmisartan,,80 mg,Angiotensin-II Receptor Antagonists,False,False
18198111000001101,Telmisartan,Telmisartan 80mg tablets (Necessity Supplies Ltd) 28 tablet (product),Telmisartan,28.0,80 mg,Angiotensin-II Receptor Antagonists,False,False
24229711000001103,Telmisartan,Telmisartan 80mg tablets (Sandoz Ltd) (product),Telmisartan,,80 mg,Angiotensin-II Receptor Antagonists,False,False
24229911000001101,Telmisartan,Telmisartan 80mg tablets (Sandoz Ltd) 28 tablet 2 x 14 tablets (product),Telmisartan,28.0,80 mg,Angiotensin-II Receptor Antagonists,False,False
14625411000001105,Telmisartan,Telmisartan 80mg tablets (Sigma Pharmaceuticals Plc) (product),Telmisartan,,80 mg,Angiotensin-II Receptor Antagonists,False,False
14625511000001109,Telmisartan,Telmisartan 80mg tablets (Sigma Pharmaceuticals Plc) 28 tablet (product),Telmisartan,28.0,80 mg,Angiotensin-II Receptor Antagonists,False,False
23613711000001106,Telmisartan,Telmisartan 80mg tablets (Teva UK Ltd) (product),Telmisartan,,80 mg,Angiotensin-II Receptor Antagonists,False,False
23613811000001103,Telmisartan,Telmisartan 80mg tablets (Teva UK Ltd) 28 tablet 2 x 14 tablets (product),Telmisartan,28.0,80 mg,Angiotensin-II Receptor Antagonists,False,False
36829511000001108,Telmisartan,Telmisartan 80mg tablets (Torrent Pharma (UK) Ltd) (product),Telmisartan,,80 mg,Angiotensin-II Receptor Antagonists,False,False
36829611000001107,Telmisartan,Telmisartan 80mg tablets (Torrent Pharma (UK) Ltd) 28 tablet (product),Telmisartan,28.0,80 mg,Angiotensin-II Receptor Antagonists,False,False
21504411000001100,Telmisartan,Telmisartan 80mg tablets (Waymade Healthcare Plc) 30 tablet (product),Telmisartan,30.0,80 mg,Angiotensin-II Receptor Antagonists,False,False
11137611000001109,Telmisartan,Telmisartan 80mg tablets (Waymade Ltd) (product),Telmisartan,,80 mg,Angiotensin-II Receptor Antagonists,False,False
11137711000001100,Telmisartan,Telmisartan 80mg tablets (Waymade Ltd) 28 tablet (product),Telmisartan,28.0,80 mg,Angiotensin-II Receptor Antagonists,False,False
36502411000001108,Telmisartan,Telmisartan 80mg tablets (Xiromed) (product),Telmisartan,,80 mg,Angiotensin-II Receptor Antagonists,False,False
36502511000001107,Telmisartan,Telmisartan 80mg tablets (Xiromed) 28 tablet 2 x 14 tablets (product),Telmisartan,28.0,80 mg,Angiotensin-II Receptor Antagonists,False,False
1213111000001102,Telmisartan,Telmisartan 80mg tablets 28 tablet (product),Telmisartan,28.0,80 mg,Angiotensin-II Receptor Antagonists,False,False
21504311000001107,Telmisartan,Telmisartan 80mg tablets 30 tablet (product),Telmisartan,30.0,80 mg,Angiotensin-II Receptor Antagonists,False,False
4218401000001106,Telmisartan,Telmisartan+hydrochlorothiazide 40mg/12.5mg tablet - product,Telmisartan,,40 mg,Angiotensin-II Receptor Antagonists,False,True
4218501000001105,Telmisartan,Telmisartan+hydrochlorothiazide 80mg/12.5mg tablet - product,Telmisartan,,80 mg,Angiotensin-II Receptor Antagonists,False,True
9908601000001105,Telmisartan,TELMISARTAN+HYDROCHLOROTHIAZIDE 80mg/25mg tablets (product),Telmisartan,,80 mg,Angiotensin-II Receptor Antagonists,False,True
15602311000001107,Tenex,Tenex 1mg tablets (Imported (United States)) (product),Guanfacine Hydrochloride,,1 mg,Centrally-Acting Antihypertensive Drugs,False,False
15602411000001100,Tenex,Tenex 1mg tablets (Imported (United States)) 100 tablet (product),Guanfacine Hydrochloride,100.0,1 mg,Centrally-Acting Antihypertensive Drugs,False,False
9363601000001106,Tensopril,Tensopril (product),Captopril,,,Angiotensin-Converting Enzyme Inhibitors,False,False
3405701000001108,Tensopril,Tensopril (qualifier value),Captopril,,,Angiotensin-Converting Enzyme Inhibitors,False,False
3405401000001101,Tensopril,Tensopril 12.5mg tablet,Captopril,,12.5 mg,Angiotensin-Converting Enzyme Inhibitors,False,False
673711000001107,Tensopril,Tensopril 12.5mg tablets (IVAX Pharmaceuticals UK Ltd) (product),Captopril,,12.5 mg,Angiotensin-Converting Enzyme Inhibitors,False,False
1346511000001104,Tensopril,Tensopril 12.5mg tablets (IVAX Pharmaceuticals UK Ltd) 56 tablet 4 x 14 tablets (product),Captopril,56.0,12.5 mg,Angiotensin-Converting Enzyme Inhibitors,False,False
3405501000001102,Tensopril,Tensopril 25mg tablet,Captopril,,25 mg,Angiotensin-Converting Enzyme Inhibitors,False,False
597511000001109,Tensopril,Tensopril 25mg tablets (IVAX Pharmaceuticals UK Ltd) (product),Captopril,,25 mg,Angiotensin-Converting Enzyme Inhibitors,False,False
1404111000001101,Tensopril,Tensopril 25mg tablets (IVAX Pharmaceuticals UK Ltd) 56 tablet 4 x 14 tablets (product),Captopril,56.0,25 mg,Angiotensin-Converting Enzyme Inhibitors,False,False
3405601000001103,Tensopril,Tensopril 50mg tablet,Captopril,,50 mg,Angiotensin-Converting Enzyme Inhibitors,False,False
653111000001108,Tensopril,Tensopril 50mg tablets (IVAX Pharmaceuticals UK Ltd) (product),Captopril,,50 mg,Angiotensin-Converting Enzyme Inhibitors,False,False
1407211000001100,Tensopril,Tensopril 50mg tablets (IVAX Pharmaceuticals UK Ltd) 56 tablet 4 x 14 tablets (product),Captopril,56.0,50 mg,Angiotensin-Converting Enzyme Inhibitors,False,False
9365001000001102,Teveten,Teveten (product),Eprosartan,,,Angiotensin-II Receptor Antagonists,False,False
3675501000001106,Teveten,Teveten (qualifier value),Eprosartan,,,Angiotensin-II Receptor Antagonists,False,False
3675301000001104,Teveten,Teveten 300mg tablet,Eprosartan,,300 mg,Angiotensin-II Receptor Antagonists,False,False
13991311000001109,Teveten,Teveten 300mg tablets (Doncaster Pharmaceuticals Ltd) (product),Eprosartan,,300 mg,Angiotensin-II Receptor Antagonists,False,False
13991511000001103,Teveten,Teveten 300mg tablets (Doncaster Pharmaceuticals Ltd) 28 tablet (product),Eprosartan,28.0,300 mg,Angiotensin-II Receptor Antagonists,False,False
13208911000001104,Teveten,Teveten 300mg tablets (Dowelhurst Ltd) 28 tablet (product),Eprosartan,28.0,300 mg,Angiotensin-II Receptor Antagonists,False,False
16272411000001109,Teveten,Teveten 300mg tablets (Lexon (UK) Ltd) (product),Eprosartan,,300 mg,Angiotensin-II Receptor Antagonists,False,False
16272611000001107,Teveten,Teveten 300mg tablets (Lexon (UK) Ltd) 28 tablet (product),Eprosartan,28.0,300 mg,Angiotensin-II Receptor Antagonists,False,False
17464411000001107,Teveten,Teveten 300mg tablets (Mawdsley-Brooks & Company Ltd) (product),Eprosartan,,300 mg,Angiotensin-II Receptor Antagonists,False,False
17464511000001106,Teveten,Teveten 300mg tablets (Mawdsley-Brooks & Company Ltd) 28 tablet (product),Eprosartan,28.0,300 mg,Angiotensin-II Receptor Antagonists,False,False
17464611000001105,Teveten,Teveten 300mg tablets (Mawdsley-Brooks & Company Ltd) 56 tablet (product),Eprosartan,56.0,300 mg,Angiotensin-II Receptor Antagonists,False,False
18198811000001108,Teveten,Teveten 300mg tablets (Necessity Supplies Ltd) (product),Eprosartan,,300 mg,Angiotensin-II Receptor Antagonists,False,False
18198911000001103,Teveten,Teveten 300mg tablets (Necessity Supplies Ltd) 56 tablet (product),Eprosartan,56.0,300 mg,Angiotensin-II Receptor Antagonists,False,False
5622811000001107,Teveten,Teveten 300mg tablets (PI) (Dowelhurst Ltd) (product),Eprosartan,,300 mg,Angiotensin-II Receptor Antagonists,False,False
5622911000001102,Teveten,Teveten 300mg tablets (PI) (Dowelhurst Ltd) 56 tablet 4 x 14 tablets (product),Eprosartan,56.0,300 mg,Angiotensin-II Receptor Antagonists,False,False
5419411000001107,Teveten,Teveten 300mg tablets (PI) (Waymade Ltd) (product),Eprosartan,,300 mg,Angiotensin-II Receptor Antagonists,False,False
5419511000001106,Teveten,Teveten 300mg tablets (PI) (Waymade Ltd) 28 tablet 2 x 14 tablets (product),Eprosartan,28.0,300 mg,Angiotensin-II Receptor Antagonists,False,False
14663411000001103,Teveten,Teveten 300mg tablets (Sigma Pharmaceuticals Plc) (product),Eprosartan,,300 mg,Angiotensin-II Receptor Antagonists,False,False
14663611000001100,Teveten,Teveten 300mg tablets (Sigma Pharmaceuticals Plc) 28 tablet (product),Eprosartan,28.0,300 mg,Angiotensin-II Receptor Antagonists,False,False
14663911000001106,Teveten,Teveten 300mg tablets (Sigma Pharmaceuticals Plc) 56 tablet (product),Eprosartan,56.0,300 mg,Angiotensin-II Receptor Antagonists,False,False
401211000001105,Teveten,Teveten 300mg tablets (Solvay Healthcare Ltd) (product),Eprosartan,,300 mg,Angiotensin-II Receptor Antagonists,False,False
2171111000001107,Teveten,Teveten 300mg tablets (Solvay Healthcare Ltd) 28 tablet 2 x 14 tablets (product),Eprosartan,28.0,300 mg,Angiotensin-II Receptor Antagonists,False,False
16678311000001101,Teveten,Teveten 300mg tablets (Stephar (U.K.) Ltd) (product),Eprosartan,,300 mg,Angiotensin-II Receptor Antagonists,False,False
16678411000001108,Teveten,Teveten 300mg tablets (Stephar (U.K.) Ltd) 28 tablet (product),Eprosartan,28.0,300 mg,Angiotensin-II Receptor Antagonists,False,False
3675401000001107,Teveten,Teveten 400mg tablet,Eprosartan,,400 mg,Angiotensin-II Receptor Antagonists,False,False
17464711000001101,Teveten,Teveten 400mg tablets (Mawdsley-Brooks & Company Ltd) (product),Eprosartan,,400 mg,Angiotensin-II Receptor Antagonists,False,False
17464811000001109,Teveten,Teveten 400mg tablets (Mawdsley-Brooks & Company Ltd) 56 tablet (product),Eprosartan,56.0,400 mg,Angiotensin-II Receptor Antagonists,False,False
151411000001103,Teveten,Teveten 400mg tablets (Solvay Healthcare Ltd) (product),Eprosartan,,400 mg,Angiotensin-II Receptor Antagonists,False,False
2169311000001102,Teveten,Teveten 400mg tablets (Solvay Healthcare Ltd) 56 tablet 4 x 14 tablets (product),Eprosartan,56.0,400 mg,Angiotensin-II Receptor Antagonists,False,False
3687301000001101,Teveten,Teveten 600mg tablet,Eprosartan,,600 mg,Angiotensin-II Receptor Antagonists,False,False
13991711000001108,Teveten,Teveten 600mg tablets (Doncaster Pharmaceuticals Ltd) (product),Eprosartan,,600 mg,Angiotensin-II Receptor Antagonists,False,False
13991811000001100,Teveten,Teveten 600mg tablets (Doncaster Pharmaceuticals Ltd) 28 tablet (product),Eprosartan,28.0,600 mg,Angiotensin-II Receptor Antagonists,False,False
16273011000001109,Teveten,Teveten 600mg tablets (Lexon (UK) Ltd) (product),Eprosartan,,600 mg,Angiotensin-II Receptor Antagonists,False,False
16273311000001107,Teveten,Teveten 600mg tablets (Lexon (UK) Ltd) 28 tablet (product),Eprosartan,28.0,600 mg,Angiotensin-II Receptor Antagonists,False,False
17464911000001104,Teveten,Teveten 600mg tablets (Mawdsley-Brooks & Company Ltd) (product),Eprosartan,,600 mg,Angiotensin-II Receptor Antagonists,False,False
17465011000001104,Teveten,Teveten 600mg tablets (Mawdsley-Brooks & Company Ltd) 28 tablet (product),Eprosartan,28.0,600 mg,Angiotensin-II Receptor Antagonists,False,False
18199011000001107,Teveten,Teveten 600mg tablets (Necessity Supplies Ltd) (product),Eprosartan,,600 mg,Angiotensin-II Receptor Antagonists,False,False
18199111000001108,Teveten,Teveten 600mg tablets (Necessity Supplies Ltd) 28 tablet (product),Eprosartan,28.0,600 mg,Angiotensin-II Receptor Antagonists,False,False
5587211000001106,Teveten,Teveten 600mg tablets (PI) (Dowelhurst Ltd) (product),Eprosartan,,600 mg,Angiotensin-II Receptor Antagonists,False,False
5587311000001103,Teveten,Teveten 600mg tablets (PI) (Dowelhurst Ltd) 28 tablet 4 x 7 tablets (product),Eprosartan,28.0,600 mg,Angiotensin-II Receptor Antagonists,False,False
5419711000001101,Teveten,Teveten 600mg tablets (PI) (Waymade Ltd) (product),Eprosartan,,600 mg,Angiotensin-II Receptor Antagonists,False,False
5419911000001104,Teveten,Teveten 600mg tablets (PI) (Waymade Ltd) 28 tablet 2 x 14 tablets (product),Eprosartan,28.0,600 mg,Angiotensin-II Receptor Antagonists,False,False
14664111000001105,Teveten,Teveten 600mg tablets (Sigma Pharmaceuticals Plc) (product),Eprosartan,,600 mg,Angiotensin-II Receptor Antagonists,False,False
14664311000001107,Teveten,Teveten 600mg tablets (Sigma Pharmaceuticals Plc) 28 tablet (product),Eprosartan,28.0,600 mg,Angiotensin-II Receptor Antagonists,False,False
872011000001109,Teveten,Teveten 600mg tablets (Solvay Healthcare Ltd) (product),Eprosartan,,600 mg,Angiotensin-II Receptor Antagonists,False,False
1397511000001106,Teveten,Teveten 600mg tablets (Solvay Healthcare Ltd) 28 tablet 4 x 7 tablets (product),Eprosartan,28.0,600 mg,Angiotensin-II Receptor Antagonists,False,False
9365201000001108,Thelin,Thelin (product),Sitaxentan Sodium,,,Vasodilator Antihypertensive Drugs,False,False
11392011000001104,Thelin,Thelin 100mg tablets (Encysive (UK) Ltd) (product),Sitaxentan Sodium,,100 mg,Vasodilator Antihypertensive Drugs,False,False
11392111000001103,Thelin,Thelin 100mg tablets (Encysive (UK) Ltd) 28 tablet (product),Sitaxentan Sodium,28.0,100 mg,Vasodilator Antihypertensive Drugs,False,False
9038601000001105,Thelin,THELIN 100mg tablets (product),Sitaxentan Sodium,,100 mg,Vasodilator Antihypertensive Drugs,False,False
12092101000001102,Tolucombi,Tolucombi (product),Telmisartan,,,Angiotensin-II Receptor Antagonists,False,False
24573211000001101,Tolucombi,Tolucombi 40mg/12.5mg tablets (Consilient Health Ltd) (product),Telmisartan,,40 mg,Angiotensin-II Receptor Antagonists,False,False
24573311000001109,Tolucombi,Tolucombi 40mg/12.5mg tablets (Consilient Health Ltd) 28 tablet 4 x 7 tablets (product),Telmisartan,28.0,40 mg,Angiotensin-II Receptor Antagonists,False,False
24573411000001102,Tolucombi,Tolucombi 80mg/12.5mg tablets (Consilient Health Ltd) (product),Telmisartan,,80 mg,Angiotensin-II Receptor Antagonists,False,False
24573511000001103,Tolucombi,Tolucombi 80mg/12.5mg tablets (Consilient Health Ltd) 28 tablet 4 x 7 tablets (product),Telmisartan,28.0,80 mg,Angiotensin-II Receptor Antagonists,False,False
24573611000001104,Tolucombi,Tolucombi 80mg/25mg tablets (Consilient Health Ltd) (product),Telmisartan,,80 mg,Angiotensin-II Receptor Antagonists,False,False
24573711000001108,Tolucombi,Tolucombi 80mg/25mg tablets (Consilient Health Ltd) 28 tablet 4 x 7 tablets (product),Telmisartan,28.0,80 mg,Angiotensin-II Receptor Antagonists,False,False
12091701000001109,Tolura,Tolura (product),Telmisartan,,,Angiotensin-II Receptor Antagonists,False,False
24555211000001104,Tolura,Tolura 20mg tablets (Consilient Health Ltd) (product),Telmisartan,,20 mg,Angiotensin-II Receptor Antagonists,False,False
24555311000001107,Tolura,Tolura 20mg tablets (Consilient Health Ltd) 28 tablet 4 x 7 tablets (product),Telmisartan,28.0,20 mg,Angiotensin-II Receptor Antagonists,False,False
24555411000001100,Tolura,Tolura 40mg tablets (Consilient Health Ltd) (product),Telmisartan,,40 mg,Angiotensin-II Receptor Antagonists,False,False
24555511000001101,Tolura,Tolura 40mg tablets (Consilient Health Ltd) 28 tablet 4 x 7 tablets (product),Telmisartan,28.0,40 mg,Angiotensin-II Receptor Antagonists,False,False
24555611000001102,Tolura,Tolura 80mg tablets (Consilient Health Ltd) (product),Telmisartan,,80 mg,Angiotensin-II Receptor Antagonists,False,False
24555711000001106,Tolura,Tolura 80mg tablets (Consilient Health Ltd) 28 tablet 4 x 7 tablets (product),Telmisartan,28.0,80 mg,Angiotensin-II Receptor Antagonists,False,False
9369801000001107,Tracleer,Tracleer (product),Bosentan,,,Vasodilator Antihypertensive Drugs,False,False
4171101000001100,Tracleer,Tracleer (qualifier value),Bosentan,,,Vasodilator Antihypertensive Drugs,False,False
4175801000001106,Tracleer,Tracleer 125mg tablet,Bosentan,,125 mg,Vasodilator Antihypertensive Drugs,False,False
4765711000001100,Tracleer,Tracleer 125mg tablets (Actelion Pharmaceuticals UK Ltd) (product),Bosentan,,125 mg,Vasodilator Antihypertensive Drugs,False,False
4765811000001108,Tracleer,Tracleer 125mg tablets (Actelion Pharmaceuticals UK Ltd) 56 tablet 4 x 14 tablets (product),Bosentan,56.0,125 mg,Vasodilator Antihypertensive Drugs,False,False
4175601000001107,Tracleer,Tracleer 62.5mg tablet,Bosentan,,62.5 mg,Vasodilator Antihypertensive Drugs,False,False
4765211000001107,Tracleer,Tracleer 62.5mg tablets (Actelion Pharmaceuticals UK Ltd) (product),Bosentan,,62.5 mg,Vasodilator Antihypertensive Drugs,False,False
4765511000001105,Tracleer,Tracleer 62.5mg tablets (Actelion Pharmaceuticals UK Ltd) 56 tablet 4 x 14 tablets (product),Bosentan,56.0,62.5 mg,Vasodilator Antihypertensive Drugs,False,False
3585911000001103,Trandolapril,Trandolapril (substance),Trandolapril,,,Angiotensin-Converting Enzyme Inhibitors,False,False
9952311000001109,Trandolapril,Trandolapril + Verapamil (product),Trandolapril,,,Angiotensin-Converting Enzyme Inhibitors,False,False
178301000001103,Trandolapril,Trandolapril 1mg capsule - product,Trandolapril,,1 mg,Angiotensin-Converting Enzyme Inhibitors,False,False
13470111000001109,Trandolapril,Trandolapril 1mg capsules (A A H Pharmaceuticals Ltd) (product),Trandolapril,,1 mg,Angiotensin-Converting Enzyme Inhibitors,False,False
13470211000001103,Trandolapril,Trandolapril 1mg capsules (A A H Pharmaceuticals Ltd) 28 capsule 4 x 7 capsules (product),Trandolapril,,1 mg,Angiotensin-Converting Enzyme Inhibitors,False,False
14407611000001105,Trandolapril,Trandolapril 1mg capsules (Actavis UK Ltd) (product),Trandolapril,,1 mg,Angiotensin-Converting Enzyme Inhibitors,False,False
14407911000001104,Trandolapril,Trandolapril 1mg capsules (Actavis UK Ltd) 28 capsule 4 x 7 capsules (product),Trandolapril,,1 mg,Angiotensin-Converting Enzyme Inhibitors,False,False
15163811000001106,Trandolapril,Trandolapril 1mg capsules (Arrow Generics Ltd) (product),Trandolapril,,1 mg,Angiotensin-Converting Enzyme Inhibitors,False,False
15163911000001101,Trandolapril,Trandolapril 1mg capsules (Arrow Generics Ltd) 28 capsule 2 x 14 capsules (product),Trandolapril,,1 mg,Angiotensin-Converting Enzyme Inhibitors,False,False
30104511000001100,Trandolapril,Trandolapril 1mg capsules (DE Pharmaceuticals) (product),Trandolapril,,1 mg,Angiotensin-Converting Enzyme Inhibitors,False,False
30104611000001101,Trandolapril,Trandolapril 1mg capsules (DE Pharmaceuticals) 28 capsule (product),Trandolapril,,1 mg,Angiotensin-Converting Enzyme Inhibitors,False,False
13694311000001106,Trandolapril,Trandolapril 1mg capsules (Generics (UK) Ltd) (product),Trandolapril,,1 mg,Angiotensin-Converting Enzyme Inhibitors,False,False
13694411000001104,Trandolapril,Trandolapril 1mg capsules (Generics (UK) Ltd) 28 capsule (product),Trandolapril,,1 mg,Angiotensin-Converting Enzyme Inhibitors,False,False
27984311000001103,Trandolapril,Trandolapril 1mg capsules (Lupin (Europe) Ltd) (product),Trandolapril,,1 mg,Angiotensin-Converting Enzyme Inhibitors,False,False
27984511000001109,Trandolapril,Trandolapril 1mg capsules (Lupin (Europe) Ltd) 28 capsule 4 x 7 capsules (product),Trandolapril,,1 mg,Angiotensin-Converting Enzyme Inhibitors,False,False
30940611000001104,Trandolapril,Trandolapril 1mg capsules (Mawdsley-Brooks & Company Ltd) (product),Trandolapril,,1 mg,Angiotensin-Converting Enzyme Inhibitors,False,False
30940711000001108,Trandolapril,Trandolapril 1mg capsules (Mawdsley-Brooks & Company Ltd) 28 capsule (product),Trandolapril,,1 mg,Angiotensin-Converting Enzyme Inhibitors,False,False
17862311000001104,Trandolapril,Trandolapril 1mg capsules (Phoenix Healthcare Distribution Ltd) (product),Trandolapril,,1 mg,Angiotensin-Converting Enzyme Inhibitors,False,False
17862411000001106,Trandolapril,Trandolapril 1mg capsules (Phoenix Healthcare Distribution Ltd) 28 capsule (product),Trandolapril,,1 mg,Angiotensin-Converting Enzyme Inhibitors,False,False
15197511000001101,Trandolapril,Trandolapril 1mg capsules (Sigma Pharmaceuticals Plc) (product),Trandolapril,,1 mg,Angiotensin-Converting Enzyme Inhibitors,False,False
15197711000001106,Trandolapril,Trandolapril 1mg capsules (Sigma Pharmaceuticals Plc) 28 capsule (product),Trandolapril,,1 mg,Angiotensin-Converting Enzyme Inhibitors,False,False
13433611000001107,Trandolapril,Trandolapril 1mg capsules (Teva UK Ltd) (product),Trandolapril,,1 mg,Angiotensin-Converting Enzyme Inhibitors,False,False
13433711000001103,Trandolapril,Trandolapril 1mg capsules (Teva UK Ltd) 28 capsule 4 x 7 capsules (product),Trandolapril,,1 mg,Angiotensin-Converting Enzyme Inhibitors,False,False
13432411000001100,Trandolapril,Trandolapril 1mg capsules (UniChem Ltd) (product),Trandolapril,,1 mg,Angiotensin-Converting Enzyme Inhibitors,False,False
13432511000001101,Trandolapril,Trandolapril 1mg capsules (UniChem Ltd) 28 capsule 4 x 7 capsules (product),Trandolapril,,1 mg,Angiotensin-Converting Enzyme Inhibitors,False,False
21892511000001108,Trandolapril,Trandolapril 1mg capsules (Waymade Healthcare Plc) (product),Trandolapril,,1 mg,Angiotensin-Converting Enzyme Inhibitors,False,False
21892611000001107,Trandolapril,Trandolapril 1mg capsules (Waymade Healthcare Plc) 28 capsule (product),Trandolapril,,1 mg,Angiotensin-Converting Enzyme Inhibitors,False,False
1154211000001100,Trandolapril,Trandolapril 1mg capsules 28 capsule (product),Trandolapril,,1 mg,Angiotensin-Converting Enzyme Inhibitors,False,False
250101000001101,Trandolapril,Trandolapril 2mg capsule - product,Trandolapril,,2 mg,Angiotensin-Converting Enzyme Inhibitors,False,False
13470311000001106,Trandolapril,Trandolapril 2mg capsules (A A H Pharmaceuticals Ltd) (product),Trandolapril,,2 mg,Angiotensin-Converting Enzyme Inhibitors,False,False
13470411000001104,Trandolapril,Trandolapril 2mg capsules (A A H Pharmaceuticals Ltd) 28 capsule 4 x 7 capsules (product),Trandolapril,,2 mg,Angiotensin-Converting Enzyme Inhibitors,False,False
14408411000001106,Trandolapril,Trandolapril 2mg capsules (Actavis UK Ltd) (product),Trandolapril,,2 mg,Angiotensin-Converting Enzyme Inhibitors,False,False
14408611000001109,Trandolapril,Trandolapril 2mg capsules (Actavis UK Ltd) 28 capsule 4 x 7 capsules (product),Trandolapril,,2 mg,Angiotensin-Converting Enzyme Inhibitors,False,False
17662011000001107,Trandolapril,Trandolapril 2mg capsules (Arrow Generics Ltd) (product),Trandolapril,,2 mg,Angiotensin-Converting Enzyme Inhibitors,False,False
17662111000001108,Trandolapril,Trandolapril 2mg capsules (Arrow Generics Ltd) 28 capsule 4 x 7 capsules (product),Trandolapril,,2 mg,Angiotensin-Converting Enzyme Inhibitors,False,False
30104711000001105,Trandolapril,Trandolapril 2mg capsules (DE Pharmaceuticals) (product),Trandolapril,,2 mg,Angiotensin-Converting Enzyme Inhibitors,False,False
30104811000001102,Trandolapril,Trandolapril 2mg capsules (DE Pharmaceuticals) 28 capsule (product),Trandolapril,,2 mg,Angiotensin-Converting Enzyme Inhibitors,False,False
13694511000001100,Trandolapril,Trandolapril 2mg capsules (Generics (UK) Ltd) (product),Trandolapril,,2 mg,Angiotensin-Converting Enzyme Inhibitors,False,False
13694611000001101,Trandolapril,Trandolapril 2mg capsules (Generics (UK) Ltd) 28 capsule (product),Trandolapril,,2 mg,Angiotensin-Converting Enzyme Inhibitors,False,False
13707311000001109,Trandolapril,Trandolapril 2mg capsules (Kent Pharmaceuticals Ltd) (product),Trandolapril,,2 mg,Angiotensin-Converting Enzyme Inhibitors,False,False
13707411000001102,Trandolapril,Trandolapril 2mg capsules (Kent Pharmaceuticals Ltd) 28 capsule 4 x 7 capsules (product),Trandolapril,,2 mg,Angiotensin-Converting Enzyme Inhibitors,False,False
27984611000001108,Trandolapril,Trandolapril 2mg capsules (Lupin (Europe) Ltd) (product),Trandolapril,,2 mg,Angiotensin-Converting Enzyme Inhibitors,False,False
27984711000001104,Trandolapril,Trandolapril 2mg capsules (Lupin (Europe) Ltd) 28 capsule 4 x 7 capsules (product),Trandolapril,,2 mg,Angiotensin-Converting Enzyme Inhibitors,False,False
30940811000001100,Trandolapril,Trandolapril 2mg capsules (Mawdsley-Brooks & Company Ltd) (product),Trandolapril,,2 mg,Angiotensin-Converting Enzyme Inhibitors,False,False
30940911000001105,Trandolapril,Trandolapril 2mg capsules (Mawdsley-Brooks & Company Ltd) 28 capsule (product),Trandolapril,,2 mg,Angiotensin-Converting Enzyme Inhibitors,False,False
17862611000001109,Trandolapril,Trandolapril 2mg capsules (Phoenix Healthcare Distribution Ltd) (product),Trandolapril,,2 mg,Angiotensin-Converting Enzyme Inhibitors,False,False
17862711000001100,Trandolapril,Trandolapril 2mg capsules (Phoenix Healthcare Distribution Ltd) 28 capsule (product),Trandolapril,,2 mg,Angiotensin-Converting Enzyme Inhibitors,False,False
5466811000001104,Trandolapril,Trandolapril 2mg capsules (PI) (Dowelhurst Ltd) (product),Trandolapril,,2 mg,Angiotensin-Converting Enzyme Inhibitors,False,False
5466911000001109,Trandolapril,Trandolapril 2mg capsules (PI) (Dowelhurst Ltd) 28 capsule 2 x 14 capsules (product),Trandolapril,,2 mg,Angiotensin-Converting Enzyme Inhibitors,False,False
15197811000001103,Trandolapril,Trandolapril 2mg capsules (Sigma Pharmaceuticals Plc) (product),Trandolapril,,2 mg,Angiotensin-Converting Enzyme Inhibitors,False,False
15197911000001108,Trandolapril,Trandolapril 2mg capsules (Sigma Pharmaceuticals Plc) 28 capsule (product),Trandolapril,,2 mg,Angiotensin-Converting Enzyme Inhibitors,False,False
13433811000001106,Trandolapril,Trandolapril 2mg capsules (Teva UK Ltd) (product),Trandolapril,,2 mg,Angiotensin-Converting Enzyme Inhibitors,False,False
13433911000001101,Trandolapril,Trandolapril 2mg capsules (Teva UK Ltd) 28 capsule 4 x 7 capsules (product),Trandolapril,,2 mg,Angiotensin-Converting Enzyme Inhibitors,False,False
13432611000001102,Trandolapril,Trandolapril 2mg capsules (UniChem Ltd) (product),Trandolapril,,2 mg,Angiotensin-Converting Enzyme Inhibitors,False,False
13432711000001106,Trandolapril,Trandolapril 2mg capsules (UniChem Ltd) 28 capsule 4 x 7 capsules (product),Trandolapril,,2 mg,Angiotensin-Converting Enzyme Inhibitors,False,False
21892711000001103,Trandolapril,Trandolapril 2mg capsules (Waymade Healthcare Plc) (product),Trandolapril,,2 mg,Angiotensin-Converting Enzyme Inhibitors,False,False
21892811000001106,Trandolapril,Trandolapril 2mg capsules (Waymade Healthcare Plc) 28 capsule (product),Trandolapril,,2 mg,Angiotensin-Converting Enzyme Inhibitors,False,False
950011000001101,Trandolapril,Trandolapril 2mg capsules 28 capsule (product),Trandolapril,,2 mg,Angiotensin-Converting Enzyme Inhibitors,False,False
14058511000001107,Trandolapril,Trandolapril 2mg/5ml oral suspension (product),Trandolapril,,2 mg/5 ml,Angiotensin-Converting Enzyme Inhibitors,False,False
14032811000001109,Trandolapril,Trandolapril 2mg/5ml oral suspension (Special Order) (product),Trandolapril,,2 mg/5 ml,Angiotensin-Converting Enzyme Inhibitors,False,False
14032911000001104,Trandolapril,Trandolapril 2mg/5ml oral suspension (Special Order) 1 ml (product),Trandolapril,,2 mg/5 ml,Angiotensin-Converting Enzyme Inhibitors,False,False
14032711000001101,Trandolapril,Trandolapril 2mg/5ml oral suspension 1 ml (product),Trandolapril,,2 mg/5 ml,Angiotensin-Converting Enzyme Inhibitors,False,False
4527701000001103,Trandolapril,Trandolapril 4mg capsule (product),Trandolapril,,4 mg,Angiotensin-Converting Enzyme Inhibitors,False,False
13470511000001100,Trandolapril,Trandolapril 4mg capsules (A A H Pharmaceuticals Ltd) (product),Trandolapril,,4 mg,Angiotensin-Converting Enzyme Inhibitors,False,False
13470611000001101,Trandolapril,Trandolapril 4mg capsules (A A H Pharmaceuticals Ltd) 28 capsule 4 x 7 capsules (product),Trandolapril,,4 mg,Angiotensin-Converting Enzyme Inhibitors,False,False
14409011000001107,Trandolapril,Trandolapril 4mg capsules (Actavis UK Ltd) (product),Trandolapril,,4 mg,Angiotensin-Converting Enzyme Inhibitors,False,False
14409211000001102,Trandolapril,Trandolapril 4mg capsules (Actavis UK Ltd) 28 capsule 4 x 7 capsules (product),Trandolapril,,4 mg,Angiotensin-Converting Enzyme Inhibitors,False,False
15162111000001105,Trandolapril,Trandolapril 4mg capsules (Arrow Generics Ltd) (product),Trandolapril,,4 mg,Angiotensin-Converting Enzyme Inhibitors,False,False
15162211000001104,Trandolapril,Trandolapril 4mg capsules (Arrow Generics Ltd) 28 capsule 2 x 14 capsules (product),Trandolapril,,4 mg,Angiotensin-Converting Enzyme Inhibitors,False,False
30104911000001107,Trandolapril,Trandolapril 4mg capsules (DE Pharmaceuticals) (product),Trandolapril,,4 mg,Angiotensin-Converting Enzyme Inhibitors,False,False
30105011000001107,Trandolapril,Trandolapril 4mg capsules (DE Pharmaceuticals) 28 capsule (product),Trandolapril,,4 mg,Angiotensin-Converting Enzyme Inhibitors,False,False
13694911000001107,Trandolapril,Trandolapril 4mg capsules (Generics (UK) Ltd) (product),Trandolapril,,4 mg,Angiotensin-Converting Enzyme Inhibitors,False,False
13695011000001107,Trandolapril,Trandolapril 4mg capsules (Generics (UK) Ltd) 28 capsule (product),Trandolapril,,4 mg,Angiotensin-Converting Enzyme Inhibitors,False,False
13707511000001103,Trandolapril,Trandolapril 4mg capsules (Kent Pharmaceuticals Ltd) (product),Trandolapril,,4 mg,Angiotensin-Converting Enzyme Inhibitors,False,False
13707611000001104,Trandolapril,Trandolapril 4mg capsules (Kent Pharmaceuticals Ltd) 28 capsule 4 x 7 capsules (product),Trandolapril,,4 mg,Angiotensin-Converting Enzyme Inhibitors,False,False
30941011000001102,Trandolapril,Trandolapril 4mg capsules (Mawdsley-Brooks & Company Ltd) (product),Trandolapril,,4 mg,Angiotensin-Converting Enzyme Inhibitors,False,False
30941111000001101,Trandolapril,Trandolapril 4mg capsules (Mawdsley-Brooks & Company Ltd) 28 capsule (product),Trandolapril,,4 mg,Angiotensin-Converting Enzyme Inhibitors,False,False
17862911000001103,Trandolapril,Trandolapril 4mg capsules (Phoenix Healthcare Distribution Ltd) (product),Trandolapril,,4 mg,Angiotensin-Converting Enzyme Inhibitors,False,False
17863011000001106,Trandolapril,Trandolapril 4mg capsules (Phoenix Healthcare Distribution Ltd) 28 capsule (product),Trandolapril,,4 mg,Angiotensin-Converting Enzyme Inhibitors,False,False
5709411000001103,Trandolapril,Trandolapril 4mg capsules (product),Trandolapril,,4 mg,Angiotensin-Converting Enzyme Inhibitors,False,False
15198011000001105,Trandolapril,Trandolapril 4mg capsules (Sigma Pharmaceuticals Plc) (product),Trandolapril,,4 mg,Angiotensin-Converting Enzyme Inhibitors,False,False
15198311000001108,Trandolapril,Trandolapril 4mg capsules (Sigma Pharmaceuticals Plc) 28 capsule (product),Trandolapril,,4 mg,Angiotensin-Converting Enzyme Inhibitors,False,False
13494811000001100,Trandolapril,Trandolapril 4mg capsules (Teva UK Ltd) (product),Trandolapril,,4 mg,Angiotensin-Converting Enzyme Inhibitors,False,False
13494911000001105,Trandolapril,Trandolapril 4mg capsules (Teva UK Ltd) 28 capsule 2 x 14 capsules (product),Trandolapril,,4 mg,Angiotensin-Converting Enzyme Inhibitors,False,False
13432811000001103,Trandolapril,Trandolapril 4mg capsules (UniChem Ltd) (product),Trandolapril,,4 mg,Angiotensin-Converting Enzyme Inhibitors,False,False
13432911000001108,Trandolapril,Trandolapril 4mg capsules (UniChem Ltd) 28 capsule 4 x 7 capsules (product),Trandolapril,,4 mg,Angiotensin-Converting Enzyme Inhibitors,False,False
21892911000001101,Trandolapril,Trandolapril 4mg capsules (Waymade Healthcare Plc) (product),Trandolapril,,4 mg,Angiotensin-Converting Enzyme Inhibitors,False,False
21893011000001109,Trandolapril,Trandolapril 4mg capsules (Waymade Healthcare Plc) 28 capsule (product),Trandolapril,,4 mg,Angiotensin-Converting Enzyme Inhibitors,False,False
5651511000001102,Trandolapril,Trandolapril 4mg capsules 28 capsule (product),Trandolapril,,4 mg,Angiotensin-Converting Enzyme Inhibitors,False,False
13469911000001109,Trandolapril,Trandolapril 500microgram capsules (A A H Pharmaceuticals Ltd) (product),Trandolapril,,,Angiotensin-Converting Enzyme Inhibitors,False,False
13470011000001108,Trandolapril,Trandolapril 500microgram capsules (A A H Pharmaceuticals Ltd) 14 capsule 2 x 7 capsules (product),Trandolapril,,,Angiotensin-Converting Enzyme Inhibitors,False,False
14406911000001102,Trandolapril,Trandolapril 500microgram capsules (Actavis UK Ltd) (product),Trandolapril,,,Angiotensin-Converting Enzyme Inhibitors,False,False
14407211000001108,Trandolapril,Trandolapril 500microgram capsules (Actavis UK Ltd) 14 capsule 2 x 7 capsules (product),Trandolapril,,,Angiotensin-Converting Enzyme Inhibitors,False,False
30834411000001100,Trandolapril,Trandolapril 500microgram capsules (DE Pharmaceuticals) (product),Trandolapril,,,Angiotensin-Converting Enzyme Inhibitors,False,False
30834611000001102,Trandolapril,Trandolapril 500microgram capsules (DE Pharmaceuticals) 14 capsule (product),Trandolapril,,,Angiotensin-Converting Enzyme Inhibitors,False,False
13693711000001108,Trandolapril,Trandolapril 500microgram capsules (Generics (UK) Ltd) (product),Trandolapril,,,Angiotensin-Converting Enzyme Inhibitors,False,False
13693911000001105,Trandolapril,Trandolapril 500microgram capsules (Generics (UK) Ltd) 14 capsule (product),Trandolapril,,,Angiotensin-Converting Enzyme Inhibitors,False,False
17862011000001102,Trandolapril,Trandolapril 500microgram capsules (Phoenix Healthcare Distribution Ltd) (product),Trandolapril,,,Angiotensin-Converting Enzyme Inhibitors,False,False
17862211000001107,Trandolapril,Trandolapril 500microgram capsules (Phoenix Healthcare Distribution Ltd) 14 capsule (product),Trandolapril,,,Angiotensin-Converting Enzyme Inhibitors,False,False
5465611000001108,Trandolapril,Trandolapril 500microgram capsules (PI) (Dowelhurst Ltd) (product),Trandolapril,,,Angiotensin-Converting Enzyme Inhibitors,False,False
5465711000001104,Trandolapril,Trandolapril 500microgram capsules (PI) (Dowelhurst Ltd) 14 capsule 2 x 7 capsules (product),Trandolapril,,,Angiotensin-Converting Enzyme Inhibitors,False,False
5465911000001102,Trandolapril,Trandolapril 500microgram capsules (PI) (Dowelhurst Ltd) 28 capsule 4 x 7 capsules (product),Trandolapril,,,Angiotensin-Converting Enzyme Inhibitors,False,False
9179211000001109,Trandolapril,Trandolapril 500microgram capsules (PI) (Dowelhurst Ltd) 28 capsule 4 x 7 capsules (product),Trandolapril,,,Angiotensin-Converting Enzyme Inhibitors,False,False
15197111000001105,Trandolapril,Trandolapril 500microgram capsules (Sigma Pharmaceuticals Plc) (product),Trandolapril,,,Angiotensin-Converting Enzyme Inhibitors,False,False
15197211000001104,Trandolapril,Trandolapril 500microgram capsules (Sigma Pharmaceuticals Plc) 14 capsule (product),Trandolapril,,,Angiotensin-Converting Enzyme Inhibitors,False,False
13433411000001109,Trandolapril,Trandolapril 500microgram capsules (Teva UK Ltd) (product),Trandolapril,,,Angiotensin-Converting Enzyme Inhibitors,False,False
13433511000001108,Trandolapril,Trandolapril 500microgram capsules (Teva UK Ltd) 14 capsule 2 x 7 capsules (product),Trandolapril,,,Angiotensin-Converting Enzyme Inhibitors,False,False
13432211000001104,Trandolapril,Trandolapril 500microgram capsules (UniChem Ltd) (product),Trandolapril,,,Angiotensin-Converting Enzyme Inhibitors,False,False
13432311000001107,Trandolapril,Trandolapril 500microgram capsules (UniChem Ltd) 14 capsule 2 x 7 capsules (product),Trandolapril,,,Angiotensin-Converting Enzyme Inhibitors,False,False
21892311000001102,Trandolapril,Trandolapril 500microgram capsules (Waymade Healthcare Plc) (product),Trandolapril,,,Angiotensin-Converting Enzyme Inhibitors,False,False
21892411000001109,Trandolapril,Trandolapril 500microgram capsules (Waymade Healthcare Plc) 14 capsule (product),Trandolapril,,,Angiotensin-Converting Enzyme Inhibitors,False,False
1162111000001107,Trandolapril,Trandolapril 500microgram capsules 14 capsule (product),Trandolapril,,,Angiotensin-Converting Enzyme Inhibitors,False,False
1279811000001100,Trandolapril,Trandolapril 500microgram capsules 28 capsule (product),Trandolapril,,,Angiotensin-Converting Enzyme Inhibitors,False,False
5372511000001103,Trandolapril,Trandolapril 500microgram capsules 28 capsule (product),Trandolapril,,,Angiotensin-Converting Enzyme Inhibitors,False,False
9178911000001108,Trandolapril,Trandolapril 500microgram capsules 28 capsule (product),Trandolapril,,,Angiotensin-Converting Enzyme Inhibitors,False,False
100301000001109,Trandolapril,Trandolapril 500micrograms capsule - product,Trandolapril,,,Angiotensin-Converting Enzyme Inhibitors,False,False
3179501000001108,Trandolapril,Trandolapril+verapamil hydrochloride 2mg/180mg m/r capsule - product,Trandolapril,,2 mg,Angiotensin-Converting Enzyme Inhibitors,True,False
9372501000001107,Triapin,Triapin (product),Ramipril,,,Angiotensin-Converting Enzyme Inhibitors,False,False
3587701000001109,Triapin,Triapin (qualifier value),Ramipril,,,Angiotensin-Converting Enzyme Inhibitors,False,False
3587501000001103,Triapin,Triapin 5mg/5mg tablet,Ramipril,,5 mg,Angiotensin-Converting Enzyme Inhibitors,False,False
3587601000001104,Triapin,Triapin mite (qualifier value),Ramipril,,,Angiotensin-Converting Enzyme Inhibitors,False,False
3587401000001102,Triapin,Triapin mite 2.5mg/2.5mg tablet,Ramipril,,2.5 mg,Angiotensin-Converting Enzyme Inhibitors,False,False
4093211000001109,Triapin,Triapin mite modified-release tablets (Aventis Pharma) (product),Ramipril,,,Angiotensin-Converting Enzyme Inhibitors,False,False
4093411000001108,Triapin,Triapin mite modified-release tablets (Aventis Pharma) 28 tablet 2 x 14 tablets (product),Ramipril,28.0,,Angiotensin-Converting Enzyme Inhibitors,False,False
16279411000001103,Triapin,Triapin mite modified-release tablets (Lexon (UK) Ltd) (product),Ramipril,,,Angiotensin-Converting Enzyme Inhibitors,False,False
16279511000001104,Triapin,Triapin mite modified-release tablets (Lexon (UK) Ltd) 28 tablet (product),Ramipril,28.0,,Angiotensin-Converting Enzyme Inhibitors,False,False
3887911000001109,Triapin,Triapin modified-release tablets (Aventis Pharma) (product),Ramipril,,,Angiotensin-Converting Enzyme Inhibitors,False,False
3888011000001106,Triapin,Triapin modified-release tablets (Aventis Pharma) 28 tablet 2 x 14 tablets (product),Ramipril,28.0,,Angiotensin-Converting Enzyme Inhibitors,False,False
14011111000001104,Triapin,Triapin modified-release tablets (Doncaster Pharmaceuticals Ltd) (product),Ramipril,,,Angiotensin-Converting Enzyme Inhibitors,False,False
14011211000001105,Triapin,Triapin modified-release tablets (Doncaster Pharmaceuticals Ltd) 28 tablet (product),Ramipril,28.0,,Angiotensin-Converting Enzyme Inhibitors,False,False
16279611000001100,Triapin,Triapin modified-release tablets (Lexon (UK) Ltd) (product),Ramipril,,,Angiotensin-Converting Enzyme Inhibitors,False,False
16279711000001109,Triapin,Triapin modified-release tablets (Lexon (UK) Ltd) 28 tablet (product),Ramipril,28.0,,Angiotensin-Converting Enzyme Inhibitors,False,False
17468811000001101,Triapin,Triapin modified-release tablets (Mawdsley-Brooks & Company Ltd) (product),Ramipril,,,Angiotensin-Converting Enzyme Inhibitors,False,False
17468911000001106,Triapin,Triapin modified-release tablets (Mawdsley-Brooks & Company Ltd) 28 tablet (product),Ramipril,28.0,,Angiotensin-Converting Enzyme Inhibitors,False,False
14684911000001106,Triapin,Triapin modified-release tablets (Sigma Pharmaceuticals Plc) (product),Ramipril,,,Angiotensin-Converting Enzyme Inhibitors,False,False
14685011000001106,Triapin,Triapin modified-release tablets (Sigma Pharmaceuticals Plc) 28 tablet (product),Ramipril,28.0,,Angiotensin-Converting Enzyme Inhibitors,False,False
11580311000001104,Triapin,Triapin modified-release tablets (Waymade Healthcare Plc) (product),Ramipril,,,Angiotensin-Converting Enzyme Inhibitors,False,False
11580411000001106,Triapin,Triapin modified-release tablets (Waymade Healthcare Plc) 28 tablet (product),Ramipril,28.0,,Angiotensin-Converting Enzyme Inhibitors,False,False
9373501000001104,Tritace,Tritace (product),Ramipril,,,Angiotensin-Converting Enzyme Inhibitors,False,False
3174101000001104,Tritace,Tritace (qualifier value),Ramipril,,,Angiotensin-Converting Enzyme Inhibitors,False,False
321001000001100,Tritace,Tritace 1.25mg capsule,Ramipril,,1.25 mg,Angiotensin-Converting Enzyme Inhibitors,False,False
111611000001109,Tritace,Tritace 1.25mg capsules (Aventis Pharma) (product),Ramipril,,1.25 mg,Angiotensin-Converting Enzyme Inhibitors,False,False
1381111000001105,Tritace,Tritace 1.25mg capsules (Aventis Pharma) 28 capsule 2 x 14 capsules (product),Ramipril,,1.25 mg,Angiotensin-Converting Enzyme Inhibitors,False,False
5591211000001100,Tritace,Tritace 1.25mg capsules (PI) (Dowelhurst Ltd) (product),Ramipril,,1.25 mg,Angiotensin-Converting Enzyme Inhibitors,False,False
5591511000001102,Tritace,Tritace 1.25mg capsules (PI) (Dowelhurst Ltd) 28 capsule 2 x 14 capsules (product),Ramipril,,1.25 mg,Angiotensin-Converting Enzyme Inhibitors,False,False
4393601000001105,Tritace,Tritace 1.25mg tablet (product),Ramipril,,1.25 mg,Angiotensin-Converting Enzyme Inhibitors,False,False
5010511000001106,Tritace,Tritace 1.25mg tablets (Aventis Pharma) (product),Ramipril,,1.25 mg,Angiotensin-Converting Enzyme Inhibitors,False,False
5010611000001105,Tritace,Tritace 1.25mg tablets (Aventis Pharma) 28 tablet (product),Ramipril,28.0,1.25 mg,Angiotensin-Converting Enzyme Inhibitors,False,False
3528001000001101,Tritace,Tritace 10mg capsule,Ramipril,,10 mg,Angiotensin-Converting Enzyme Inhibitors,False,False
43711000001100,Tritace,Tritace 10mg capsules (Aventis Pharma) (product),Ramipril,,10 mg,Angiotensin-Converting Enzyme Inhibitors,False,False
1380511000001108,Tritace,Tritace 10mg capsules (Aventis Pharma) 28 capsule 2 x 14 capsules (product),Ramipril,,10 mg,Angiotensin-Converting Enzyme Inhibitors,False,False
3040111000001100,Tritace,Tritace 10mg capsules (Aventis Pharma) 7 capsule (product),Ramipril,,10 mg,Angiotensin-Converting Enzyme Inhibitors,False,False
4393401000001107,Tritace,Tritace 10mg tablet (product),Ramipril,,10 mg,Angiotensin-Converting Enzyme Inhibitors,False,False
5011411000001103,Tritace,Tritace 10mg tablets (Aventis Pharma) (product),Ramipril,,10 mg,Angiotensin-Converting Enzyme Inhibitors,False,False
5011511000001104,Tritace,Tritace 10mg tablets (Aventis Pharma) 28 tablet (product),Ramipril,28.0,10 mg,Angiotensin-Converting Enzyme Inhibitors,False,False
13601511000001104,Tritace,Tritace 10mg tablets (sanofi-aventis) 7 tablet (product),Ramipril,7.0,10 mg,Angiotensin-Converting Enzyme Inhibitors,False,False
33765011000001101,Tritace,Tritace 10mg tablets (Sanofi) 10 tablet (product),Ramipril,10.0,10 mg,Angiotensin-Converting Enzyme Inhibitors,False,False
391401000001101,Tritace,Tritace 2.5mg capsule,Ramipril,,2.5 mg,Angiotensin-Converting Enzyme Inhibitors,False,False
835411000001105,Tritace,Tritace 2.5mg capsules (Aventis Pharma) (product),Ramipril,,2.5 mg,Angiotensin-Converting Enzyme Inhibitors,False,False
1380811000001106,Tritace,Tritace 2.5mg capsules (Aventis Pharma) 28 capsule 2 x 14 capsules (product),Ramipril,,2.5 mg,Angiotensin-Converting Enzyme Inhibitors,False,False
1380611000001107,Tritace,Tritace 2.5mg capsules (Aventis Pharma) 7 capsule (product),Ramipril,,2.5 mg,Angiotensin-Converting Enzyme Inhibitors,False,False
5591811000001104,Tritace,Tritace 2.5mg capsules (PI) (Dowelhurst Ltd) (product),Ramipril,,2.5 mg,Angiotensin-Converting Enzyme Inhibitors,False,False
5592111000001101,Tritace,Tritace 2.5mg capsules (PI) (Dowelhurst Ltd) 28 capsule 2 x 14 capsules (product),Ramipril,,2.5 mg,Angiotensin-Converting Enzyme Inhibitors,False,False
4311101000001103,Tritace,Tritace 2.5mg tablet (product),Ramipril,,2.5 mg,Angiotensin-Converting Enzyme Inhibitors,False,False
5010811000001109,Tritace,Tritace 2.5mg tablets (Aventis Pharma) (product),Ramipril,,2.5 mg,Angiotensin-Converting Enzyme Inhibitors,False,False
5010911000001104,Tritace,Tritace 2.5mg tablets (Aventis Pharma) 28 tablet (product),Ramipril,28.0,2.5 mg,Angiotensin-Converting Enzyme Inhibitors,False,False
13601311000001105,Tritace,Tritace 2.5mg tablets (sanofi-aventis) 7 tablet (product),Ramipril,7.0,2.5 mg,Angiotensin-Converting Enzyme Inhibitors,False,False
33764211000001105,Tritace,Tritace 2.5mg tablets (Sanofi) 10 tablet (product),Ramipril,10.0,2.5 mg,Angiotensin-Converting Enzyme Inhibitors,False,False
30274411000001108,Tritace,Tritace 2.5mg tablets (Waymade Healthcare Plc) (product),Ramipril,,2.5 mg,Angiotensin-Converting Enzyme Inhibitors,False,False
30274511000001107,Tritace,Tritace 2.5mg tablets (Waymade Healthcare Plc) 28 tablet (product),Ramipril,28.0,2.5 mg,Angiotensin-Converting Enzyme Inhibitors,False,False
461601000001109,Tritace,Tritace 5mg capsule,Ramipril,,5 mg,Angiotensin-Converting Enzyme Inhibitors,False,False
802311000001101,Tritace,Tritace 5mg capsules (Aventis Pharma) (product),Ramipril,,5 mg,Angiotensin-Converting Enzyme Inhibitors,False,False
1380211000001105,Tritace,Tritace 5mg capsules (Aventis Pharma) 21 capsule 3 x 7 capsules (product),Ramipril,,5 mg,Angiotensin-Converting Enzyme Inhibitors,False,False
1379911000001101,Tritace,Tritace 5mg capsules (Aventis Pharma) 28 capsule 2 x 14 capsules (product),Ramipril,,5 mg,Angiotensin-Converting Enzyme Inhibitors,False,False
4393501000001106,Tritace,Tritace 5mg tablet (product),Ramipril,,5 mg,Angiotensin-Converting Enzyme Inhibitors,False,False
5011111000001108,Tritace,Tritace 5mg tablets (Aventis Pharma) (product),Ramipril,,5 mg,Angiotensin-Converting Enzyme Inhibitors,False,False
5011211000001102,Tritace,Tritace 5mg tablets (Aventis Pharma) 28 tablet (product),Ramipril,28.0,5 mg,Angiotensin-Converting Enzyme Inhibitors,False,False
13601411000001103,Tritace,Tritace 5mg tablets (sanofi-aventis) 21 tablet (product),Ramipril,21.0,5 mg,Angiotensin-Converting Enzyme Inhibitors,False,False
33764811000001106,Tritace,Tritace 5mg tablets (Sanofi) 30 tablet (product),Ramipril,30.0,5 mg,Angiotensin-Converting Enzyme Inhibitors,False,False
4067101000001106,Tritace,Tritace Titration Pack,Ramipril,,,Angiotensin-Converting Enzyme Inhibitors,False,False
3042211000001107,Tritace,Tritace titration pack (Aventis Pharma) (product),Ramipril,,,Angiotensin-Converting Enzyme Inhibitors,False,False
3042611000001109,Tritace,Tritace titration pack (Aventis Pharma) 35 capsule 1x (7 caps + 21 caps + 7 caps) (product),Ramipril,,,Angiotensin-Converting Enzyme Inhibitors,False,False
10746401000001107,Tritace,TRITACE Titration Pack tablets,Ramipril,,,Angiotensin-Converting Enzyme Inhibitors,False,False
13600911000001104,Tritace,Tritace titration pack tablets (sanofi-aventis) (product),Ramipril,,,Angiotensin-Converting Enzyme Inhibitors,False,False
13601611000001100,Tritace,Tritace titration pack tablets (sanofi-aventis) 35 tablet 1x (7 tabs + 21 tabs + 7 tabs) (product),Ramipril,35.0,,Angiotensin-Converting Enzyme Inhibitors,False,False
33765211000001106,Tritace,Tritace titration pack tablets (Sanofi) 50 tablet 1x(10 tabs+30 tabs+10 tabs) (product),Ramipril,50.0,,Angiotensin-Converting Enzyme Inhibitors,False,False
3506811000001104,Valsartan,Valsartan (substance),Valsartan,,,Angiotensin-II Receptor Antagonists,False,False
11160111000001107,Valsartan,Valsartan 160mg / Amlodipine 10mg tablets (product),Valsartan,,160 mg,Angiotensin-II Receptor Antagonists,True,False
13163711000001105,Valsartan,Valsartan 160mg / Amlodipine 10mg tablets 14 tablet (product),Valsartan,14.0,160 mg,Angiotensin-II Receptor Antagonists,True,False
11160611000001104,Valsartan,Valsartan 160mg / Amlodipine 10mg tablets 28 tablet (product),Valsartan,28.0,160 mg,Angiotensin-II Receptor Antagonists,True,False
11160211000001101,Valsartan,Valsartan 160mg / Amlodipine 5mg tablets (product),Valsartan,,160 mg,Angiotensin-II Receptor Antagonists,True,False
13163411000001104,Valsartan,Valsartan 160mg / Amlodipine 5mg tablets 14 tablet (product),Valsartan,14.0,160 mg,Angiotensin-II Receptor Antagonists,True,False
11161411000001106,Valsartan,Valsartan 160mg / Amlodipine 5mg tablets 28 tablet (product),Valsartan,28.0,160 mg,Angiotensin-II Receptor Antagonists,True,False
19804311000001104,Valsartan,Valsartan 160mg / Hydrochlorothiazide 12.5mg tablets (A A H Pharmaceuticals Ltd) (product),Valsartan,,160 mg,Angiotensin-II Receptor Antagonists,False,True
19804411000001106,Valsartan,Valsartan 160mg / Hydrochlorothiazide 12.5mg tablets (A A H Pharmaceuticals Ltd) 28 tablet 2 x 14 tablets (product),Valsartan,28.0,160 mg,Angiotensin-II Receptor Antagonists,False,True
19688511000001105,Valsartan,Valsartan 160mg / Hydrochlorothiazide 12.5mg tablets (Actavis UK Ltd) (product),Valsartan,,160 mg,Angiotensin-II Receptor Antagonists,False,True
19688611000001109,Valsartan,Valsartan 160mg / Hydrochlorothiazide 12.5mg tablets (Actavis UK Ltd) 28 tablet 2 x 14 tablets (product),Valsartan,28.0,160 mg,Angiotensin-II Receptor Antagonists,False,True
19797411000001101,Valsartan,Valsartan 160mg / Hydrochlorothiazide 12.5mg tablets (Alliance Healthcare (Distribution) Ltd) (product),Valsartan,,160 mg,Angiotensin-II Receptor Antagonists,False,True
19797511000001102,Valsartan,Valsartan 160mg / Hydrochlorothiazide 12.5mg tablets (Alliance Healthcare (Distribution) Ltd) 28 tablet (product),Valsartan,28.0,160 mg,Angiotensin-II Receptor Antagonists,False,True
20022511000001106,Valsartan,Valsartan 160mg / Hydrochlorothiazide 12.5mg tablets (Arrow Generics Ltd) (product),Valsartan,,160 mg,Angiotensin-II Receptor Antagonists,False,True
20022611000001105,Valsartan,Valsartan 160mg / Hydrochlorothiazide 12.5mg tablets (Arrow Generics Ltd) 28 tablet 4 x 7 tablets (product),Valsartan,28.0,160 mg,Angiotensin-II Receptor Antagonists,False,True
19724211000001103,Valsartan,Valsartan 160mg / Hydrochlorothiazide 12.5mg tablets (Consilient Health Ltd) (product),Valsartan,,160 mg,Angiotensin-II Receptor Antagonists,False,True
19724311000001106,Valsartan,Valsartan 160mg / Hydrochlorothiazide 12.5mg tablets (Consilient Health Ltd) 28 tablet 2 x 14 tablets (product),Valsartan,28.0,160 mg,Angiotensin-II Receptor Antagonists,False,True
30109211000001104,Valsartan,Valsartan 160mg / Hydrochlorothiazide 12.5mg tablets (DE Pharmaceuticals) (product),Valsartan,,160 mg,Angiotensin-II Receptor Antagonists,False,True
30109311000001107,Valsartan,Valsartan 160mg / Hydrochlorothiazide 12.5mg tablets (DE Pharmaceuticals) 28 tablet (product),Valsartan,28.0,160 mg,Angiotensin-II Receptor Antagonists,False,True
30943311000001103,Valsartan,Valsartan 160mg / Hydrochlorothiazide 12.5mg tablets (Mawdsley-Brooks & Company Ltd) (product),Valsartan,,160 mg,Angiotensin-II Receptor Antagonists,False,True
30943411000001105,Valsartan,Valsartan 160mg / Hydrochlorothiazide 12.5mg tablets (Mawdsley-Brooks & Company Ltd) 28 tablet (product),Valsartan,28.0,160 mg,Angiotensin-II Receptor Antagonists,False,True
23957011000001109,Valsartan,Valsartan 160mg / Hydrochlorothiazide 12.5mg tablets (Milpharm Ltd) (product),Valsartan,,160 mg,Angiotensin-II Receptor Antagonists,False,True
23957111000001105,Valsartan,Valsartan 160mg / Hydrochlorothiazide 12.5mg tablets (Milpharm Ltd) 28 tablet 2 x 14 tablets (product),Valsartan,28.0,160 mg,Angiotensin-II Receptor Antagonists,False,True
7718611000001105,Valsartan,Valsartan 160mg / Hydrochlorothiazide 12.5mg tablets (product),Valsartan,,160 mg,Angiotensin-II Receptor Antagonists,False,True
36805511000001100,Valsartan,Valsartan 160mg / Hydrochlorothiazide 12.5mg tablets (Sandoz Ltd) (product),Valsartan,,160 mg,Angiotensin-II Receptor Antagonists,False,True
36805611000001101,Valsartan,Valsartan 160mg / Hydrochlorothiazide 12.5mg tablets (Sandoz Ltd) 28 tablet 2 x 14 tablets (product),Valsartan,28.0,160 mg,Angiotensin-II Receptor Antagonists,False,True
19631911000001101,Valsartan,Valsartan 160mg / Hydrochlorothiazide 12.5mg tablets (Teva UK Ltd) (product),Valsartan,,160 mg,Angiotensin-II Receptor Antagonists,False,True
19632011000001108,Valsartan,Valsartan 160mg / Hydrochlorothiazide 12.5mg tablets (Teva UK Ltd) 28 tablet 2 x 14 tablets (product),Valsartan,28.0,160 mg,Angiotensin-II Receptor Antagonists,False,True
21908711000001108,Valsartan,Valsartan 160mg / Hydrochlorothiazide 12.5mg tablets (Waymade Healthcare Plc) (product),Valsartan,,160 mg,Angiotensin-II Receptor Antagonists,False,True
21908811000001100,Valsartan,Valsartan 160mg / Hydrochlorothiazide 12.5mg tablets (Waymade Healthcare Plc) 28 tablet (product),Valsartan,28.0,160 mg,Angiotensin-II Receptor Antagonists,False,True
7668511000001103,Valsartan,Valsartan 160mg / Hydrochlorothiazide 12.5mg tablets 28 tablet (product),Valsartan,28.0,160 mg,Angiotensin-II Receptor Antagonists,False,True
19804511000001105,Valsartan,Valsartan 160mg / Hydrochlorothiazide 25mg tablets (A A H Pharmaceuticals Ltd) (product),Valsartan,,160 mg,Angiotensin-II Receptor Antagonists,False,True
19804611000001109,Valsartan,Valsartan 160mg / Hydrochlorothiazide 25mg tablets (A A H Pharmaceuticals Ltd) 28 tablet 2 x 14 tablets (product),Valsartan,28.0,160 mg,Angiotensin-II Receptor Antagonists,False,True
19688711000001100,Valsartan,Valsartan 160mg / Hydrochlorothiazide 25mg tablets (Actavis UK Ltd) (product),Valsartan,,160 mg,Angiotensin-II Receptor Antagonists,False,True
19688811000001108,Valsartan,Valsartan 160mg / Hydrochlorothiazide 25mg tablets (Actavis UK Ltd) 28 tablet 2 x 14 tablets (product),Valsartan,28.0,160 mg,Angiotensin-II Receptor Antagonists,False,True
19797611000001103,Valsartan,Valsartan 160mg / Hydrochlorothiazide 25mg tablets (Alliance Healthcare (Distribution) Ltd) (product),Valsartan,,160 mg,Angiotensin-II Receptor Antagonists,False,True
19797711000001107,Valsartan,Valsartan 160mg / Hydrochlorothiazide 25mg tablets (Alliance Healthcare (Distribution) Ltd) 28 tablet (product),Valsartan,28.0,160 mg,Angiotensin-II Receptor Antagonists,False,True
20022711000001101,Valsartan,Valsartan 160mg / Hydrochlorothiazide 25mg tablets (Arrow Generics Ltd) (product),Valsartan,,160 mg,Angiotensin-II Receptor Antagonists,False,True
20022811000001109,Valsartan,Valsartan 160mg / Hydrochlorothiazide 25mg tablets (Arrow Generics Ltd) 28 tablet 4 x 7 tablets (product),Valsartan,28.0,160 mg,Angiotensin-II Receptor Antagonists,False,True
19724411000001104,Valsartan,Valsartan 160mg / Hydrochlorothiazide 25mg tablets (Consilient Health Ltd) (product),Valsartan,,160 mg,Angiotensin-II Receptor Antagonists,False,True
19724511000001100,Valsartan,Valsartan 160mg / Hydrochlorothiazide 25mg tablets (Consilient Health Ltd) 28 tablet 2 x 14 tablets (product),Valsartan,28.0,160 mg,Angiotensin-II Receptor Antagonists,False,True
30109411000001100,Valsartan,Valsartan 160mg / Hydrochlorothiazide 25mg tablets (DE Pharmaceuticals) (product),Valsartan,,160 mg,Angiotensin-II Receptor Antagonists,False,True
30109511000001101,Valsartan,Valsartan 160mg / Hydrochlorothiazide 25mg tablets (DE Pharmaceuticals) 28 tablet (product),Valsartan,28.0,160 mg,Angiotensin-II Receptor Antagonists,False,True
30943511000001109,Valsartan,Valsartan 160mg / Hydrochlorothiazide 25mg tablets (Mawdsley-Brooks & Company Ltd) (product),Valsartan,,160 mg,Angiotensin-II Receptor Antagonists,False,True
30943611000001108,Valsartan,Valsartan 160mg / Hydrochlorothiazide 25mg tablets (Mawdsley-Brooks & Company Ltd) 28 tablet (product),Valsartan,28.0,160 mg,Angiotensin-II Receptor Antagonists,False,True
23957211000001104,Valsartan,Valsartan 160mg / Hydrochlorothiazide 25mg tablets (Milpharm Ltd) (product),Valsartan,,160 mg,Angiotensin-II Receptor Antagonists,False,True
23957311000001107,Valsartan,Valsartan 160mg / Hydrochlorothiazide 25mg tablets (Milpharm Ltd) 28 tablet 2 x 14 tablets (product),Valsartan,28.0,160 mg,Angiotensin-II Receptor Antagonists,False,True
7718711000001101,Valsartan,Valsartan 160mg / Hydrochlorothiazide 25mg tablets (product),Valsartan,,160 mg,Angiotensin-II Receptor Antagonists,False,True
36805311000001106,Valsartan,Valsartan 160mg / Hydrochlorothiazide 25mg tablets (Sandoz Ltd) (product),Valsartan,,160 mg,Angiotensin-II Receptor Antagonists,False,True
36805411000001104,Valsartan,Valsartan 160mg / Hydrochlorothiazide 25mg tablets (Sandoz Ltd) 28 tablet 2 x 14 tablets (product),Valsartan,28.0,160 mg,Angiotensin-II Receptor Antagonists,False,True
19632111000001109,Valsartan,Valsartan 160mg / Hydrochlorothiazide 25mg tablets (Teva UK Ltd) (product),Valsartan,,160 mg,Angiotensin-II Receptor Antagonists,False,True
19632211000001103,Valsartan,Valsartan 160mg / Hydrochlorothiazide 25mg tablets (Teva UK Ltd) 28 tablet 2 x 14 tablets (product),Valsartan,28.0,160 mg,Angiotensin-II Receptor Antagonists,False,True
21909011000001101,Valsartan,Valsartan 160mg / Hydrochlorothiazide 25mg tablets (Waymade Healthcare Plc) (product),Valsartan,,160 mg,Angiotensin-II Receptor Antagonists,False,True
21909211000001106,Valsartan,Valsartan 160mg / Hydrochlorothiazide 25mg tablets (Waymade Healthcare Plc) 28 tablet (product),Valsartan,28.0,160 mg,Angiotensin-II Receptor Antagonists,False,True
7668811000001100,Valsartan,Valsartan 160mg / Hydrochlorothiazide 25mg tablets 28 tablet (product),Valsartan,28.0,160 mg,Angiotensin-II Receptor Antagonists,False,True
2881301000001108,Valsartan,Valsartan 160mg capsule - product,Valsartan,,160 mg,Angiotensin-II Receptor Antagonists,False,False
19803511000001107,Valsartan,Valsartan 160mg capsules (A A H Pharmaceuticals Ltd) (product),Valsartan,,160 mg,Angiotensin-II Receptor Antagonists,False,False
19803611000001106,Valsartan,Valsartan 160mg capsules (A A H Pharmaceuticals Ltd) 28 capsule 2 x 14 capsules (product),Valsartan,,160 mg,Angiotensin-II Receptor Antagonists,False,False
19688111000001101,Valsartan,Valsartan 160mg capsules (Actavis UK Ltd) (product),Valsartan,,160 mg,Angiotensin-II Receptor Antagonists,False,False
19688211000001107,Valsartan,Valsartan 160mg capsules (Actavis UK Ltd) 28 capsule 4 x 7 capsules (product),Valsartan,,160 mg,Angiotensin-II Receptor Antagonists,False,False
19796611000001100,Valsartan,Valsartan 160mg capsules (Alliance Healthcare (Distribution) Ltd) (product),Valsartan,,160 mg,Angiotensin-II Receptor Antagonists,False,False
19796711000001109,Valsartan,Valsartan 160mg capsules (Alliance Healthcare (Distribution) Ltd) 28 capsule (product),Valsartan,,160 mg,Angiotensin-II Receptor Antagonists,False,False
20021711000001108,Valsartan,Valsartan 160mg capsules (Arrow Generics Ltd) (product),Valsartan,,160 mg,Angiotensin-II Receptor Antagonists,False,False
20021811000001100,Valsartan,Valsartan 160mg capsules (Arrow Generics Ltd) 28 capsule 2 x 14 capsules (product),Valsartan,,160 mg,Angiotensin-II Receptor Antagonists,False,False
36511711000001106,Valsartan,Valsartan 160mg capsules (Crescent Pharma Ltd) (product),Valsartan,,160 mg,Angiotensin-II Receptor Antagonists,False,False
36511811000001103,Valsartan,Valsartan 160mg capsules (Crescent Pharma Ltd) 28 capsule 2 x 14 capsules (product),Valsartan,,160 mg,Angiotensin-II Receptor Antagonists,False,False
30108211000001109,Valsartan,Valsartan 160mg capsules (DE Pharmaceuticals) (product),Valsartan,,160 mg,Angiotensin-II Receptor Antagonists,False,False
30108311000001101,Valsartan,Valsartan 160mg capsules (DE Pharmaceuticals) 28 capsule (product),Valsartan,,160 mg,Angiotensin-II Receptor Antagonists,False,False
19683111000001105,Valsartan,Valsartan 160mg capsules (Dexcel-Pharma Ltd) (product),Valsartan,,160 mg,Angiotensin-II Receptor Antagonists,False,False
19683311000001107,Valsartan,Valsartan 160mg capsules (Dexcel-Pharma Ltd) 28 capsule 4 x 7 capsules (product),Valsartan,,160 mg,Angiotensin-II Receptor Antagonists,False,False
13966111000001101,Valsartan,Valsartan 160mg capsules (Doncaster Pharmaceuticals Ltd) (product),Valsartan,,160 mg,Angiotensin-II Receptor Antagonists,False,False
13966311000001104,Valsartan,Valsartan 160mg capsules (Doncaster Pharmaceuticals Ltd) 28 capsule (product),Valsartan,,160 mg,Angiotensin-II Receptor Antagonists,False,False
19827711000001100,Valsartan,Valsartan 160mg capsules (Generics (UK) Ltd) (product),Valsartan,,160 mg,Angiotensin-II Receptor Antagonists,False,False
19827811000001108,Valsartan,Valsartan 160mg capsules (Generics (UK) Ltd) 28 capsule 2 x 14 capsules (product),Valsartan,,160 mg,Angiotensin-II Receptor Antagonists,False,False
18178611000001103,Valsartan,Valsartan 160mg capsules (Mawdsley-Brooks & Company Ltd) (product),Valsartan,,160 mg,Angiotensin-II Receptor Antagonists,False,False
18178711000001107,Valsartan,Valsartan 160mg capsules (Mawdsley-Brooks & Company Ltd) 28 capsule (product),Valsartan,,160 mg,Angiotensin-II Receptor Antagonists,False,False
35188311000001105,Valsartan,Valsartan 160mg capsules (Milpharm Ltd) (product),Valsartan,,160 mg,Angiotensin-II Receptor Antagonists,False,False
35188411000001103,Valsartan,Valsartan 160mg capsules (Milpharm Ltd) 28 capsule (product),Valsartan,,160 mg,Angiotensin-II Receptor Antagonists,False,False
5516211000001107,Valsartan,Valsartan 160mg capsules (PI) (Dowelhurst Ltd) (product),Valsartan,,160 mg,Angiotensin-II Receptor Antagonists,False,False
5516411000001106,Valsartan,Valsartan 160mg capsules (PI) (Dowelhurst Ltd) 28 capsule 2 x 14 capsules (product),Valsartan,,160 mg,Angiotensin-II Receptor Antagonists,False,False
10497211000001109,Valsartan,Valsartan 160mg capsules (PI) (Waymade Ltd) (product),Valsartan,,160 mg,Angiotensin-II Receptor Antagonists,False,False
10497311000001101,Valsartan,Valsartan 160mg capsules (PI) (Waymade Ltd) 28 capsule (product),Valsartan,,160 mg,Angiotensin-II Receptor Antagonists,False,False
14690611000001106,Valsartan,Valsartan 160mg capsules (Sigma Pharmaceuticals Plc) (product),Valsartan,,160 mg,Angiotensin-II Receptor Antagonists,False,False
14690711000001102,Valsartan,Valsartan 160mg capsules (Sigma Pharmaceuticals Plc) 28 capsule (product),Valsartan,,160 mg,Angiotensin-II Receptor Antagonists,False,False
19630911000001108,Valsartan,Valsartan 160mg capsules (Teva UK Ltd) (product),Valsartan,,160 mg,Angiotensin-II Receptor Antagonists,False,False
19631011000001100,Valsartan,Valsartan 160mg capsules (Teva UK Ltd) 28 capsule 4 x 7 capsules (product),Valsartan,,160 mg,Angiotensin-II Receptor Antagonists,False,False
21923911000001107,Valsartan,Valsartan 160mg capsules (Waymade Healthcare Plc) (product),Valsartan,,160 mg,Angiotensin-II Receptor Antagonists,False,False
21924011000001105,Valsartan,Valsartan 160mg capsules (Waymade Healthcare Plc) 28 capsule (product),Valsartan,,160 mg,Angiotensin-II Receptor Antagonists,False,False
14318911000001106,Valsartan,Valsartan 160mg capsules 14 capsule (product),Valsartan,,160 mg,Angiotensin-II Receptor Antagonists,False,False
1272411000001108,Valsartan,Valsartan 160mg capsules 28 capsule (product),Valsartan,,160 mg,Angiotensin-II Receptor Antagonists,False,False
13145911000001100,Valsartan,Valsartan 160mg capsules 98 capsule (product),Valsartan,,160 mg,Angiotensin-II Receptor Antagonists,False,False
12170701000001101,Valsartan,VALSARTAN 160mg tablets,Valsartan,,160 mg,Angiotensin-II Receptor Antagonists,False,False
19861711000001102,Valsartan,Valsartan 160mg tablets (Aspire Pharma Ltd) (product),Valsartan,,160 mg,Angiotensin-II Receptor Antagonists,False,False
19861811000001105,Valsartan,Valsartan 160mg tablets (Aspire Pharma Ltd) 28 tablet 4 x 7 tablets (product),Valsartan,28.0,160 mg,Angiotensin-II Receptor Antagonists,False,False
36002011000001102,Valsartan,Valsartan 160mg tablets (Crescent Pharma Ltd) (product),Valsartan,,160 mg,Angiotensin-II Receptor Antagonists,False,False
36002111000001101,Valsartan,Valsartan 160mg tablets (Crescent Pharma Ltd) 28 tablet 4 x 7 tablets (product),Valsartan,28.0,160 mg,Angiotensin-II Receptor Antagonists,False,False
29675811000001106,Valsartan,Valsartan 160mg tablets (Macleods Pharma UK Ltd) (product),Valsartan,,160 mg,Angiotensin-II Receptor Antagonists,False,False
29675911000001101,Valsartan,Valsartan 160mg tablets (Macleods Pharma UK Ltd) 28 tablet (product),Valsartan,28.0,160 mg,Angiotensin-II Receptor Antagonists,False,False
21910011000001107,Valsartan,Valsartan 160mg tablets (Waymade Healthcare Plc) (product),Valsartan,,160 mg,Angiotensin-II Receptor Antagonists,False,False
21910111000001108,Valsartan,Valsartan 160mg tablets (Waymade Healthcare Plc) 28 tablet (product),Valsartan,28.0,160 mg,Angiotensin-II Receptor Antagonists,False,False
20918911000001100,Valsartan,Valsartan 160mg tablets (Zentiva) (product),Valsartan,,160 mg,Angiotensin-II Receptor Antagonists,False,False
20919011000001109,Valsartan,Valsartan 160mg tablets (Zentiva) 28 tablet (product),Valsartan,28.0,160 mg,Angiotensin-II Receptor Antagonists,False,False
19861611000001106,Valsartan,Valsartan 160mg tablets 28 tablet (product),Valsartan,28.0,160 mg,Angiotensin-II Receptor Antagonists,False,False
15775311000001101,Valsartan,Valsartan 160mg/5ml oral solution (product),Valsartan,,160 mg/5 ml,Angiotensin-II Receptor Antagonists,False,False
15654111000001108,Valsartan,Valsartan 160mg/5ml oral solution (Special Order) (product),Valsartan,,160 mg/5 ml,Angiotensin-II Receptor Antagonists,False,False
15654211000001102,Valsartan,Valsartan 160mg/5ml oral solution (Special Order) 1 ml (product),Valsartan,,160 mg/5 ml,Angiotensin-II Receptor Antagonists,False,False
15653911000001109,Valsartan,Valsartan 160mg/5ml oral solution 1 ml (product),Valsartan,,160 mg/5 ml,Angiotensin-II Receptor Antagonists,False,False
15775411000001108,Valsartan,Valsartan 160mg/5ml oral suspension (product),Valsartan,,160 mg/5 ml,Angiotensin-II Receptor Antagonists,False,False
15653511000001102,Valsartan,Valsartan 160mg/5ml oral suspension (Special Order) (product),Valsartan,,160 mg/5 ml,Angiotensin-II Receptor Antagonists,False,False
15653611000001103,Valsartan,Valsartan 160mg/5ml oral suspension (Special Order) 1 ml (product),Valsartan,,160 mg/5 ml,Angiotensin-II Receptor Antagonists,False,False
15653411000001101,Valsartan,Valsartan 160mg/5ml oral suspension 1 ml (product),Valsartan,,160 mg/5 ml,Angiotensin-II Receptor Antagonists,False,False
19803911000001100,Valsartan,Valsartan 320mg tablets (A A H Pharmaceuticals Ltd) (product),Valsartan,,320 mg,Angiotensin-II Receptor Antagonists,False,False
19804011000001102,Valsartan,Valsartan 320mg tablets (A A H Pharmaceuticals Ltd) 28 tablet 2 x 14 tablets (product),Valsartan,28.0,320 mg,Angiotensin-II Receptor Antagonists,False,False
20942611000001104,Valsartan,Valsartan 320mg tablets (Actavis UK Ltd) (product),Valsartan,,320 mg,Angiotensin-II Receptor Antagonists,False,False
20942711000001108,Valsartan,Valsartan 320mg tablets (Actavis UK Ltd) 28 tablet 2 x 14 tablets (product),Valsartan,28.0,320 mg,Angiotensin-II Receptor Antagonists,False,False
19797011000001105,Valsartan,Valsartan 320mg tablets (Alliance Healthcare (Distribution) Ltd) (product),Valsartan,,320 mg,Angiotensin-II Receptor Antagonists,False,False
19797111000001106,Valsartan,Valsartan 320mg tablets (Alliance Healthcare (Distribution) Ltd) 28 tablet (product),Valsartan,28.0,320 mg,Angiotensin-II Receptor Antagonists,False,False
20022111000001102,Valsartan,Valsartan 320mg tablets (Arrow Generics Ltd) (product),Valsartan,,320 mg,Angiotensin-II Receptor Antagonists,False,False
20022211000001108,Valsartan,Valsartan 320mg tablets (Arrow Generics Ltd) 28 tablet 4 x 7 tablets (product),Valsartan,28.0,320 mg,Angiotensin-II Receptor Antagonists,False,False
30109811000001103,Valsartan,Valsartan 320mg tablets (DE Pharmaceuticals) (product),Valsartan,,320 mg,Angiotensin-II Receptor Antagonists,False,False
30109911000001108,Valsartan,Valsartan 320mg tablets (DE Pharmaceuticals) 28 tablet (product),Valsartan,28.0,320 mg,Angiotensin-II Receptor Antagonists,False,False
19682311000001102,Valsartan,Valsartan 320mg tablets (Dexcel-Pharma Ltd) (product),Valsartan,,320 mg,Angiotensin-II Receptor Antagonists,False,False
19682411000001109,Valsartan,Valsartan 320mg tablets (Dexcel-Pharma Ltd) 28 tablet 2 x 14 tablets (product),Valsartan,28.0,320 mg,Angiotensin-II Receptor Antagonists,False,False
19827111000001101,Valsartan,Valsartan 320mg tablets (Generics (UK) Ltd) (product),Valsartan,,320 mg,Angiotensin-II Receptor Antagonists,False,False
19827211000001107,Valsartan,Valsartan 320mg tablets (Generics (UK) Ltd) 28 tablet 2 x 14 tablets (product),Valsartan,28.0,320 mg,Angiotensin-II Receptor Antagonists,False,False
29676011000001109,Valsartan,Valsartan 320mg tablets (Macleods Pharma UK Ltd) (product),Valsartan,,320 mg,Angiotensin-II Receptor Antagonists,False,False
29676111000001105,Valsartan,Valsartan 320mg tablets (Macleods Pharma UK Ltd) 28 tablet (product),Valsartan,28.0,320 mg,Angiotensin-II Receptor Antagonists,False,False
30943911000001102,Valsartan,Valsartan 320mg tablets (Mawdsley-Brooks & Company Ltd) (product),Valsartan,,320 mg,Angiotensin-II Receptor Antagonists,False,False
30944011000001104,Valsartan,Valsartan 320mg tablets (Mawdsley-Brooks & Company Ltd) 28 tablet (product),Valsartan,28.0,320 mg,Angiotensin-II Receptor Antagonists,False,False
9752301000001103,Valsartan,VALSARTAN 320mg tablets (product),Valsartan,,320 mg,Angiotensin-II Receptor Antagonists,False,False
19632311000001106,Valsartan,Valsartan 320mg tablets (Teva UK Ltd) (product),Valsartan,,320 mg,Angiotensin-II Receptor Antagonists,False,False
19632411000001104,Valsartan,Valsartan 320mg tablets (Teva UK Ltd) 28 tablet 4 x 7 tablets (product),Valsartan,28.0,320 mg,Angiotensin-II Receptor Antagonists,False,False
21910211000001102,Valsartan,Valsartan 320mg tablets (Waymade Healthcare Plc) (product),Valsartan,,320 mg,Angiotensin-II Receptor Antagonists,False,False
21910311000001105,Valsartan,Valsartan 320mg tablets (Waymade Healthcare Plc) 28 tablet (product),Valsartan,28.0,320 mg,Angiotensin-II Receptor Antagonists,False,False
20919111000001105,Valsartan,Valsartan 320mg tablets (Zentiva) (product),Valsartan,,320 mg,Angiotensin-II Receptor Antagonists,False,False
20919211000001104,Valsartan,Valsartan 320mg tablets (Zentiva) 28 tablet (product),Valsartan,28.0,320 mg,Angiotensin-II Receptor Antagonists,False,False
13143211000001105,Valsartan,Valsartan 320mg tablets 28 tablet (product),Valsartan,28.0,320 mg,Angiotensin-II Receptor Antagonists,False,False
13143611000001107,Valsartan,Valsartan 320mg tablets 98 tablet (product),Valsartan,98.0,320 mg,Angiotensin-II Receptor Antagonists,False,False
20007411000001100,Valsartan,Valsartan 3mg/1ml oral solution (product),Valsartan,,3 mg/1 ml,Angiotensin-II Receptor Antagonists,False,False
20001611000001106,Valsartan,Valsartan 3mg/1ml oral solution 160 ml (product),Valsartan,,3 mg/1 ml,Angiotensin-II Receptor Antagonists,False,False
11403701000001103,Valsartan,VALSARTAN 3mg/mL oral solution,Valsartan,,3 mg/mL,Angiotensin-II Receptor Antagonists,False,False
2881101000001106,Valsartan,Valsartan 40mg capsule - product,Valsartan,,40 mg,Angiotensin-II Receptor Antagonists,False,False
19803111000001103,Valsartan,Valsartan 40mg capsules (A A H Pharmaceuticals Ltd) (product),Valsartan,,40 mg,Angiotensin-II Receptor Antagonists,False,False
19803211000001109,Valsartan,Valsartan 40mg capsules (A A H Pharmaceuticals Ltd) 28 capsule 2 x 14 capsules (product),Valsartan,,40 mg,Angiotensin-II Receptor Antagonists,False,False
19687711000001101,Valsartan,Valsartan 40mg capsules (Actavis UK Ltd) (product),Valsartan,,40 mg,Angiotensin-II Receptor Antagonists,False,False
19687811000001109,Valsartan,Valsartan 40mg capsules (Actavis UK Ltd) 28 capsule 4 x 7 capsules (product),Valsartan,,40 mg,Angiotensin-II Receptor Antagonists,False,False
19795611000001105,Valsartan,Valsartan 40mg capsules (Alliance Healthcare (Distribution) Ltd) (product),Valsartan,,40 mg,Angiotensin-II Receptor Antagonists,False,False
19795711000001101,Valsartan,Valsartan 40mg capsules (Alliance Healthcare (Distribution) Ltd) 28 capsule (product),Valsartan,,40 mg,Angiotensin-II Receptor Antagonists,False,False
20021211000001101,Valsartan,Valsartan 40mg capsules (Arrow Generics Ltd) (product),Valsartan,,40 mg,Angiotensin-II Receptor Antagonists,False,False
20021311000001109,Valsartan,Valsartan 40mg capsules (Arrow Generics Ltd) 28 capsule 2 x 14 capsules (product),Valsartan,,40 mg,Angiotensin-II Receptor Antagonists,False,False
36512111000001100,Valsartan,Valsartan 40mg capsules (Crescent Pharma Ltd) (product),Valsartan,,40 mg,Angiotensin-II Receptor Antagonists,False,False
36512211000001106,Valsartan,Valsartan 40mg capsules (Crescent Pharma Ltd) 28 capsule 2 x 14 capsules (product),Valsartan,,40 mg,Angiotensin-II Receptor Antagonists,False,False
30107511000001108,Valsartan,Valsartan 40mg capsules (DE Pharmaceuticals) (product),Valsartan,,40 mg,Angiotensin-II Receptor Antagonists,False,False
30107711000001103,Valsartan,Valsartan 40mg capsules (DE Pharmaceuticals) 28 capsule (product),Valsartan,,40 mg,Angiotensin-II Receptor Antagonists,False,False
19682511000001108,Valsartan,Valsartan 40mg capsules (Dexcel-Pharma Ltd) (product),Valsartan,,40 mg,Angiotensin-II Receptor Antagonists,False,False
19682611000001107,Valsartan,Valsartan 40mg capsules (Dexcel-Pharma Ltd) 28 capsule 4 x 7 capsules (product),Valsartan,,40 mg,Angiotensin-II Receptor Antagonists,False,False
19827511000001105,Valsartan,Valsartan 40mg capsules (Generics (UK) Ltd) (product),Valsartan,,40 mg,Angiotensin-II Receptor Antagonists,False,False
19827611000001109,Valsartan,Valsartan 40mg capsules (Generics (UK) Ltd) 28 capsule 2 x 14 capsules (product),Valsartan,,40 mg,Angiotensin-II Receptor Antagonists,False,False
32449211000001102,Valsartan,Valsartan 40mg capsules (Kent Pharmaceuticals Ltd) (product),Valsartan,,40 mg,Angiotensin-II Receptor Antagonists,False,False
32449311000001105,Valsartan,Valsartan 40mg capsules (Kent Pharmaceuticals Ltd) 28 capsule (product),Valsartan,,40 mg,Angiotensin-II Receptor Antagonists,False,False
35187911000001105,Valsartan,Valsartan 40mg capsules (Milpharm Ltd) (product),Valsartan,,40 mg,Angiotensin-II Receptor Antagonists,False,False
35188011000001107,Valsartan,Valsartan 40mg capsules (Milpharm Ltd) 28 capsule (product),Valsartan,,40 mg,Angiotensin-II Receptor Antagonists,False,False
5461311000001100,Valsartan,Valsartan 40mg capsules (PI) (Dowelhurst Ltd) (product),Valsartan,,40 mg,Angiotensin-II Receptor Antagonists,False,False
5461711000001101,Valsartan,Valsartan 40mg capsules (PI) (Dowelhurst Ltd) 28 capsule 2 x 14 capsules (product),Valsartan,,40 mg,Angiotensin-II Receptor Antagonists,False,False
19631111000001104,Valsartan,Valsartan 40mg capsules (Teva UK Ltd) (product),Valsartan,,40 mg,Angiotensin-II Receptor Antagonists,False,False
19631211000001105,Valsartan,Valsartan 40mg capsules (Teva UK Ltd) 28 capsule 4 x 7 capsules (product),Valsartan,,40 mg,Angiotensin-II Receptor Antagonists,False,False
21923411000001104,Valsartan,Valsartan 40mg capsules (Waymade Healthcare Plc) (product),Valsartan,,40 mg,Angiotensin-II Receptor Antagonists,False,False
21923511000001100,Valsartan,Valsartan 40mg capsules (Waymade Healthcare Plc) 28 capsule (product),Valsartan,,40 mg,Angiotensin-II Receptor Antagonists,False,False
5461511000001106,Valsartan,Valsartan 40mg capsules 28 capsule (product),Valsartan,,40 mg,Angiotensin-II Receptor Antagonists,False,False
1284211000001109,Valsartan,Valsartan 40mg capsules 7 capsule (product),Valsartan,,40 mg,Angiotensin-II Receptor Antagonists,False,False
8558301000001103,Valsartan,Valsartan 40mg tablet (product),Valsartan,,40 mg,Angiotensin-II Receptor Antagonists,False,False
19803711000001102,Valsartan,Valsartan 40mg tablets (A A H Pharmaceuticals Ltd) (product),Valsartan,,40 mg,Angiotensin-II Receptor Antagonists,False,False
19803811000001105,Valsartan,Valsartan 40mg tablets (A A H Pharmaceuticals Ltd) 7 tablet (product),Valsartan,7.0,40 mg,Angiotensin-II Receptor Antagonists,False,False
19687511000001106,Valsartan,Valsartan 40mg tablets (Actavis UK Ltd) (product),Valsartan,,40 mg,Angiotensin-II Receptor Antagonists,False,False
19687611000001105,Valsartan,Valsartan 40mg tablets (Actavis UK Ltd) 7 tablet (product),Valsartan,7.0,40 mg,Angiotensin-II Receptor Antagonists,False,False
19796811000001101,Valsartan,Valsartan 40mg tablets (Alliance Healthcare (Distribution) Ltd) (product),Valsartan,,40 mg,Angiotensin-II Receptor Antagonists,False,False
19796911000001106,Valsartan,Valsartan 40mg tablets (Alliance Healthcare (Distribution) Ltd) 7 tablet (product),Valsartan,7.0,40 mg,Angiotensin-II Receptor Antagonists,False,False
20021911000001105,Valsartan,Valsartan 40mg tablets (Arrow Generics Ltd) (product),Valsartan,,40 mg,Angiotensin-II Receptor Antagonists,False,False
20022011000001103,Valsartan,Valsartan 40mg tablets (Arrow Generics Ltd) 7 tablet (product),Valsartan,7.0,40 mg,Angiotensin-II Receptor Antagonists,False,False
19864611000001108,Valsartan,Valsartan 40mg tablets (Aspire Pharma Ltd) (product),Valsartan,,40 mg,Angiotensin-II Receptor Antagonists,False,False
19865511000001105,Valsartan,Valsartan 40mg tablets (Aspire Pharma Ltd) 28 tablet 4 x 7 tablets (product),Valsartan,28.0,40 mg,Angiotensin-II Receptor Antagonists,False,False
35654111000001106,Valsartan,Valsartan 40mg tablets (Crescent Pharma Ltd) (product),Valsartan,,40 mg,Angiotensin-II Receptor Antagonists,False,False
35654211000001100,Valsartan,Valsartan 40mg tablets (Crescent Pharma Ltd) 28 tablet 2 x 14 tablets (product),Valsartan,28.0,40 mg,Angiotensin-II Receptor Antagonists,False,False
30109611000001102,Valsartan,Valsartan 40mg tablets (DE Pharmaceuticals) (product),Valsartan,,40 mg,Angiotensin-II Receptor Antagonists,False,False
30109711000001106,Valsartan,Valsartan 40mg tablets (DE Pharmaceuticals) 7 tablet (product),Valsartan,7.0,40 mg,Angiotensin-II Receptor Antagonists,False,False
19682111000001104,Valsartan,Valsartan 40mg tablets (Dexcel-Pharma Ltd) (product),Valsartan,,40 mg,Angiotensin-II Receptor Antagonists,False,False
19682211000001105,Valsartan,Valsartan 40mg tablets (Dexcel-Pharma Ltd) 7 tablet (product),Valsartan,7.0,40 mg,Angiotensin-II Receptor Antagonists,False,False
19827311000001104,Valsartan,Valsartan 40mg tablets (Generics (UK) Ltd) (product),Valsartan,,40 mg,Angiotensin-II Receptor Antagonists,False,False
19827411000001106,Valsartan,Valsartan 40mg tablets (Generics (UK) Ltd) 7 tablet (product),Valsartan,7.0,40 mg,Angiotensin-II Receptor Antagonists,False,False
29675411000001109,Valsartan,Valsartan 40mg tablets (Macleods Pharma UK Ltd) (product),Valsartan,,40 mg,Angiotensin-II Receptor Antagonists,False,False
29675511000001108,Valsartan,Valsartan 40mg tablets (Macleods Pharma UK Ltd) 28 tablet (product),Valsartan,28.0,40 mg,Angiotensin-II Receptor Antagonists,False,False
29745411000001100,Valsartan,Valsartan 40mg tablets (Macleods Pharma UK Ltd) 7 tablet (product),Valsartan,7.0,40 mg,Angiotensin-II Receptor Antagonists,False,False
30943711000001104,Valsartan,Valsartan 40mg tablets (Mawdsley-Brooks & Company Ltd) (product),Valsartan,,40 mg,Angiotensin-II Receptor Antagonists,False,False
30943811000001107,Valsartan,Valsartan 40mg tablets (Mawdsley-Brooks & Company Ltd) 7 tablet (product),Valsartan,7.0,40 mg,Angiotensin-II Receptor Antagonists,False,False
8285811000001104,Valsartan,Valsartan 40mg tablets (product),Valsartan,,40 mg,Angiotensin-II Receptor Antagonists,False,False
19631511000001108,Valsartan,Valsartan 40mg tablets (Teva UK Ltd) (product),Valsartan,,40 mg,Angiotensin-II Receptor Antagonists,False,False
19631611000001107,Valsartan,Valsartan 40mg tablets (Teva UK Ltd) 7 tablet (product),Valsartan,7.0,40 mg,Angiotensin-II Receptor Antagonists,False,False
21909411000001105,Valsartan,Valsartan 40mg tablets (Waymade Healthcare Plc) (product),Valsartan,,40 mg,Angiotensin-II Receptor Antagonists,False,False
21909611000001108,Valsartan,Valsartan 40mg tablets (Waymade Healthcare Plc) 28 tablet (product),Valsartan,28.0,40 mg,Angiotensin-II Receptor Antagonists,False,False
21909511000001109,Valsartan,Valsartan 40mg tablets (Waymade Healthcare Plc) 7 tablet (product),Valsartan,7.0,40 mg,Angiotensin-II Receptor Antagonists,False,False
20918511000001107,Valsartan,Valsartan 40mg tablets (Zentiva) (product),Valsartan,,40 mg,Angiotensin-II Receptor Antagonists,False,False
20918611000001106,Valsartan,Valsartan 40mg tablets (Zentiva) 28 tablet (product),Valsartan,28.0,40 mg,Angiotensin-II Receptor Antagonists,False,False
11384311000001109,Valsartan,Valsartan 40mg tablets 14 tablet (product),Valsartan,14.0,40 mg,Angiotensin-II Receptor Antagonists,False,False
19864411000001105,Valsartan,Valsartan 40mg tablets 28 tablet (product),Valsartan,28.0,40 mg,Angiotensin-II Receptor Antagonists,False,False
8262511000001105,Valsartan,Valsartan 40mg tablets 7 tablet (product),Valsartan,7.0,40 mg,Angiotensin-II Receptor Antagonists,False,False
15775511000001107,Valsartan,Valsartan 40mg/5ml oral solution (product),Valsartan,,40 mg/5 ml,Angiotensin-II Receptor Antagonists,False,False
15652911000001102,Valsartan,Valsartan 40mg/5ml oral solution (Special Order) (product),Valsartan,,40 mg/5 ml,Angiotensin-II Receptor Antagonists,False,False
15653011000001105,Valsartan,Valsartan 40mg/5ml oral solution (Special Order) 1 ml (product),Valsartan,,40 mg/5 ml,Angiotensin-II Receptor Antagonists,False,False
15652811000001107,Valsartan,Valsartan 40mg/5ml oral solution 1 ml (product),Valsartan,,40 mg/5 ml,Angiotensin-II Receptor Antagonists,False,False
15775611000001106,Valsartan,Valsartan 40mg/5ml oral suspension (product),Valsartan,,40 mg/5 ml,Angiotensin-II Receptor Antagonists,False,False
15653211000001100,Valsartan,Valsartan 40mg/5ml oral suspension (Special Order) (product),Valsartan,,40 mg/5 ml,Angiotensin-II Receptor Antagonists,False,False
15653311000001108,Valsartan,Valsartan 40mg/5ml oral suspension (Special Order) 1 ml (product),Valsartan,,40 mg/5 ml,Angiotensin-II Receptor Antagonists,False,False
15653111000001106,Valsartan,Valsartan 40mg/5ml oral suspension 1 ml (product),Valsartan,,40 mg/5 ml,Angiotensin-II Receptor Antagonists,False,False
11160311000001109,Valsartan,Valsartan 80mg / Amlodipine 5mg tablets (product),Valsartan,,80 mg,Angiotensin-II Receptor Antagonists,True,False
13163111000001109,Valsartan,Valsartan 80mg / Amlodipine 5mg tablets 14 tablet (product),Valsartan,14.0,80 mg,Angiotensin-II Receptor Antagonists,True,False
11161711000001100,Valsartan,Valsartan 80mg / Amlodipine 5mg tablets 28 tablet (product),Valsartan,28.0,80 mg,Angiotensin-II Receptor Antagonists,True,False
19804111000001101,Valsartan,Valsartan 80mg / Hydrochlorothiazide 12.5mg tablets (A A H Pharmaceuticals Ltd) (product),Valsartan,,80 mg,Angiotensin-II Receptor Antagonists,False,True
19804211000001107,Valsartan,Valsartan 80mg / Hydrochlorothiazide 12.5mg tablets (A A H Pharmaceuticals Ltd) 28 tablet 2 x 14 tablets (product),Valsartan,28.0,80 mg,Angiotensin-II Receptor Antagonists,False,True
19688311000001104,Valsartan,Valsartan 80mg / Hydrochlorothiazide 12.5mg tablets (Actavis UK Ltd) (product),Valsartan,,80 mg,Angiotensin-II Receptor Antagonists,False,True
19688411000001106,Valsartan,Valsartan 80mg / Hydrochlorothiazide 12.5mg tablets (Actavis UK Ltd) 28 tablet 2 x 14 tablets (product),Valsartan,28.0,80 mg,Angiotensin-II Receptor Antagonists,False,True
19797211000001100,Valsartan,Valsartan 80mg / Hydrochlorothiazide 12.5mg tablets (Alliance Healthcare (Distribution) Ltd) (product),Valsartan,,80 mg,Angiotensin-II Receptor Antagonists,False,True
19797311000001108,Valsartan,Valsartan 80mg / Hydrochlorothiazide 12.5mg tablets (Alliance Healthcare (Distribution) Ltd) 28 tablet (product),Valsartan,28.0,80 mg,Angiotensin-II Receptor Antagonists,False,True
20022311000001100,Valsartan,Valsartan 80mg / Hydrochlorothiazide 12.5mg tablets (Arrow Generics Ltd) (product),Valsartan,,80 mg,Angiotensin-II Receptor Antagonists,False,True
20022411000001107,Valsartan,Valsartan 80mg / Hydrochlorothiazide 12.5mg tablets (Arrow Generics Ltd) 28 tablet 4 x 7 tablets (product),Valsartan,28.0,80 mg,Angiotensin-II Receptor Antagonists,False,True
19723911000001105,Valsartan,Valsartan 80mg / Hydrochlorothiazide 12.5mg tablets (Consilient Health Ltd) (product),Valsartan,,80 mg,Angiotensin-II Receptor Antagonists,False,True
19724011000001108,Valsartan,Valsartan 80mg / Hydrochlorothiazide 12.5mg tablets (Consilient Health Ltd) 28 tablet 2 x 14 tablets (product),Valsartan,28.0,80 mg,Angiotensin-II Receptor Antagonists,False,True
30108411000001108,Valsartan,Valsartan 80mg / Hydrochlorothiazide 12.5mg tablets (DE Pharmaceuticals) (product),Valsartan,,80 mg,Angiotensin-II Receptor Antagonists,False,True
30108511000001107,Valsartan,Valsartan 80mg / Hydrochlorothiazide 12.5mg tablets (DE Pharmaceuticals) 28 tablet (product),Valsartan,28.0,80 mg,Angiotensin-II Receptor Antagonists,False,True
30943111000001100,Valsartan,Valsartan 80mg / Hydrochlorothiazide 12.5mg tablets (Mawdsley-Brooks & Company Ltd) (product),Valsartan,,80 mg,Angiotensin-II Receptor Antagonists,False,True
30943211000001106,Valsartan,Valsartan 80mg / Hydrochlorothiazide 12.5mg tablets (Mawdsley-Brooks & Company Ltd) 28 tablet (product),Valsartan,28.0,80 mg,Angiotensin-II Receptor Antagonists,False,True
23956811000001100,Valsartan,Valsartan 80mg / Hydrochlorothiazide 12.5mg tablets (Milpharm Ltd) (product),Valsartan,,80 mg,Angiotensin-II Receptor Antagonists,False,True
23956911000001105,Valsartan,Valsartan 80mg / Hydrochlorothiazide 12.5mg tablets (Milpharm Ltd) 28 tablet 2 x 14 tablets (product),Valsartan,28.0,80 mg,Angiotensin-II Receptor Antagonists,False,True
8153611000001109,Valsartan,Valsartan 80mg / Hydrochlorothiazide 12.5mg tablets (product),Valsartan,,80 mg,Angiotensin-II Receptor Antagonists,False,True
36805111000001109,Valsartan,Valsartan 80mg / Hydrochlorothiazide 12.5mg tablets (Sandoz Ltd) (product),Valsartan,,80 mg,Angiotensin-II Receptor Antagonists,False,True
36805211000001103,Valsartan,Valsartan 80mg / Hydrochlorothiazide 12.5mg tablets (Sandoz Ltd) 28 tablet 2 x 14 tablets (product),Valsartan,28.0,80 mg,Angiotensin-II Receptor Antagonists,False,True
19631711000001103,Valsartan,Valsartan 80mg / Hydrochlorothiazide 12.5mg tablets (Teva UK Ltd) (product),Valsartan,,80 mg,Angiotensin-II Receptor Antagonists,False,True
19631811000001106,Valsartan,Valsartan 80mg / Hydrochlorothiazide 12.5mg tablets (Teva UK Ltd) 28 tablet 2 x 14 tablets (product),Valsartan,28.0,80 mg,Angiotensin-II Receptor Antagonists,False,True
21908511000001103,Valsartan,Valsartan 80mg / Hydrochlorothiazide 12.5mg tablets (Waymade Healthcare Plc) (product),Valsartan,,80 mg,Angiotensin-II Receptor Antagonists,False,True
21908611000001104,Valsartan,Valsartan 80mg / Hydrochlorothiazide 12.5mg tablets (Waymade Healthcare Plc) 28 tablet (product),Valsartan,28.0,80 mg,Angiotensin-II Receptor Antagonists,False,True
8150011000001107,Valsartan,Valsartan 80mg / Hydrochlorothiazide 12.5mg tablets 28 tablet (product),Valsartan,28.0,80 mg,Angiotensin-II Receptor Antagonists,False,True
2881201000001104,Valsartan,Valsartan 80mg capsule - product,Valsartan,,80 mg,Angiotensin-II Receptor Antagonists,False,False
19803311000001101,Valsartan,Valsartan 80mg capsules (A A H Pharmaceuticals Ltd) (product),Valsartan,,80 mg,Angiotensin-II Receptor Antagonists,False,False
19803411000001108,Valsartan,Valsartan 80mg capsules (A A H Pharmaceuticals Ltd) 28 capsule 2 x 14 capsules (product),Valsartan,,80 mg,Angiotensin-II Receptor Antagonists,False,False
19687911000001104,Valsartan,Valsartan 80mg capsules (Actavis UK Ltd) (product),Valsartan,,80 mg,Angiotensin-II Receptor Antagonists,False,False
19688011000001102,Valsartan,Valsartan 80mg capsules (Actavis UK Ltd) 28 capsule 4 x 7 capsules (product),Valsartan,,80 mg,Angiotensin-II Receptor Antagonists,False,False
19795811000001109,Valsartan,Valsartan 80mg capsules (Alliance Healthcare (Distribution) Ltd) (product),Valsartan,,80 mg,Angiotensin-II Receptor Antagonists,False,False
19795911000001104,Valsartan,Valsartan 80mg capsules (Alliance Healthcare (Distribution) Ltd) 28 capsule (product),Valsartan,,80 mg,Angiotensin-II Receptor Antagonists,False,False
20021411000001102,Valsartan,Valsartan 80mg capsules (Arrow Generics Ltd) (product),Valsartan,,80 mg,Angiotensin-II Receptor Antagonists,False,False
20021511000001103,Valsartan,Valsartan 80mg capsules (Arrow Generics Ltd) 28 capsule 2 x 14 capsules (product),Valsartan,,80 mg,Angiotensin-II Receptor Antagonists,False,False
36511911000001108,Valsartan,Valsartan 80mg capsules (Crescent Pharma Ltd) (product),Valsartan,,80 mg,Angiotensin-II Receptor Antagonists,False,False
36512011000001101,Valsartan,Valsartan 80mg capsules (Crescent Pharma Ltd) 28 capsule 2 x 14 capsules (product),Valsartan,,80 mg,Angiotensin-II Receptor Antagonists,False,False
30108011000001104,Valsartan,Valsartan 80mg capsules (DE Pharmaceuticals) (product),Valsartan,,80 mg,Angiotensin-II Receptor Antagonists,False,False
30108111000001103,Valsartan,Valsartan 80mg capsules (DE Pharmaceuticals) 28 capsule (product),Valsartan,,80 mg,Angiotensin-II Receptor Antagonists,False,False
19682811000001106,Valsartan,Valsartan 80mg capsules (Dexcel-Pharma Ltd) (product),Valsartan,,80 mg,Angiotensin-II Receptor Antagonists,False,False
19682911000001101,Valsartan,Valsartan 80mg capsules (Dexcel-Pharma Ltd) 28 capsule 4 x 7 capsules (product),Valsartan,,80 mg,Angiotensin-II Receptor Antagonists,False,False
13965011000001106,Valsartan,Valsartan 80mg capsules (Doncaster Pharmaceuticals Ltd) (product),Valsartan,,80 mg,Angiotensin-II Receptor Antagonists,False,False
13965111000001107,Valsartan,Valsartan 80mg capsules (Doncaster Pharmaceuticals Ltd) 28 capsule (product),Valsartan,,80 mg,Angiotensin-II Receptor Antagonists,False,False
19827911000001103,Valsartan,Valsartan 80mg capsules (Generics (UK) Ltd) (product),Valsartan,,80 mg,Angiotensin-II Receptor Antagonists,False,False
19828011000001101,Valsartan,Valsartan 80mg capsules (Generics (UK) Ltd) 28 capsule 2 x 14 capsules (product),Valsartan,,80 mg,Angiotensin-II Receptor Antagonists,False,False
35188111000001108,Valsartan,Valsartan 80mg capsules (Milpharm Ltd) (product),Valsartan,,80 mg,Angiotensin-II Receptor Antagonists,False,False
35188211000001102,Valsartan,Valsartan 80mg capsules (Milpharm Ltd) 28 capsule (product),Valsartan,,80 mg,Angiotensin-II Receptor Antagonists,False,False
5460711000001109,Valsartan,Valsartan 80mg capsules (PI) (Dowelhurst Ltd) (product),Valsartan,,80 mg,Angiotensin-II Receptor Antagonists,False,False
5460811000001101,Valsartan,Valsartan 80mg capsules (PI) (Dowelhurst Ltd) 28 capsule 2 x 14 capsules (product),Valsartan,,80 mg,Angiotensin-II Receptor Antagonists,False,False
5422811000001109,Valsartan,Valsartan 80mg capsules (PI) (Waymade Ltd) (product),Valsartan,,80 mg,Angiotensin-II Receptor Antagonists,False,False
5423111000001108,Valsartan,Valsartan 80mg capsules (PI) (Waymade Ltd) 28 capsule 2 x 14 capsules (product),Valsartan,,80 mg,Angiotensin-II Receptor Antagonists,False,False
14690811000001105,Valsartan,Valsartan 80mg capsules (Sigma Pharmaceuticals Plc) (product),Valsartan,,80 mg,Angiotensin-II Receptor Antagonists,False,False
14690911000001100,Valsartan,Valsartan 80mg capsules (Sigma Pharmaceuticals Plc) 28 capsule (product),Valsartan,,80 mg,Angiotensin-II Receptor Antagonists,False,False
19631311000001102,Valsartan,Valsartan 80mg capsules (Teva UK Ltd) (product),Valsartan,,80 mg,Angiotensin-II Receptor Antagonists,False,False
19631411000001109,Valsartan,Valsartan 80mg capsules (Teva UK Ltd) 28 capsule 4 x 7 capsules (product),Valsartan,,80 mg,Angiotensin-II Receptor Antagonists,False,False
21923611000001101,Valsartan,Valsartan 80mg capsules (Waymade Healthcare Plc) (product),Valsartan,,80 mg,Angiotensin-II Receptor Antagonists,False,False
21923811000001102,Valsartan,Valsartan 80mg capsules (Waymade Healthcare Plc) 28 capsule (product),Valsartan,,80 mg,Angiotensin-II Receptor Antagonists,False,False
14319511000001105,Valsartan,Valsartan 80mg capsules 14 capsule (product),Valsartan,,80 mg,Angiotensin-II Receptor Antagonists,False,False
959311000001107,Valsartan,Valsartan 80mg capsules 28 capsule (product),Valsartan,,80 mg,Angiotensin-II Receptor Antagonists,False,False
13145611000001106,Valsartan,Valsartan 80mg capsules 98 capsule (product),Valsartan,,80 mg,Angiotensin-II Receptor Antagonists,False,False
12170601000001106,Valsartan,VALSARTAN 80mg tablets,Valsartan,,80 mg,Angiotensin-II Receptor Antagonists,False,False
19863511000001106,Valsartan,Valsartan 80mg tablets (Aspire Pharma Ltd) (product),Valsartan,,80 mg,Angiotensin-II Receptor Antagonists,False,False
19863611000001105,Valsartan,Valsartan 80mg tablets (Aspire Pharma Ltd) 28 tablet 4 x 7 tablets (product),Valsartan,28.0,80 mg,Angiotensin-II Receptor Antagonists,False,False
35773911000001104,Valsartan,Valsartan 80mg tablets (Crescent Pharma Ltd) (product),Valsartan,,80 mg,Angiotensin-II Receptor Antagonists,False,False
35774211000001106,Valsartan,Valsartan 80mg tablets (Crescent Pharma Ltd) 28 tablet 2 x 14 tablets (product),Valsartan,28.0,80 mg,Angiotensin-II Receptor Antagonists,False,False
29675611000001107,Valsartan,Valsartan 80mg tablets (Macleods Pharma UK Ltd) (product),Valsartan,,80 mg,Angiotensin-II Receptor Antagonists,False,False
29675711000001103,Valsartan,Valsartan 80mg tablets (Macleods Pharma UK Ltd) 28 tablet (product),Valsartan,28.0,80 mg,Angiotensin-II Receptor Antagonists,False,False
21909811000001107,Valsartan,Valsartan 80mg tablets (Waymade Healthcare Plc) (product),Valsartan,,80 mg,Angiotensin-II Receptor Antagonists,False,False
21909911000001102,Valsartan,Valsartan 80mg tablets (Waymade Healthcare Plc) 28 tablet (product),Valsartan,28.0,80 mg,Angiotensin-II Receptor Antagonists,False,False
20918711000001102,Valsartan,Valsartan 80mg tablets (Zentiva) (product),Valsartan,,80 mg,Angiotensin-II Receptor Antagonists,False,False
20918811000001105,Valsartan,Valsartan 80mg tablets (Zentiva) 28 tablet (product),Valsartan,28.0,80 mg,Angiotensin-II Receptor Antagonists,False,False
19863411000001107,Valsartan,Valsartan 80mg tablets 28 tablet (product),Valsartan,28.0,80 mg,Angiotensin-II Receptor Antagonists,False,False
8450001000001109,Valsartan,Valsartan+hydrochlorothiazide 160mg/12.5mg tablet (product),Valsartan,,160 mg,Angiotensin-II Receptor Antagonists,False,True
8449901000001104,Valsartan,Valsartan+hydrochlorothiazide 160mg/25mg tablet (product),Valsartan,,160 mg,Angiotensin-II Receptor Antagonists,False,True
8558401000001106,Valsartan,Valsartan+hydrochlorothiazide 80mg/12.5mg tablet (product),Valsartan,,80 mg,Angiotensin-II Receptor Antagonists,False,True
9380501000001102,Vascace,Vascace (product),Cilazapril,,,Angiotensin-Converting Enzyme Inhibitors,False,False
2726801000001101,Vascace,Vascace (qualifier value),Cilazapril,,,Angiotensin-Converting Enzyme Inhibitors,False,False
336801000001104,Vascace,Vascace 1mg tablet,Cilazapril,,1 mg,Angiotensin-Converting Enzyme Inhibitors,False,False
5597911000001101,Vascace,Vascace 1mg tablets (PI) (Dowelhurst Ltd) (product),Cilazapril,,1 mg,Angiotensin-Converting Enzyme Inhibitors,False,False
5598011000001104,Vascace,Vascace 1mg tablets (PI) (Dowelhurst Ltd) 30 tablet 3 x 10 tablets (product),Cilazapril,30.0,1 mg,Angiotensin-Converting Enzyme Inhibitors,False,False
3669711000001105,Vascace,Vascace 1mg tablets (Roche Products Ltd) (product),Cilazapril,,1 mg,Angiotensin-Converting Enzyme Inhibitors,False,False
3670011000001106,Vascace,Vascace 1mg tablets (Roche Products Ltd) 28 tablet 4 x 7 tablets (product),Cilazapril,28.0,1 mg,Angiotensin-Converting Enzyme Inhibitors,False,False
15524811000001107,Vascace,Vascace 1mg tablets (Roche Products Ltd) 30 tablet (product),Cilazapril,30.0,1 mg,Angiotensin-Converting Enzyme Inhibitors,False,False
14749311000001106,Vascace,Vascace 1mg tablets (Sigma Pharmaceuticals Plc) (product),Cilazapril,,1 mg,Angiotensin-Converting Enzyme Inhibitors,False,False
14749411000001104,Vascace,Vascace 1mg tablets (Sigma Pharmaceuticals Plc) 30 tablet (product),Cilazapril,30.0,1 mg,Angiotensin-Converting Enzyme Inhibitors,False,False
407201000001102,Vascace,Vascace 2.5mg tablet,Cilazapril,,2.5 mg,Angiotensin-Converting Enzyme Inhibitors,False,False
5600211000001101,Vascace,Vascace 2.5mg tablets (PI) (Dowelhurst Ltd) (product),Cilazapril,,2.5 mg,Angiotensin-Converting Enzyme Inhibitors,False,False
5600311000001109,Vascace,Vascace 2.5mg tablets (PI) (Dowelhurst Ltd) 28 tablet 4 x 7 tablets (product),Cilazapril,28.0,2.5 mg,Angiotensin-Converting Enzyme Inhibitors,False,False
3672411000001101,Vascace,Vascace 2.5mg tablets (Roche Products Ltd) (product),Cilazapril,,2.5 mg,Angiotensin-Converting Enzyme Inhibitors,False,False
3672711000001107,Vascace,Vascace 2.5mg tablets (Roche Products Ltd) 28 tablet 4 x 7 tablets (product),Cilazapril,28.0,2.5 mg,Angiotensin-Converting Enzyme Inhibitors,False,False
14749511000001100,Vascace,Vascace 2.5mg tablets (Sigma Pharmaceuticals Plc) (product),Cilazapril,,2.5 mg,Angiotensin-Converting Enzyme Inhibitors,False,False
14749611000001101,Vascace,Vascace 2.5mg tablets (Sigma Pharmaceuticals Plc) 28 tablet (product),Cilazapril,28.0,2.5 mg,Angiotensin-Converting Enzyme Inhibitors,False,False
16680011000001109,Vascace,Vascace 2.5mg tablets (Stephar (U.K.) Ltd) (product),Cilazapril,,2.5 mg,Angiotensin-Converting Enzyme Inhibitors,False,False
16680111000001105,Vascace,Vascace 2.5mg tablets (Stephar (U.K.) Ltd) 28 tablet (product),Cilazapril,28.0,2.5 mg,Angiotensin-Converting Enzyme Inhibitors,False,False
195801000001108,Vascace,Vascace 250micrograms tablet,Cilazapril,,,Angiotensin-Converting Enzyme Inhibitors,False,False
266501000001101,Vascace,Vascace 500mcg tablet,Cilazapril,,,Angiotensin-Converting Enzyme Inhibitors,False,False
5598811000001105,Vascace,Vascace 500microgram tablets (PI) (Dowelhurst Ltd) (product),Cilazapril,,,Angiotensin-Converting Enzyme Inhibitors,False,False
5600011000001106,Vascace,Vascace 500microgram tablets (PI) (Dowelhurst Ltd) 28 tablet 4 x 7 tablets (product),Cilazapril,28.0,,Angiotensin-Converting Enzyme Inhibitors,False,False
3740211000001108,Vascace,Vascace 500microgram tablets (Roche Products Ltd) (product),Cilazapril,,,Angiotensin-Converting Enzyme Inhibitors,False,False
3740511000001106,Vascace,Vascace 500microgram tablets (Roche Products Ltd) 28 tablet 4 x 7 tablets (product),Cilazapril,28.0,,Angiotensin-Converting Enzyme Inhibitors,False,False
15525011000001102,Vascace,Vascace 500microgram tablets (Roche Products Ltd) 30 tablet (product),Cilazapril,30.0,,Angiotensin-Converting Enzyme Inhibitors,False,False
476801000001108,Vascace,Vascace 5mg tablet,Cilazapril,,5 mg,Angiotensin-Converting Enzyme Inhibitors,False,False
5598511000001107,Vascace,Vascace 5mg tablets (PI) (Dowelhurst Ltd) (product),Cilazapril,,5 mg,Angiotensin-Converting Enzyme Inhibitors,False,False
5598711000001102,Vascace,Vascace 5mg tablets (PI) (Dowelhurst Ltd) 28 tablet 4 x 7 tablets (product),Cilazapril,28.0,5 mg,Angiotensin-Converting Enzyme Inhibitors,False,False
3671311000001104,Vascace,Vascace 5mg tablets (Roche Products Ltd) (product),Cilazapril,,5 mg,Angiotensin-Converting Enzyme Inhibitors,False,False
3671511000001105,Vascace,Vascace 5mg tablets (Roche Products Ltd) 28 tablet 4 x 7 tablets (product),Cilazapril,28.0,5 mg,Angiotensin-Converting Enzyme Inhibitors,False,False
14749711000001105,Vascace,Vascace 5mg tablets (Sigma Pharmaceuticals Plc) (product),Cilazapril,,5 mg,Angiotensin-Converting Enzyme Inhibitors,False,False
14749811000001102,Vascace,Vascace 5mg tablets (Sigma Pharmaceuticals Plc) 28 tablet (product),Cilazapril,28.0,5 mg,Angiotensin-Converting Enzyme Inhibitors,False,False
9381901000001102,Ventavis,Ventavis (product),Iloprost,,,Vasodilator Antihypertensive Drugs,False,False
11383311000001107,Ventavis,Ventavis 10micrograms/ml nebuliser liquid 1ml ampoules (Schering Health Care Ltd) (product),Iloprost,,,Vasodilator Antihypertensive Drugs,False,False
11383711000001106,Ventavis,Ventavis 10micrograms/ml nebuliser liquid 1ml ampoules (Schering Health Care Ltd) 168 ampoule (product),Iloprost,,,Vasodilator Antihypertensive Drugs,False,False
11383611000001102,Ventavis,Ventavis 10micrograms/ml nebuliser liquid 1ml ampoules (Schering Health Care Ltd) 30 ampoule (product),Iloprost,,,Vasodilator Antihypertensive Drugs,False,False
7578711000001108,Ventavis,Ventavis 10micrograms/ml nebuliser liquid 2ml ampoules (Schering Health Care Ltd) (product),Iloprost,,,Vasodilator Antihypertensive Drugs,False,False
7578911000001105,Ventavis,Ventavis 10micrograms/ml nebuliser liquid 2ml ampoules (Schering Health Care Ltd) 100 ampoule (product),Iloprost,,,Vasodilator Antihypertensive Drugs,False,False
7578811000001100,Ventavis,Ventavis 10micrograms/ml nebuliser liquid 2ml ampoules (Schering Health Care Ltd) 30 ampoule (product),Iloprost,,,Vasodilator Antihypertensive Drugs,False,False
7579011000001101,Ventavis,Ventavis 10micrograms/ml nebuliser liquid 2ml ampoules (Schering Health Care Ltd) 300 ampoule (product),Iloprost,,,Vasodilator Antihypertensive Drugs,False,False
36551611000001106,Ventavis,Ventavis 10micrograms/ml nebuliser solution 1ml ampoules (Bayer Plc) 42 ampoule (product),Iloprost,,,Vasodilator Antihypertensive Drugs,False,False
9000601000001101,Ventavis,VENTAVIS 10micrograms/mL nebuliser solution 1mL ampoules (product),Iloprost,,,Vasodilator Antihypertensive Drugs,False,False
4527801000001107,Ventavis,Ventavis 10micrograms/mL nebuliser solution 2mL ampoule (product),Iloprost,,,Vasodilator Antihypertensive Drugs,False,False
34970911000001106,Ventavis,Ventavis 20micrograms/ml nebuliser solution 1ml ampoules (Bayer Plc) (product),Iloprost,,,Vasodilator Antihypertensive Drugs,False,False
35108411000001102,Ventavis,Ventavis 20micrograms/ml nebuliser solution 1ml ampoules (Bayer Plc) 168 ampoule (product),Iloprost,,,Vasodilator Antihypertensive Drugs,False,False
34971011000001103,Ventavis,Ventavis 20micrograms/ml nebuliser solution 1ml ampoules (Bayer Plc) 30 ampoule (product),Iloprost,,,Vasodilator Antihypertensive Drugs,False,False
35791111000001109,Ventavis,Ventavis 20micrograms/ml nebuliser solution 1ml ampoules (Bayer Plc) 42 ampoule (product),Iloprost,,,Vasodilator Antihypertensive Drugs,False,False
13144301000001102,Trandolapril,Verapamil 180mg modified-release / Trandolapril 2mg capsules (product),Trandolapril,,180 mg,Angiotensin-Converting Enzyme Inhibitors,False,False
36149211000001102,Trandolapril,Verapamil 180mg modified-release / Trandolapril 2mg capsules (product),Trandolapril,,180 mg,Angiotensin-Converting Enzyme Inhibitors,False,False
3691111000001107,Trandolapril,Verapamil 180mg modified-release / Trandolapril 2mg capsules 28 capsule (product),Trandolapril,,180 mg,Angiotensin-Converting Enzyme Inhibitors,False,False
9741901000001106,Volibris,Volibris (product),Ambrisentan,,,Vasodilator Antihypertensive Drugs,False,False
13756111000001101,Volibris,Volibris 10mg tablets (GlaxoSmithKline) (product),Ambrisentan,,10 mg,Vasodilator Antihypertensive Drugs,False,False
13756311000001104,Volibris,Volibris 10mg tablets (GlaxoSmithKline) 30 tablet 3 x 10 tablets (product),Ambrisentan,30.0,10 mg,Vasodilator Antihypertensive Drugs,False,False
9963701000001108,Volibris,VOLIBRIS 10mg tablets (product),Ambrisentan,,10 mg,Vasodilator Antihypertensive Drugs,False,False
13755511000001103,Volibris,Volibris 5mg tablets (GlaxoSmithKline) (product),Ambrisentan,,5 mg,Vasodilator Antihypertensive Drugs,False,False
13755811000001100,Volibris,Volibris 5mg tablets (GlaxoSmithKline) 30 tablet 3 x 10 tablets (product),Ambrisentan,30.0,5 mg,Vasodilator Antihypertensive Drugs,False,False
9963601000001103,Volibris,VOLIBRIS 5mg tablets (product),Ambrisentan,,5 mg,Vasodilator Antihypertensive Drugs,False,False
9398601000001101,Zestoretic,Zestoretic (product),Lisinopril,,,Angiotensin-Converting Enzyme Inhibitors,False,False
2748801000001102,Zestoretic,Zestoretic (qualifier value),Lisinopril,,,Angiotensin-Converting Enzyme Inhibitors,False,False
9894601000001105,Zestoretic,Zestoretic (qualifier value),Lisinopril,,,Angiotensin-Converting Enzyme Inhibitors,False,False
9569301000001104,Zestoretic,Zestoretic 10 (product),Lisinopril,,,Angiotensin-Converting Enzyme Inhibitors,False,False
3293701000001109,Zestoretic,Zestoretic 10 (qualifier value),Lisinopril,,,Angiotensin-Converting Enzyme Inhibitors,False,False
1065901000001106,Zestoretic,Zestoretic 10 tablet,Lisinopril,10.0,,Angiotensin-Converting Enzyme Inhibitors,False,False
3144311000001101,Zestoretic,Zestoretic 10 tablets (AstraZeneca) (product),Lisinopril,10.0,,Angiotensin-Converting Enzyme Inhibitors,False,False
3144411000001108,Zestoretic,Zestoretic 10 tablets (AstraZeneca) 28 tablet 2 x 14 tablets (product),Lisinopril,10.0,,Angiotensin-Converting Enzyme Inhibitors,False,False
13217311000001103,Zestoretic,Zestoretic 10 tablets (Dowelhurst Ltd) (product),Lisinopril,10.0,,Angiotensin-Converting Enzyme Inhibitors,False,False
13217411000001105,Zestoretic,Zestoretic 10 tablets (Dowelhurst Ltd) 28 tablet (product),Lisinopril,10.0,,Angiotensin-Converting Enzyme Inhibitors,False,False
10483611000001104,Zestoretic,Zestoretic 10 tablets (PI) (Waymade Ltd) (product),Lisinopril,10.0,,Angiotensin-Converting Enzyme Inhibitors,False,False
10483711000001108,Zestoretic,Zestoretic 10 tablets (PI) (Waymade Ltd) 28 tablet (product),Lisinopril,10.0,,Angiotensin-Converting Enzyme Inhibitors,False,False
14767411000001104,Zestoretic,Zestoretic 10 tablets (Sigma Pharmaceuticals Plc) (product),Lisinopril,10.0,,Angiotensin-Converting Enzyme Inhibitors,False,False
14767511000001100,Zestoretic,Zestoretic 10 tablets (Sigma Pharmaceuticals Plc) 28 tablet (product),Lisinopril,10.0,,Angiotensin-Converting Enzyme Inhibitors,False,False
17900711000001105,Zestoretic,Zestoretic 10 tablets (Sigma Pharmaceuticals Plc) 30 tablet (product),Lisinopril,10.0,,Angiotensin-Converting Enzyme Inhibitors,False,False
15505311000001106,Zestoretic,Zestoretic 10 tablets (Waymade Healthcare Plc) 30 tablet (product),Lisinopril,10.0,,Angiotensin-Converting Enzyme Inhibitors,False,False
9893801000001106,Zestoretic,Zestoretic 20 (product),Lisinopril,,,Angiotensin-Converting Enzyme Inhibitors,False,False
3293801000001100,Zestoretic,Zestoretic 20 (qualifier value),Lisinopril,,,Angiotensin-Converting Enzyme Inhibitors,False,False
617701000001106,Zestoretic,Zestoretic 20 tablet,Lisinopril,20.0,,Angiotensin-Converting Enzyme Inhibitors,False,False
3143111000001100,Zestoretic,Zestoretic 20 tablets (AstraZeneca) (product),Lisinopril,20.0,,Angiotensin-Converting Enzyme Inhibitors,False,False
3143211000001106,Zestoretic,Zestoretic 20 tablets (AstraZeneca) 28 tablet 2 x 14 tablets (product),Lisinopril,20.0,,Angiotensin-Converting Enzyme Inhibitors,False,False
13983811000001102,Zestoretic,Zestoretic 20 tablets (Doncaster Pharmaceuticals Ltd) (product),Lisinopril,20.0,,Angiotensin-Converting Enzyme Inhibitors,False,False
13983911000001107,Zestoretic,Zestoretic 20 tablets (Doncaster Pharmaceuticals Ltd) 28 tablet (product),Lisinopril,20.0,,Angiotensin-Converting Enzyme Inhibitors,False,False
16449811000001104,Zestoretic,Zestoretic 20 tablets (Lexon (UK) Ltd) (product),Lisinopril,20.0,,Angiotensin-Converting Enzyme Inhibitors,False,False
16449911000001109,Zestoretic,Zestoretic 20 tablets (Lexon (UK) Ltd) 28 tablet (product),Lisinopril,20.0,,Angiotensin-Converting Enzyme Inhibitors,False,False
18208811000001108,Zestoretic,Zestoretic 20 tablets (Necessity Supplies Ltd) (product),Lisinopril,20.0,,Angiotensin-Converting Enzyme Inhibitors,False,False
18208911000001103,Zestoretic,Zestoretic 20 tablets (Necessity Supplies Ltd) 28 tablet (product),Lisinopril,20.0,,Angiotensin-Converting Enzyme Inhibitors,False,False
5600911000001105,Zestoretic,Zestoretic 20 tablets (PI) (Dowelhurst Ltd) (product),Lisinopril,20.0,,Angiotensin-Converting Enzyme Inhibitors,False,False
5601111000001101,Zestoretic,Zestoretic 20 tablets (PI) (Dowelhurst Ltd) 14 tablet (product),Lisinopril,20.0,,Angiotensin-Converting Enzyme Inhibitors,False,False
5601211000001107,Zestoretic,Zestoretic 20 tablets (PI) (Dowelhurst Ltd) 28 tablet 2 x 14 tablets (product),Lisinopril,20.0,,Angiotensin-Converting Enzyme Inhibitors,False,False
5426911000001100,Zestoretic,Zestoretic 20 tablets (PI) (Waymade Ltd) (product),Lisinopril,20.0,,Angiotensin-Converting Enzyme Inhibitors,False,False
5427011000001101,Zestoretic,Zestoretic 20 tablets (PI) (Waymade Ltd) 28 tablet 2 x 14 tablets (product),Lisinopril,20.0,,Angiotensin-Converting Enzyme Inhibitors,False,False
14767611000001101,Zestoretic,Zestoretic 20 tablets (Sigma Pharmaceuticals Plc) (product),Lisinopril,20.0,,Angiotensin-Converting Enzyme Inhibitors,False,False
14767711000001105,Zestoretic,Zestoretic 20 tablets (Sigma Pharmaceuticals Plc) 28 tablet (product),Lisinopril,20.0,,Angiotensin-Converting Enzyme Inhibitors,False,False
15419211000001107,Zestoretic,Zestoretic 20 tablets (Waymade Healthcare Plc) 30 tablet (product),Lisinopril,20.0,,Angiotensin-Converting Enzyme Inhibitors,False,False
862101000001101,Zestoretic,Zestoretic tablets 28CP,Lisinopril,,,Angiotensin-Converting Enzyme Inhibitors,False,False
9398701000001106,Zestril,Zestril (product),Lisinopril,,,Angiotensin-Converting Enzyme Inhibitors,False,False
2818401000001106,Zestril,Zestril (qualifier value),Lisinopril,,,Angiotensin-Converting Enzyme Inhibitors,False,False
803901000001105,Zestril,Zestril 10mg tablet,Lisinopril,,10 mg,Angiotensin-Converting Enzyme Inhibitors,False,False
825311000001100,Zestril,Zestril 10mg tablets (AstraZeneca) (product),Lisinopril,,10 mg,Angiotensin-Converting Enzyme Inhibitors,False,False
1534311000001103,Zestril,Zestril 10mg tablets (AstraZeneca) 28 tablet 2 x 14 tablets (product),Lisinopril,28.0,10 mg,Angiotensin-Converting Enzyme Inhibitors,False,False
5597511000001108,Zestril,Zestril 10mg tablets (PI) (Dowelhurst Ltd) (product),Lisinopril,,10 mg,Angiotensin-Converting Enzyme Inhibitors,False,False
5597611000001107,Zestril,Zestril 10mg tablets (PI) (Dowelhurst Ltd) 14 tablet (product),Lisinopril,14.0,10 mg,Angiotensin-Converting Enzyme Inhibitors,False,False
5597711000001103,Zestril,Zestril 10mg tablets (PI) (Dowelhurst Ltd) 28 tablet 2 x 14 tablets (product),Lisinopril,28.0,10 mg,Angiotensin-Converting Enzyme Inhibitors,False,False
30275211000001105,Zestril,Zestril 10mg tablets (Waymade Healthcare Plc) (product),Lisinopril,,10 mg,Angiotensin-Converting Enzyme Inhibitors,False,False
30275311000001102,Zestril,Zestril 10mg tablets (Waymade Healthcare Plc) 28 tablet (product),Lisinopril,28.0,10 mg,Angiotensin-Converting Enzyme Inhibitors,False,False
862001000001102,Zestril,Zestril 10mg tablets 28CP,Lisinopril,,10 mg,Angiotensin-Converting Enzyme Inhibitors,False,False
1097101000001100,Zestril,Zestril 2.5mg starter pack,Lisinopril,,2.5 mg,Angiotensin-Converting Enzyme Inhibitors,False,False
688201000001102,Zestril,Zestril 2.5mg tablet,Lisinopril,,2.5 mg,Angiotensin-Converting Enzyme Inhibitors,False,False
593111000001108,Zestril,Zestril 2.5mg tablets (AstraZeneca) (product),Lisinopril,,2.5 mg,Angiotensin-Converting Enzyme Inhibitors,False,False
1533911000001104,Zestril,Zestril 2.5mg tablets (AstraZeneca) 28 tablet 2 x 14 tablets (product),Lisinopril,28.0,2.5 mg,Angiotensin-Converting Enzyme Inhibitors,False,False
17480011000001107,Zestril,Zestril 2.5mg tablets (Mawdsley-Brooks & Company Ltd) (product),Lisinopril,,2.5 mg,Angiotensin-Converting Enzyme Inhibitors,False,False
17480111000001108,Zestril,Zestril 2.5mg tablets (Mawdsley-Brooks & Company Ltd) 28 tablet (product),Lisinopril,28.0,2.5 mg,Angiotensin-Converting Enzyme Inhibitors,False,False
5598211000001109,Zestril,Zestril 2.5mg tablets (PI) (Dowelhurst Ltd) (product),Lisinopril,,2.5 mg,Angiotensin-Converting Enzyme Inhibitors,False,False
5598311000001101,Zestril,Zestril 2.5mg tablets (PI) (Dowelhurst Ltd) 28 tablet 2 x 14 tablets (product),Lisinopril,28.0,2.5 mg,Angiotensin-Converting Enzyme Inhibitors,False,False
5427811000001107,Zestril,Zestril 2.5mg tablets (PI) (Waymade Ltd) (product),Lisinopril,,2.5 mg,Angiotensin-Converting Enzyme Inhibitors,False,False
5427911000001102,Zestril,Zestril 2.5mg tablets (PI) (Waymade Ltd) 28 tablet 2 x 14 tablets (product),Lisinopril,28.0,2.5 mg,Angiotensin-Converting Enzyme Inhibitors,False,False
861801000001104,Zestril,Zestril 2.5mg tablets 28CP,Lisinopril,,2.5 mg,Angiotensin-Converting Enzyme Inhibitors,False,False
46101000001109,Zestril,Zestril 20mg tablet,Lisinopril,,20 mg,Angiotensin-Converting Enzyme Inhibitors,False,False
891711000001107,Zestril,Zestril 20mg tablets (AstraZeneca) (product),Lisinopril,,20 mg,Angiotensin-Converting Enzyme Inhibitors,False,False
1534711000001104,Zestril,Zestril 20mg tablets (AstraZeneca) 28 tablet 2 x 14 tablets (product),Lisinopril,28.0,20 mg,Angiotensin-Converting Enzyme Inhibitors,False,False
18209011000001107,Zestril,Zestril 20mg tablets (Necessity Supplies Ltd) (product),Lisinopril,,20 mg,Angiotensin-Converting Enzyme Inhibitors,False,False
18209111000001108,Zestril,Zestril 20mg tablets (Necessity Supplies Ltd) 28 tablet (product),Lisinopril,28.0,20 mg,Angiotensin-Converting Enzyme Inhibitors,False,False
5598911000001100,Zestril,Zestril 20mg tablets (PI) (Dowelhurst Ltd) (product),Lisinopril,,20 mg,Angiotensin-Converting Enzyme Inhibitors,False,False
5599011000001109,Zestril,Zestril 20mg tablets (PI) (Dowelhurst Ltd) 28 tablet 2 x 14 tablets (product),Lisinopril,28.0,20 mg,Angiotensin-Converting Enzyme Inhibitors,False,False
5428911000001101,Zestril,Zestril 20mg tablets (PI) (Waymade Ltd) (product),Lisinopril,,20 mg,Angiotensin-Converting Enzyme Inhibitors,False,False
5429011000001105,Zestril,Zestril 20mg tablets (PI) (Waymade Ltd) 28 tablet 2 x 14 tablets (product),Lisinopril,28.0,20 mg,Angiotensin-Converting Enzyme Inhibitors,False,False
14767811000001102,Zestril,Zestril 20mg tablets (Sigma Pharmaceuticals Plc) (product),Lisinopril,,20 mg,Angiotensin-Converting Enzyme Inhibitors,False,False
14767911000001107,Zestril,Zestril 20mg tablets (Sigma Pharmaceuticals Plc) 28 tablet (product),Lisinopril,28.0,20 mg,Angiotensin-Converting Enzyme Inhibitors,False,False
2097201000001108,Zestril,Zestril 20mg tablets 28CP,Lisinopril,,20 mg,Angiotensin-Converting Enzyme Inhibitors,False,False
758101000001106,Zestril,Zestril 5mg tablet,Lisinopril,,5 mg,Angiotensin-Converting Enzyme Inhibitors,False,False
823211000001109,Zestril,Zestril 5mg tablets (AstraZeneca) (product),Lisinopril,,5 mg,Angiotensin-Converting Enzyme Inhibitors,False,False
1534111000001100,Zestril,Zestril 5mg tablets (AstraZeneca) 28 tablet 2 x 14 tablets (product),Lisinopril,28.0,5 mg,Angiotensin-Converting Enzyme Inhibitors,False,False
16450011000001100,Zestril,Zestril 5mg tablets (Lexon (UK) Ltd) (product),Lisinopril,,5 mg,Angiotensin-Converting Enzyme Inhibitors,False,False
16450111000001104,Zestril,Zestril 5mg tablets (Lexon (UK) Ltd) 28 tablet (product),Lisinopril,28.0,5 mg,Angiotensin-Converting Enzyme Inhibitors,False,False
18209211000001102,Zestril,Zestril 5mg tablets (Necessity Supplies Ltd) (product),Lisinopril,,5 mg,Angiotensin-Converting Enzyme Inhibitors,False,False
18209311000001105,Zestril,Zestril 5mg tablets (Necessity Supplies Ltd) 28 tablet (product),Lisinopril,28.0,5 mg,Angiotensin-Converting Enzyme Inhibitors,False,False
5599211000001104,Zestril,Zestril 5mg tablets (PI) (Dowelhurst Ltd) (product),Lisinopril,,5 mg,Angiotensin-Converting Enzyme Inhibitors,False,False
5599311000001107,Zestril,Zestril 5mg tablets (PI) (Dowelhurst Ltd) 28 tablet 2 x 14 tablets (product),Lisinopril,28.0,5 mg,Angiotensin-Converting Enzyme Inhibitors,False,False
5599511000001101,Zestril,Zestril 5mg tablets (PI) (Dowelhurst Ltd) 28 tablet 2 x 14 tablets (product),Lisinopril,28.0,5 mg,Angiotensin-Converting Enzyme Inhibitors,False,False
10471811000001106,Zestril,Zestril 5mg tablets (PI) (Dowelhurst Ltd) 60 tablet (product),Lisinopril,60.0,5 mg,Angiotensin-Converting Enzyme Inhibitors,False,False
5428411000001109,Zestril,Zestril 5mg tablets (PI) (Waymade Ltd) (product),Lisinopril,,5 mg,Angiotensin-Converting Enzyme Inhibitors,False,False
5428511000001108,Zestril,Zestril 5mg tablets (PI) (Waymade Ltd) 28 tablet 2 x 14 tablets (product),Lisinopril,28.0,5 mg,Angiotensin-Converting Enzyme Inhibitors,False,False
5428711000001103,Zestril,Zestril 5mg tablets (PI) (Waymade Ltd) 60 tablet 4 x 15 tablets (product),Lisinopril,60.0,5 mg,Angiotensin-Converting Enzyme Inhibitors,False,False
861901000001105,Zestril,Zestril 5mg tablets 28CP,Lisinopril,,5 mg,Angiotensin-Converting Enzyme Inhibitors,False,False
